artifact,artifact_path,artifact_valid_proxy,bytes,dark_line_ratio,dynamic_range,edge_mean,exists,has_geojson,has_leaflet,has_tooltip,height,iteration,json_error,kind,mean_rgb,mode,nondark_ratio,nonwhite_ratio,prompt_id,qa_fail_reasons,qa_pass,repair_model,returncode,run_dir,saturated_ratio,script,source_model,timed_out,top_level_keys,unique_color_bins,valid_html_proxy,valid_json,width
map_static.png,experiments/05_choropleth_reliability_benchmark/outputs/runs_iterative_repair/deepseek-coder_6.7b/basic/deepseek-coder_6.7b_basic_C001_static_burned_area_iter01_20260624_042946/map_static.png,False,0,,,,False,,,,,1,,static_png,,basic,,,C001_static_burned_area,missing_or_empty,False,qwen2.5-coder_32b,1,experiments/05_choropleth_reliability_benchmark/outputs/runs_iterative_repair/deepseek-coder_6.7b/basic/deepseek-coder_6.7b_basic_C001_static_burned_area_iter01_20260624_042946,,experiments/05_choropleth_reliability_benchmark/outputs/generated_code_iterative_repair/qwen2.5-coder_32b/deepseek-coder_6.7b/basic/C001_static_burned_area_basic_iter01.py,deepseek-coder_6.7b,False,,,,,
time_series.png,experiments/05_choropleth_reliability_benchmark/outputs/runs_iterative_repair/deepseek-coder_6.7b/basic/deepseek-coder_6.7b_basic_C001_static_burned_area_iter01_20260624_042946/time_series.png,False,0,,,,False,,,,,1,,time_series_png,,basic,,,C001_static_burned_area,missing_or_empty,False,qwen2.5-coder_32b,1,experiments/05_choropleth_reliability_benchmark/outputs/runs_iterative_repair/deepseek-coder_6.7b/basic/deepseek-coder_6.7b_basic_C001_static_burned_area_iter01_20260624_042946,,experiments/05_choropleth_reliability_benchmark/outputs/generated_code_iterative_repair/qwen2.5-coder_32b/deepseek-coder_6.7b/basic/C001_static_burned_area_basic_iter01.py,deepseek-coder_6.7b,False,,,,,
map_interactive.html,experiments/05_choropleth_reliability_benchmark/outputs/runs_iterative_repair/deepseek-coder_6.7b/basic/deepseek-coder_6.7b_basic_C001_static_burned_area_iter01_20260624_042946/map_interactive.html,False,0,,,,False,,,,,1,,interactive_html,,basic,,,C001_static_burned_area,,,qwen2.5-coder_32b,1,experiments/05_choropleth_reliability_benchmark/outputs/runs_iterative_repair/deepseek-coder_6.7b/basic/deepseek-coder_6.7b_basic_C001_static_burned_area_iter01_20260624_042946,,experiments/05_choropleth_reliability_benchmark/outputs/generated_code_iterative_repair/qwen2.5-coder_32b/deepseek-coder_6.7b/basic/C001_static_burned_area_basic_iter01.py,deepseek-coder_6.7b,False,,,False,,
diagnostics.json,experiments/05_choropleth_reliability_benchmark/outputs/runs_iterative_repair/deepseek-coder_6.7b/basic/deepseek-coder_6.7b_basic_C001_static_burned_area_iter01_20260624_042946/diagnostics.json,False,0,,,,False,,,,,1,,diagnostic_json,,basic,,,C001_static_burned_area,,,qwen2.5-coder_32b,1,experiments/05_choropleth_reliability_benchmark/outputs/runs_iterative_repair/deepseek-coder_6.7b/basic/deepseek-coder_6.7b_basic_C001_static_burned_area_iter01_20260624_042946,,experiments/05_choropleth_reliability_benchmark/outputs/generated_code_iterative_repair/qwen2.5-coder_32b/deepseek-coder_6.7b/basic/C001_static_burned_area_basic_iter01.py,deepseek-coder_6.7b,False,,,,False,
map_static.png,experiments/05_choropleth_reliability_benchmark/outputs/runs_iterative_repair/deepseek-coder_6.7b/basic/deepseek-coder_6.7b_basic_C001_static_burned_area_iter01_20260624_231105/map_static.png,False,0,,,,False,,,,,1,,static_png,,basic,,,C001_static_burned_area,missing_or_empty,False,qwen2.5-coder_7b,1,experiments/05_choropleth_reliability_benchmark/outputs/runs_iterative_repair/deepseek-coder_6.7b/basic/deepseek-coder_6.7b_basic_C001_static_burned_area_iter01_20260624_231105,,experiments/05_choropleth_reliability_benchmark/outputs/generated_code_iterative_repair/qwen2.5-coder_7b/deepseek-coder_6.7b/basic/C001_static_burned_area_basic_iter01.py,deepseek-coder_6.7b,False,,,,,
time_series.png,experiments/05_choropleth_reliability_benchmark/outputs/runs_iterative_repair/deepseek-coder_6.7b/basic/deepseek-coder_6.7b_basic_C001_static_burned_area_iter01_20260624_231105/time_series.png,False,0,,,,False,,,,,1,,time_series_png,,basic,,,C001_static_burned_area,missing_or_empty,False,qwen2.5-coder_7b,1,experiments/05_choropleth_reliability_benchmark/outputs/runs_iterative_repair/deepseek-coder_6.7b/basic/deepseek-coder_6.7b_basic_C001_static_burned_area_iter01_20260624_231105,,experiments/05_choropleth_reliability_benchmark/outputs/generated_code_iterative_repair/qwen2.5-coder_7b/deepseek-coder_6.7b/basic/C001_static_burned_area_basic_iter01.py,deepseek-coder_6.7b,False,,,,,
map_interactive.html,experiments/05_choropleth_reliability_benchmark/outputs/runs_iterative_repair/deepseek-coder_6.7b/basic/deepseek-coder_6.7b_basic_C001_static_burned_area_iter01_20260624_231105/map_interactive.html,False,0,,,,False,,,,,1,,interactive_html,,basic,,,C001_static_burned_area,,,qwen2.5-coder_7b,1,experiments/05_choropleth_reliability_benchmark/outputs/runs_iterative_repair/deepseek-coder_6.7b/basic/deepseek-coder_6.7b_basic_C001_static_burned_area_iter01_20260624_231105,,experiments/05_choropleth_reliability_benchmark/outputs/generated_code_iterative_repair/qwen2.5-coder_7b/deepseek-coder_6.7b/basic/C001_static_burned_area_basic_iter01.py,deepseek-coder_6.7b,False,,,False,,
diagnostics.json,experiments/05_choropleth_reliability_benchmark/outputs/runs_iterative_repair/deepseek-coder_6.7b/basic/deepseek-coder_6.7b_basic_C001_static_burned_area_iter01_20260624_231105/diagnostics.json,False,0,,,,False,,,,,1,,diagnostic_json,,basic,,,C001_static_burned_area,,,qwen2.5-coder_7b,1,experiments/05_choropleth_reliability_benchmark/outputs/runs_iterative_repair/deepseek-coder_6.7b/basic/deepseek-coder_6.7b_basic_C001_static_burned_area_iter01_20260624_231105,,experiments/05_choropleth_reliability_benchmark/outputs/generated_code_iterative_repair/qwen2.5-coder_7b/deepseek-coder_6.7b/basic/C001_static_burned_area_basic_iter01.py,deepseek-coder_6.7b,False,,,,False,
map_static.png,experiments/05_choropleth_reliability_benchmark/outputs/runs_iterative_repair/deepseek-coder_6.7b/basic/deepseek-coder_6.7b_basic_C001_static_burned_area_iter01_20260624_233757/map_static.png,False,0,,,,False,,,,,1,,static_png,,basic,,,C001_static_burned_area,missing_or_empty,False,qwen2.5-coder_14b,1,experiments/05_choropleth_reliability_benchmark/outputs/runs_iterative_repair/deepseek-coder_6.7b/basic/deepseek-coder_6.7b_basic_C001_static_burned_area_iter01_20260624_233757,,experiments/05_choropleth_reliability_benchmark/outputs/generated_code_iterative_repair/qwen2.5-coder_14b/deepseek-coder_6.7b/basic/C001_static_burned_area_basic_iter01.py,deepseek-coder_6.7b,False,,,,,
time_series.png,experiments/05_choropleth_reliability_benchmark/outputs/runs_iterative_repair/deepseek-coder_6.7b/basic/deepseek-coder_6.7b_basic_C001_static_burned_area_iter01_20260624_233757/time_series.png,False,0,,,,False,,,,,1,,time_series_png,,basic,,,C001_static_burned_area,missing_or_empty,False,qwen2.5-coder_14b,1,experiments/05_choropleth_reliability_benchmark/outputs/runs_iterative_repair/deepseek-coder_6.7b/basic/deepseek-coder_6.7b_basic_C001_static_burned_area_iter01_20260624_233757,,experiments/05_choropleth_reliability_benchmark/outputs/generated_code_iterative_repair/qwen2.5-coder_14b/deepseek-coder_6.7b/basic/C001_static_burned_area_basic_iter01.py,deepseek-coder_6.7b,False,,,,,
map_interactive.html,experiments/05_choropleth_reliability_benchmark/outputs/runs_iterative_repair/deepseek-coder_6.7b/basic/deepseek-coder_6.7b_basic_C001_static_burned_area_iter01_20260624_233757/map_interactive.html,False,0,,,,False,,,,,1,,interactive_html,,basic,,,C001_static_burned_area,,,qwen2.5-coder_14b,1,experiments/05_choropleth_reliability_benchmark/outputs/runs_iterative_repair/deepseek-coder_6.7b/basic/deepseek-coder_6.7b_basic_C001_static_burned_area_iter01_20260624_233757,,experiments/05_choropleth_reliability_benchmark/outputs/generated_code_iterative_repair/qwen2.5-coder_14b/deepseek-coder_6.7b/basic/C001_static_burned_area_basic_iter01.py,deepseek-coder_6.7b,False,,,False,,
diagnostics.json,experiments/05_choropleth_reliability_benchmark/outputs/runs_iterative_repair/deepseek-coder_6.7b/basic/deepseek-coder_6.7b_basic_C001_static_burned_area_iter01_20260624_233757/diagnostics.json,False,0,,,,False,,,,,1,,diagnostic_json,,basic,,,C001_static_burned_area,,,qwen2.5-coder_14b,1,experiments/05_choropleth_reliability_benchmark/outputs/runs_iterative_repair/deepseek-coder_6.7b/basic/deepseek-coder_6.7b_basic_C001_static_burned_area_iter01_20260624_233757,,experiments/05_choropleth_reliability_benchmark/outputs/generated_code_iterative_repair/qwen2.5-coder_14b/deepseek-coder_6.7b/basic/C001_static_burned_area_basic_iter01.py,deepseek-coder_6.7b,False,,,,False,
map_static.png,experiments/05_choropleth_reliability_benchmark/outputs/runs_iterative_repair/deepseek-coder_6.7b/basic/deepseek-coder_6.7b_basic_C001_static_burned_area_iter01_20260625_001606/map_static.png,False,0,,,,False,,,,,1,,static_png,,basic,,,C001_static_burned_area,missing_or_empty,False,deepseek-coder_6.7b,1,experiments/05_choropleth_reliability_benchmark/outputs/runs_iterative_repair/deepseek-coder_6.7b/basic/deepseek-coder_6.7b_basic_C001_static_burned_area_iter01_20260625_001606,,experiments/05_choropleth_reliability_benchmark/outputs/generated_code_iterative_repair/deepseek-coder_6.7b/deepseek-coder_6.7b/basic/C001_static_burned_area_basic_iter01.py,deepseek-coder_6.7b,False,,,,,
time_series.png,experiments/05_choropleth_reliability_benchmark/outputs/runs_iterative_repair/deepseek-coder_6.7b/basic/deepseek-coder_6.7b_basic_C001_static_burned_area_iter01_20260625_001606/time_series.png,False,0,,,,False,,,,,1,,time_series_png,,basic,,,C001_static_burned_area,missing_or_empty,False,deepseek-coder_6.7b,1,experiments/05_choropleth_reliability_benchmark/outputs/runs_iterative_repair/deepseek-coder_6.7b/basic/deepseek-coder_6.7b_basic_C001_static_burned_area_iter01_20260625_001606,,experiments/05_choropleth_reliability_benchmark/outputs/generated_code_iterative_repair/deepseek-coder_6.7b/deepseek-coder_6.7b/basic/C001_static_burned_area_basic_iter01.py,deepseek-coder_6.7b,False,,,,,
map_interactive.html,experiments/05_choropleth_reliability_benchmark/outputs/runs_iterative_repair/deepseek-coder_6.7b/basic/deepseek-coder_6.7b_basic_C001_static_burned_area_iter01_20260625_001606/map_interactive.html,False,0,,,,False,,,,,1,,interactive_html,,basic,,,C001_static_burned_area,,,deepseek-coder_6.7b,1,experiments/05_choropleth_reliability_benchmark/outputs/runs_iterative_repair/deepseek-coder_6.7b/basic/deepseek-coder_6.7b_basic_C001_static_burned_area_iter01_20260625_001606,,experiments/05_choropleth_reliability_benchmark/outputs/generated_code_iterative_repair/deepseek-coder_6.7b/deepseek-coder_6.7b/basic/C001_static_burned_area_basic_iter01.py,deepseek-coder_6.7b,False,,,False,,
diagnostics.json,experiments/05_choropleth_reliability_benchmark/outputs/runs_iterative_repair/deepseek-coder_6.7b/basic/deepseek-coder_6.7b_basic_C001_static_burned_area_iter01_20260625_001606/diagnostics.json,False,0,,,,False,,,,,1,,diagnostic_json,,basic,,,C001_static_burned_area,,,deepseek-coder_6.7b,1,experiments/05_choropleth_reliability_benchmark/outputs/runs_iterative_repair/deepseek-coder_6.7b/basic/deepseek-coder_6.7b_basic_C001_static_burned_area_iter01_20260625_001606,,experiments/05_choropleth_reliability_benchmark/outputs/generated_code_iterative_repair/deepseek-coder_6.7b/deepseek-coder_6.7b/basic/C001_static_burned_area_basic_iter01.py,deepseek-coder_6.7b,False,,,,False,
map_static.png,experiments/05_choropleth_reliability_benchmark/outputs/runs_iterative_repair/deepseek-coder_6.7b/basic/deepseek-coder_6.7b_basic_C001_static_burned_area_iter02_20260624_043043/map_static.png,False,0,,,,False,,,,,2,,static_png,,basic,,,C001_static_burned_area,missing_or_empty,False,qwen2.5-coder_32b,1,experiments/05_choropleth_reliability_benchmark/outputs/runs_iterative_repair/deepseek-coder_6.7b/basic/deepseek-coder_6.7b_basic_C001_static_burned_area_iter02_20260624_043043,,experiments/05_choropleth_reliability_benchmark/outputs/generated_code_iterative_repair/qwen2.5-coder_32b/deepseek-coder_6.7b/basic/C001_static_burned_area_basic_iter02.py,deepseek-coder_6.7b,False,,,,,
time_series.png,experiments/05_choropleth_reliability_benchmark/outputs/runs_iterative_repair/deepseek-coder_6.7b/basic/deepseek-coder_6.7b_basic_C001_static_burned_area_iter02_20260624_043043/time_series.png,False,0,,,,False,,,,,2,,time_series_png,,basic,,,C001_static_burned_area,missing_or_empty,False,qwen2.5-coder_32b,1,experiments/05_choropleth_reliability_benchmark/outputs/runs_iterative_repair/deepseek-coder_6.7b/basic/deepseek-coder_6.7b_basic_C001_static_burned_area_iter02_20260624_043043,,experiments/05_choropleth_reliability_benchmark/outputs/generated_code_iterative_repair/qwen2.5-coder_32b/deepseek-coder_6.7b/basic/C001_static_burned_area_basic_iter02.py,deepseek-coder_6.7b,False,,,,,
map_interactive.html,experiments/05_choropleth_reliability_benchmark/outputs/runs_iterative_repair/deepseek-coder_6.7b/basic/deepseek-coder_6.7b_basic_C001_static_burned_area_iter02_20260624_043043/map_interactive.html,False,0,,,,False,,,,,2,,interactive_html,,basic,,,C001_static_burned_area,,,qwen2.5-coder_32b,1,experiments/05_choropleth_reliability_benchmark/outputs/runs_iterative_repair/deepseek-coder_6.7b/basic/deepseek-coder_6.7b_basic_C001_static_burned_area_iter02_20260624_043043,,experiments/05_choropleth_reliability_benchmark/outputs/generated_code_iterative_repair/qwen2.5-coder_32b/deepseek-coder_6.7b/basic/C001_static_burned_area_basic_iter02.py,deepseek-coder_6.7b,False,,,False,,
diagnostics.json,experiments/05_choropleth_reliability_benchmark/outputs/runs_iterative_repair/deepseek-coder_6.7b/basic/deepseek-coder_6.7b_basic_C001_static_burned_area_iter02_20260624_043043/diagnostics.json,False,0,,,,False,,,,,2,,diagnostic_json,,basic,,,C001_static_burned_area,,,qwen2.5-coder_32b,1,experiments/05_choropleth_reliability_benchmark/outputs/runs_iterative_repair/deepseek-coder_6.7b/basic/deepseek-coder_6.7b_basic_C001_static_burned_area_iter02_20260624_043043,,experiments/05_choropleth_reliability_benchmark/outputs/generated_code_iterative_repair/qwen2.5-coder_32b/deepseek-coder_6.7b/basic/C001_static_burned_area_basic_iter02.py,deepseek-coder_6.7b,False,,,,False,
map_static.png,experiments/05_choropleth_reliability_benchmark/outputs/runs_iterative_repair/deepseek-coder_6.7b/basic/deepseek-coder_6.7b_basic_C001_static_burned_area_iter02_20260624_231116/map_static.png,False,0,,,,False,,,,,2,,static_png,,basic,,,C001_static_burned_area,missing_or_empty,False,qwen2.5-coder_7b,1,experiments/05_choropleth_reliability_benchmark/outputs/runs_iterative_repair/deepseek-coder_6.7b/basic/deepseek-coder_6.7b_basic_C001_static_burned_area_iter02_20260624_231116,,experiments/05_choropleth_reliability_benchmark/outputs/generated_code_iterative_repair/qwen2.5-coder_7b/deepseek-coder_6.7b/basic/C001_static_burned_area_basic_iter02.py,deepseek-coder_6.7b,False,,,,,
time_series.png,experiments/05_choropleth_reliability_benchmark/outputs/runs_iterative_repair/deepseek-coder_6.7b/basic/deepseek-coder_6.7b_basic_C001_static_burned_area_iter02_20260624_231116/time_series.png,False,0,,,,False,,,,,2,,time_series_png,,basic,,,C001_static_burned_area,missing_or_empty,False,qwen2.5-coder_7b,1,experiments/05_choropleth_reliability_benchmark/outputs/runs_iterative_repair/deepseek-coder_6.7b/basic/deepseek-coder_6.7b_basic_C001_static_burned_area_iter02_20260624_231116,,experiments/05_choropleth_reliability_benchmark/outputs/generated_code_iterative_repair/qwen2.5-coder_7b/deepseek-coder_6.7b/basic/C001_static_burned_area_basic_iter02.py,deepseek-coder_6.7b,False,,,,,
map_interactive.html,experiments/05_choropleth_reliability_benchmark/outputs/runs_iterative_repair/deepseek-coder_6.7b/basic/deepseek-coder_6.7b_basic_C001_static_burned_area_iter02_20260624_231116/map_interactive.html,False,0,,,,False,,,,,2,,interactive_html,,basic,,,C001_static_burned_area,,,qwen2.5-coder_7b,1,experiments/05_choropleth_reliability_benchmark/outputs/runs_iterative_repair/deepseek-coder_6.7b/basic/deepseek-coder_6.7b_basic_C001_static_burned_area_iter02_20260624_231116,,experiments/05_choropleth_reliability_benchmark/outputs/generated_code_iterative_repair/qwen2.5-coder_7b/deepseek-coder_6.7b/basic/C001_static_burned_area_basic_iter02.py,deepseek-coder_6.7b,False,,,False,,
diagnostics.json,experiments/05_choropleth_reliability_benchmark/outputs/runs_iterative_repair/deepseek-coder_6.7b/basic/deepseek-coder_6.7b_basic_C001_static_burned_area_iter02_20260624_231116/diagnostics.json,False,0,,,,False,,,,,2,,diagnostic_json,,basic,,,C001_static_burned_area,,,qwen2.5-coder_7b,1,experiments/05_choropleth_reliability_benchmark/outputs/runs_iterative_repair/deepseek-coder_6.7b/basic/deepseek-coder_6.7b_basic_C001_static_burned_area_iter02_20260624_231116,,experiments/05_choropleth_reliability_benchmark/outputs/generated_code_iterative_repair/qwen2.5-coder_7b/deepseek-coder_6.7b/basic/C001_static_burned_area_basic_iter02.py,deepseek-coder_6.7b,False,,,,False,
map_static.png,experiments/05_choropleth_reliability_benchmark/outputs/runs_iterative_repair/deepseek-coder_6.7b/basic/deepseek-coder_6.7b_basic_C001_static_burned_area_iter02_20260624_233821/map_static.png,False,0,,,,False,,,,,2,,static_png,,basic,,,C001_static_burned_area,missing_or_empty,False,qwen2.5-coder_14b,1,experiments/05_choropleth_reliability_benchmark/outputs/runs_iterative_repair/deepseek-coder_6.7b/basic/deepseek-coder_6.7b_basic_C001_static_burned_area_iter02_20260624_233821,,experiments/05_choropleth_reliability_benchmark/outputs/generated_code_iterative_repair/qwen2.5-coder_14b/deepseek-coder_6.7b/basic/C001_static_burned_area_basic_iter02.py,deepseek-coder_6.7b,False,,,,,
time_series.png,experiments/05_choropleth_reliability_benchmark/outputs/runs_iterative_repair/deepseek-coder_6.7b/basic/deepseek-coder_6.7b_basic_C001_static_burned_area_iter02_20260624_233821/time_series.png,False,0,,,,False,,,,,2,,time_series_png,,basic,,,C001_static_burned_area,missing_or_empty,False,qwen2.5-coder_14b,1,experiments/05_choropleth_reliability_benchmark/outputs/runs_iterative_repair/deepseek-coder_6.7b/basic/deepseek-coder_6.7b_basic_C001_static_burned_area_iter02_20260624_233821,,experiments/05_choropleth_reliability_benchmark/outputs/generated_code_iterative_repair/qwen2.5-coder_14b/deepseek-coder_6.7b/basic/C001_static_burned_area_basic_iter02.py,deepseek-coder_6.7b,False,,,,,
map_interactive.html,experiments/05_choropleth_reliability_benchmark/outputs/runs_iterative_repair/deepseek-coder_6.7b/basic/deepseek-coder_6.7b_basic_C001_static_burned_area_iter02_20260624_233821/map_interactive.html,False,0,,,,False,,,,,2,,interactive_html,,basic,,,C001_static_burned_area,,,qwen2.5-coder_14b,1,experiments/05_choropleth_reliability_benchmark/outputs/runs_iterative_repair/deepseek-coder_6.7b/basic/deepseek-coder_6.7b_basic_C001_static_burned_area_iter02_20260624_233821,,experiments/05_choropleth_reliability_benchmark/outputs/generated_code_iterative_repair/qwen2.5-coder_14b/deepseek-coder_6.7b/basic/C001_static_burned_area_basic_iter02.py,deepseek-coder_6.7b,False,,,False,,
diagnostics.json,experiments/05_choropleth_reliability_benchmark/outputs/runs_iterative_repair/deepseek-coder_6.7b/basic/deepseek-coder_6.7b_basic_C001_static_burned_area_iter02_20260624_233821/diagnostics.json,False,0,,,,False,,,,,2,,diagnostic_json,,basic,,,C001_static_burned_area,,,qwen2.5-coder_14b,1,experiments/05_choropleth_reliability_benchmark/outputs/runs_iterative_repair/deepseek-coder_6.7b/basic/deepseek-coder_6.7b_basic_C001_static_burned_area_iter02_20260624_233821,,experiments/05_choropleth_reliability_benchmark/outputs/generated_code_iterative_repair/qwen2.5-coder_14b/deepseek-coder_6.7b/basic/C001_static_burned_area_basic_iter02.py,deepseek-coder_6.7b,False,,,,False,
map_static.png,experiments/05_choropleth_reliability_benchmark/outputs/runs_iterative_repair/deepseek-coder_6.7b/basic/deepseek-coder_6.7b_basic_C001_static_burned_area_iter02_20260625_001622/map_static.png,False,0,,,,False,,,,,2,,static_png,,basic,,,C001_static_burned_area,missing_or_empty,False,deepseek-coder_6.7b,1,experiments/05_choropleth_reliability_benchmark/outputs/runs_iterative_repair/deepseek-coder_6.7b/basic/deepseek-coder_6.7b_basic_C001_static_burned_area_iter02_20260625_001622,,experiments/05_choropleth_reliability_benchmark/outputs/generated_code_iterative_repair/deepseek-coder_6.7b/deepseek-coder_6.7b/basic/C001_static_burned_area_basic_iter02.py,deepseek-coder_6.7b,False,,,,,
time_series.png,experiments/05_choropleth_reliability_benchmark/outputs/runs_iterative_repair/deepseek-coder_6.7b/basic/deepseek-coder_6.7b_basic_C001_static_burned_area_iter02_20260625_001622/time_series.png,False,0,,,,False,,,,,2,,time_series_png,,basic,,,C001_static_burned_area,missing_or_empty,False,deepseek-coder_6.7b,1,experiments/05_choropleth_reliability_benchmark/outputs/runs_iterative_repair/deepseek-coder_6.7b/basic/deepseek-coder_6.7b_basic_C001_static_burned_area_iter02_20260625_001622,,experiments/05_choropleth_reliability_benchmark/outputs/generated_code_iterative_repair/deepseek-coder_6.7b/deepseek-coder_6.7b/basic/C001_static_burned_area_basic_iter02.py,deepseek-coder_6.7b,False,,,,,
map_interactive.html,experiments/05_choropleth_reliability_benchmark/outputs/runs_iterative_repair/deepseek-coder_6.7b/basic/deepseek-coder_6.7b_basic_C001_static_burned_area_iter02_20260625_001622/map_interactive.html,False,0,,,,False,,,,,2,,interactive_html,,basic,,,C001_static_burned_area,,,deepseek-coder_6.7b,1,experiments/05_choropleth_reliability_benchmark/outputs/runs_iterative_repair/deepseek-coder_6.7b/basic/deepseek-coder_6.7b_basic_C001_static_burned_area_iter02_20260625_001622,,experiments/05_choropleth_reliability_benchmark/outputs/generated_code_iterative_repair/deepseek-coder_6.7b/deepseek-coder_6.7b/basic/C001_static_burned_area_basic_iter02.py,deepseek-coder_6.7b,False,,,False,,
diagnostics.json,experiments/05_choropleth_reliability_benchmark/outputs/runs_iterative_repair/deepseek-coder_6.7b/basic/deepseek-coder_6.7b_basic_C001_static_burned_area_iter02_20260625_001622/diagnostics.json,False,0,,,,False,,,,,2,,diagnostic_json,,basic,,,C001_static_burned_area,,,deepseek-coder_6.7b,1,experiments/05_choropleth_reliability_benchmark/outputs/runs_iterative_repair/deepseek-coder_6.7b/basic/deepseek-coder_6.7b_basic_C001_static_burned_area_iter02_20260625_001622,,experiments/05_choropleth_reliability_benchmark/outputs/generated_code_iterative_repair/deepseek-coder_6.7b/deepseek-coder_6.7b/basic/C001_static_burned_area_basic_iter02.py,deepseek-coder_6.7b,False,,,,False,
map_static.png,experiments/05_choropleth_reliability_benchmark/outputs/runs_iterative_repair/deepseek-coder_6.7b/basic/deepseek-coder_6.7b_basic_C001_static_burned_area_iter03_20260624_061945/map_static.png,True,215583,0.0052,255,1.856,True,,,,2400,3,,static_png,253.001,basic,0.9952,0.0155,C001_static_burned_area,,True,qwen2.5-coder_32b,1,experiments/05_choropleth_reliability_benchmark/outputs/runs_iterative_repair/deepseek-coder_6.7b/basic/deepseek-coder_6.7b_basic_C001_static_burned_area_iter03_20260624_061945,0.0026,experiments/05_choropleth_reliability_benchmark/outputs/generated_code_iterative_repair/qwen2.5-coder_32b/deepseek-coder_6.7b/basic/C001_static_burned_area_basic_iter03.py,deepseek-coder_6.7b,False,,34,,,3000
time_series.png,experiments/05_choropleth_reliability_benchmark/outputs/runs_iterative_repair/deepseek-coder_6.7b/basic/deepseek-coder_6.7b_basic_C001_static_burned_area_iter03_20260624_061945/time_series.png,False,0,,,,False,,,,,3,,time_series_png,,basic,,,C001_static_burned_area,missing_or_empty,False,qwen2.5-coder_32b,1,experiments/05_choropleth_reliability_benchmark/outputs/runs_iterative_repair/deepseek-coder_6.7b/basic/deepseek-coder_6.7b_basic_C001_static_burned_area_iter03_20260624_061945,,experiments/05_choropleth_reliability_benchmark/outputs/generated_code_iterative_repair/qwen2.5-coder_32b/deepseek-coder_6.7b/basic/C001_static_burned_area_basic_iter03.py,deepseek-coder_6.7b,False,,,,,
map_interactive.html,experiments/05_choropleth_reliability_benchmark/outputs/runs_iterative_repair/deepseek-coder_6.7b/basic/deepseek-coder_6.7b_basic_C001_static_burned_area_iter03_20260624_061945/map_interactive.html,False,0,,,,False,,,,,3,,interactive_html,,basic,,,C001_static_burned_area,,,qwen2.5-coder_32b,1,experiments/05_choropleth_reliability_benchmark/outputs/runs_iterative_repair/deepseek-coder_6.7b/basic/deepseek-coder_6.7b_basic_C001_static_burned_area_iter03_20260624_061945,,experiments/05_choropleth_reliability_benchmark/outputs/generated_code_iterative_repair/qwen2.5-coder_32b/deepseek-coder_6.7b/basic/C001_static_burned_area_basic_iter03.py,deepseek-coder_6.7b,False,,,False,,
diagnostics.json,experiments/05_choropleth_reliability_benchmark/outputs/runs_iterative_repair/deepseek-coder_6.7b/basic/deepseek-coder_6.7b_basic_C001_static_burned_area_iter03_20260624_061945/diagnostics.json,False,255,,,,True,,,,,3,JSONDecodeError,diagnostic_json,,basic,,,C001_static_burned_area,,,qwen2.5-coder_32b,1,experiments/05_choropleth_reliability_benchmark/outputs/runs_iterative_repair/deepseek-coder_6.7b/basic/deepseek-coder_6.7b_basic_C001_static_burned_area_iter03_20260624_061945,,experiments/05_choropleth_reliability_benchmark/outputs/generated_code_iterative_repair/qwen2.5-coder_32b/deepseek-coder_6.7b/basic/C001_static_burned_area_basic_iter03.py,deepseek-coder_6.7b,False,,,,False,
map_static.png,experiments/05_choropleth_reliability_benchmark/outputs/runs_iterative_repair/deepseek-coder_6.7b/basic/deepseek-coder_6.7b_basic_C001_static_burned_area_iter03_20260624_231127/map_static.png,False,0,,,,False,,,,,3,,static_png,,basic,,,C001_static_burned_area,missing_or_empty,False,qwen2.5-coder_7b,1,experiments/05_choropleth_reliability_benchmark/outputs/runs_iterative_repair/deepseek-coder_6.7b/basic/deepseek-coder_6.7b_basic_C001_static_burned_area_iter03_20260624_231127,,experiments/05_choropleth_reliability_benchmark/outputs/generated_code_iterative_repair/qwen2.5-coder_7b/deepseek-coder_6.7b/basic/C001_static_burned_area_basic_iter03.py,deepseek-coder_6.7b,False,,,,,
time_series.png,experiments/05_choropleth_reliability_benchmark/outputs/runs_iterative_repair/deepseek-coder_6.7b/basic/deepseek-coder_6.7b_basic_C001_static_burned_area_iter03_20260624_231127/time_series.png,False,0,,,,False,,,,,3,,time_series_png,,basic,,,C001_static_burned_area,missing_or_empty,False,qwen2.5-coder_7b,1,experiments/05_choropleth_reliability_benchmark/outputs/runs_iterative_repair/deepseek-coder_6.7b/basic/deepseek-coder_6.7b_basic_C001_static_burned_area_iter03_20260624_231127,,experiments/05_choropleth_reliability_benchmark/outputs/generated_code_iterative_repair/qwen2.5-coder_7b/deepseek-coder_6.7b/basic/C001_static_burned_area_basic_iter03.py,deepseek-coder_6.7b,False,,,,,
map_interactive.html,experiments/05_choropleth_reliability_benchmark/outputs/runs_iterative_repair/deepseek-coder_6.7b/basic/deepseek-coder_6.7b_basic_C001_static_burned_area_iter03_20260624_231127/map_interactive.html,False,0,,,,False,,,,,3,,interactive_html,,basic,,,C001_static_burned_area,,,qwen2.5-coder_7b,1,experiments/05_choropleth_reliability_benchmark/outputs/runs_iterative_repair/deepseek-coder_6.7b/basic/deepseek-coder_6.7b_basic_C001_static_burned_area_iter03_20260624_231127,,experiments/05_choropleth_reliability_benchmark/outputs/generated_code_iterative_repair/qwen2.5-coder_7b/deepseek-coder_6.7b/basic/C001_static_burned_area_basic_iter03.py,deepseek-coder_6.7b,False,,,False,,
diagnostics.json,experiments/05_choropleth_reliability_benchmark/outputs/runs_iterative_repair/deepseek-coder_6.7b/basic/deepseek-coder_6.7b_basic_C001_static_burned_area_iter03_20260624_231127/diagnostics.json,False,0,,,,False,,,,,3,,diagnostic_json,,basic,,,C001_static_burned_area,,,qwen2.5-coder_7b,1,experiments/05_choropleth_reliability_benchmark/outputs/runs_iterative_repair/deepseek-coder_6.7b/basic/deepseek-coder_6.7b_basic_C001_static_burned_area_iter03_20260624_231127,,experiments/05_choropleth_reliability_benchmark/outputs/generated_code_iterative_repair/qwen2.5-coder_7b/deepseek-coder_6.7b/basic/C001_static_burned_area_basic_iter03.py,deepseek-coder_6.7b,False,,,,False,
map_static.png,experiments/05_choropleth_reliability_benchmark/outputs/runs_iterative_repair/deepseek-coder_6.7b/basic/deepseek-coder_6.7b_basic_C001_static_burned_area_iter03_20260624_233844/map_static.png,False,0,,,,False,,,,,3,,static_png,,basic,,,C001_static_burned_area,missing_or_empty,False,qwen2.5-coder_14b,1,experiments/05_choropleth_reliability_benchmark/outputs/runs_iterative_repair/deepseek-coder_6.7b/basic/deepseek-coder_6.7b_basic_C001_static_burned_area_iter03_20260624_233844,,experiments/05_choropleth_reliability_benchmark/outputs/generated_code_iterative_repair/qwen2.5-coder_14b/deepseek-coder_6.7b/basic/C001_static_burned_area_basic_iter03.py,deepseek-coder_6.7b,False,,,,,
time_series.png,experiments/05_choropleth_reliability_benchmark/outputs/runs_iterative_repair/deepseek-coder_6.7b/basic/deepseek-coder_6.7b_basic_C001_static_burned_area_iter03_20260624_233844/time_series.png,False,0,,,,False,,,,,3,,time_series_png,,basic,,,C001_static_burned_area,missing_or_empty,False,qwen2.5-coder_14b,1,experiments/05_choropleth_reliability_benchmark/outputs/runs_iterative_repair/deepseek-coder_6.7b/basic/deepseek-coder_6.7b_basic_C001_static_burned_area_iter03_20260624_233844,,experiments/05_choropleth_reliability_benchmark/outputs/generated_code_iterative_repair/qwen2.5-coder_14b/deepseek-coder_6.7b/basic/C001_static_burned_area_basic_iter03.py,deepseek-coder_6.7b,False,,,,,
map_interactive.html,experiments/05_choropleth_reliability_benchmark/outputs/runs_iterative_repair/deepseek-coder_6.7b/basic/deepseek-coder_6.7b_basic_C001_static_burned_area_iter03_20260624_233844/map_interactive.html,False,0,,,,False,,,,,3,,interactive_html,,basic,,,C001_static_burned_area,,,qwen2.5-coder_14b,1,experiments/05_choropleth_reliability_benchmark/outputs/runs_iterative_repair/deepseek-coder_6.7b/basic/deepseek-coder_6.7b_basic_C001_static_burned_area_iter03_20260624_233844,,experiments/05_choropleth_reliability_benchmark/outputs/generated_code_iterative_repair/qwen2.5-coder_14b/deepseek-coder_6.7b/basic/C001_static_burned_area_basic_iter03.py,deepseek-coder_6.7b,False,,,False,,
diagnostics.json,experiments/05_choropleth_reliability_benchmark/outputs/runs_iterative_repair/deepseek-coder_6.7b/basic/deepseek-coder_6.7b_basic_C001_static_burned_area_iter03_20260624_233844/diagnostics.json,False,0,,,,False,,,,,3,,diagnostic_json,,basic,,,C001_static_burned_area,,,qwen2.5-coder_14b,1,experiments/05_choropleth_reliability_benchmark/outputs/runs_iterative_repair/deepseek-coder_6.7b/basic/deepseek-coder_6.7b_basic_C001_static_burned_area_iter03_20260624_233844,,experiments/05_choropleth_reliability_benchmark/outputs/generated_code_iterative_repair/qwen2.5-coder_14b/deepseek-coder_6.7b/basic/C001_static_burned_area_basic_iter03.py,deepseek-coder_6.7b,False,,,,False,
map_static.png,experiments/05_choropleth_reliability_benchmark/outputs/runs_iterative_repair/deepseek-coder_6.7b/basic/deepseek-coder_6.7b_basic_C002_static_number_fires_iter01_20260624_043124/map_static.png,False,0,,,,False,,,,,1,,static_png,,basic,,,C002_static_number_fires,missing_or_empty,False,qwen2.5-coder_32b,1,experiments/05_choropleth_reliability_benchmark/outputs/runs_iterative_repair/deepseek-coder_6.7b/basic/deepseek-coder_6.7b_basic_C002_static_number_fires_iter01_20260624_043124,,experiments/05_choropleth_reliability_benchmark/outputs/generated_code_iterative_repair/qwen2.5-coder_32b/deepseek-coder_6.7b/basic/C002_static_number_fires_basic_iter01.py,deepseek-coder_6.7b,False,,,,,
time_series.png,experiments/05_choropleth_reliability_benchmark/outputs/runs_iterative_repair/deepseek-coder_6.7b/basic/deepseek-coder_6.7b_basic_C002_static_number_fires_iter01_20260624_043124/time_series.png,False,0,,,,False,,,,,1,,time_series_png,,basic,,,C002_static_number_fires,missing_or_empty,False,qwen2.5-coder_32b,1,experiments/05_choropleth_reliability_benchmark/outputs/runs_iterative_repair/deepseek-coder_6.7b/basic/deepseek-coder_6.7b_basic_C002_static_number_fires_iter01_20260624_043124,,experiments/05_choropleth_reliability_benchmark/outputs/generated_code_iterative_repair/qwen2.5-coder_32b/deepseek-coder_6.7b/basic/C002_static_number_fires_basic_iter01.py,deepseek-coder_6.7b,False,,,,,
map_interactive.html,experiments/05_choropleth_reliability_benchmark/outputs/runs_iterative_repair/deepseek-coder_6.7b/basic/deepseek-coder_6.7b_basic_C002_static_number_fires_iter01_20260624_043124/map_interactive.html,False,0,,,,False,,,,,1,,interactive_html,,basic,,,C002_static_number_fires,,,qwen2.5-coder_32b,1,experiments/05_choropleth_reliability_benchmark/outputs/runs_iterative_repair/deepseek-coder_6.7b/basic/deepseek-coder_6.7b_basic_C002_static_number_fires_iter01_20260624_043124,,experiments/05_choropleth_reliability_benchmark/outputs/generated_code_iterative_repair/qwen2.5-coder_32b/deepseek-coder_6.7b/basic/C002_static_number_fires_basic_iter01.py,deepseek-coder_6.7b,False,,,False,,
diagnostics.json,experiments/05_choropleth_reliability_benchmark/outputs/runs_iterative_repair/deepseek-coder_6.7b/basic/deepseek-coder_6.7b_basic_C002_static_number_fires_iter01_20260624_043124/diagnostics.json,False,0,,,,False,,,,,1,,diagnostic_json,,basic,,,C002_static_number_fires,,,qwen2.5-coder_32b,1,experiments/05_choropleth_reliability_benchmark/outputs/runs_iterative_repair/deepseek-coder_6.7b/basic/deepseek-coder_6.7b_basic_C002_static_number_fires_iter01_20260624_043124,,experiments/05_choropleth_reliability_benchmark/outputs/generated_code_iterative_repair/qwen2.5-coder_32b/deepseek-coder_6.7b/basic/C002_static_number_fires_basic_iter01.py,deepseek-coder_6.7b,False,,,,False,
map_static.png,experiments/05_choropleth_reliability_benchmark/outputs/runs_iterative_repair/deepseek-coder_6.7b/basic/deepseek-coder_6.7b_basic_C002_static_number_fires_iter01_20260624_231139/map_static.png,False,0,,,,False,,,,,1,,static_png,,basic,,,C002_static_number_fires,missing_or_empty,False,qwen2.5-coder_7b,1,experiments/05_choropleth_reliability_benchmark/outputs/runs_iterative_repair/deepseek-coder_6.7b/basic/deepseek-coder_6.7b_basic_C002_static_number_fires_iter01_20260624_231139,,experiments/05_choropleth_reliability_benchmark/outputs/generated_code_iterative_repair/qwen2.5-coder_7b/deepseek-coder_6.7b/basic/C002_static_number_fires_basic_iter01.py,deepseek-coder_6.7b,False,,,,,
time_series.png,experiments/05_choropleth_reliability_benchmark/outputs/runs_iterative_repair/deepseek-coder_6.7b/basic/deepseek-coder_6.7b_basic_C002_static_number_fires_iter01_20260624_231139/time_series.png,False,0,,,,False,,,,,1,,time_series_png,,basic,,,C002_static_number_fires,missing_or_empty,False,qwen2.5-coder_7b,1,experiments/05_choropleth_reliability_benchmark/outputs/runs_iterative_repair/deepseek-coder_6.7b/basic/deepseek-coder_6.7b_basic_C002_static_number_fires_iter01_20260624_231139,,experiments/05_choropleth_reliability_benchmark/outputs/generated_code_iterative_repair/qwen2.5-coder_7b/deepseek-coder_6.7b/basic/C002_static_number_fires_basic_iter01.py,deepseek-coder_6.7b,False,,,,,
map_interactive.html,experiments/05_choropleth_reliability_benchmark/outputs/runs_iterative_repair/deepseek-coder_6.7b/basic/deepseek-coder_6.7b_basic_C002_static_number_fires_iter01_20260624_231139/map_interactive.html,False,0,,,,False,,,,,1,,interactive_html,,basic,,,C002_static_number_fires,,,qwen2.5-coder_7b,1,experiments/05_choropleth_reliability_benchmark/outputs/runs_iterative_repair/deepseek-coder_6.7b/basic/deepseek-coder_6.7b_basic_C002_static_number_fires_iter01_20260624_231139,,experiments/05_choropleth_reliability_benchmark/outputs/generated_code_iterative_repair/qwen2.5-coder_7b/deepseek-coder_6.7b/basic/C002_static_number_fires_basic_iter01.py,deepseek-coder_6.7b,False,,,False,,
diagnostics.json,experiments/05_choropleth_reliability_benchmark/outputs/runs_iterative_repair/deepseek-coder_6.7b/basic/deepseek-coder_6.7b_basic_C002_static_number_fires_iter01_20260624_231139/diagnostics.json,False,0,,,,False,,,,,1,,diagnostic_json,,basic,,,C002_static_number_fires,,,qwen2.5-coder_7b,1,experiments/05_choropleth_reliability_benchmark/outputs/runs_iterative_repair/deepseek-coder_6.7b/basic/deepseek-coder_6.7b_basic_C002_static_number_fires_iter01_20260624_231139,,experiments/05_choropleth_reliability_benchmark/outputs/generated_code_iterative_repair/qwen2.5-coder_7b/deepseek-coder_6.7b/basic/C002_static_number_fires_basic_iter01.py,deepseek-coder_6.7b,False,,,,False,
map_static.png,experiments/05_choropleth_reliability_benchmark/outputs/runs_iterative_repair/deepseek-coder_6.7b/basic/deepseek-coder_6.7b_basic_C002_static_number_fires_iter01_20260624_233905/map_static.png,False,0,,,,False,,,,,1,,static_png,,basic,,,C002_static_number_fires,missing_or_empty,False,qwen2.5-coder_14b,1,experiments/05_choropleth_reliability_benchmark/outputs/runs_iterative_repair/deepseek-coder_6.7b/basic/deepseek-coder_6.7b_basic_C002_static_number_fires_iter01_20260624_233905,,experiments/05_choropleth_reliability_benchmark/outputs/generated_code_iterative_repair/qwen2.5-coder_14b/deepseek-coder_6.7b/basic/C002_static_number_fires_basic_iter01.py,deepseek-coder_6.7b,False,,,,,
time_series.png,experiments/05_choropleth_reliability_benchmark/outputs/runs_iterative_repair/deepseek-coder_6.7b/basic/deepseek-coder_6.7b_basic_C002_static_number_fires_iter01_20260624_233905/time_series.png,False,0,,,,False,,,,,1,,time_series_png,,basic,,,C002_static_number_fires,missing_or_empty,False,qwen2.5-coder_14b,1,experiments/05_choropleth_reliability_benchmark/outputs/runs_iterative_repair/deepseek-coder_6.7b/basic/deepseek-coder_6.7b_basic_C002_static_number_fires_iter01_20260624_233905,,experiments/05_choropleth_reliability_benchmark/outputs/generated_code_iterative_repair/qwen2.5-coder_14b/deepseek-coder_6.7b/basic/C002_static_number_fires_basic_iter01.py,deepseek-coder_6.7b,False,,,,,
map_interactive.html,experiments/05_choropleth_reliability_benchmark/outputs/runs_iterative_repair/deepseek-coder_6.7b/basic/deepseek-coder_6.7b_basic_C002_static_number_fires_iter01_20260624_233905/map_interactive.html,False,0,,,,False,,,,,1,,interactive_html,,basic,,,C002_static_number_fires,,,qwen2.5-coder_14b,1,experiments/05_choropleth_reliability_benchmark/outputs/runs_iterative_repair/deepseek-coder_6.7b/basic/deepseek-coder_6.7b_basic_C002_static_number_fires_iter01_20260624_233905,,experiments/05_choropleth_reliability_benchmark/outputs/generated_code_iterative_repair/qwen2.5-coder_14b/deepseek-coder_6.7b/basic/C002_static_number_fires_basic_iter01.py,deepseek-coder_6.7b,False,,,False,,
diagnostics.json,experiments/05_choropleth_reliability_benchmark/outputs/runs_iterative_repair/deepseek-coder_6.7b/basic/deepseek-coder_6.7b_basic_C002_static_number_fires_iter01_20260624_233905/diagnostics.json,False,0,,,,False,,,,,1,,diagnostic_json,,basic,,,C002_static_number_fires,,,qwen2.5-coder_14b,1,experiments/05_choropleth_reliability_benchmark/outputs/runs_iterative_repair/deepseek-coder_6.7b/basic/deepseek-coder_6.7b_basic_C002_static_number_fires_iter01_20260624_233905,,experiments/05_choropleth_reliability_benchmark/outputs/generated_code_iterative_repair/qwen2.5-coder_14b/deepseek-coder_6.7b/basic/C002_static_number_fires_basic_iter01.py,deepseek-coder_6.7b,False,,,,False,
map_static.png,experiments/05_choropleth_reliability_benchmark/outputs/runs_iterative_repair/deepseek-coder_6.7b/basic/deepseek-coder_6.7b_basic_C002_static_number_fires_iter02_20260624_043205/map_static.png,True,32815,0.0271,255,18.331,True,,,,435,2,,static_png,243.250,basic,0.9810,0.1089,C002_static_number_fires,,True,qwen2.5-coder_32b,0,experiments/05_choropleth_reliability_benchmark/outputs/runs_iterative_repair/deepseek-coder_6.7b/basic/deepseek-coder_6.7b_basic_C002_static_number_fires_iter02_20260624_043205,0.0170,experiments/05_choropleth_reliability_benchmark/outputs/generated_code_iterative_repair/qwen2.5-coder_32b/deepseek-coder_6.7b/basic/C002_static_number_fires_basic_iter02.py,deepseek-coder_6.7b,False,,28,,,446
time_series.png,experiments/05_choropleth_reliability_benchmark/outputs/runs_iterative_repair/deepseek-coder_6.7b/basic/deepseek-coder_6.7b_basic_C002_static_number_fires_iter02_20260624_043205/time_series.png,False,0,,,,False,,,,,2,,time_series_png,,basic,,,C002_static_number_fires,missing_or_empty,False,qwen2.5-coder_32b,0,experiments/05_choropleth_reliability_benchmark/outputs/runs_iterative_repair/deepseek-coder_6.7b/basic/deepseek-coder_6.7b_basic_C002_static_number_fires_iter02_20260624_043205,,experiments/05_choropleth_reliability_benchmark/outputs/generated_code_iterative_repair/qwen2.5-coder_32b/deepseek-coder_6.7b/basic/C002_static_number_fires_basic_iter02.py,deepseek-coder_6.7b,False,,,,,
map_interactive.html,experiments/05_choropleth_reliability_benchmark/outputs/runs_iterative_repair/deepseek-coder_6.7b/basic/deepseek-coder_6.7b_basic_C002_static_number_fires_iter02_20260624_043205/map_interactive.html,False,0,,,,False,,,,,2,,interactive_html,,basic,,,C002_static_number_fires,,,qwen2.5-coder_32b,0,experiments/05_choropleth_reliability_benchmark/outputs/runs_iterative_repair/deepseek-coder_6.7b/basic/deepseek-coder_6.7b_basic_C002_static_number_fires_iter02_20260624_043205,,experiments/05_choropleth_reliability_benchmark/outputs/generated_code_iterative_repair/qwen2.5-coder_32b/deepseek-coder_6.7b/basic/C002_static_number_fires_basic_iter02.py,deepseek-coder_6.7b,False,,,False,,
diagnostics.json,experiments/05_choropleth_reliability_benchmark/outputs/runs_iterative_repair/deepseek-coder_6.7b/basic/deepseek-coder_6.7b_basic_C002_static_number_fires_iter02_20260624_043205/diagnostics.json,False,0,,,,False,,,,,2,,diagnostic_json,,basic,,,C002_static_number_fires,,,qwen2.5-coder_32b,0,experiments/05_choropleth_reliability_benchmark/outputs/runs_iterative_repair/deepseek-coder_6.7b/basic/deepseek-coder_6.7b_basic_C002_static_number_fires_iter02_20260624_043205,,experiments/05_choropleth_reliability_benchmark/outputs/generated_code_iterative_repair/qwen2.5-coder_32b/deepseek-coder_6.7b/basic/C002_static_number_fires_basic_iter02.py,deepseek-coder_6.7b,False,,,,False,
map_static.png,experiments/05_choropleth_reliability_benchmark/outputs/runs_iterative_repair/deepseek-coder_6.7b/basic/deepseek-coder_6.7b_basic_C002_static_number_fires_iter02_20260624_231151/map_static.png,False,0,,,,False,,,,,2,,static_png,,basic,,,C002_static_number_fires,missing_or_empty,False,qwen2.5-coder_7b,1,experiments/05_choropleth_reliability_benchmark/outputs/runs_iterative_repair/deepseek-coder_6.7b/basic/deepseek-coder_6.7b_basic_C002_static_number_fires_iter02_20260624_231151,,experiments/05_choropleth_reliability_benchmark/outputs/generated_code_iterative_repair/qwen2.5-coder_7b/deepseek-coder_6.7b/basic/C002_static_number_fires_basic_iter02.py,deepseek-coder_6.7b,False,,,,,
time_series.png,experiments/05_choropleth_reliability_benchmark/outputs/runs_iterative_repair/deepseek-coder_6.7b/basic/deepseek-coder_6.7b_basic_C002_static_number_fires_iter02_20260624_231151/time_series.png,False,0,,,,False,,,,,2,,time_series_png,,basic,,,C002_static_number_fires,missing_or_empty,False,qwen2.5-coder_7b,1,experiments/05_choropleth_reliability_benchmark/outputs/runs_iterative_repair/deepseek-coder_6.7b/basic/deepseek-coder_6.7b_basic_C002_static_number_fires_iter02_20260624_231151,,experiments/05_choropleth_reliability_benchmark/outputs/generated_code_iterative_repair/qwen2.5-coder_7b/deepseek-coder_6.7b/basic/C002_static_number_fires_basic_iter02.py,deepseek-coder_6.7b,False,,,,,
map_interactive.html,experiments/05_choropleth_reliability_benchmark/outputs/runs_iterative_repair/deepseek-coder_6.7b/basic/deepseek-coder_6.7b_basic_C002_static_number_fires_iter02_20260624_231151/map_interactive.html,False,0,,,,False,,,,,2,,interactive_html,,basic,,,C002_static_number_fires,,,qwen2.5-coder_7b,1,experiments/05_choropleth_reliability_benchmark/outputs/runs_iterative_repair/deepseek-coder_6.7b/basic/deepseek-coder_6.7b_basic_C002_static_number_fires_iter02_20260624_231151,,experiments/05_choropleth_reliability_benchmark/outputs/generated_code_iterative_repair/qwen2.5-coder_7b/deepseek-coder_6.7b/basic/C002_static_number_fires_basic_iter02.py,deepseek-coder_6.7b,False,,,False,,
diagnostics.json,experiments/05_choropleth_reliability_benchmark/outputs/runs_iterative_repair/deepseek-coder_6.7b/basic/deepseek-coder_6.7b_basic_C002_static_number_fires_iter02_20260624_231151/diagnostics.json,False,0,,,,False,,,,,2,,diagnostic_json,,basic,,,C002_static_number_fires,,,qwen2.5-coder_7b,1,experiments/05_choropleth_reliability_benchmark/outputs/runs_iterative_repair/deepseek-coder_6.7b/basic/deepseek-coder_6.7b_basic_C002_static_number_fires_iter02_20260624_231151,,experiments/05_choropleth_reliability_benchmark/outputs/generated_code_iterative_repair/qwen2.5-coder_7b/deepseek-coder_6.7b/basic/C002_static_number_fires_basic_iter02.py,deepseek-coder_6.7b,False,,,,False,
map_static.png,experiments/05_choropleth_reliability_benchmark/outputs/runs_iterative_repair/deepseek-coder_6.7b/basic/deepseek-coder_6.7b_basic_C002_static_number_fires_iter02_20260624_233927/map_static.png,False,0,,,,False,,,,,2,,static_png,,basic,,,C002_static_number_fires,missing_or_empty,False,qwen2.5-coder_14b,1,experiments/05_choropleth_reliability_benchmark/outputs/runs_iterative_repair/deepseek-coder_6.7b/basic/deepseek-coder_6.7b_basic_C002_static_number_fires_iter02_20260624_233927,,experiments/05_choropleth_reliability_benchmark/outputs/generated_code_iterative_repair/qwen2.5-coder_14b/deepseek-coder_6.7b/basic/C002_static_number_fires_basic_iter02.py,deepseek-coder_6.7b,False,,,,,
time_series.png,experiments/05_choropleth_reliability_benchmark/outputs/runs_iterative_repair/deepseek-coder_6.7b/basic/deepseek-coder_6.7b_basic_C002_static_number_fires_iter02_20260624_233927/time_series.png,False,0,,,,False,,,,,2,,time_series_png,,basic,,,C002_static_number_fires,missing_or_empty,False,qwen2.5-coder_14b,1,experiments/05_choropleth_reliability_benchmark/outputs/runs_iterative_repair/deepseek-coder_6.7b/basic/deepseek-coder_6.7b_basic_C002_static_number_fires_iter02_20260624_233927,,experiments/05_choropleth_reliability_benchmark/outputs/generated_code_iterative_repair/qwen2.5-coder_14b/deepseek-coder_6.7b/basic/C002_static_number_fires_basic_iter02.py,deepseek-coder_6.7b,False,,,,,
map_interactive.html,experiments/05_choropleth_reliability_benchmark/outputs/runs_iterative_repair/deepseek-coder_6.7b/basic/deepseek-coder_6.7b_basic_C002_static_number_fires_iter02_20260624_233927/map_interactive.html,False,0,,,,False,,,,,2,,interactive_html,,basic,,,C002_static_number_fires,,,qwen2.5-coder_14b,1,experiments/05_choropleth_reliability_benchmark/outputs/runs_iterative_repair/deepseek-coder_6.7b/basic/deepseek-coder_6.7b_basic_C002_static_number_fires_iter02_20260624_233927,,experiments/05_choropleth_reliability_benchmark/outputs/generated_code_iterative_repair/qwen2.5-coder_14b/deepseek-coder_6.7b/basic/C002_static_number_fires_basic_iter02.py,deepseek-coder_6.7b,False,,,False,,
diagnostics.json,experiments/05_choropleth_reliability_benchmark/outputs/runs_iterative_repair/deepseek-coder_6.7b/basic/deepseek-coder_6.7b_basic_C002_static_number_fires_iter02_20260624_233927/diagnostics.json,False,0,,,,False,,,,,2,,diagnostic_json,,basic,,,C002_static_number_fires,,,qwen2.5-coder_14b,1,experiments/05_choropleth_reliability_benchmark/outputs/runs_iterative_repair/deepseek-coder_6.7b/basic/deepseek-coder_6.7b_basic_C002_static_number_fires_iter02_20260624_233927,,experiments/05_choropleth_reliability_benchmark/outputs/generated_code_iterative_repair/qwen2.5-coder_14b/deepseek-coder_6.7b/basic/C002_static_number_fires_basic_iter02.py,deepseek-coder_6.7b,False,,,,False,
map_static.png,experiments/05_choropleth_reliability_benchmark/outputs/runs_iterative_repair/deepseek-coder_6.7b/basic/deepseek-coder_6.7b_basic_C002_static_number_fires_iter03_20260624_231204/map_static.png,False,0,,,,False,,,,,3,,static_png,,basic,,,C002_static_number_fires,missing_or_empty,False,qwen2.5-coder_7b,1,experiments/05_choropleth_reliability_benchmark/outputs/runs_iterative_repair/deepseek-coder_6.7b/basic/deepseek-coder_6.7b_basic_C002_static_number_fires_iter03_20260624_231204,,experiments/05_choropleth_reliability_benchmark/outputs/generated_code_iterative_repair/qwen2.5-coder_7b/deepseek-coder_6.7b/basic/C002_static_number_fires_basic_iter03.py,deepseek-coder_6.7b,False,,,,,
time_series.png,experiments/05_choropleth_reliability_benchmark/outputs/runs_iterative_repair/deepseek-coder_6.7b/basic/deepseek-coder_6.7b_basic_C002_static_number_fires_iter03_20260624_231204/time_series.png,False,0,,,,False,,,,,3,,time_series_png,,basic,,,C002_static_number_fires,missing_or_empty,False,qwen2.5-coder_7b,1,experiments/05_choropleth_reliability_benchmark/outputs/runs_iterative_repair/deepseek-coder_6.7b/basic/deepseek-coder_6.7b_basic_C002_static_number_fires_iter03_20260624_231204,,experiments/05_choropleth_reliability_benchmark/outputs/generated_code_iterative_repair/qwen2.5-coder_7b/deepseek-coder_6.7b/basic/C002_static_number_fires_basic_iter03.py,deepseek-coder_6.7b,False,,,,,
map_interactive.html,experiments/05_choropleth_reliability_benchmark/outputs/runs_iterative_repair/deepseek-coder_6.7b/basic/deepseek-coder_6.7b_basic_C002_static_number_fires_iter03_20260624_231204/map_interactive.html,False,0,,,,False,,,,,3,,interactive_html,,basic,,,C002_static_number_fires,,,qwen2.5-coder_7b,1,experiments/05_choropleth_reliability_benchmark/outputs/runs_iterative_repair/deepseek-coder_6.7b/basic/deepseek-coder_6.7b_basic_C002_static_number_fires_iter03_20260624_231204,,experiments/05_choropleth_reliability_benchmark/outputs/generated_code_iterative_repair/qwen2.5-coder_7b/deepseek-coder_6.7b/basic/C002_static_number_fires_basic_iter03.py,deepseek-coder_6.7b,False,,,False,,
diagnostics.json,experiments/05_choropleth_reliability_benchmark/outputs/runs_iterative_repair/deepseek-coder_6.7b/basic/deepseek-coder_6.7b_basic_C002_static_number_fires_iter03_20260624_231204/diagnostics.json,False,0,,,,False,,,,,3,,diagnostic_json,,basic,,,C002_static_number_fires,,,qwen2.5-coder_7b,1,experiments/05_choropleth_reliability_benchmark/outputs/runs_iterative_repair/deepseek-coder_6.7b/basic/deepseek-coder_6.7b_basic_C002_static_number_fires_iter03_20260624_231204,,experiments/05_choropleth_reliability_benchmark/outputs/generated_code_iterative_repair/qwen2.5-coder_7b/deepseek-coder_6.7b/basic/C002_static_number_fires_basic_iter03.py,deepseek-coder_6.7b,False,,,,False,
map_static.png,experiments/05_choropleth_reliability_benchmark/outputs/runs_iterative_repair/deepseek-coder_6.7b/basic/deepseek-coder_6.7b_basic_C002_static_number_fires_iter03_20260624_233948/map_static.png,False,0,,,,False,,,,,3,,static_png,,basic,,,C002_static_number_fires,missing_or_empty,False,qwen2.5-coder_14b,1,experiments/05_choropleth_reliability_benchmark/outputs/runs_iterative_repair/deepseek-coder_6.7b/basic/deepseek-coder_6.7b_basic_C002_static_number_fires_iter03_20260624_233948,,experiments/05_choropleth_reliability_benchmark/outputs/generated_code_iterative_repair/qwen2.5-coder_14b/deepseek-coder_6.7b/basic/C002_static_number_fires_basic_iter03.py,deepseek-coder_6.7b,False,,,,,
time_series.png,experiments/05_choropleth_reliability_benchmark/outputs/runs_iterative_repair/deepseek-coder_6.7b/basic/deepseek-coder_6.7b_basic_C002_static_number_fires_iter03_20260624_233948/time_series.png,False,0,,,,False,,,,,3,,time_series_png,,basic,,,C002_static_number_fires,missing_or_empty,False,qwen2.5-coder_14b,1,experiments/05_choropleth_reliability_benchmark/outputs/runs_iterative_repair/deepseek-coder_6.7b/basic/deepseek-coder_6.7b_basic_C002_static_number_fires_iter03_20260624_233948,,experiments/05_choropleth_reliability_benchmark/outputs/generated_code_iterative_repair/qwen2.5-coder_14b/deepseek-coder_6.7b/basic/C002_static_number_fires_basic_iter03.py,deepseek-coder_6.7b,False,,,,,
map_interactive.html,experiments/05_choropleth_reliability_benchmark/outputs/runs_iterative_repair/deepseek-coder_6.7b/basic/deepseek-coder_6.7b_basic_C002_static_number_fires_iter03_20260624_233948/map_interactive.html,False,0,,,,False,,,,,3,,interactive_html,,basic,,,C002_static_number_fires,,,qwen2.5-coder_14b,1,experiments/05_choropleth_reliability_benchmark/outputs/runs_iterative_repair/deepseek-coder_6.7b/basic/deepseek-coder_6.7b_basic_C002_static_number_fires_iter03_20260624_233948,,experiments/05_choropleth_reliability_benchmark/outputs/generated_code_iterative_repair/qwen2.5-coder_14b/deepseek-coder_6.7b/basic/C002_static_number_fires_basic_iter03.py,deepseek-coder_6.7b,False,,,False,,
diagnostics.json,experiments/05_choropleth_reliability_benchmark/outputs/runs_iterative_repair/deepseek-coder_6.7b/basic/deepseek-coder_6.7b_basic_C002_static_number_fires_iter03_20260624_233948/diagnostics.json,False,0,,,,False,,,,,3,,diagnostic_json,,basic,,,C002_static_number_fires,,,qwen2.5-coder_14b,1,experiments/05_choropleth_reliability_benchmark/outputs/runs_iterative_repair/deepseek-coder_6.7b/basic/deepseek-coder_6.7b_basic_C002_static_number_fires_iter03_20260624_233948,,experiments/05_choropleth_reliability_benchmark/outputs/generated_code_iterative_repair/qwen2.5-coder_14b/deepseek-coder_6.7b/basic/C002_static_number_fires_basic_iter03.py,deepseek-coder_6.7b,False,,,,False,
map_static.png,experiments/05_choropleth_reliability_benchmark/outputs/runs_iterative_repair/deepseek-coder_6.7b/basic/deepseek-coder_6.7b_basic_C004_missing_crs_repair_iter01_20260624_041715/map_static.png,True,24886,0.0197,255,8.383,True,,,,480,1,,static_png,239.358,basic,0.9921,0.1092,C004_missing_crs_repair,,True,qwen2.5-coder_32b,1,experiments/05_choropleth_reliability_benchmark/outputs/runs_iterative_repair/deepseek-coder_6.7b/basic/deepseek-coder_6.7b_basic_C004_missing_crs_repair_iter01_20260624_041715,0.0855,experiments/05_choropleth_reliability_benchmark/outputs/generated_code_iterative_repair/qwen2.5-coder_32b/deepseek-coder_6.7b/basic/C004_missing_crs_repair_basic_iter01.py,deepseek-coder_6.7b,False,,70,,,640
time_series.png,experiments/05_choropleth_reliability_benchmark/outputs/runs_iterative_repair/deepseek-coder_6.7b/basic/deepseek-coder_6.7b_basic_C004_missing_crs_repair_iter01_20260624_041715/time_series.png,False,0,,,,False,,,,,1,,time_series_png,,basic,,,C004_missing_crs_repair,missing_or_empty,False,qwen2.5-coder_32b,1,experiments/05_choropleth_reliability_benchmark/outputs/runs_iterative_repair/deepseek-coder_6.7b/basic/deepseek-coder_6.7b_basic_C004_missing_crs_repair_iter01_20260624_041715,,experiments/05_choropleth_reliability_benchmark/outputs/generated_code_iterative_repair/qwen2.5-coder_32b/deepseek-coder_6.7b/basic/C004_missing_crs_repair_basic_iter01.py,deepseek-coder_6.7b,False,,,,,
map_interactive.html,experiments/05_choropleth_reliability_benchmark/outputs/runs_iterative_repair/deepseek-coder_6.7b/basic/deepseek-coder_6.7b_basic_C004_missing_crs_repair_iter01_20260624_041715/map_interactive.html,False,0,,,,False,,,,,1,,interactive_html,,basic,,,C004_missing_crs_repair,,,qwen2.5-coder_32b,1,experiments/05_choropleth_reliability_benchmark/outputs/runs_iterative_repair/deepseek-coder_6.7b/basic/deepseek-coder_6.7b_basic_C004_missing_crs_repair_iter01_20260624_041715,,experiments/05_choropleth_reliability_benchmark/outputs/generated_code_iterative_repair/qwen2.5-coder_32b/deepseek-coder_6.7b/basic/C004_missing_crs_repair_basic_iter01.py,deepseek-coder_6.7b,False,,,False,,
diagnostics.json,experiments/05_choropleth_reliability_benchmark/outputs/runs_iterative_repair/deepseek-coder_6.7b/basic/deepseek-coder_6.7b_basic_C004_missing_crs_repair_iter01_20260624_041715/diagnostics.json,False,49,,,,True,,,,,1,JSONDecodeError,diagnostic_json,,basic,,,C004_missing_crs_repair,,,qwen2.5-coder_32b,1,experiments/05_choropleth_reliability_benchmark/outputs/runs_iterative_repair/deepseek-coder_6.7b/basic/deepseek-coder_6.7b_basic_C004_missing_crs_repair_iter01_20260624_041715,,experiments/05_choropleth_reliability_benchmark/outputs/generated_code_iterative_repair/qwen2.5-coder_32b/deepseek-coder_6.7b/basic/C004_missing_crs_repair_basic_iter01.py,deepseek-coder_6.7b,False,,,,False,
map_static.png,experiments/05_choropleth_reliability_benchmark/outputs/runs_iterative_repair/deepseek-coder_6.7b/basic/deepseek-coder_6.7b_basic_C004_missing_crs_repair_iter01_20260624_071223/map_static.png,True,24886,0.0197,255,8.383,True,,,,480,1,,static_png,239.358,basic,0.9921,0.1092,C004_missing_crs_repair,,True,qwen2.5-coder_14b,1,experiments/05_choropleth_reliability_benchmark/outputs/runs_iterative_repair/deepseek-coder_6.7b/basic/deepseek-coder_6.7b_basic_C004_missing_crs_repair_iter01_20260624_071223,0.0855,experiments/05_choropleth_reliability_benchmark/outputs/generated_code_iterative_repair/qwen2.5-coder_14b/deepseek-coder_6.7b/basic/C004_missing_crs_repair_basic_iter01.py,deepseek-coder_6.7b,False,,70,,,640
time_series.png,experiments/05_choropleth_reliability_benchmark/outputs/runs_iterative_repair/deepseek-coder_6.7b/basic/deepseek-coder_6.7b_basic_C004_missing_crs_repair_iter01_20260624_071223/time_series.png,False,0,,,,False,,,,,1,,time_series_png,,basic,,,C004_missing_crs_repair,missing_or_empty,False,qwen2.5-coder_14b,1,experiments/05_choropleth_reliability_benchmark/outputs/runs_iterative_repair/deepseek-coder_6.7b/basic/deepseek-coder_6.7b_basic_C004_missing_crs_repair_iter01_20260624_071223,,experiments/05_choropleth_reliability_benchmark/outputs/generated_code_iterative_repair/qwen2.5-coder_14b/deepseek-coder_6.7b/basic/C004_missing_crs_repair_basic_iter01.py,deepseek-coder_6.7b,False,,,,,
map_interactive.html,experiments/05_choropleth_reliability_benchmark/outputs/runs_iterative_repair/deepseek-coder_6.7b/basic/deepseek-coder_6.7b_basic_C004_missing_crs_repair_iter01_20260624_071223/map_interactive.html,False,0,,,,False,,,,,1,,interactive_html,,basic,,,C004_missing_crs_repair,,,qwen2.5-coder_14b,1,experiments/05_choropleth_reliability_benchmark/outputs/runs_iterative_repair/deepseek-coder_6.7b/basic/deepseek-coder_6.7b_basic_C004_missing_crs_repair_iter01_20260624_071223,,experiments/05_choropleth_reliability_benchmark/outputs/generated_code_iterative_repair/qwen2.5-coder_14b/deepseek-coder_6.7b/basic/C004_missing_crs_repair_basic_iter01.py,deepseek-coder_6.7b,False,,,False,,
diagnostics.json,experiments/05_choropleth_reliability_benchmark/outputs/runs_iterative_repair/deepseek-coder_6.7b/basic/deepseek-coder_6.7b_basic_C004_missing_crs_repair_iter01_20260624_071223/diagnostics.json,False,49,,,,True,,,,,1,JSONDecodeError,diagnostic_json,,basic,,,C004_missing_crs_repair,,,qwen2.5-coder_14b,1,experiments/05_choropleth_reliability_benchmark/outputs/runs_iterative_repair/deepseek-coder_6.7b/basic/deepseek-coder_6.7b_basic_C004_missing_crs_repair_iter01_20260624_071223,,experiments/05_choropleth_reliability_benchmark/outputs/generated_code_iterative_repair/qwen2.5-coder_14b/deepseek-coder_6.7b/basic/C004_missing_crs_repair_basic_iter01.py,deepseek-coder_6.7b,False,,,,False,
map_static.png,experiments/05_choropleth_reliability_benchmark/outputs/runs_iterative_repair/deepseek-coder_6.7b/basic/deepseek-coder_6.7b_basic_C004_missing_crs_repair_iter01_20260624_072421/map_static.png,False,0,,,,False,,,,,1,,static_png,,basic,,,C004_missing_crs_repair,missing_or_empty,False,qwen2.5-coder_7b,1,experiments/05_choropleth_reliability_benchmark/outputs/runs_iterative_repair/deepseek-coder_6.7b/basic/deepseek-coder_6.7b_basic_C004_missing_crs_repair_iter01_20260624_072421,,experiments/05_choropleth_reliability_benchmark/outputs/generated_code_iterative_repair/qwen2.5-coder_7b/deepseek-coder_6.7b/basic/C004_missing_crs_repair_basic_iter01.py,deepseek-coder_6.7b,False,,,,,
time_series.png,experiments/05_choropleth_reliability_benchmark/outputs/runs_iterative_repair/deepseek-coder_6.7b/basic/deepseek-coder_6.7b_basic_C004_missing_crs_repair_iter01_20260624_072421/time_series.png,False,0,,,,False,,,,,1,,time_series_png,,basic,,,C004_missing_crs_repair,missing_or_empty,False,qwen2.5-coder_7b,1,experiments/05_choropleth_reliability_benchmark/outputs/runs_iterative_repair/deepseek-coder_6.7b/basic/deepseek-coder_6.7b_basic_C004_missing_crs_repair_iter01_20260624_072421,,experiments/05_choropleth_reliability_benchmark/outputs/generated_code_iterative_repair/qwen2.5-coder_7b/deepseek-coder_6.7b/basic/C004_missing_crs_repair_basic_iter01.py,deepseek-coder_6.7b,False,,,,,
map_interactive.html,experiments/05_choropleth_reliability_benchmark/outputs/runs_iterative_repair/deepseek-coder_6.7b/basic/deepseek-coder_6.7b_basic_C004_missing_crs_repair_iter01_20260624_072421/map_interactive.html,False,0,,,,False,,,,,1,,interactive_html,,basic,,,C004_missing_crs_repair,,,qwen2.5-coder_7b,1,experiments/05_choropleth_reliability_benchmark/outputs/runs_iterative_repair/deepseek-coder_6.7b/basic/deepseek-coder_6.7b_basic_C004_missing_crs_repair_iter01_20260624_072421,,experiments/05_choropleth_reliability_benchmark/outputs/generated_code_iterative_repair/qwen2.5-coder_7b/deepseek-coder_6.7b/basic/C004_missing_crs_repair_basic_iter01.py,deepseek-coder_6.7b,False,,,False,,
diagnostics.json,experiments/05_choropleth_reliability_benchmark/outputs/runs_iterative_repair/deepseek-coder_6.7b/basic/deepseek-coder_6.7b_basic_C004_missing_crs_repair_iter01_20260624_072421/diagnostics.json,False,0,,,,False,,,,,1,,diagnostic_json,,basic,,,C004_missing_crs_repair,,,qwen2.5-coder_7b,1,experiments/05_choropleth_reliability_benchmark/outputs/runs_iterative_repair/deepseek-coder_6.7b/basic/deepseek-coder_6.7b_basic_C004_missing_crs_repair_iter01_20260624_072421,,experiments/05_choropleth_reliability_benchmark/outputs/generated_code_iterative_repair/qwen2.5-coder_7b/deepseek-coder_6.7b/basic/C004_missing_crs_repair_basic_iter01.py,deepseek-coder_6.7b,False,,,,False,
map_static.png,experiments/05_choropleth_reliability_benchmark/outputs/runs_iterative_repair/deepseek-coder_6.7b/basic/deepseek-coder_6.7b_basic_C004_missing_crs_repair_iter02_20260624_041754/map_static.png,True,24886,0.0197,255,8.383,True,,,,480,2,,static_png,239.358,basic,0.9921,0.1092,C004_missing_crs_repair,,True,qwen2.5-coder_32b,1,experiments/05_choropleth_reliability_benchmark/outputs/runs_iterative_repair/deepseek-coder_6.7b/basic/deepseek-coder_6.7b_basic_C004_missing_crs_repair_iter02_20260624_041754,0.0855,experiments/05_choropleth_reliability_benchmark/outputs/generated_code_iterative_repair/qwen2.5-coder_32b/deepseek-coder_6.7b/basic/C004_missing_crs_repair_basic_iter02.py,deepseek-coder_6.7b,False,,70,,,640
time_series.png,experiments/05_choropleth_reliability_benchmark/outputs/runs_iterative_repair/deepseek-coder_6.7b/basic/deepseek-coder_6.7b_basic_C004_missing_crs_repair_iter02_20260624_041754/time_series.png,False,0,,,,False,,,,,2,,time_series_png,,basic,,,C004_missing_crs_repair,missing_or_empty,False,qwen2.5-coder_32b,1,experiments/05_choropleth_reliability_benchmark/outputs/runs_iterative_repair/deepseek-coder_6.7b/basic/deepseek-coder_6.7b_basic_C004_missing_crs_repair_iter02_20260624_041754,,experiments/05_choropleth_reliability_benchmark/outputs/generated_code_iterative_repair/qwen2.5-coder_32b/deepseek-coder_6.7b/basic/C004_missing_crs_repair_basic_iter02.py,deepseek-coder_6.7b,False,,,,,
map_interactive.html,experiments/05_choropleth_reliability_benchmark/outputs/runs_iterative_repair/deepseek-coder_6.7b/basic/deepseek-coder_6.7b_basic_C004_missing_crs_repair_iter02_20260624_041754/map_interactive.html,False,0,,,,False,,,,,2,,interactive_html,,basic,,,C004_missing_crs_repair,,,qwen2.5-coder_32b,1,experiments/05_choropleth_reliability_benchmark/outputs/runs_iterative_repair/deepseek-coder_6.7b/basic/deepseek-coder_6.7b_basic_C004_missing_crs_repair_iter02_20260624_041754,,experiments/05_choropleth_reliability_benchmark/outputs/generated_code_iterative_repair/qwen2.5-coder_32b/deepseek-coder_6.7b/basic/C004_missing_crs_repair_basic_iter02.py,deepseek-coder_6.7b,False,,,False,,
diagnostics.json,experiments/05_choropleth_reliability_benchmark/outputs/runs_iterative_repair/deepseek-coder_6.7b/basic/deepseek-coder_6.7b_basic_C004_missing_crs_repair_iter02_20260624_041754/diagnostics.json,False,49,,,,True,,,,,2,JSONDecodeError,diagnostic_json,,basic,,,C004_missing_crs_repair,,,qwen2.5-coder_32b,1,experiments/05_choropleth_reliability_benchmark/outputs/runs_iterative_repair/deepseek-coder_6.7b/basic/deepseek-coder_6.7b_basic_C004_missing_crs_repair_iter02_20260624_041754,,experiments/05_choropleth_reliability_benchmark/outputs/generated_code_iterative_repair/qwen2.5-coder_32b/deepseek-coder_6.7b/basic/C004_missing_crs_repair_basic_iter02.py,deepseek-coder_6.7b,False,,,,False,
map_static.png,experiments/05_choropleth_reliability_benchmark/outputs/runs_iterative_repair/deepseek-coder_6.7b/basic/deepseek-coder_6.7b_basic_C004_missing_crs_repair_iter02_20260624_071240/map_static.png,True,24886,0.0197,255,8.383,True,,,,480,2,,static_png,239.358,basic,0.9921,0.1092,C004_missing_crs_repair,,True,qwen2.5-coder_14b,1,experiments/05_choropleth_reliability_benchmark/outputs/runs_iterative_repair/deepseek-coder_6.7b/basic/deepseek-coder_6.7b_basic_C004_missing_crs_repair_iter02_20260624_071240,0.0855,experiments/05_choropleth_reliability_benchmark/outputs/generated_code_iterative_repair/qwen2.5-coder_14b/deepseek-coder_6.7b/basic/C004_missing_crs_repair_basic_iter02.py,deepseek-coder_6.7b,False,,70,,,640
time_series.png,experiments/05_choropleth_reliability_benchmark/outputs/runs_iterative_repair/deepseek-coder_6.7b/basic/deepseek-coder_6.7b_basic_C004_missing_crs_repair_iter02_20260624_071240/time_series.png,False,0,,,,False,,,,,2,,time_series_png,,basic,,,C004_missing_crs_repair,missing_or_empty,False,qwen2.5-coder_14b,1,experiments/05_choropleth_reliability_benchmark/outputs/runs_iterative_repair/deepseek-coder_6.7b/basic/deepseek-coder_6.7b_basic_C004_missing_crs_repair_iter02_20260624_071240,,experiments/05_choropleth_reliability_benchmark/outputs/generated_code_iterative_repair/qwen2.5-coder_14b/deepseek-coder_6.7b/basic/C004_missing_crs_repair_basic_iter02.py,deepseek-coder_6.7b,False,,,,,
map_interactive.html,experiments/05_choropleth_reliability_benchmark/outputs/runs_iterative_repair/deepseek-coder_6.7b/basic/deepseek-coder_6.7b_basic_C004_missing_crs_repair_iter02_20260624_071240/map_interactive.html,False,0,,,,False,,,,,2,,interactive_html,,basic,,,C004_missing_crs_repair,,,qwen2.5-coder_14b,1,experiments/05_choropleth_reliability_benchmark/outputs/runs_iterative_repair/deepseek-coder_6.7b/basic/deepseek-coder_6.7b_basic_C004_missing_crs_repair_iter02_20260624_071240,,experiments/05_choropleth_reliability_benchmark/outputs/generated_code_iterative_repair/qwen2.5-coder_14b/deepseek-coder_6.7b/basic/C004_missing_crs_repair_basic_iter02.py,deepseek-coder_6.7b,False,,,False,,
diagnostics.json,experiments/05_choropleth_reliability_benchmark/outputs/runs_iterative_repair/deepseek-coder_6.7b/basic/deepseek-coder_6.7b_basic_C004_missing_crs_repair_iter02_20260624_071240/diagnostics.json,False,49,,,,True,,,,,2,JSONDecodeError,diagnostic_json,,basic,,,C004_missing_crs_repair,,,qwen2.5-coder_14b,1,experiments/05_choropleth_reliability_benchmark/outputs/runs_iterative_repair/deepseek-coder_6.7b/basic/deepseek-coder_6.7b_basic_C004_missing_crs_repair_iter02_20260624_071240,,experiments/05_choropleth_reliability_benchmark/outputs/generated_code_iterative_repair/qwen2.5-coder_14b/deepseek-coder_6.7b/basic/C004_missing_crs_repair_basic_iter02.py,deepseek-coder_6.7b,False,,,,False,
map_static.png,experiments/05_choropleth_reliability_benchmark/outputs/runs_iterative_repair/deepseek-coder_6.7b/basic/deepseek-coder_6.7b_basic_C004_missing_crs_repair_iter02_20260624_072426/map_static.png,False,0,,,,False,,,,,2,,static_png,,basic,,,C004_missing_crs_repair,missing_or_empty,False,qwen2.5-coder_7b,1,experiments/05_choropleth_reliability_benchmark/outputs/runs_iterative_repair/deepseek-coder_6.7b/basic/deepseek-coder_6.7b_basic_C004_missing_crs_repair_iter02_20260624_072426,,experiments/05_choropleth_reliability_benchmark/outputs/generated_code_iterative_repair/qwen2.5-coder_7b/deepseek-coder_6.7b/basic/C004_missing_crs_repair_basic_iter02.py,deepseek-coder_6.7b,False,,,,,
time_series.png,experiments/05_choropleth_reliability_benchmark/outputs/runs_iterative_repair/deepseek-coder_6.7b/basic/deepseek-coder_6.7b_basic_C004_missing_crs_repair_iter02_20260624_072426/time_series.png,False,0,,,,False,,,,,2,,time_series_png,,basic,,,C004_missing_crs_repair,missing_or_empty,False,qwen2.5-coder_7b,1,experiments/05_choropleth_reliability_benchmark/outputs/runs_iterative_repair/deepseek-coder_6.7b/basic/deepseek-coder_6.7b_basic_C004_missing_crs_repair_iter02_20260624_072426,,experiments/05_choropleth_reliability_benchmark/outputs/generated_code_iterative_repair/qwen2.5-coder_7b/deepseek-coder_6.7b/basic/C004_missing_crs_repair_basic_iter02.py,deepseek-coder_6.7b,False,,,,,
map_interactive.html,experiments/05_choropleth_reliability_benchmark/outputs/runs_iterative_repair/deepseek-coder_6.7b/basic/deepseek-coder_6.7b_basic_C004_missing_crs_repair_iter02_20260624_072426/map_interactive.html,False,0,,,,False,,,,,2,,interactive_html,,basic,,,C004_missing_crs_repair,,,qwen2.5-coder_7b,1,experiments/05_choropleth_reliability_benchmark/outputs/runs_iterative_repair/deepseek-coder_6.7b/basic/deepseek-coder_6.7b_basic_C004_missing_crs_repair_iter02_20260624_072426,,experiments/05_choropleth_reliability_benchmark/outputs/generated_code_iterative_repair/qwen2.5-coder_7b/deepseek-coder_6.7b/basic/C004_missing_crs_repair_basic_iter02.py,deepseek-coder_6.7b,False,,,False,,
diagnostics.json,experiments/05_choropleth_reliability_benchmark/outputs/runs_iterative_repair/deepseek-coder_6.7b/basic/deepseek-coder_6.7b_basic_C004_missing_crs_repair_iter02_20260624_072426/diagnostics.json,False,0,,,,False,,,,,2,,diagnostic_json,,basic,,,C004_missing_crs_repair,,,qwen2.5-coder_7b,1,experiments/05_choropleth_reliability_benchmark/outputs/runs_iterative_repair/deepseek-coder_6.7b/basic/deepseek-coder_6.7b_basic_C004_missing_crs_repair_iter02_20260624_072426,,experiments/05_choropleth_reliability_benchmark/outputs/generated_code_iterative_repair/qwen2.5-coder_7b/deepseek-coder_6.7b/basic/C004_missing_crs_repair_basic_iter02.py,deepseek-coder_6.7b,False,,,,False,
map_static.png,experiments/05_choropleth_reliability_benchmark/outputs/runs_iterative_repair/deepseek-coder_6.7b/basic/deepseek-coder_6.7b_basic_C004_missing_crs_repair_iter02_20260625_001428/map_static.png,False,0,,,,False,,,,,2,,static_png,,basic,,,C004_missing_crs_repair,missing_or_empty,False,deepseek-coder_6.7b,1,experiments/05_choropleth_reliability_benchmark/outputs/runs_iterative_repair/deepseek-coder_6.7b/basic/deepseek-coder_6.7b_basic_C004_missing_crs_repair_iter02_20260625_001428,,experiments/05_choropleth_reliability_benchmark/outputs/generated_code_iterative_repair/deepseek-coder_6.7b/deepseek-coder_6.7b/basic/C004_missing_crs_repair_basic_iter02.py,deepseek-coder_6.7b,False,,,,,
time_series.png,experiments/05_choropleth_reliability_benchmark/outputs/runs_iterative_repair/deepseek-coder_6.7b/basic/deepseek-coder_6.7b_basic_C004_missing_crs_repair_iter02_20260625_001428/time_series.png,False,0,,,,False,,,,,2,,time_series_png,,basic,,,C004_missing_crs_repair,missing_or_empty,False,deepseek-coder_6.7b,1,experiments/05_choropleth_reliability_benchmark/outputs/runs_iterative_repair/deepseek-coder_6.7b/basic/deepseek-coder_6.7b_basic_C004_missing_crs_repair_iter02_20260625_001428,,experiments/05_choropleth_reliability_benchmark/outputs/generated_code_iterative_repair/deepseek-coder_6.7b/deepseek-coder_6.7b/basic/C004_missing_crs_repair_basic_iter02.py,deepseek-coder_6.7b,False,,,,,
map_interactive.html,experiments/05_choropleth_reliability_benchmark/outputs/runs_iterative_repair/deepseek-coder_6.7b/basic/deepseek-coder_6.7b_basic_C004_missing_crs_repair_iter02_20260625_001428/map_interactive.html,False,0,,,,False,,,,,2,,interactive_html,,basic,,,C004_missing_crs_repair,,,deepseek-coder_6.7b,1,experiments/05_choropleth_reliability_benchmark/outputs/runs_iterative_repair/deepseek-coder_6.7b/basic/deepseek-coder_6.7b_basic_C004_missing_crs_repair_iter02_20260625_001428,,experiments/05_choropleth_reliability_benchmark/outputs/generated_code_iterative_repair/deepseek-coder_6.7b/deepseek-coder_6.7b/basic/C004_missing_crs_repair_basic_iter02.py,deepseek-coder_6.7b,False,,,False,,
diagnostics.json,experiments/05_choropleth_reliability_benchmark/outputs/runs_iterative_repair/deepseek-coder_6.7b/basic/deepseek-coder_6.7b_basic_C004_missing_crs_repair_iter02_20260625_001428/diagnostics.json,False,0,,,,False,,,,,2,,diagnostic_json,,basic,,,C004_missing_crs_repair,,,deepseek-coder_6.7b,1,experiments/05_choropleth_reliability_benchmark/outputs/runs_iterative_repair/deepseek-coder_6.7b/basic/deepseek-coder_6.7b_basic_C004_missing_crs_repair_iter02_20260625_001428,,experiments/05_choropleth_reliability_benchmark/outputs/generated_code_iterative_repair/deepseek-coder_6.7b/deepseek-coder_6.7b/basic/C004_missing_crs_repair_basic_iter02.py,deepseek-coder_6.7b,False,,,,False,
map_static.png,experiments/05_choropleth_reliability_benchmark/outputs/runs_iterative_repair/deepseek-coder_6.7b/basic/deepseek-coder_6.7b_basic_C004_missing_crs_repair_iter03_20260624_061813/map_static.png,True,24886,0.0197,255,8.383,True,,,,480,3,,static_png,239.358,basic,0.9921,0.1092,C004_missing_crs_repair,,True,qwen2.5-coder_32b,1,experiments/05_choropleth_reliability_benchmark/outputs/runs_iterative_repair/deepseek-coder_6.7b/basic/deepseek-coder_6.7b_basic_C004_missing_crs_repair_iter03_20260624_061813,0.0855,experiments/05_choropleth_reliability_benchmark/outputs/generated_code_iterative_repair/qwen2.5-coder_32b/deepseek-coder_6.7b/basic/C004_missing_crs_repair_basic_iter03.py,deepseek-coder_6.7b,False,,70,,,640
time_series.png,experiments/05_choropleth_reliability_benchmark/outputs/runs_iterative_repair/deepseek-coder_6.7b/basic/deepseek-coder_6.7b_basic_C004_missing_crs_repair_iter03_20260624_061813/time_series.png,False,0,,,,False,,,,,3,,time_series_png,,basic,,,C004_missing_crs_repair,missing_or_empty,False,qwen2.5-coder_32b,1,experiments/05_choropleth_reliability_benchmark/outputs/runs_iterative_repair/deepseek-coder_6.7b/basic/deepseek-coder_6.7b_basic_C004_missing_crs_repair_iter03_20260624_061813,,experiments/05_choropleth_reliability_benchmark/outputs/generated_code_iterative_repair/qwen2.5-coder_32b/deepseek-coder_6.7b/basic/C004_missing_crs_repair_basic_iter03.py,deepseek-coder_6.7b,False,,,,,
map_interactive.html,experiments/05_choropleth_reliability_benchmark/outputs/runs_iterative_repair/deepseek-coder_6.7b/basic/deepseek-coder_6.7b_basic_C004_missing_crs_repair_iter03_20260624_061813/map_interactive.html,False,0,,,,False,,,,,3,,interactive_html,,basic,,,C004_missing_crs_repair,,,qwen2.5-coder_32b,1,experiments/05_choropleth_reliability_benchmark/outputs/runs_iterative_repair/deepseek-coder_6.7b/basic/deepseek-coder_6.7b_basic_C004_missing_crs_repair_iter03_20260624_061813,,experiments/05_choropleth_reliability_benchmark/outputs/generated_code_iterative_repair/qwen2.5-coder_32b/deepseek-coder_6.7b/basic/C004_missing_crs_repair_basic_iter03.py,deepseek-coder_6.7b,False,,,False,,
diagnostics.json,experiments/05_choropleth_reliability_benchmark/outputs/runs_iterative_repair/deepseek-coder_6.7b/basic/deepseek-coder_6.7b_basic_C004_missing_crs_repair_iter03_20260624_061813/diagnostics.json,False,49,,,,True,,,,,3,JSONDecodeError,diagnostic_json,,basic,,,C004_missing_crs_repair,,,qwen2.5-coder_32b,1,experiments/05_choropleth_reliability_benchmark/outputs/runs_iterative_repair/deepseek-coder_6.7b/basic/deepseek-coder_6.7b_basic_C004_missing_crs_repair_iter03_20260624_061813,,experiments/05_choropleth_reliability_benchmark/outputs/generated_code_iterative_repair/qwen2.5-coder_32b/deepseek-coder_6.7b/basic/C004_missing_crs_repair_basic_iter03.py,deepseek-coder_6.7b,False,,,,False,
map_static.png,experiments/05_choropleth_reliability_benchmark/outputs/runs_iterative_repair/deepseek-coder_6.7b/basic/deepseek-coder_6.7b_basic_C004_missing_crs_repair_iter03_20260624_230932/map_static.png,False,0,,,,False,,,,,3,,static_png,,basic,,,C004_missing_crs_repair,missing_or_empty,False,qwen2.5-coder_7b,1,experiments/05_choropleth_reliability_benchmark/outputs/runs_iterative_repair/deepseek-coder_6.7b/basic/deepseek-coder_6.7b_basic_C004_missing_crs_repair_iter03_20260624_230932,,experiments/05_choropleth_reliability_benchmark/outputs/generated_code_iterative_repair/qwen2.5-coder_7b/deepseek-coder_6.7b/basic/C004_missing_crs_repair_basic_iter03.py,deepseek-coder_6.7b,False,,,,,
time_series.png,experiments/05_choropleth_reliability_benchmark/outputs/runs_iterative_repair/deepseek-coder_6.7b/basic/deepseek-coder_6.7b_basic_C004_missing_crs_repair_iter03_20260624_230932/time_series.png,False,0,,,,False,,,,,3,,time_series_png,,basic,,,C004_missing_crs_repair,missing_or_empty,False,qwen2.5-coder_7b,1,experiments/05_choropleth_reliability_benchmark/outputs/runs_iterative_repair/deepseek-coder_6.7b/basic/deepseek-coder_6.7b_basic_C004_missing_crs_repair_iter03_20260624_230932,,experiments/05_choropleth_reliability_benchmark/outputs/generated_code_iterative_repair/qwen2.5-coder_7b/deepseek-coder_6.7b/basic/C004_missing_crs_repair_basic_iter03.py,deepseek-coder_6.7b,False,,,,,
map_interactive.html,experiments/05_choropleth_reliability_benchmark/outputs/runs_iterative_repair/deepseek-coder_6.7b/basic/deepseek-coder_6.7b_basic_C004_missing_crs_repair_iter03_20260624_230932/map_interactive.html,False,0,,,,False,,,,,3,,interactive_html,,basic,,,C004_missing_crs_repair,,,qwen2.5-coder_7b,1,experiments/05_choropleth_reliability_benchmark/outputs/runs_iterative_repair/deepseek-coder_6.7b/basic/deepseek-coder_6.7b_basic_C004_missing_crs_repair_iter03_20260624_230932,,experiments/05_choropleth_reliability_benchmark/outputs/generated_code_iterative_repair/qwen2.5-coder_7b/deepseek-coder_6.7b/basic/C004_missing_crs_repair_basic_iter03.py,deepseek-coder_6.7b,False,,,False,,
diagnostics.json,experiments/05_choropleth_reliability_benchmark/outputs/runs_iterative_repair/deepseek-coder_6.7b/basic/deepseek-coder_6.7b_basic_C004_missing_crs_repair_iter03_20260624_230932/diagnostics.json,False,0,,,,False,,,,,3,,diagnostic_json,,basic,,,C004_missing_crs_repair,,,qwen2.5-coder_7b,1,experiments/05_choropleth_reliability_benchmark/outputs/runs_iterative_repair/deepseek-coder_6.7b/basic/deepseek-coder_6.7b_basic_C004_missing_crs_repair_iter03_20260624_230932,,experiments/05_choropleth_reliability_benchmark/outputs/generated_code_iterative_repair/qwen2.5-coder_7b/deepseek-coder_6.7b/basic/C004_missing_crs_repair_basic_iter03.py,deepseek-coder_6.7b,False,,,,False,
map_static.png,experiments/05_choropleth_reliability_benchmark/outputs/runs_iterative_repair/deepseek-coder_6.7b/basic/deepseek-coder_6.7b_basic_C004_missing_crs_repair_iter03_20260624_233326/map_static.png,True,24886,0.0197,255,8.383,True,,,,480,3,,static_png,239.358,basic,0.9921,0.1092,C004_missing_crs_repair,,True,qwen2.5-coder_14b,1,experiments/05_choropleth_reliability_benchmark/outputs/runs_iterative_repair/deepseek-coder_6.7b/basic/deepseek-coder_6.7b_basic_C004_missing_crs_repair_iter03_20260624_233326,0.0855,experiments/05_choropleth_reliability_benchmark/outputs/generated_code_iterative_repair/qwen2.5-coder_14b/deepseek-coder_6.7b/basic/C004_missing_crs_repair_basic_iter03.py,deepseek-coder_6.7b,False,,70,,,640
time_series.png,experiments/05_choropleth_reliability_benchmark/outputs/runs_iterative_repair/deepseek-coder_6.7b/basic/deepseek-coder_6.7b_basic_C004_missing_crs_repair_iter03_20260624_233326/time_series.png,False,0,,,,False,,,,,3,,time_series_png,,basic,,,C004_missing_crs_repair,missing_or_empty,False,qwen2.5-coder_14b,1,experiments/05_choropleth_reliability_benchmark/outputs/runs_iterative_repair/deepseek-coder_6.7b/basic/deepseek-coder_6.7b_basic_C004_missing_crs_repair_iter03_20260624_233326,,experiments/05_choropleth_reliability_benchmark/outputs/generated_code_iterative_repair/qwen2.5-coder_14b/deepseek-coder_6.7b/basic/C004_missing_crs_repair_basic_iter03.py,deepseek-coder_6.7b,False,,,,,
map_interactive.html,experiments/05_choropleth_reliability_benchmark/outputs/runs_iterative_repair/deepseek-coder_6.7b/basic/deepseek-coder_6.7b_basic_C004_missing_crs_repair_iter03_20260624_233326/map_interactive.html,False,0,,,,False,,,,,3,,interactive_html,,basic,,,C004_missing_crs_repair,,,qwen2.5-coder_14b,1,experiments/05_choropleth_reliability_benchmark/outputs/runs_iterative_repair/deepseek-coder_6.7b/basic/deepseek-coder_6.7b_basic_C004_missing_crs_repair_iter03_20260624_233326,,experiments/05_choropleth_reliability_benchmark/outputs/generated_code_iterative_repair/qwen2.5-coder_14b/deepseek-coder_6.7b/basic/C004_missing_crs_repair_basic_iter03.py,deepseek-coder_6.7b,False,,,False,,
diagnostics.json,experiments/05_choropleth_reliability_benchmark/outputs/runs_iterative_repair/deepseek-coder_6.7b/basic/deepseek-coder_6.7b_basic_C004_missing_crs_repair_iter03_20260624_233326/diagnostics.json,False,49,,,,True,,,,,3,JSONDecodeError,diagnostic_json,,basic,,,C004_missing_crs_repair,,,qwen2.5-coder_14b,1,experiments/05_choropleth_reliability_benchmark/outputs/runs_iterative_repair/deepseek-coder_6.7b/basic/deepseek-coder_6.7b_basic_C004_missing_crs_repair_iter03_20260624_233326,,experiments/05_choropleth_reliability_benchmark/outputs/generated_code_iterative_repair/qwen2.5-coder_14b/deepseek-coder_6.7b/basic/C004_missing_crs_repair_basic_iter03.py,deepseek-coder_6.7b,False,,,,False,
map_static.png,experiments/05_choropleth_reliability_benchmark/outputs/runs_iterative_repair/deepseek-coder_6.7b/basic/deepseek-coder_6.7b_basic_C006_join_diagnostics_iter01_20260624_043259/map_static.png,False,0,,,,False,,,,,1,,static_png,,basic,,,C006_join_diagnostics,missing_or_empty,False,qwen2.5-coder_32b,0,experiments/05_choropleth_reliability_benchmark/outputs/runs_iterative_repair/deepseek-coder_6.7b/basic/deepseek-coder_6.7b_basic_C006_join_diagnostics_iter01_20260624_043259,,experiments/05_choropleth_reliability_benchmark/outputs/generated_code_iterative_repair/qwen2.5-coder_32b/deepseek-coder_6.7b/basic/C006_join_diagnostics_basic_iter01.py,deepseek-coder_6.7b,False,,,,,
time_series.png,experiments/05_choropleth_reliability_benchmark/outputs/runs_iterative_repair/deepseek-coder_6.7b/basic/deepseek-coder_6.7b_basic_C006_join_diagnostics_iter01_20260624_043259/time_series.png,False,0,,,,False,,,,,1,,time_series_png,,basic,,,C006_join_diagnostics,missing_or_empty,False,qwen2.5-coder_32b,0,experiments/05_choropleth_reliability_benchmark/outputs/runs_iterative_repair/deepseek-coder_6.7b/basic/deepseek-coder_6.7b_basic_C006_join_diagnostics_iter01_20260624_043259,,experiments/05_choropleth_reliability_benchmark/outputs/generated_code_iterative_repair/qwen2.5-coder_32b/deepseek-coder_6.7b/basic/C006_join_diagnostics_basic_iter01.py,deepseek-coder_6.7b,False,,,,,
map_interactive.html,experiments/05_choropleth_reliability_benchmark/outputs/runs_iterative_repair/deepseek-coder_6.7b/basic/deepseek-coder_6.7b_basic_C006_join_diagnostics_iter01_20260624_043259/map_interactive.html,False,0,,,,False,,,,,1,,interactive_html,,basic,,,C006_join_diagnostics,,,qwen2.5-coder_32b,0,experiments/05_choropleth_reliability_benchmark/outputs/runs_iterative_repair/deepseek-coder_6.7b/basic/deepseek-coder_6.7b_basic_C006_join_diagnostics_iter01_20260624_043259,,experiments/05_choropleth_reliability_benchmark/outputs/generated_code_iterative_repair/qwen2.5-coder_32b/deepseek-coder_6.7b/basic/C006_join_diagnostics_basic_iter01.py,deepseek-coder_6.7b,False,,,False,,
diagnostics.json,experiments/05_choropleth_reliability_benchmark/outputs/runs_iterative_repair/deepseek-coder_6.7b/basic/deepseek-coder_6.7b_basic_C006_join_diagnostics_iter01_20260624_043259/diagnostics.json,True,59,,,,True,,,,,1,,diagnostic_json,,basic,,,C006_join_diagnostics,,,qwen2.5-coder_32b,0,experiments/05_choropleth_reliability_benchmark/outputs/runs_iterative_repair/deepseek-coder_6.7b/basic/deepseek-coder_6.7b_basic_C006_join_diagnostics_iter01_20260624_043259,,experiments/05_choropleth_reliability_benchmark/outputs/generated_code_iterative_repair/qwen2.5-coder_32b/deepseek-coder_6.7b/basic/C006_join_diagnostics_basic_iter01.py,deepseek-coder_6.7b,False,1,,,True,
map_static.png,experiments/05_choropleth_reliability_benchmark/outputs/runs_iterative_repair/deepseek-coder_6.7b/basic/deepseek-coder_6.7b_basic_C006_join_diagnostics_iter01_20260624_231218/map_static.png,False,0,,,,False,,,,,1,,static_png,,basic,,,C006_join_diagnostics,missing_or_empty,False,qwen2.5-coder_7b,1,experiments/05_choropleth_reliability_benchmark/outputs/runs_iterative_repair/deepseek-coder_6.7b/basic/deepseek-coder_6.7b_basic_C006_join_diagnostics_iter01_20260624_231218,,experiments/05_choropleth_reliability_benchmark/outputs/generated_code_iterative_repair/qwen2.5-coder_7b/deepseek-coder_6.7b/basic/C006_join_diagnostics_basic_iter01.py,deepseek-coder_6.7b,False,,,,,
time_series.png,experiments/05_choropleth_reliability_benchmark/outputs/runs_iterative_repair/deepseek-coder_6.7b/basic/deepseek-coder_6.7b_basic_C006_join_diagnostics_iter01_20260624_231218/time_series.png,False,0,,,,False,,,,,1,,time_series_png,,basic,,,C006_join_diagnostics,missing_or_empty,False,qwen2.5-coder_7b,1,experiments/05_choropleth_reliability_benchmark/outputs/runs_iterative_repair/deepseek-coder_6.7b/basic/deepseek-coder_6.7b_basic_C006_join_diagnostics_iter01_20260624_231218,,experiments/05_choropleth_reliability_benchmark/outputs/generated_code_iterative_repair/qwen2.5-coder_7b/deepseek-coder_6.7b/basic/C006_join_diagnostics_basic_iter01.py,deepseek-coder_6.7b,False,,,,,
map_interactive.html,experiments/05_choropleth_reliability_benchmark/outputs/runs_iterative_repair/deepseek-coder_6.7b/basic/deepseek-coder_6.7b_basic_C006_join_diagnostics_iter01_20260624_231218/map_interactive.html,False,0,,,,False,,,,,1,,interactive_html,,basic,,,C006_join_diagnostics,,,qwen2.5-coder_7b,1,experiments/05_choropleth_reliability_benchmark/outputs/runs_iterative_repair/deepseek-coder_6.7b/basic/deepseek-coder_6.7b_basic_C006_join_diagnostics_iter01_20260624_231218,,experiments/05_choropleth_reliability_benchmark/outputs/generated_code_iterative_repair/qwen2.5-coder_7b/deepseek-coder_6.7b/basic/C006_join_diagnostics_basic_iter01.py,deepseek-coder_6.7b,False,,,False,,
diagnostics.json,experiments/05_choropleth_reliability_benchmark/outputs/runs_iterative_repair/deepseek-coder_6.7b/basic/deepseek-coder_6.7b_basic_C006_join_diagnostics_iter01_20260624_231218/diagnostics.json,False,0,,,,False,,,,,1,,diagnostic_json,,basic,,,C006_join_diagnostics,,,qwen2.5-coder_7b,1,experiments/05_choropleth_reliability_benchmark/outputs/runs_iterative_repair/deepseek-coder_6.7b/basic/deepseek-coder_6.7b_basic_C006_join_diagnostics_iter01_20260624_231218,,experiments/05_choropleth_reliability_benchmark/outputs/generated_code_iterative_repair/qwen2.5-coder_7b/deepseek-coder_6.7b/basic/C006_join_diagnostics_basic_iter01.py,deepseek-coder_6.7b,False,,,,False,
map_static.png,experiments/05_choropleth_reliability_benchmark/outputs/runs_iterative_repair/deepseek-coder_6.7b/basic/deepseek-coder_6.7b_basic_C006_join_diagnostics_iter01_20260624_234013/map_static.png,False,0,,,,False,,,,,1,,static_png,,basic,,,C006_join_diagnostics,missing_or_empty,False,qwen2.5-coder_14b,1,experiments/05_choropleth_reliability_benchmark/outputs/runs_iterative_repair/deepseek-coder_6.7b/basic/deepseek-coder_6.7b_basic_C006_join_diagnostics_iter01_20260624_234013,,experiments/05_choropleth_reliability_benchmark/outputs/generated_code_iterative_repair/qwen2.5-coder_14b/deepseek-coder_6.7b/basic/C006_join_diagnostics_basic_iter01.py,deepseek-coder_6.7b,False,,,,,
time_series.png,experiments/05_choropleth_reliability_benchmark/outputs/runs_iterative_repair/deepseek-coder_6.7b/basic/deepseek-coder_6.7b_basic_C006_join_diagnostics_iter01_20260624_234013/time_series.png,False,0,,,,False,,,,,1,,time_series_png,,basic,,,C006_join_diagnostics,missing_or_empty,False,qwen2.5-coder_14b,1,experiments/05_choropleth_reliability_benchmark/outputs/runs_iterative_repair/deepseek-coder_6.7b/basic/deepseek-coder_6.7b_basic_C006_join_diagnostics_iter01_20260624_234013,,experiments/05_choropleth_reliability_benchmark/outputs/generated_code_iterative_repair/qwen2.5-coder_14b/deepseek-coder_6.7b/basic/C006_join_diagnostics_basic_iter01.py,deepseek-coder_6.7b,False,,,,,
map_interactive.html,experiments/05_choropleth_reliability_benchmark/outputs/runs_iterative_repair/deepseek-coder_6.7b/basic/deepseek-coder_6.7b_basic_C006_join_diagnostics_iter01_20260624_234013/map_interactive.html,False,0,,,,False,,,,,1,,interactive_html,,basic,,,C006_join_diagnostics,,,qwen2.5-coder_14b,1,experiments/05_choropleth_reliability_benchmark/outputs/runs_iterative_repair/deepseek-coder_6.7b/basic/deepseek-coder_6.7b_basic_C006_join_diagnostics_iter01_20260624_234013,,experiments/05_choropleth_reliability_benchmark/outputs/generated_code_iterative_repair/qwen2.5-coder_14b/deepseek-coder_6.7b/basic/C006_join_diagnostics_basic_iter01.py,deepseek-coder_6.7b,False,,,False,,
diagnostics.json,experiments/05_choropleth_reliability_benchmark/outputs/runs_iterative_repair/deepseek-coder_6.7b/basic/deepseek-coder_6.7b_basic_C006_join_diagnostics_iter01_20260624_234013/diagnostics.json,False,0,,,,False,,,,,1,,diagnostic_json,,basic,,,C006_join_diagnostics,,,qwen2.5-coder_14b,1,experiments/05_choropleth_reliability_benchmark/outputs/runs_iterative_repair/deepseek-coder_6.7b/basic/deepseek-coder_6.7b_basic_C006_join_diagnostics_iter01_20260624_234013,,experiments/05_choropleth_reliability_benchmark/outputs/generated_code_iterative_repair/qwen2.5-coder_14b/deepseek-coder_6.7b/basic/C006_join_diagnostics_basic_iter01.py,deepseek-coder_6.7b,False,,,,False,
map_static.png,experiments/05_choropleth_reliability_benchmark/outputs/runs_iterative_repair/deepseek-coder_6.7b/basic/deepseek-coder_6.7b_basic_C006_join_diagnostics_iter02_20260624_043352/map_static.png,False,0,,,,False,,,,,2,,static_png,,basic,,,C006_join_diagnostics,missing_or_empty,False,qwen2.5-coder_32b,0,experiments/05_choropleth_reliability_benchmark/outputs/runs_iterative_repair/deepseek-coder_6.7b/basic/deepseek-coder_6.7b_basic_C006_join_diagnostics_iter02_20260624_043352,,experiments/05_choropleth_reliability_benchmark/outputs/generated_code_iterative_repair/qwen2.5-coder_32b/deepseek-coder_6.7b/basic/C006_join_diagnostics_basic_iter02.py,deepseek-coder_6.7b,False,,,,,
time_series.png,experiments/05_choropleth_reliability_benchmark/outputs/runs_iterative_repair/deepseek-coder_6.7b/basic/deepseek-coder_6.7b_basic_C006_join_diagnostics_iter02_20260624_043352/time_series.png,False,0,,,,False,,,,,2,,time_series_png,,basic,,,C006_join_diagnostics,missing_or_empty,False,qwen2.5-coder_32b,0,experiments/05_choropleth_reliability_benchmark/outputs/runs_iterative_repair/deepseek-coder_6.7b/basic/deepseek-coder_6.7b_basic_C006_join_diagnostics_iter02_20260624_043352,,experiments/05_choropleth_reliability_benchmark/outputs/generated_code_iterative_repair/qwen2.5-coder_32b/deepseek-coder_6.7b/basic/C006_join_diagnostics_basic_iter02.py,deepseek-coder_6.7b,False,,,,,
map_interactive.html,experiments/05_choropleth_reliability_benchmark/outputs/runs_iterative_repair/deepseek-coder_6.7b/basic/deepseek-coder_6.7b_basic_C006_join_diagnostics_iter02_20260624_043352/map_interactive.html,False,0,,,,False,,,,,2,,interactive_html,,basic,,,C006_join_diagnostics,,,qwen2.5-coder_32b,0,experiments/05_choropleth_reliability_benchmark/outputs/runs_iterative_repair/deepseek-coder_6.7b/basic/deepseek-coder_6.7b_basic_C006_join_diagnostics_iter02_20260624_043352,,experiments/05_choropleth_reliability_benchmark/outputs/generated_code_iterative_repair/qwen2.5-coder_32b/deepseek-coder_6.7b/basic/C006_join_diagnostics_basic_iter02.py,deepseek-coder_6.7b,False,,,False,,
diagnostics.json,experiments/05_choropleth_reliability_benchmark/outputs/runs_iterative_repair/deepseek-coder_6.7b/basic/deepseek-coder_6.7b_basic_C006_join_diagnostics_iter02_20260624_043352/diagnostics.json,True,59,,,,True,,,,,2,,diagnostic_json,,basic,,,C006_join_diagnostics,,,qwen2.5-coder_32b,0,experiments/05_choropleth_reliability_benchmark/outputs/runs_iterative_repair/deepseek-coder_6.7b/basic/deepseek-coder_6.7b_basic_C006_join_diagnostics_iter02_20260624_043352,,experiments/05_choropleth_reliability_benchmark/outputs/generated_code_iterative_repair/qwen2.5-coder_32b/deepseek-coder_6.7b/basic/C006_join_diagnostics_basic_iter02.py,deepseek-coder_6.7b,False,1,,,True,
map_static.png,experiments/05_choropleth_reliability_benchmark/outputs/runs_iterative_repair/deepseek-coder_6.7b/basic/deepseek-coder_6.7b_basic_C006_join_diagnostics_iter02_20260624_231231/map_static.png,False,0,,,,False,,,,,2,,static_png,,basic,,,C006_join_diagnostics,missing_or_empty,False,qwen2.5-coder_7b,1,experiments/05_choropleth_reliability_benchmark/outputs/runs_iterative_repair/deepseek-coder_6.7b/basic/deepseek-coder_6.7b_basic_C006_join_diagnostics_iter02_20260624_231231,,experiments/05_choropleth_reliability_benchmark/outputs/generated_code_iterative_repair/qwen2.5-coder_7b/deepseek-coder_6.7b/basic/C006_join_diagnostics_basic_iter02.py,deepseek-coder_6.7b,False,,,,,
time_series.png,experiments/05_choropleth_reliability_benchmark/outputs/runs_iterative_repair/deepseek-coder_6.7b/basic/deepseek-coder_6.7b_basic_C006_join_diagnostics_iter02_20260624_231231/time_series.png,False,0,,,,False,,,,,2,,time_series_png,,basic,,,C006_join_diagnostics,missing_or_empty,False,qwen2.5-coder_7b,1,experiments/05_choropleth_reliability_benchmark/outputs/runs_iterative_repair/deepseek-coder_6.7b/basic/deepseek-coder_6.7b_basic_C006_join_diagnostics_iter02_20260624_231231,,experiments/05_choropleth_reliability_benchmark/outputs/generated_code_iterative_repair/qwen2.5-coder_7b/deepseek-coder_6.7b/basic/C006_join_diagnostics_basic_iter02.py,deepseek-coder_6.7b,False,,,,,
map_interactive.html,experiments/05_choropleth_reliability_benchmark/outputs/runs_iterative_repair/deepseek-coder_6.7b/basic/deepseek-coder_6.7b_basic_C006_join_diagnostics_iter02_20260624_231231/map_interactive.html,False,0,,,,False,,,,,2,,interactive_html,,basic,,,C006_join_diagnostics,,,qwen2.5-coder_7b,1,experiments/05_choropleth_reliability_benchmark/outputs/runs_iterative_repair/deepseek-coder_6.7b/basic/deepseek-coder_6.7b_basic_C006_join_diagnostics_iter02_20260624_231231,,experiments/05_choropleth_reliability_benchmark/outputs/generated_code_iterative_repair/qwen2.5-coder_7b/deepseek-coder_6.7b/basic/C006_join_diagnostics_basic_iter02.py,deepseek-coder_6.7b,False,,,False,,
diagnostics.json,experiments/05_choropleth_reliability_benchmark/outputs/runs_iterative_repair/deepseek-coder_6.7b/basic/deepseek-coder_6.7b_basic_C006_join_diagnostics_iter02_20260624_231231/diagnostics.json,False,0,,,,False,,,,,2,,diagnostic_json,,basic,,,C006_join_diagnostics,,,qwen2.5-coder_7b,1,experiments/05_choropleth_reliability_benchmark/outputs/runs_iterative_repair/deepseek-coder_6.7b/basic/deepseek-coder_6.7b_basic_C006_join_diagnostics_iter02_20260624_231231,,experiments/05_choropleth_reliability_benchmark/outputs/generated_code_iterative_repair/qwen2.5-coder_7b/deepseek-coder_6.7b/basic/C006_join_diagnostics_basic_iter02.py,deepseek-coder_6.7b,False,,,,False,
map_static.png,experiments/05_choropleth_reliability_benchmark/outputs/runs_iterative_repair/deepseek-coder_6.7b/basic/deepseek-coder_6.7b_basic_C006_join_diagnostics_iter02_20260624_234038/map_static.png,False,0,,,,False,,,,,2,,static_png,,basic,,,C006_join_diagnostics,missing_or_empty,False,qwen2.5-coder_14b,1,experiments/05_choropleth_reliability_benchmark/outputs/runs_iterative_repair/deepseek-coder_6.7b/basic/deepseek-coder_6.7b_basic_C006_join_diagnostics_iter02_20260624_234038,,experiments/05_choropleth_reliability_benchmark/outputs/generated_code_iterative_repair/qwen2.5-coder_14b/deepseek-coder_6.7b/basic/C006_join_diagnostics_basic_iter02.py,deepseek-coder_6.7b,False,,,,,
time_series.png,experiments/05_choropleth_reliability_benchmark/outputs/runs_iterative_repair/deepseek-coder_6.7b/basic/deepseek-coder_6.7b_basic_C006_join_diagnostics_iter02_20260624_234038/time_series.png,False,0,,,,False,,,,,2,,time_series_png,,basic,,,C006_join_diagnostics,missing_or_empty,False,qwen2.5-coder_14b,1,experiments/05_choropleth_reliability_benchmark/outputs/runs_iterative_repair/deepseek-coder_6.7b/basic/deepseek-coder_6.7b_basic_C006_join_diagnostics_iter02_20260624_234038,,experiments/05_choropleth_reliability_benchmark/outputs/generated_code_iterative_repair/qwen2.5-coder_14b/deepseek-coder_6.7b/basic/C006_join_diagnostics_basic_iter02.py,deepseek-coder_6.7b,False,,,,,
map_interactive.html,experiments/05_choropleth_reliability_benchmark/outputs/runs_iterative_repair/deepseek-coder_6.7b/basic/deepseek-coder_6.7b_basic_C006_join_diagnostics_iter02_20260624_234038/map_interactive.html,False,0,,,,False,,,,,2,,interactive_html,,basic,,,C006_join_diagnostics,,,qwen2.5-coder_14b,1,experiments/05_choropleth_reliability_benchmark/outputs/runs_iterative_repair/deepseek-coder_6.7b/basic/deepseek-coder_6.7b_basic_C006_join_diagnostics_iter02_20260624_234038,,experiments/05_choropleth_reliability_benchmark/outputs/generated_code_iterative_repair/qwen2.5-coder_14b/deepseek-coder_6.7b/basic/C006_join_diagnostics_basic_iter02.py,deepseek-coder_6.7b,False,,,False,,
diagnostics.json,experiments/05_choropleth_reliability_benchmark/outputs/runs_iterative_repair/deepseek-coder_6.7b/basic/deepseek-coder_6.7b_basic_C006_join_diagnostics_iter02_20260624_234038/diagnostics.json,False,0,,,,False,,,,,2,,diagnostic_json,,basic,,,C006_join_diagnostics,,,qwen2.5-coder_14b,1,experiments/05_choropleth_reliability_benchmark/outputs/runs_iterative_repair/deepseek-coder_6.7b/basic/deepseek-coder_6.7b_basic_C006_join_diagnostics_iter02_20260624_234038,,experiments/05_choropleth_reliability_benchmark/outputs/generated_code_iterative_repair/qwen2.5-coder_14b/deepseek-coder_6.7b/basic/C006_join_diagnostics_basic_iter02.py,deepseek-coder_6.7b,False,,,,False,
map_static.png,experiments/05_choropleth_reliability_benchmark/outputs/runs_iterative_repair/deepseek-coder_6.7b/basic/deepseek-coder_6.7b_basic_C006_join_diagnostics_iter03_20260624_062042/map_static.png,False,0,,,,False,,,,,3,,static_png,,basic,,,C006_join_diagnostics,missing_or_empty,False,qwen2.5-coder_32b,0,experiments/05_choropleth_reliability_benchmark/outputs/runs_iterative_repair/deepseek-coder_6.7b/basic/deepseek-coder_6.7b_basic_C006_join_diagnostics_iter03_20260624_062042,,experiments/05_choropleth_reliability_benchmark/outputs/generated_code_iterative_repair/qwen2.5-coder_32b/deepseek-coder_6.7b/basic/C006_join_diagnostics_basic_iter03.py,deepseek-coder_6.7b,False,,,,,
time_series.png,experiments/05_choropleth_reliability_benchmark/outputs/runs_iterative_repair/deepseek-coder_6.7b/basic/deepseek-coder_6.7b_basic_C006_join_diagnostics_iter03_20260624_062042/time_series.png,False,0,,,,False,,,,,3,,time_series_png,,basic,,,C006_join_diagnostics,missing_or_empty,False,qwen2.5-coder_32b,0,experiments/05_choropleth_reliability_benchmark/outputs/runs_iterative_repair/deepseek-coder_6.7b/basic/deepseek-coder_6.7b_basic_C006_join_diagnostics_iter03_20260624_062042,,experiments/05_choropleth_reliability_benchmark/outputs/generated_code_iterative_repair/qwen2.5-coder_32b/deepseek-coder_6.7b/basic/C006_join_diagnostics_basic_iter03.py,deepseek-coder_6.7b,False,,,,,
map_interactive.html,experiments/05_choropleth_reliability_benchmark/outputs/runs_iterative_repair/deepseek-coder_6.7b/basic/deepseek-coder_6.7b_basic_C006_join_diagnostics_iter03_20260624_062042/map_interactive.html,False,0,,,,False,,,,,3,,interactive_html,,basic,,,C006_join_diagnostics,,,qwen2.5-coder_32b,0,experiments/05_choropleth_reliability_benchmark/outputs/runs_iterative_repair/deepseek-coder_6.7b/basic/deepseek-coder_6.7b_basic_C006_join_diagnostics_iter03_20260624_062042,,experiments/05_choropleth_reliability_benchmark/outputs/generated_code_iterative_repair/qwen2.5-coder_32b/deepseek-coder_6.7b/basic/C006_join_diagnostics_basic_iter03.py,deepseek-coder_6.7b,False,,,False,,
diagnostics.json,experiments/05_choropleth_reliability_benchmark/outputs/runs_iterative_repair/deepseek-coder_6.7b/basic/deepseek-coder_6.7b_basic_C006_join_diagnostics_iter03_20260624_062042/diagnostics.json,True,59,,,,True,,,,,3,,diagnostic_json,,basic,,,C006_join_diagnostics,,,qwen2.5-coder_32b,0,experiments/05_choropleth_reliability_benchmark/outputs/runs_iterative_repair/deepseek-coder_6.7b/basic/deepseek-coder_6.7b_basic_C006_join_diagnostics_iter03_20260624_062042,,experiments/05_choropleth_reliability_benchmark/outputs/generated_code_iterative_repair/qwen2.5-coder_32b/deepseek-coder_6.7b/basic/C006_join_diagnostics_basic_iter03.py,deepseek-coder_6.7b,False,1,,,True,
map_static.png,experiments/05_choropleth_reliability_benchmark/outputs/runs_iterative_repair/deepseek-coder_6.7b/basic/deepseek-coder_6.7b_basic_C006_join_diagnostics_iter03_20260624_231245/map_static.png,False,0,,,,False,,,,,3,,static_png,,basic,,,C006_join_diagnostics,missing_or_empty,False,qwen2.5-coder_7b,1,experiments/05_choropleth_reliability_benchmark/outputs/runs_iterative_repair/deepseek-coder_6.7b/basic/deepseek-coder_6.7b_basic_C006_join_diagnostics_iter03_20260624_231245,,experiments/05_choropleth_reliability_benchmark/outputs/generated_code_iterative_repair/qwen2.5-coder_7b/deepseek-coder_6.7b/basic/C006_join_diagnostics_basic_iter03.py,deepseek-coder_6.7b,False,,,,,
time_series.png,experiments/05_choropleth_reliability_benchmark/outputs/runs_iterative_repair/deepseek-coder_6.7b/basic/deepseek-coder_6.7b_basic_C006_join_diagnostics_iter03_20260624_231245/time_series.png,False,0,,,,False,,,,,3,,time_series_png,,basic,,,C006_join_diagnostics,missing_or_empty,False,qwen2.5-coder_7b,1,experiments/05_choropleth_reliability_benchmark/outputs/runs_iterative_repair/deepseek-coder_6.7b/basic/deepseek-coder_6.7b_basic_C006_join_diagnostics_iter03_20260624_231245,,experiments/05_choropleth_reliability_benchmark/outputs/generated_code_iterative_repair/qwen2.5-coder_7b/deepseek-coder_6.7b/basic/C006_join_diagnostics_basic_iter03.py,deepseek-coder_6.7b,False,,,,,
map_interactive.html,experiments/05_choropleth_reliability_benchmark/outputs/runs_iterative_repair/deepseek-coder_6.7b/basic/deepseek-coder_6.7b_basic_C006_join_diagnostics_iter03_20260624_231245/map_interactive.html,False,0,,,,False,,,,,3,,interactive_html,,basic,,,C006_join_diagnostics,,,qwen2.5-coder_7b,1,experiments/05_choropleth_reliability_benchmark/outputs/runs_iterative_repair/deepseek-coder_6.7b/basic/deepseek-coder_6.7b_basic_C006_join_diagnostics_iter03_20260624_231245,,experiments/05_choropleth_reliability_benchmark/outputs/generated_code_iterative_repair/qwen2.5-coder_7b/deepseek-coder_6.7b/basic/C006_join_diagnostics_basic_iter03.py,deepseek-coder_6.7b,False,,,False,,
diagnostics.json,experiments/05_choropleth_reliability_benchmark/outputs/runs_iterative_repair/deepseek-coder_6.7b/basic/deepseek-coder_6.7b_basic_C006_join_diagnostics_iter03_20260624_231245/diagnostics.json,False,0,,,,False,,,,,3,,diagnostic_json,,basic,,,C006_join_diagnostics,,,qwen2.5-coder_7b,1,experiments/05_choropleth_reliability_benchmark/outputs/runs_iterative_repair/deepseek-coder_6.7b/basic/deepseek-coder_6.7b_basic_C006_join_diagnostics_iter03_20260624_231245,,experiments/05_choropleth_reliability_benchmark/outputs/generated_code_iterative_repair/qwen2.5-coder_7b/deepseek-coder_6.7b/basic/C006_join_diagnostics_basic_iter03.py,deepseek-coder_6.7b,False,,,,False,
map_static.png,experiments/05_choropleth_reliability_benchmark/outputs/runs_iterative_repair/deepseek-coder_6.7b/basic/deepseek-coder_6.7b_basic_C006_join_diagnostics_iter03_20260624_234103/map_static.png,False,0,,,,False,,,,,3,,static_png,,basic,,,C006_join_diagnostics,missing_or_empty,False,qwen2.5-coder_14b,1,experiments/05_choropleth_reliability_benchmark/outputs/runs_iterative_repair/deepseek-coder_6.7b/basic/deepseek-coder_6.7b_basic_C006_join_diagnostics_iter03_20260624_234103,,experiments/05_choropleth_reliability_benchmark/outputs/generated_code_iterative_repair/qwen2.5-coder_14b/deepseek-coder_6.7b/basic/C006_join_diagnostics_basic_iter03.py,deepseek-coder_6.7b,False,,,,,
time_series.png,experiments/05_choropleth_reliability_benchmark/outputs/runs_iterative_repair/deepseek-coder_6.7b/basic/deepseek-coder_6.7b_basic_C006_join_diagnostics_iter03_20260624_234103/time_series.png,False,0,,,,False,,,,,3,,time_series_png,,basic,,,C006_join_diagnostics,missing_or_empty,False,qwen2.5-coder_14b,1,experiments/05_choropleth_reliability_benchmark/outputs/runs_iterative_repair/deepseek-coder_6.7b/basic/deepseek-coder_6.7b_basic_C006_join_diagnostics_iter03_20260624_234103,,experiments/05_choropleth_reliability_benchmark/outputs/generated_code_iterative_repair/qwen2.5-coder_14b/deepseek-coder_6.7b/basic/C006_join_diagnostics_basic_iter03.py,deepseek-coder_6.7b,False,,,,,
map_interactive.html,experiments/05_choropleth_reliability_benchmark/outputs/runs_iterative_repair/deepseek-coder_6.7b/basic/deepseek-coder_6.7b_basic_C006_join_diagnostics_iter03_20260624_234103/map_interactive.html,False,0,,,,False,,,,,3,,interactive_html,,basic,,,C006_join_diagnostics,,,qwen2.5-coder_14b,1,experiments/05_choropleth_reliability_benchmark/outputs/runs_iterative_repair/deepseek-coder_6.7b/basic/deepseek-coder_6.7b_basic_C006_join_diagnostics_iter03_20260624_234103,,experiments/05_choropleth_reliability_benchmark/outputs/generated_code_iterative_repair/qwen2.5-coder_14b/deepseek-coder_6.7b/basic/C006_join_diagnostics_basic_iter03.py,deepseek-coder_6.7b,False,,,False,,
diagnostics.json,experiments/05_choropleth_reliability_benchmark/outputs/runs_iterative_repair/deepseek-coder_6.7b/basic/deepseek-coder_6.7b_basic_C006_join_diagnostics_iter03_20260624_234103/diagnostics.json,False,0,,,,False,,,,,3,,diagnostic_json,,basic,,,C006_join_diagnostics,,,qwen2.5-coder_14b,1,experiments/05_choropleth_reliability_benchmark/outputs/runs_iterative_repair/deepseek-coder_6.7b/basic/deepseek-coder_6.7b_basic_C006_join_diagnostics_iter03_20260624_234103,,experiments/05_choropleth_reliability_benchmark/outputs/generated_code_iterative_repair/qwen2.5-coder_14b/deepseek-coder_6.7b/basic/C006_join_diagnostics_basic_iter03.py,deepseek-coder_6.7b,False,,,,False,
map_static.png,experiments/05_choropleth_reliability_benchmark/outputs/runs_iterative_repair/deepseek-coder_6.7b/basic/deepseek-coder_6.7b_basic_C007_wrong_column_guard_iter01_20260624_041056/map_static.png,False,0,,,,False,,,,,1,,static_png,,basic,,,C007_wrong_column_guard,missing_or_empty,False,qwen2.5-coder_32b,1,experiments/05_choropleth_reliability_benchmark/outputs/runs_iterative_repair/deepseek-coder_6.7b/basic/deepseek-coder_6.7b_basic_C007_wrong_column_guard_iter01_20260624_041056,,experiments/05_choropleth_reliability_benchmark/outputs/generated_code_iterative_repair/qwen2.5-coder_32b/deepseek-coder_6.7b/basic/C007_wrong_column_guard_basic_iter01.py,deepseek-coder_6.7b,False,,,,,
time_series.png,experiments/05_choropleth_reliability_benchmark/outputs/runs_iterative_repair/deepseek-coder_6.7b/basic/deepseek-coder_6.7b_basic_C007_wrong_column_guard_iter01_20260624_041056/time_series.png,False,0,,,,False,,,,,1,,time_series_png,,basic,,,C007_wrong_column_guard,missing_or_empty,False,qwen2.5-coder_32b,1,experiments/05_choropleth_reliability_benchmark/outputs/runs_iterative_repair/deepseek-coder_6.7b/basic/deepseek-coder_6.7b_basic_C007_wrong_column_guard_iter01_20260624_041056,,experiments/05_choropleth_reliability_benchmark/outputs/generated_code_iterative_repair/qwen2.5-coder_32b/deepseek-coder_6.7b/basic/C007_wrong_column_guard_basic_iter01.py,deepseek-coder_6.7b,False,,,,,
map_interactive.html,experiments/05_choropleth_reliability_benchmark/outputs/runs_iterative_repair/deepseek-coder_6.7b/basic/deepseek-coder_6.7b_basic_C007_wrong_column_guard_iter01_20260624_041056/map_interactive.html,False,0,,,,False,,,,,1,,interactive_html,,basic,,,C007_wrong_column_guard,,,qwen2.5-coder_32b,1,experiments/05_choropleth_reliability_benchmark/outputs/runs_iterative_repair/deepseek-coder_6.7b/basic/deepseek-coder_6.7b_basic_C007_wrong_column_guard_iter01_20260624_041056,,experiments/05_choropleth_reliability_benchmark/outputs/generated_code_iterative_repair/qwen2.5-coder_32b/deepseek-coder_6.7b/basic/C007_wrong_column_guard_basic_iter01.py,deepseek-coder_6.7b,False,,,False,,
diagnostics.json,experiments/05_choropleth_reliability_benchmark/outputs/runs_iterative_repair/deepseek-coder_6.7b/basic/deepseek-coder_6.7b_basic_C007_wrong_column_guard_iter01_20260624_041056/diagnostics.json,False,0,,,,False,,,,,1,,diagnostic_json,,basic,,,C007_wrong_column_guard,,,qwen2.5-coder_32b,1,experiments/05_choropleth_reliability_benchmark/outputs/runs_iterative_repair/deepseek-coder_6.7b/basic/deepseek-coder_6.7b_basic_C007_wrong_column_guard_iter01_20260624_041056,,experiments/05_choropleth_reliability_benchmark/outputs/generated_code_iterative_repair/qwen2.5-coder_32b/deepseek-coder_6.7b/basic/C007_wrong_column_guard_basic_iter01.py,deepseek-coder_6.7b,False,,,,False,
map_static.png,experiments/05_choropleth_reliability_benchmark/outputs/runs_iterative_repair/deepseek-coder_6.7b/basic/deepseek-coder_6.7b_basic_C007_wrong_column_guard_iter01_20260624_071021/map_static.png,False,0,,,,False,,,,,1,,static_png,,basic,,,C007_wrong_column_guard,missing_or_empty,False,qwen2.5-coder_14b,1,experiments/05_choropleth_reliability_benchmark/outputs/runs_iterative_repair/deepseek-coder_6.7b/basic/deepseek-coder_6.7b_basic_C007_wrong_column_guard_iter01_20260624_071021,,experiments/05_choropleth_reliability_benchmark/outputs/generated_code_iterative_repair/qwen2.5-coder_14b/deepseek-coder_6.7b/basic/C007_wrong_column_guard_basic_iter01.py,deepseek-coder_6.7b,False,,,,,
time_series.png,experiments/05_choropleth_reliability_benchmark/outputs/runs_iterative_repair/deepseek-coder_6.7b/basic/deepseek-coder_6.7b_basic_C007_wrong_column_guard_iter01_20260624_071021/time_series.png,False,0,,,,False,,,,,1,,time_series_png,,basic,,,C007_wrong_column_guard,missing_or_empty,False,qwen2.5-coder_14b,1,experiments/05_choropleth_reliability_benchmark/outputs/runs_iterative_repair/deepseek-coder_6.7b/basic/deepseek-coder_6.7b_basic_C007_wrong_column_guard_iter01_20260624_071021,,experiments/05_choropleth_reliability_benchmark/outputs/generated_code_iterative_repair/qwen2.5-coder_14b/deepseek-coder_6.7b/basic/C007_wrong_column_guard_basic_iter01.py,deepseek-coder_6.7b,False,,,,,
map_interactive.html,experiments/05_choropleth_reliability_benchmark/outputs/runs_iterative_repair/deepseek-coder_6.7b/basic/deepseek-coder_6.7b_basic_C007_wrong_column_guard_iter01_20260624_071021/map_interactive.html,False,0,,,,False,,,,,1,,interactive_html,,basic,,,C007_wrong_column_guard,,,qwen2.5-coder_14b,1,experiments/05_choropleth_reliability_benchmark/outputs/runs_iterative_repair/deepseek-coder_6.7b/basic/deepseek-coder_6.7b_basic_C007_wrong_column_guard_iter01_20260624_071021,,experiments/05_choropleth_reliability_benchmark/outputs/generated_code_iterative_repair/qwen2.5-coder_14b/deepseek-coder_6.7b/basic/C007_wrong_column_guard_basic_iter01.py,deepseek-coder_6.7b,False,,,False,,
diagnostics.json,experiments/05_choropleth_reliability_benchmark/outputs/runs_iterative_repair/deepseek-coder_6.7b/basic/deepseek-coder_6.7b_basic_C007_wrong_column_guard_iter01_20260624_071021/diagnostics.json,False,0,,,,False,,,,,1,,diagnostic_json,,basic,,,C007_wrong_column_guard,,,qwen2.5-coder_14b,1,experiments/05_choropleth_reliability_benchmark/outputs/runs_iterative_repair/deepseek-coder_6.7b/basic/deepseek-coder_6.7b_basic_C007_wrong_column_guard_iter01_20260624_071021,,experiments/05_choropleth_reliability_benchmark/outputs/generated_code_iterative_repair/qwen2.5-coder_14b/deepseek-coder_6.7b/basic/C007_wrong_column_guard_basic_iter01.py,deepseek-coder_6.7b,False,,,,False,
map_static.png,experiments/05_choropleth_reliability_benchmark/outputs/runs_iterative_repair/deepseek-coder_6.7b/basic/deepseek-coder_6.7b_basic_C007_wrong_column_guard_iter01_20260624_072321/map_static.png,False,0,,,,False,,,,,1,,static_png,,basic,,,C007_wrong_column_guard,missing_or_empty,False,qwen2.5-coder_7b,1,experiments/05_choropleth_reliability_benchmark/outputs/runs_iterative_repair/deepseek-coder_6.7b/basic/deepseek-coder_6.7b_basic_C007_wrong_column_guard_iter01_20260624_072321,,experiments/05_choropleth_reliability_benchmark/outputs/generated_code_iterative_repair/qwen2.5-coder_7b/deepseek-coder_6.7b/basic/C007_wrong_column_guard_basic_iter01.py,deepseek-coder_6.7b,False,,,,,
time_series.png,experiments/05_choropleth_reliability_benchmark/outputs/runs_iterative_repair/deepseek-coder_6.7b/basic/deepseek-coder_6.7b_basic_C007_wrong_column_guard_iter01_20260624_072321/time_series.png,False,0,,,,False,,,,,1,,time_series_png,,basic,,,C007_wrong_column_guard,missing_or_empty,False,qwen2.5-coder_7b,1,experiments/05_choropleth_reliability_benchmark/outputs/runs_iterative_repair/deepseek-coder_6.7b/basic/deepseek-coder_6.7b_basic_C007_wrong_column_guard_iter01_20260624_072321,,experiments/05_choropleth_reliability_benchmark/outputs/generated_code_iterative_repair/qwen2.5-coder_7b/deepseek-coder_6.7b/basic/C007_wrong_column_guard_basic_iter01.py,deepseek-coder_6.7b,False,,,,,
map_interactive.html,experiments/05_choropleth_reliability_benchmark/outputs/runs_iterative_repair/deepseek-coder_6.7b/basic/deepseek-coder_6.7b_basic_C007_wrong_column_guard_iter01_20260624_072321/map_interactive.html,False,0,,,,False,,,,,1,,interactive_html,,basic,,,C007_wrong_column_guard,,,qwen2.5-coder_7b,1,experiments/05_choropleth_reliability_benchmark/outputs/runs_iterative_repair/deepseek-coder_6.7b/basic/deepseek-coder_6.7b_basic_C007_wrong_column_guard_iter01_20260624_072321,,experiments/05_choropleth_reliability_benchmark/outputs/generated_code_iterative_repair/qwen2.5-coder_7b/deepseek-coder_6.7b/basic/C007_wrong_column_guard_basic_iter01.py,deepseek-coder_6.7b,False,,,False,,
diagnostics.json,experiments/05_choropleth_reliability_benchmark/outputs/runs_iterative_repair/deepseek-coder_6.7b/basic/deepseek-coder_6.7b_basic_C007_wrong_column_guard_iter01_20260624_072321/diagnostics.json,False,0,,,,False,,,,,1,,diagnostic_json,,basic,,,C007_wrong_column_guard,,,qwen2.5-coder_7b,1,experiments/05_choropleth_reliability_benchmark/outputs/runs_iterative_repair/deepseek-coder_6.7b/basic/deepseek-coder_6.7b_basic_C007_wrong_column_guard_iter01_20260624_072321,,experiments/05_choropleth_reliability_benchmark/outputs/generated_code_iterative_repair/qwen2.5-coder_7b/deepseek-coder_6.7b/basic/C007_wrong_column_guard_basic_iter01.py,deepseek-coder_6.7b,False,,,,False,
map_static.png,experiments/05_choropleth_reliability_benchmark/outputs/runs_iterative_repair/deepseek-coder_6.7b/basic/deepseek-coder_6.7b_basic_C007_wrong_column_guard_iter02_20260624_041147/map_static.png,False,0,,,,False,,,,,2,,static_png,,basic,,,C007_wrong_column_guard,missing_or_empty,False,qwen2.5-coder_32b,0,experiments/05_choropleth_reliability_benchmark/outputs/runs_iterative_repair/deepseek-coder_6.7b/basic/deepseek-coder_6.7b_basic_C007_wrong_column_guard_iter02_20260624_041147,,experiments/05_choropleth_reliability_benchmark/outputs/generated_code_iterative_repair/qwen2.5-coder_32b/deepseek-coder_6.7b/basic/C007_wrong_column_guard_basic_iter02.py,deepseek-coder_6.7b,False,,,,,
time_series.png,experiments/05_choropleth_reliability_benchmark/outputs/runs_iterative_repair/deepseek-coder_6.7b/basic/deepseek-coder_6.7b_basic_C007_wrong_column_guard_iter02_20260624_041147/time_series.png,False,0,,,,False,,,,,2,,time_series_png,,basic,,,C007_wrong_column_guard,missing_or_empty,False,qwen2.5-coder_32b,0,experiments/05_choropleth_reliability_benchmark/outputs/runs_iterative_repair/deepseek-coder_6.7b/basic/deepseek-coder_6.7b_basic_C007_wrong_column_guard_iter02_20260624_041147,,experiments/05_choropleth_reliability_benchmark/outputs/generated_code_iterative_repair/qwen2.5-coder_32b/deepseek-coder_6.7b/basic/C007_wrong_column_guard_basic_iter02.py,deepseek-coder_6.7b,False,,,,,
map_interactive.html,experiments/05_choropleth_reliability_benchmark/outputs/runs_iterative_repair/deepseek-coder_6.7b/basic/deepseek-coder_6.7b_basic_C007_wrong_column_guard_iter02_20260624_041147/map_interactive.html,False,0,,,,False,,,,,2,,interactive_html,,basic,,,C007_wrong_column_guard,,,qwen2.5-coder_32b,0,experiments/05_choropleth_reliability_benchmark/outputs/runs_iterative_repair/deepseek-coder_6.7b/basic/deepseek-coder_6.7b_basic_C007_wrong_column_guard_iter02_20260624_041147,,experiments/05_choropleth_reliability_benchmark/outputs/generated_code_iterative_repair/qwen2.5-coder_32b/deepseek-coder_6.7b/basic/C007_wrong_column_guard_basic_iter02.py,deepseek-coder_6.7b,False,,,False,,
diagnostics.json,experiments/05_choropleth_reliability_benchmark/outputs/runs_iterative_repair/deepseek-coder_6.7b/basic/deepseek-coder_6.7b_basic_C007_wrong_column_guard_iter02_20260624_041147/diagnostics.json,True,117,,,,True,,,,,2,,diagnostic_json,,basic,,,C007_wrong_column_guard,,,qwen2.5-coder_32b,0,experiments/05_choropleth_reliability_benchmark/outputs/runs_iterative_repair/deepseek-coder_6.7b/basic/deepseek-coder_6.7b_basic_C007_wrong_column_guard_iter02_20260624_041147,,experiments/05_choropleth_reliability_benchmark/outputs/generated_code_iterative_repair/qwen2.5-coder_32b/deepseek-coder_6.7b/basic/C007_wrong_column_guard_basic_iter02.py,deepseek-coder_6.7b,False,4,,,True,
map_static.png,experiments/05_choropleth_reliability_benchmark/outputs/runs_iterative_repair/deepseek-coder_6.7b/basic/deepseek-coder_6.7b_basic_C007_wrong_column_guard_iter02_20260624_071038/map_static.png,False,0,,,,False,,,,,2,,static_png,,basic,,,C007_wrong_column_guard,missing_or_empty,False,qwen2.5-coder_14b,0,experiments/05_choropleth_reliability_benchmark/outputs/runs_iterative_repair/deepseek-coder_6.7b/basic/deepseek-coder_6.7b_basic_C007_wrong_column_guard_iter02_20260624_071038,,experiments/05_choropleth_reliability_benchmark/outputs/generated_code_iterative_repair/qwen2.5-coder_14b/deepseek-coder_6.7b/basic/C007_wrong_column_guard_basic_iter02.py,deepseek-coder_6.7b,False,,,,,
time_series.png,experiments/05_choropleth_reliability_benchmark/outputs/runs_iterative_repair/deepseek-coder_6.7b/basic/deepseek-coder_6.7b_basic_C007_wrong_column_guard_iter02_20260624_071038/time_series.png,False,0,,,,False,,,,,2,,time_series_png,,basic,,,C007_wrong_column_guard,missing_or_empty,False,qwen2.5-coder_14b,0,experiments/05_choropleth_reliability_benchmark/outputs/runs_iterative_repair/deepseek-coder_6.7b/basic/deepseek-coder_6.7b_basic_C007_wrong_column_guard_iter02_20260624_071038,,experiments/05_choropleth_reliability_benchmark/outputs/generated_code_iterative_repair/qwen2.5-coder_14b/deepseek-coder_6.7b/basic/C007_wrong_column_guard_basic_iter02.py,deepseek-coder_6.7b,False,,,,,
map_interactive.html,experiments/05_choropleth_reliability_benchmark/outputs/runs_iterative_repair/deepseek-coder_6.7b/basic/deepseek-coder_6.7b_basic_C007_wrong_column_guard_iter02_20260624_071038/map_interactive.html,False,0,,,,False,,,,,2,,interactive_html,,basic,,,C007_wrong_column_guard,,,qwen2.5-coder_14b,0,experiments/05_choropleth_reliability_benchmark/outputs/runs_iterative_repair/deepseek-coder_6.7b/basic/deepseek-coder_6.7b_basic_C007_wrong_column_guard_iter02_20260624_071038,,experiments/05_choropleth_reliability_benchmark/outputs/generated_code_iterative_repair/qwen2.5-coder_14b/deepseek-coder_6.7b/basic/C007_wrong_column_guard_basic_iter02.py,deepseek-coder_6.7b,False,,,False,,
diagnostics.json,experiments/05_choropleth_reliability_benchmark/outputs/runs_iterative_repair/deepseek-coder_6.7b/basic/deepseek-coder_6.7b_basic_C007_wrong_column_guard_iter02_20260624_071038/diagnostics.json,True,55,,,,True,,,,,2,,diagnostic_json,,basic,,,C007_wrong_column_guard,,,qwen2.5-coder_14b,0,experiments/05_choropleth_reliability_benchmark/outputs/runs_iterative_repair/deepseek-coder_6.7b/basic/deepseek-coder_6.7b_basic_C007_wrong_column_guard_iter02_20260624_071038,,experiments/05_choropleth_reliability_benchmark/outputs/generated_code_iterative_repair/qwen2.5-coder_14b/deepseek-coder_6.7b/basic/C007_wrong_column_guard_basic_iter02.py,deepseek-coder_6.7b,False,1,,,True,
map_static.png,experiments/05_choropleth_reliability_benchmark/outputs/runs_iterative_repair/deepseek-coder_6.7b/basic/deepseek-coder_6.7b_basic_C007_wrong_column_guard_iter02_20260624_072331/map_static.png,False,0,,,,False,,,,,2,,static_png,,basic,,,C007_wrong_column_guard,missing_or_empty,False,qwen2.5-coder_7b,1,experiments/05_choropleth_reliability_benchmark/outputs/runs_iterative_repair/deepseek-coder_6.7b/basic/deepseek-coder_6.7b_basic_C007_wrong_column_guard_iter02_20260624_072331,,experiments/05_choropleth_reliability_benchmark/outputs/generated_code_iterative_repair/qwen2.5-coder_7b/deepseek-coder_6.7b/basic/C007_wrong_column_guard_basic_iter02.py,deepseek-coder_6.7b,False,,,,,
time_series.png,experiments/05_choropleth_reliability_benchmark/outputs/runs_iterative_repair/deepseek-coder_6.7b/basic/deepseek-coder_6.7b_basic_C007_wrong_column_guard_iter02_20260624_072331/time_series.png,False,0,,,,False,,,,,2,,time_series_png,,basic,,,C007_wrong_column_guard,missing_or_empty,False,qwen2.5-coder_7b,1,experiments/05_choropleth_reliability_benchmark/outputs/runs_iterative_repair/deepseek-coder_6.7b/basic/deepseek-coder_6.7b_basic_C007_wrong_column_guard_iter02_20260624_072331,,experiments/05_choropleth_reliability_benchmark/outputs/generated_code_iterative_repair/qwen2.5-coder_7b/deepseek-coder_6.7b/basic/C007_wrong_column_guard_basic_iter02.py,deepseek-coder_6.7b,False,,,,,
map_interactive.html,experiments/05_choropleth_reliability_benchmark/outputs/runs_iterative_repair/deepseek-coder_6.7b/basic/deepseek-coder_6.7b_basic_C007_wrong_column_guard_iter02_20260624_072331/map_interactive.html,False,0,,,,False,,,,,2,,interactive_html,,basic,,,C007_wrong_column_guard,,,qwen2.5-coder_7b,1,experiments/05_choropleth_reliability_benchmark/outputs/runs_iterative_repair/deepseek-coder_6.7b/basic/deepseek-coder_6.7b_basic_C007_wrong_column_guard_iter02_20260624_072331,,experiments/05_choropleth_reliability_benchmark/outputs/generated_code_iterative_repair/qwen2.5-coder_7b/deepseek-coder_6.7b/basic/C007_wrong_column_guard_basic_iter02.py,deepseek-coder_6.7b,False,,,False,,
diagnostics.json,experiments/05_choropleth_reliability_benchmark/outputs/runs_iterative_repair/deepseek-coder_6.7b/basic/deepseek-coder_6.7b_basic_C007_wrong_column_guard_iter02_20260624_072331/diagnostics.json,False,0,,,,False,,,,,2,,diagnostic_json,,basic,,,C007_wrong_column_guard,,,qwen2.5-coder_7b,1,experiments/05_choropleth_reliability_benchmark/outputs/runs_iterative_repair/deepseek-coder_6.7b/basic/deepseek-coder_6.7b_basic_C007_wrong_column_guard_iter02_20260624_072331,,experiments/05_choropleth_reliability_benchmark/outputs/generated_code_iterative_repair/qwen2.5-coder_7b/deepseek-coder_6.7b/basic/C007_wrong_column_guard_basic_iter02.py,deepseek-coder_6.7b,False,,,,False,
map_static.png,experiments/05_choropleth_reliability_benchmark/outputs/runs_iterative_repair/deepseek-coder_6.7b/basic/deepseek-coder_6.7b_basic_C007_wrong_column_guard_iter02_20260625_001335/map_static.png,False,0,,,,False,,,,,2,,static_png,,basic,,,C007_wrong_column_guard,missing_or_empty,False,deepseek-coder_6.7b,1,experiments/05_choropleth_reliability_benchmark/outputs/runs_iterative_repair/deepseek-coder_6.7b/basic/deepseek-coder_6.7b_basic_C007_wrong_column_guard_iter02_20260625_001335,,experiments/05_choropleth_reliability_benchmark/outputs/generated_code_iterative_repair/deepseek-coder_6.7b/deepseek-coder_6.7b/basic/C007_wrong_column_guard_basic_iter02.py,deepseek-coder_6.7b,False,,,,,
time_series.png,experiments/05_choropleth_reliability_benchmark/outputs/runs_iterative_repair/deepseek-coder_6.7b/basic/deepseek-coder_6.7b_basic_C007_wrong_column_guard_iter02_20260625_001335/time_series.png,False,0,,,,False,,,,,2,,time_series_png,,basic,,,C007_wrong_column_guard,missing_or_empty,False,deepseek-coder_6.7b,1,experiments/05_choropleth_reliability_benchmark/outputs/runs_iterative_repair/deepseek-coder_6.7b/basic/deepseek-coder_6.7b_basic_C007_wrong_column_guard_iter02_20260625_001335,,experiments/05_choropleth_reliability_benchmark/outputs/generated_code_iterative_repair/deepseek-coder_6.7b/deepseek-coder_6.7b/basic/C007_wrong_column_guard_basic_iter02.py,deepseek-coder_6.7b,False,,,,,
map_interactive.html,experiments/05_choropleth_reliability_benchmark/outputs/runs_iterative_repair/deepseek-coder_6.7b/basic/deepseek-coder_6.7b_basic_C007_wrong_column_guard_iter02_20260625_001335/map_interactive.html,False,0,,,,False,,,,,2,,interactive_html,,basic,,,C007_wrong_column_guard,,,deepseek-coder_6.7b,1,experiments/05_choropleth_reliability_benchmark/outputs/runs_iterative_repair/deepseek-coder_6.7b/basic/deepseek-coder_6.7b_basic_C007_wrong_column_guard_iter02_20260625_001335,,experiments/05_choropleth_reliability_benchmark/outputs/generated_code_iterative_repair/deepseek-coder_6.7b/deepseek-coder_6.7b/basic/C007_wrong_column_guard_basic_iter02.py,deepseek-coder_6.7b,False,,,False,,
diagnostics.json,experiments/05_choropleth_reliability_benchmark/outputs/runs_iterative_repair/deepseek-coder_6.7b/basic/deepseek-coder_6.7b_basic_C007_wrong_column_guard_iter02_20260625_001335/diagnostics.json,False,0,,,,False,,,,,2,,diagnostic_json,,basic,,,C007_wrong_column_guard,,,deepseek-coder_6.7b,1,experiments/05_choropleth_reliability_benchmark/outputs/runs_iterative_repair/deepseek-coder_6.7b/basic/deepseek-coder_6.7b_basic_C007_wrong_column_guard_iter02_20260625_001335,,experiments/05_choropleth_reliability_benchmark/outputs/generated_code_iterative_repair/deepseek-coder_6.7b/deepseek-coder_6.7b/basic/C007_wrong_column_guard_basic_iter02.py,deepseek-coder_6.7b,False,,,,False,
map_static.png,experiments/05_choropleth_reliability_benchmark/outputs/runs_iterative_repair/deepseek-coder_6.7b/basic/deepseek-coder_6.7b_basic_C007_wrong_column_guard_iter03_20260624_230910/map_static.png,False,0,,,,False,,,,,3,,static_png,,basic,,,C007_wrong_column_guard,missing_or_empty,False,qwen2.5-coder_7b,1,experiments/05_choropleth_reliability_benchmark/outputs/runs_iterative_repair/deepseek-coder_6.7b/basic/deepseek-coder_6.7b_basic_C007_wrong_column_guard_iter03_20260624_230910,,experiments/05_choropleth_reliability_benchmark/outputs/generated_code_iterative_repair/qwen2.5-coder_7b/deepseek-coder_6.7b/basic/C007_wrong_column_guard_basic_iter03.py,deepseek-coder_6.7b,False,,,,,
time_series.png,experiments/05_choropleth_reliability_benchmark/outputs/runs_iterative_repair/deepseek-coder_6.7b/basic/deepseek-coder_6.7b_basic_C007_wrong_column_guard_iter03_20260624_230910/time_series.png,False,0,,,,False,,,,,3,,time_series_png,,basic,,,C007_wrong_column_guard,missing_or_empty,False,qwen2.5-coder_7b,1,experiments/05_choropleth_reliability_benchmark/outputs/runs_iterative_repair/deepseek-coder_6.7b/basic/deepseek-coder_6.7b_basic_C007_wrong_column_guard_iter03_20260624_230910,,experiments/05_choropleth_reliability_benchmark/outputs/generated_code_iterative_repair/qwen2.5-coder_7b/deepseek-coder_6.7b/basic/C007_wrong_column_guard_basic_iter03.py,deepseek-coder_6.7b,False,,,,,
map_interactive.html,experiments/05_choropleth_reliability_benchmark/outputs/runs_iterative_repair/deepseek-coder_6.7b/basic/deepseek-coder_6.7b_basic_C007_wrong_column_guard_iter03_20260624_230910/map_interactive.html,False,0,,,,False,,,,,3,,interactive_html,,basic,,,C007_wrong_column_guard,,,qwen2.5-coder_7b,1,experiments/05_choropleth_reliability_benchmark/outputs/runs_iterative_repair/deepseek-coder_6.7b/basic/deepseek-coder_6.7b_basic_C007_wrong_column_guard_iter03_20260624_230910,,experiments/05_choropleth_reliability_benchmark/outputs/generated_code_iterative_repair/qwen2.5-coder_7b/deepseek-coder_6.7b/basic/C007_wrong_column_guard_basic_iter03.py,deepseek-coder_6.7b,False,,,False,,
diagnostics.json,experiments/05_choropleth_reliability_benchmark/outputs/runs_iterative_repair/deepseek-coder_6.7b/basic/deepseek-coder_6.7b_basic_C007_wrong_column_guard_iter03_20260624_230910/diagnostics.json,False,0,,,,False,,,,,3,,diagnostic_json,,basic,,,C007_wrong_column_guard,,,qwen2.5-coder_7b,1,experiments/05_choropleth_reliability_benchmark/outputs/runs_iterative_repair/deepseek-coder_6.7b/basic/deepseek-coder_6.7b_basic_C007_wrong_column_guard_iter03_20260624_230910,,experiments/05_choropleth_reliability_benchmark/outputs/generated_code_iterative_repair/qwen2.5-coder_7b/deepseek-coder_6.7b/basic/C007_wrong_column_guard_basic_iter03.py,deepseek-coder_6.7b,False,,,,False,
map_static.png,experiments/05_choropleth_reliability_benchmark/outputs/runs_iterative_repair/deepseek-coder_6.7b/basic/deepseek-coder_6.7b_basic_C008_quantile_classes_iter01_20260624_050908/map_static.png,False,0,,,,False,,,,,1,,static_png,,basic,,,C008_quantile_classes,missing_or_empty,False,qwen2.5-coder_32b,1,experiments/05_choropleth_reliability_benchmark/outputs/runs_iterative_repair/deepseek-coder_6.7b/basic/deepseek-coder_6.7b_basic_C008_quantile_classes_iter01_20260624_050908,,experiments/05_choropleth_reliability_benchmark/outputs/generated_code_iterative_repair/qwen2.5-coder_32b/deepseek-coder_6.7b/basic/C008_quantile_classes_basic_iter01.py,deepseek-coder_6.7b,False,,,,,
time_series.png,experiments/05_choropleth_reliability_benchmark/outputs/runs_iterative_repair/deepseek-coder_6.7b/basic/deepseek-coder_6.7b_basic_C008_quantile_classes_iter01_20260624_050908/time_series.png,False,0,,,,False,,,,,1,,time_series_png,,basic,,,C008_quantile_classes,missing_or_empty,False,qwen2.5-coder_32b,1,experiments/05_choropleth_reliability_benchmark/outputs/runs_iterative_repair/deepseek-coder_6.7b/basic/deepseek-coder_6.7b_basic_C008_quantile_classes_iter01_20260624_050908,,experiments/05_choropleth_reliability_benchmark/outputs/generated_code_iterative_repair/qwen2.5-coder_32b/deepseek-coder_6.7b/basic/C008_quantile_classes_basic_iter01.py,deepseek-coder_6.7b,False,,,,,
map_interactive.html,experiments/05_choropleth_reliability_benchmark/outputs/runs_iterative_repair/deepseek-coder_6.7b/basic/deepseek-coder_6.7b_basic_C008_quantile_classes_iter01_20260624_050908/map_interactive.html,False,0,,,,False,,,,,1,,interactive_html,,basic,,,C008_quantile_classes,,,qwen2.5-coder_32b,1,experiments/05_choropleth_reliability_benchmark/outputs/runs_iterative_repair/deepseek-coder_6.7b/basic/deepseek-coder_6.7b_basic_C008_quantile_classes_iter01_20260624_050908,,experiments/05_choropleth_reliability_benchmark/outputs/generated_code_iterative_repair/qwen2.5-coder_32b/deepseek-coder_6.7b/basic/C008_quantile_classes_basic_iter01.py,deepseek-coder_6.7b,False,,,False,,
diagnostics.json,experiments/05_choropleth_reliability_benchmark/outputs/runs_iterative_repair/deepseek-coder_6.7b/basic/deepseek-coder_6.7b_basic_C008_quantile_classes_iter01_20260624_050908/diagnostics.json,False,0,,,,False,,,,,1,,diagnostic_json,,basic,,,C008_quantile_classes,,,qwen2.5-coder_32b,1,experiments/05_choropleth_reliability_benchmark/outputs/runs_iterative_repair/deepseek-coder_6.7b/basic/deepseek-coder_6.7b_basic_C008_quantile_classes_iter01_20260624_050908,,experiments/05_choropleth_reliability_benchmark/outputs/generated_code_iterative_repair/qwen2.5-coder_32b/deepseek-coder_6.7b/basic/C008_quantile_classes_basic_iter01.py,deepseek-coder_6.7b,False,,,,False,
map_static.png,experiments/05_choropleth_reliability_benchmark/outputs/runs_iterative_repair/deepseek-coder_6.7b/basic/deepseek-coder_6.7b_basic_C008_quantile_classes_iter01_20260624_232427/map_static.png,False,0,,,,False,,,,,1,,static_png,,basic,,,C008_quantile_classes,missing_or_empty,False,qwen2.5-coder_7b,1,experiments/05_choropleth_reliability_benchmark/outputs/runs_iterative_repair/deepseek-coder_6.7b/basic/deepseek-coder_6.7b_basic_C008_quantile_classes_iter01_20260624_232427,,experiments/05_choropleth_reliability_benchmark/outputs/generated_code_iterative_repair/qwen2.5-coder_7b/deepseek-coder_6.7b/basic/C008_quantile_classes_basic_iter01.py,deepseek-coder_6.7b,False,,,,,
time_series.png,experiments/05_choropleth_reliability_benchmark/outputs/runs_iterative_repair/deepseek-coder_6.7b/basic/deepseek-coder_6.7b_basic_C008_quantile_classes_iter01_20260624_232427/time_series.png,False,0,,,,False,,,,,1,,time_series_png,,basic,,,C008_quantile_classes,missing_or_empty,False,qwen2.5-coder_7b,1,experiments/05_choropleth_reliability_benchmark/outputs/runs_iterative_repair/deepseek-coder_6.7b/basic/deepseek-coder_6.7b_basic_C008_quantile_classes_iter01_20260624_232427,,experiments/05_choropleth_reliability_benchmark/outputs/generated_code_iterative_repair/qwen2.5-coder_7b/deepseek-coder_6.7b/basic/C008_quantile_classes_basic_iter01.py,deepseek-coder_6.7b,False,,,,,
map_interactive.html,experiments/05_choropleth_reliability_benchmark/outputs/runs_iterative_repair/deepseek-coder_6.7b/basic/deepseek-coder_6.7b_basic_C008_quantile_classes_iter01_20260624_232427/map_interactive.html,False,0,,,,False,,,,,1,,interactive_html,,basic,,,C008_quantile_classes,,,qwen2.5-coder_7b,1,experiments/05_choropleth_reliability_benchmark/outputs/runs_iterative_repair/deepseek-coder_6.7b/basic/deepseek-coder_6.7b_basic_C008_quantile_classes_iter01_20260624_232427,,experiments/05_choropleth_reliability_benchmark/outputs/generated_code_iterative_repair/qwen2.5-coder_7b/deepseek-coder_6.7b/basic/C008_quantile_classes_basic_iter01.py,deepseek-coder_6.7b,False,,,False,,
diagnostics.json,experiments/05_choropleth_reliability_benchmark/outputs/runs_iterative_repair/deepseek-coder_6.7b/basic/deepseek-coder_6.7b_basic_C008_quantile_classes_iter01_20260624_232427/diagnostics.json,False,0,,,,False,,,,,1,,diagnostic_json,,basic,,,C008_quantile_classes,,,qwen2.5-coder_7b,1,experiments/05_choropleth_reliability_benchmark/outputs/runs_iterative_repair/deepseek-coder_6.7b/basic/deepseek-coder_6.7b_basic_C008_quantile_classes_iter01_20260624_232427,,experiments/05_choropleth_reliability_benchmark/outputs/generated_code_iterative_repair/qwen2.5-coder_7b/deepseek-coder_6.7b/basic/C008_quantile_classes_basic_iter01.py,deepseek-coder_6.7b,False,,,,False,
map_static.png,experiments/05_choropleth_reliability_benchmark/outputs/runs_iterative_repair/deepseek-coder_6.7b/basic/deepseek-coder_6.7b_basic_C008_quantile_classes_iter01_20260625_000032/map_static.png,False,0,,,,False,,,,,1,,static_png,,basic,,,C008_quantile_classes,missing_or_empty,False,qwen2.5-coder_14b,1,experiments/05_choropleth_reliability_benchmark/outputs/runs_iterative_repair/deepseek-coder_6.7b/basic/deepseek-coder_6.7b_basic_C008_quantile_classes_iter01_20260625_000032,,experiments/05_choropleth_reliability_benchmark/outputs/generated_code_iterative_repair/qwen2.5-coder_14b/deepseek-coder_6.7b/basic/C008_quantile_classes_basic_iter01.py,deepseek-coder_6.7b,False,,,,,
time_series.png,experiments/05_choropleth_reliability_benchmark/outputs/runs_iterative_repair/deepseek-coder_6.7b/basic/deepseek-coder_6.7b_basic_C008_quantile_classes_iter01_20260625_000032/time_series.png,False,0,,,,False,,,,,1,,time_series_png,,basic,,,C008_quantile_classes,missing_or_empty,False,qwen2.5-coder_14b,1,experiments/05_choropleth_reliability_benchmark/outputs/runs_iterative_repair/deepseek-coder_6.7b/basic/deepseek-coder_6.7b_basic_C008_quantile_classes_iter01_20260625_000032,,experiments/05_choropleth_reliability_benchmark/outputs/generated_code_iterative_repair/qwen2.5-coder_14b/deepseek-coder_6.7b/basic/C008_quantile_classes_basic_iter01.py,deepseek-coder_6.7b,False,,,,,
map_interactive.html,experiments/05_choropleth_reliability_benchmark/outputs/runs_iterative_repair/deepseek-coder_6.7b/basic/deepseek-coder_6.7b_basic_C008_quantile_classes_iter01_20260625_000032/map_interactive.html,False,0,,,,False,,,,,1,,interactive_html,,basic,,,C008_quantile_classes,,,qwen2.5-coder_14b,1,experiments/05_choropleth_reliability_benchmark/outputs/runs_iterative_repair/deepseek-coder_6.7b/basic/deepseek-coder_6.7b_basic_C008_quantile_classes_iter01_20260625_000032,,experiments/05_choropleth_reliability_benchmark/outputs/generated_code_iterative_repair/qwen2.5-coder_14b/deepseek-coder_6.7b/basic/C008_quantile_classes_basic_iter01.py,deepseek-coder_6.7b,False,,,False,,
diagnostics.json,experiments/05_choropleth_reliability_benchmark/outputs/runs_iterative_repair/deepseek-coder_6.7b/basic/deepseek-coder_6.7b_basic_C008_quantile_classes_iter01_20260625_000032/diagnostics.json,False,0,,,,False,,,,,1,,diagnostic_json,,basic,,,C008_quantile_classes,,,qwen2.5-coder_14b,1,experiments/05_choropleth_reliability_benchmark/outputs/runs_iterative_repair/deepseek-coder_6.7b/basic/deepseek-coder_6.7b_basic_C008_quantile_classes_iter01_20260625_000032,,experiments/05_choropleth_reliability_benchmark/outputs/generated_code_iterative_repair/qwen2.5-coder_14b/deepseek-coder_6.7b/basic/C008_quantile_classes_basic_iter01.py,deepseek-coder_6.7b,False,,,,False,
map_static.png,experiments/05_choropleth_reliability_benchmark/outputs/runs_iterative_repair/deepseek-coder_6.7b/basic/deepseek-coder_6.7b_basic_C008_quantile_classes_iter02_20260624_051003/map_static.png,False,0,,,,False,,,,,2,,static_png,,basic,,,C008_quantile_classes,missing_or_empty,False,qwen2.5-coder_32b,1,experiments/05_choropleth_reliability_benchmark/outputs/runs_iterative_repair/deepseek-coder_6.7b/basic/deepseek-coder_6.7b_basic_C008_quantile_classes_iter02_20260624_051003,,experiments/05_choropleth_reliability_benchmark/outputs/generated_code_iterative_repair/qwen2.5-coder_32b/deepseek-coder_6.7b/basic/C008_quantile_classes_basic_iter02.py,deepseek-coder_6.7b,False,,,,,
time_series.png,experiments/05_choropleth_reliability_benchmark/outputs/runs_iterative_repair/deepseek-coder_6.7b/basic/deepseek-coder_6.7b_basic_C008_quantile_classes_iter02_20260624_051003/time_series.png,False,0,,,,False,,,,,2,,time_series_png,,basic,,,C008_quantile_classes,missing_or_empty,False,qwen2.5-coder_32b,1,experiments/05_choropleth_reliability_benchmark/outputs/runs_iterative_repair/deepseek-coder_6.7b/basic/deepseek-coder_6.7b_basic_C008_quantile_classes_iter02_20260624_051003,,experiments/05_choropleth_reliability_benchmark/outputs/generated_code_iterative_repair/qwen2.5-coder_32b/deepseek-coder_6.7b/basic/C008_quantile_classes_basic_iter02.py,deepseek-coder_6.7b,False,,,,,
map_interactive.html,experiments/05_choropleth_reliability_benchmark/outputs/runs_iterative_repair/deepseek-coder_6.7b/basic/deepseek-coder_6.7b_basic_C008_quantile_classes_iter02_20260624_051003/map_interactive.html,False,0,,,,False,,,,,2,,interactive_html,,basic,,,C008_quantile_classes,,,qwen2.5-coder_32b,1,experiments/05_choropleth_reliability_benchmark/outputs/runs_iterative_repair/deepseek-coder_6.7b/basic/deepseek-coder_6.7b_basic_C008_quantile_classes_iter02_20260624_051003,,experiments/05_choropleth_reliability_benchmark/outputs/generated_code_iterative_repair/qwen2.5-coder_32b/deepseek-coder_6.7b/basic/C008_quantile_classes_basic_iter02.py,deepseek-coder_6.7b,False,,,False,,
diagnostics.json,experiments/05_choropleth_reliability_benchmark/outputs/runs_iterative_repair/deepseek-coder_6.7b/basic/deepseek-coder_6.7b_basic_C008_quantile_classes_iter02_20260624_051003/diagnostics.json,False,0,,,,False,,,,,2,,diagnostic_json,,basic,,,C008_quantile_classes,,,qwen2.5-coder_32b,1,experiments/05_choropleth_reliability_benchmark/outputs/runs_iterative_repair/deepseek-coder_6.7b/basic/deepseek-coder_6.7b_basic_C008_quantile_classes_iter02_20260624_051003,,experiments/05_choropleth_reliability_benchmark/outputs/generated_code_iterative_repair/qwen2.5-coder_32b/deepseek-coder_6.7b/basic/C008_quantile_classes_basic_iter02.py,deepseek-coder_6.7b,False,,,,False,
map_static.png,experiments/05_choropleth_reliability_benchmark/outputs/runs_iterative_repair/deepseek-coder_6.7b/basic/deepseek-coder_6.7b_basic_C008_quantile_classes_iter02_20260624_232444/map_static.png,False,0,,,,False,,,,,2,,static_png,,basic,,,C008_quantile_classes,missing_or_empty,False,qwen2.5-coder_7b,1,experiments/05_choropleth_reliability_benchmark/outputs/runs_iterative_repair/deepseek-coder_6.7b/basic/deepseek-coder_6.7b_basic_C008_quantile_classes_iter02_20260624_232444,,experiments/05_choropleth_reliability_benchmark/outputs/generated_code_iterative_repair/qwen2.5-coder_7b/deepseek-coder_6.7b/basic/C008_quantile_classes_basic_iter02.py,deepseek-coder_6.7b,False,,,,,
time_series.png,experiments/05_choropleth_reliability_benchmark/outputs/runs_iterative_repair/deepseek-coder_6.7b/basic/deepseek-coder_6.7b_basic_C008_quantile_classes_iter02_20260624_232444/time_series.png,False,0,,,,False,,,,,2,,time_series_png,,basic,,,C008_quantile_classes,missing_or_empty,False,qwen2.5-coder_7b,1,experiments/05_choropleth_reliability_benchmark/outputs/runs_iterative_repair/deepseek-coder_6.7b/basic/deepseek-coder_6.7b_basic_C008_quantile_classes_iter02_20260624_232444,,experiments/05_choropleth_reliability_benchmark/outputs/generated_code_iterative_repair/qwen2.5-coder_7b/deepseek-coder_6.7b/basic/C008_quantile_classes_basic_iter02.py,deepseek-coder_6.7b,False,,,,,
map_interactive.html,experiments/05_choropleth_reliability_benchmark/outputs/runs_iterative_repair/deepseek-coder_6.7b/basic/deepseek-coder_6.7b_basic_C008_quantile_classes_iter02_20260624_232444/map_interactive.html,False,0,,,,False,,,,,2,,interactive_html,,basic,,,C008_quantile_classes,,,qwen2.5-coder_7b,1,experiments/05_choropleth_reliability_benchmark/outputs/runs_iterative_repair/deepseek-coder_6.7b/basic/deepseek-coder_6.7b_basic_C008_quantile_classes_iter02_20260624_232444,,experiments/05_choropleth_reliability_benchmark/outputs/generated_code_iterative_repair/qwen2.5-coder_7b/deepseek-coder_6.7b/basic/C008_quantile_classes_basic_iter02.py,deepseek-coder_6.7b,False,,,False,,
diagnostics.json,experiments/05_choropleth_reliability_benchmark/outputs/runs_iterative_repair/deepseek-coder_6.7b/basic/deepseek-coder_6.7b_basic_C008_quantile_classes_iter02_20260624_232444/diagnostics.json,False,0,,,,False,,,,,2,,diagnostic_json,,basic,,,C008_quantile_classes,,,qwen2.5-coder_7b,1,experiments/05_choropleth_reliability_benchmark/outputs/runs_iterative_repair/deepseek-coder_6.7b/basic/deepseek-coder_6.7b_basic_C008_quantile_classes_iter02_20260624_232444,,experiments/05_choropleth_reliability_benchmark/outputs/generated_code_iterative_repair/qwen2.5-coder_7b/deepseek-coder_6.7b/basic/C008_quantile_classes_basic_iter02.py,deepseek-coder_6.7b,False,,,,False,
map_static.png,experiments/05_choropleth_reliability_benchmark/outputs/runs_iterative_repair/deepseek-coder_6.7b/basic/deepseek-coder_6.7b_basic_C008_quantile_classes_iter02_20260625_000056/map_static.png,False,0,,,,False,,,,,2,,static_png,,basic,,,C008_quantile_classes,missing_or_empty,False,qwen2.5-coder_14b,1,experiments/05_choropleth_reliability_benchmark/outputs/runs_iterative_repair/deepseek-coder_6.7b/basic/deepseek-coder_6.7b_basic_C008_quantile_classes_iter02_20260625_000056,,experiments/05_choropleth_reliability_benchmark/outputs/generated_code_iterative_repair/qwen2.5-coder_14b/deepseek-coder_6.7b/basic/C008_quantile_classes_basic_iter02.py,deepseek-coder_6.7b,False,,,,,
time_series.png,experiments/05_choropleth_reliability_benchmark/outputs/runs_iterative_repair/deepseek-coder_6.7b/basic/deepseek-coder_6.7b_basic_C008_quantile_classes_iter02_20260625_000056/time_series.png,False,0,,,,False,,,,,2,,time_series_png,,basic,,,C008_quantile_classes,missing_or_empty,False,qwen2.5-coder_14b,1,experiments/05_choropleth_reliability_benchmark/outputs/runs_iterative_repair/deepseek-coder_6.7b/basic/deepseek-coder_6.7b_basic_C008_quantile_classes_iter02_20260625_000056,,experiments/05_choropleth_reliability_benchmark/outputs/generated_code_iterative_repair/qwen2.5-coder_14b/deepseek-coder_6.7b/basic/C008_quantile_classes_basic_iter02.py,deepseek-coder_6.7b,False,,,,,
map_interactive.html,experiments/05_choropleth_reliability_benchmark/outputs/runs_iterative_repair/deepseek-coder_6.7b/basic/deepseek-coder_6.7b_basic_C008_quantile_classes_iter02_20260625_000056/map_interactive.html,False,0,,,,False,,,,,2,,interactive_html,,basic,,,C008_quantile_classes,,,qwen2.5-coder_14b,1,experiments/05_choropleth_reliability_benchmark/outputs/runs_iterative_repair/deepseek-coder_6.7b/basic/deepseek-coder_6.7b_basic_C008_quantile_classes_iter02_20260625_000056,,experiments/05_choropleth_reliability_benchmark/outputs/generated_code_iterative_repair/qwen2.5-coder_14b/deepseek-coder_6.7b/basic/C008_quantile_classes_basic_iter02.py,deepseek-coder_6.7b,False,,,False,,
diagnostics.json,experiments/05_choropleth_reliability_benchmark/outputs/runs_iterative_repair/deepseek-coder_6.7b/basic/deepseek-coder_6.7b_basic_C008_quantile_classes_iter02_20260625_000056/diagnostics.json,False,0,,,,False,,,,,2,,diagnostic_json,,basic,,,C008_quantile_classes,,,qwen2.5-coder_14b,1,experiments/05_choropleth_reliability_benchmark/outputs/runs_iterative_repair/deepseek-coder_6.7b/basic/deepseek-coder_6.7b_basic_C008_quantile_classes_iter02_20260625_000056,,experiments/05_choropleth_reliability_benchmark/outputs/generated_code_iterative_repair/qwen2.5-coder_14b/deepseek-coder_6.7b/basic/C008_quantile_classes_basic_iter02.py,deepseek-coder_6.7b,False,,,,False,
map_static.png,experiments/05_choropleth_reliability_benchmark/outputs/runs_iterative_repair/deepseek-coder_6.7b/basic/deepseek-coder_6.7b_basic_C008_quantile_classes_iter03_20260624_062832/map_static.png,True,45152,0.0248,255,12.389,True,,,,480,3,,static_png,242.404,basic,0.9822,0.1242,C008_quantile_classes,,True,qwen2.5-coder_32b,1,experiments/05_choropleth_reliability_benchmark/outputs/runs_iterative_repair/deepseek-coder_6.7b/basic/deepseek-coder_6.7b_basic_C008_quantile_classes_iter03_20260624_062832,0.0244,experiments/05_choropleth_reliability_benchmark/outputs/generated_code_iterative_repair/qwen2.5-coder_32b/deepseek-coder_6.7b/basic/C008_quantile_classes_basic_iter03.py,deepseek-coder_6.7b,False,,48,,,640
time_series.png,experiments/05_choropleth_reliability_benchmark/outputs/runs_iterative_repair/deepseek-coder_6.7b/basic/deepseek-coder_6.7b_basic_C008_quantile_classes_iter03_20260624_062832/time_series.png,False,0,,,,False,,,,,3,,time_series_png,,basic,,,C008_quantile_classes,missing_or_empty,False,qwen2.5-coder_32b,1,experiments/05_choropleth_reliability_benchmark/outputs/runs_iterative_repair/deepseek-coder_6.7b/basic/deepseek-coder_6.7b_basic_C008_quantile_classes_iter03_20260624_062832,,experiments/05_choropleth_reliability_benchmark/outputs/generated_code_iterative_repair/qwen2.5-coder_32b/deepseek-coder_6.7b/basic/C008_quantile_classes_basic_iter03.py,deepseek-coder_6.7b,False,,,,,
map_interactive.html,experiments/05_choropleth_reliability_benchmark/outputs/runs_iterative_repair/deepseek-coder_6.7b/basic/deepseek-coder_6.7b_basic_C008_quantile_classes_iter03_20260624_062832/map_interactive.html,False,0,,,,False,,,,,3,,interactive_html,,basic,,,C008_quantile_classes,,,qwen2.5-coder_32b,1,experiments/05_choropleth_reliability_benchmark/outputs/runs_iterative_repair/deepseek-coder_6.7b/basic/deepseek-coder_6.7b_basic_C008_quantile_classes_iter03_20260624_062832,,experiments/05_choropleth_reliability_benchmark/outputs/generated_code_iterative_repair/qwen2.5-coder_32b/deepseek-coder_6.7b/basic/C008_quantile_classes_basic_iter03.py,deepseek-coder_6.7b,False,,,False,,
diagnostics.json,experiments/05_choropleth_reliability_benchmark/outputs/runs_iterative_repair/deepseek-coder_6.7b/basic/deepseek-coder_6.7b_basic_C008_quantile_classes_iter03_20260624_062832/diagnostics.json,False,0,,,,False,,,,,3,,diagnostic_json,,basic,,,C008_quantile_classes,,,qwen2.5-coder_32b,1,experiments/05_choropleth_reliability_benchmark/outputs/runs_iterative_repair/deepseek-coder_6.7b/basic/deepseek-coder_6.7b_basic_C008_quantile_classes_iter03_20260624_062832,,experiments/05_choropleth_reliability_benchmark/outputs/generated_code_iterative_repair/qwen2.5-coder_32b/deepseek-coder_6.7b/basic/C008_quantile_classes_basic_iter03.py,deepseek-coder_6.7b,False,,,,False,
map_static.png,experiments/05_choropleth_reliability_benchmark/outputs/runs_iterative_repair/deepseek-coder_6.7b/basic/deepseek-coder_6.7b_basic_C008_quantile_classes_iter03_20260624_232508/map_static.png,False,0,,,,False,,,,,3,,static_png,,basic,,,C008_quantile_classes,missing_or_empty,False,qwen2.5-coder_7b,1,experiments/05_choropleth_reliability_benchmark/outputs/runs_iterative_repair/deepseek-coder_6.7b/basic/deepseek-coder_6.7b_basic_C008_quantile_classes_iter03_20260624_232508,,experiments/05_choropleth_reliability_benchmark/outputs/generated_code_iterative_repair/qwen2.5-coder_7b/deepseek-coder_6.7b/basic/C008_quantile_classes_basic_iter03.py,deepseek-coder_6.7b,False,,,,,
time_series.png,experiments/05_choropleth_reliability_benchmark/outputs/runs_iterative_repair/deepseek-coder_6.7b/basic/deepseek-coder_6.7b_basic_C008_quantile_classes_iter03_20260624_232508/time_series.png,False,0,,,,False,,,,,3,,time_series_png,,basic,,,C008_quantile_classes,missing_or_empty,False,qwen2.5-coder_7b,1,experiments/05_choropleth_reliability_benchmark/outputs/runs_iterative_repair/deepseek-coder_6.7b/basic/deepseek-coder_6.7b_basic_C008_quantile_classes_iter03_20260624_232508,,experiments/05_choropleth_reliability_benchmark/outputs/generated_code_iterative_repair/qwen2.5-coder_7b/deepseek-coder_6.7b/basic/C008_quantile_classes_basic_iter03.py,deepseek-coder_6.7b,False,,,,,
map_interactive.html,experiments/05_choropleth_reliability_benchmark/outputs/runs_iterative_repair/deepseek-coder_6.7b/basic/deepseek-coder_6.7b_basic_C008_quantile_classes_iter03_20260624_232508/map_interactive.html,False,0,,,,False,,,,,3,,interactive_html,,basic,,,C008_quantile_classes,,,qwen2.5-coder_7b,1,experiments/05_choropleth_reliability_benchmark/outputs/runs_iterative_repair/deepseek-coder_6.7b/basic/deepseek-coder_6.7b_basic_C008_quantile_classes_iter03_20260624_232508,,experiments/05_choropleth_reliability_benchmark/outputs/generated_code_iterative_repair/qwen2.5-coder_7b/deepseek-coder_6.7b/basic/C008_quantile_classes_basic_iter03.py,deepseek-coder_6.7b,False,,,False,,
diagnostics.json,experiments/05_choropleth_reliability_benchmark/outputs/runs_iterative_repair/deepseek-coder_6.7b/basic/deepseek-coder_6.7b_basic_C008_quantile_classes_iter03_20260624_232508/diagnostics.json,False,0,,,,False,,,,,3,,diagnostic_json,,basic,,,C008_quantile_classes,,,qwen2.5-coder_7b,1,experiments/05_choropleth_reliability_benchmark/outputs/runs_iterative_repair/deepseek-coder_6.7b/basic/deepseek-coder_6.7b_basic_C008_quantile_classes_iter03_20260624_232508,,experiments/05_choropleth_reliability_benchmark/outputs/generated_code_iterative_repair/qwen2.5-coder_7b/deepseek-coder_6.7b/basic/C008_quantile_classes_basic_iter03.py,deepseek-coder_6.7b,False,,,,False,
map_static.png,experiments/05_choropleth_reliability_benchmark/outputs/runs_iterative_repair/deepseek-coder_6.7b/basic/deepseek-coder_6.7b_basic_C008_quantile_classes_iter03_20260625_000120/map_static.png,False,0,,,,False,,,,,3,,static_png,,basic,,,C008_quantile_classes,missing_or_empty,False,qwen2.5-coder_14b,1,experiments/05_choropleth_reliability_benchmark/outputs/runs_iterative_repair/deepseek-coder_6.7b/basic/deepseek-coder_6.7b_basic_C008_quantile_classes_iter03_20260625_000120,,experiments/05_choropleth_reliability_benchmark/outputs/generated_code_iterative_repair/qwen2.5-coder_14b/deepseek-coder_6.7b/basic/C008_quantile_classes_basic_iter03.py,deepseek-coder_6.7b,False,,,,,
time_series.png,experiments/05_choropleth_reliability_benchmark/outputs/runs_iterative_repair/deepseek-coder_6.7b/basic/deepseek-coder_6.7b_basic_C008_quantile_classes_iter03_20260625_000120/time_series.png,False,0,,,,False,,,,,3,,time_series_png,,basic,,,C008_quantile_classes,missing_or_empty,False,qwen2.5-coder_14b,1,experiments/05_choropleth_reliability_benchmark/outputs/runs_iterative_repair/deepseek-coder_6.7b/basic/deepseek-coder_6.7b_basic_C008_quantile_classes_iter03_20260625_000120,,experiments/05_choropleth_reliability_benchmark/outputs/generated_code_iterative_repair/qwen2.5-coder_14b/deepseek-coder_6.7b/basic/C008_quantile_classes_basic_iter03.py,deepseek-coder_6.7b,False,,,,,
map_interactive.html,experiments/05_choropleth_reliability_benchmark/outputs/runs_iterative_repair/deepseek-coder_6.7b/basic/deepseek-coder_6.7b_basic_C008_quantile_classes_iter03_20260625_000120/map_interactive.html,False,0,,,,False,,,,,3,,interactive_html,,basic,,,C008_quantile_classes,,,qwen2.5-coder_14b,1,experiments/05_choropleth_reliability_benchmark/outputs/runs_iterative_repair/deepseek-coder_6.7b/basic/deepseek-coder_6.7b_basic_C008_quantile_classes_iter03_20260625_000120,,experiments/05_choropleth_reliability_benchmark/outputs/generated_code_iterative_repair/qwen2.5-coder_14b/deepseek-coder_6.7b/basic/C008_quantile_classes_basic_iter03.py,deepseek-coder_6.7b,False,,,False,,
diagnostics.json,experiments/05_choropleth_reliability_benchmark/outputs/runs_iterative_repair/deepseek-coder_6.7b/basic/deepseek-coder_6.7b_basic_C008_quantile_classes_iter03_20260625_000120/diagnostics.json,False,0,,,,False,,,,,3,,diagnostic_json,,basic,,,C008_quantile_classes,,,qwen2.5-coder_14b,1,experiments/05_choropleth_reliability_benchmark/outputs/runs_iterative_repair/deepseek-coder_6.7b/basic/deepseek-coder_6.7b_basic_C008_quantile_classes_iter03_20260625_000120,,experiments/05_choropleth_reliability_benchmark/outputs/generated_code_iterative_repair/qwen2.5-coder_14b/deepseek-coder_6.7b/basic/C008_quantile_classes_basic_iter03.py,deepseek-coder_6.7b,False,,,,False,
map_static.png,experiments/05_choropleth_reliability_benchmark/outputs/runs_iterative_repair/deepseek-coder_6.7b/basic/deepseek-coder_6.7b_basic_C009_colorblind_safe_iter01_20260624_043653/map_static.png,False,0,,,,False,,,,,1,,static_png,,basic,,,C009_colorblind_safe,missing_or_empty,False,qwen2.5-coder_32b,1,experiments/05_choropleth_reliability_benchmark/outputs/runs_iterative_repair/deepseek-coder_6.7b/basic/deepseek-coder_6.7b_basic_C009_colorblind_safe_iter01_20260624_043653,,experiments/05_choropleth_reliability_benchmark/outputs/generated_code_iterative_repair/qwen2.5-coder_32b/deepseek-coder_6.7b/basic/C009_colorblind_safe_basic_iter01.py,deepseek-coder_6.7b,False,,,,,
time_series.png,experiments/05_choropleth_reliability_benchmark/outputs/runs_iterative_repair/deepseek-coder_6.7b/basic/deepseek-coder_6.7b_basic_C009_colorblind_safe_iter01_20260624_043653/time_series.png,False,0,,,,False,,,,,1,,time_series_png,,basic,,,C009_colorblind_safe,missing_or_empty,False,qwen2.5-coder_32b,1,experiments/05_choropleth_reliability_benchmark/outputs/runs_iterative_repair/deepseek-coder_6.7b/basic/deepseek-coder_6.7b_basic_C009_colorblind_safe_iter01_20260624_043653,,experiments/05_choropleth_reliability_benchmark/outputs/generated_code_iterative_repair/qwen2.5-coder_32b/deepseek-coder_6.7b/basic/C009_colorblind_safe_basic_iter01.py,deepseek-coder_6.7b,False,,,,,
map_interactive.html,experiments/05_choropleth_reliability_benchmark/outputs/runs_iterative_repair/deepseek-coder_6.7b/basic/deepseek-coder_6.7b_basic_C009_colorblind_safe_iter01_20260624_043653/map_interactive.html,False,0,,,,False,,,,,1,,interactive_html,,basic,,,C009_colorblind_safe,,,qwen2.5-coder_32b,1,experiments/05_choropleth_reliability_benchmark/outputs/runs_iterative_repair/deepseek-coder_6.7b/basic/deepseek-coder_6.7b_basic_C009_colorblind_safe_iter01_20260624_043653,,experiments/05_choropleth_reliability_benchmark/outputs/generated_code_iterative_repair/qwen2.5-coder_32b/deepseek-coder_6.7b/basic/C009_colorblind_safe_basic_iter01.py,deepseek-coder_6.7b,False,,,False,,
diagnostics.json,experiments/05_choropleth_reliability_benchmark/outputs/runs_iterative_repair/deepseek-coder_6.7b/basic/deepseek-coder_6.7b_basic_C009_colorblind_safe_iter01_20260624_043653/diagnostics.json,False,0,,,,False,,,,,1,,diagnostic_json,,basic,,,C009_colorblind_safe,,,qwen2.5-coder_32b,1,experiments/05_choropleth_reliability_benchmark/outputs/runs_iterative_repair/deepseek-coder_6.7b/basic/deepseek-coder_6.7b_basic_C009_colorblind_safe_iter01_20260624_043653,,experiments/05_choropleth_reliability_benchmark/outputs/generated_code_iterative_repair/qwen2.5-coder_32b/deepseek-coder_6.7b/basic/C009_colorblind_safe_basic_iter01.py,deepseek-coder_6.7b,False,,,,False,
map_static.png,experiments/05_choropleth_reliability_benchmark/outputs/runs_iterative_repair/deepseek-coder_6.7b/basic/deepseek-coder_6.7b_basic_C009_colorblind_safe_iter01_20260624_231259/map_static.png,False,0,,,,False,,,,,1,,static_png,,basic,,,C009_colorblind_safe,missing_or_empty,False,qwen2.5-coder_7b,1,experiments/05_choropleth_reliability_benchmark/outputs/runs_iterative_repair/deepseek-coder_6.7b/basic/deepseek-coder_6.7b_basic_C009_colorblind_safe_iter01_20260624_231259,,experiments/05_choropleth_reliability_benchmark/outputs/generated_code_iterative_repair/qwen2.5-coder_7b/deepseek-coder_6.7b/basic/C009_colorblind_safe_basic_iter01.py,deepseek-coder_6.7b,False,,,,,
time_series.png,experiments/05_choropleth_reliability_benchmark/outputs/runs_iterative_repair/deepseek-coder_6.7b/basic/deepseek-coder_6.7b_basic_C009_colorblind_safe_iter01_20260624_231259/time_series.png,False,0,,,,False,,,,,1,,time_series_png,,basic,,,C009_colorblind_safe,missing_or_empty,False,qwen2.5-coder_7b,1,experiments/05_choropleth_reliability_benchmark/outputs/runs_iterative_repair/deepseek-coder_6.7b/basic/deepseek-coder_6.7b_basic_C009_colorblind_safe_iter01_20260624_231259,,experiments/05_choropleth_reliability_benchmark/outputs/generated_code_iterative_repair/qwen2.5-coder_7b/deepseek-coder_6.7b/basic/C009_colorblind_safe_basic_iter01.py,deepseek-coder_6.7b,False,,,,,
map_interactive.html,experiments/05_choropleth_reliability_benchmark/outputs/runs_iterative_repair/deepseek-coder_6.7b/basic/deepseek-coder_6.7b_basic_C009_colorblind_safe_iter01_20260624_231259/map_interactive.html,False,0,,,,False,,,,,1,,interactive_html,,basic,,,C009_colorblind_safe,,,qwen2.5-coder_7b,1,experiments/05_choropleth_reliability_benchmark/outputs/runs_iterative_repair/deepseek-coder_6.7b/basic/deepseek-coder_6.7b_basic_C009_colorblind_safe_iter01_20260624_231259,,experiments/05_choropleth_reliability_benchmark/outputs/generated_code_iterative_repair/qwen2.5-coder_7b/deepseek-coder_6.7b/basic/C009_colorblind_safe_basic_iter01.py,deepseek-coder_6.7b,False,,,False,,
diagnostics.json,experiments/05_choropleth_reliability_benchmark/outputs/runs_iterative_repair/deepseek-coder_6.7b/basic/deepseek-coder_6.7b_basic_C009_colorblind_safe_iter01_20260624_231259/diagnostics.json,False,0,,,,False,,,,,1,,diagnostic_json,,basic,,,C009_colorblind_safe,,,qwen2.5-coder_7b,1,experiments/05_choropleth_reliability_benchmark/outputs/runs_iterative_repair/deepseek-coder_6.7b/basic/deepseek-coder_6.7b_basic_C009_colorblind_safe_iter01_20260624_231259,,experiments/05_choropleth_reliability_benchmark/outputs/generated_code_iterative_repair/qwen2.5-coder_7b/deepseek-coder_6.7b/basic/C009_colorblind_safe_basic_iter01.py,deepseek-coder_6.7b,False,,,,False,
map_static.png,experiments/05_choropleth_reliability_benchmark/outputs/runs_iterative_repair/deepseek-coder_6.7b/basic/deepseek-coder_6.7b_basic_C009_colorblind_safe_iter01_20260624_234124/map_static.png,False,0,,,,False,,,,,1,,static_png,,basic,,,C009_colorblind_safe,missing_or_empty,False,qwen2.5-coder_14b,1,experiments/05_choropleth_reliability_benchmark/outputs/runs_iterative_repair/deepseek-coder_6.7b/basic/deepseek-coder_6.7b_basic_C009_colorblind_safe_iter01_20260624_234124,,experiments/05_choropleth_reliability_benchmark/outputs/generated_code_iterative_repair/qwen2.5-coder_14b/deepseek-coder_6.7b/basic/C009_colorblind_safe_basic_iter01.py,deepseek-coder_6.7b,False,,,,,
time_series.png,experiments/05_choropleth_reliability_benchmark/outputs/runs_iterative_repair/deepseek-coder_6.7b/basic/deepseek-coder_6.7b_basic_C009_colorblind_safe_iter01_20260624_234124/time_series.png,False,0,,,,False,,,,,1,,time_series_png,,basic,,,C009_colorblind_safe,missing_or_empty,False,qwen2.5-coder_14b,1,experiments/05_choropleth_reliability_benchmark/outputs/runs_iterative_repair/deepseek-coder_6.7b/basic/deepseek-coder_6.7b_basic_C009_colorblind_safe_iter01_20260624_234124,,experiments/05_choropleth_reliability_benchmark/outputs/generated_code_iterative_repair/qwen2.5-coder_14b/deepseek-coder_6.7b/basic/C009_colorblind_safe_basic_iter01.py,deepseek-coder_6.7b,False,,,,,
map_interactive.html,experiments/05_choropleth_reliability_benchmark/outputs/runs_iterative_repair/deepseek-coder_6.7b/basic/deepseek-coder_6.7b_basic_C009_colorblind_safe_iter01_20260624_234124/map_interactive.html,False,0,,,,False,,,,,1,,interactive_html,,basic,,,C009_colorblind_safe,,,qwen2.5-coder_14b,1,experiments/05_choropleth_reliability_benchmark/outputs/runs_iterative_repair/deepseek-coder_6.7b/basic/deepseek-coder_6.7b_basic_C009_colorblind_safe_iter01_20260624_234124,,experiments/05_choropleth_reliability_benchmark/outputs/generated_code_iterative_repair/qwen2.5-coder_14b/deepseek-coder_6.7b/basic/C009_colorblind_safe_basic_iter01.py,deepseek-coder_6.7b,False,,,False,,
diagnostics.json,experiments/05_choropleth_reliability_benchmark/outputs/runs_iterative_repair/deepseek-coder_6.7b/basic/deepseek-coder_6.7b_basic_C009_colorblind_safe_iter01_20260624_234124/diagnostics.json,False,0,,,,False,,,,,1,,diagnostic_json,,basic,,,C009_colorblind_safe,,,qwen2.5-coder_14b,1,experiments/05_choropleth_reliability_benchmark/outputs/runs_iterative_repair/deepseek-coder_6.7b/basic/deepseek-coder_6.7b_basic_C009_colorblind_safe_iter01_20260624_234124,,experiments/05_choropleth_reliability_benchmark/outputs/generated_code_iterative_repair/qwen2.5-coder_14b/deepseek-coder_6.7b/basic/C009_colorblind_safe_basic_iter01.py,deepseek-coder_6.7b,False,,,,False,
map_static.png,experiments/05_choropleth_reliability_benchmark/outputs/runs_iterative_repair/deepseek-coder_6.7b/basic/deepseek-coder_6.7b_basic_C009_colorblind_safe_iter02_20260624_043731/map_static.png,True,72331,0.0076,255,6.450,True,,,,800,2,,static_png,243.264,basic,0.9941,0.1417,C009_colorblind_safe,,True,qwen2.5-coder_32b,0,experiments/05_choropleth_reliability_benchmark/outputs/runs_iterative_repair/deepseek-coder_6.7b/basic/deepseek-coder_6.7b_basic_C009_colorblind_safe_iter02_20260624_043731,0.0396,experiments/05_choropleth_reliability_benchmark/outputs/generated_code_iterative_repair/qwen2.5-coder_32b/deepseek-coder_6.7b/basic/C009_colorblind_safe_basic_iter02.py,deepseek-coder_6.7b,False,,38,,,1000
time_series.png,experiments/05_choropleth_reliability_benchmark/outputs/runs_iterative_repair/deepseek-coder_6.7b/basic/deepseek-coder_6.7b_basic_C009_colorblind_safe_iter02_20260624_043731/time_series.png,False,0,,,,False,,,,,2,,time_series_png,,basic,,,C009_colorblind_safe,missing_or_empty,False,qwen2.5-coder_32b,0,experiments/05_choropleth_reliability_benchmark/outputs/runs_iterative_repair/deepseek-coder_6.7b/basic/deepseek-coder_6.7b_basic_C009_colorblind_safe_iter02_20260624_043731,,experiments/05_choropleth_reliability_benchmark/outputs/generated_code_iterative_repair/qwen2.5-coder_32b/deepseek-coder_6.7b/basic/C009_colorblind_safe_basic_iter02.py,deepseek-coder_6.7b,False,,,,,
map_interactive.html,experiments/05_choropleth_reliability_benchmark/outputs/runs_iterative_repair/deepseek-coder_6.7b/basic/deepseek-coder_6.7b_basic_C009_colorblind_safe_iter02_20260624_043731/map_interactive.html,False,0,,,,False,,,,,2,,interactive_html,,basic,,,C009_colorblind_safe,,,qwen2.5-coder_32b,0,experiments/05_choropleth_reliability_benchmark/outputs/runs_iterative_repair/deepseek-coder_6.7b/basic/deepseek-coder_6.7b_basic_C009_colorblind_safe_iter02_20260624_043731,,experiments/05_choropleth_reliability_benchmark/outputs/generated_code_iterative_repair/qwen2.5-coder_32b/deepseek-coder_6.7b/basic/C009_colorblind_safe_basic_iter02.py,deepseek-coder_6.7b,False,,,False,,
diagnostics.json,experiments/05_choropleth_reliability_benchmark/outputs/runs_iterative_repair/deepseek-coder_6.7b/basic/deepseek-coder_6.7b_basic_C009_colorblind_safe_iter02_20260624_043731/diagnostics.json,True,95,,,,True,,,,,2,,diagnostic_json,,basic,,,C009_colorblind_safe,,,qwen2.5-coder_32b,0,experiments/05_choropleth_reliability_benchmark/outputs/runs_iterative_repair/deepseek-coder_6.7b/basic/deepseek-coder_6.7b_basic_C009_colorblind_safe_iter02_20260624_043731,,experiments/05_choropleth_reliability_benchmark/outputs/generated_code_iterative_repair/qwen2.5-coder_32b/deepseek-coder_6.7b/basic/C009_colorblind_safe_basic_iter02.py,deepseek-coder_6.7b,False,3,,,True,
map_static.png,experiments/05_choropleth_reliability_benchmark/outputs/runs_iterative_repair/deepseek-coder_6.7b/basic/deepseek-coder_6.7b_basic_C009_colorblind_safe_iter02_20260624_231312/map_static.png,False,0,,,,False,,,,,2,,static_png,,basic,,,C009_colorblind_safe,missing_or_empty,False,qwen2.5-coder_7b,1,experiments/05_choropleth_reliability_benchmark/outputs/runs_iterative_repair/deepseek-coder_6.7b/basic/deepseek-coder_6.7b_basic_C009_colorblind_safe_iter02_20260624_231312,,experiments/05_choropleth_reliability_benchmark/outputs/generated_code_iterative_repair/qwen2.5-coder_7b/deepseek-coder_6.7b/basic/C009_colorblind_safe_basic_iter02.py,deepseek-coder_6.7b,False,,,,,
time_series.png,experiments/05_choropleth_reliability_benchmark/outputs/runs_iterative_repair/deepseek-coder_6.7b/basic/deepseek-coder_6.7b_basic_C009_colorblind_safe_iter02_20260624_231312/time_series.png,False,0,,,,False,,,,,2,,time_series_png,,basic,,,C009_colorblind_safe,missing_or_empty,False,qwen2.5-coder_7b,1,experiments/05_choropleth_reliability_benchmark/outputs/runs_iterative_repair/deepseek-coder_6.7b/basic/deepseek-coder_6.7b_basic_C009_colorblind_safe_iter02_20260624_231312,,experiments/05_choropleth_reliability_benchmark/outputs/generated_code_iterative_repair/qwen2.5-coder_7b/deepseek-coder_6.7b/basic/C009_colorblind_safe_basic_iter02.py,deepseek-coder_6.7b,False,,,,,
map_interactive.html,experiments/05_choropleth_reliability_benchmark/outputs/runs_iterative_repair/deepseek-coder_6.7b/basic/deepseek-coder_6.7b_basic_C009_colorblind_safe_iter02_20260624_231312/map_interactive.html,False,0,,,,False,,,,,2,,interactive_html,,basic,,,C009_colorblind_safe,,,qwen2.5-coder_7b,1,experiments/05_choropleth_reliability_benchmark/outputs/runs_iterative_repair/deepseek-coder_6.7b/basic/deepseek-coder_6.7b_basic_C009_colorblind_safe_iter02_20260624_231312,,experiments/05_choropleth_reliability_benchmark/outputs/generated_code_iterative_repair/qwen2.5-coder_7b/deepseek-coder_6.7b/basic/C009_colorblind_safe_basic_iter02.py,deepseek-coder_6.7b,False,,,False,,
diagnostics.json,experiments/05_choropleth_reliability_benchmark/outputs/runs_iterative_repair/deepseek-coder_6.7b/basic/deepseek-coder_6.7b_basic_C009_colorblind_safe_iter02_20260624_231312/diagnostics.json,False,0,,,,False,,,,,2,,diagnostic_json,,basic,,,C009_colorblind_safe,,,qwen2.5-coder_7b,1,experiments/05_choropleth_reliability_benchmark/outputs/runs_iterative_repair/deepseek-coder_6.7b/basic/deepseek-coder_6.7b_basic_C009_colorblind_safe_iter02_20260624_231312,,experiments/05_choropleth_reliability_benchmark/outputs/generated_code_iterative_repair/qwen2.5-coder_7b/deepseek-coder_6.7b/basic/C009_colorblind_safe_basic_iter02.py,deepseek-coder_6.7b,False,,,,False,
map_static.png,experiments/05_choropleth_reliability_benchmark/outputs/runs_iterative_repair/deepseek-coder_6.7b/basic/deepseek-coder_6.7b_basic_C009_colorblind_safe_iter02_20260624_234145/map_static.png,False,0,,,,False,,,,,2,,static_png,,basic,,,C009_colorblind_safe,missing_or_empty,False,qwen2.5-coder_14b,1,experiments/05_choropleth_reliability_benchmark/outputs/runs_iterative_repair/deepseek-coder_6.7b/basic/deepseek-coder_6.7b_basic_C009_colorblind_safe_iter02_20260624_234145,,experiments/05_choropleth_reliability_benchmark/outputs/generated_code_iterative_repair/qwen2.5-coder_14b/deepseek-coder_6.7b/basic/C009_colorblind_safe_basic_iter02.py,deepseek-coder_6.7b,False,,,,,
time_series.png,experiments/05_choropleth_reliability_benchmark/outputs/runs_iterative_repair/deepseek-coder_6.7b/basic/deepseek-coder_6.7b_basic_C009_colorblind_safe_iter02_20260624_234145/time_series.png,False,0,,,,False,,,,,2,,time_series_png,,basic,,,C009_colorblind_safe,missing_or_empty,False,qwen2.5-coder_14b,1,experiments/05_choropleth_reliability_benchmark/outputs/runs_iterative_repair/deepseek-coder_6.7b/basic/deepseek-coder_6.7b_basic_C009_colorblind_safe_iter02_20260624_234145,,experiments/05_choropleth_reliability_benchmark/outputs/generated_code_iterative_repair/qwen2.5-coder_14b/deepseek-coder_6.7b/basic/C009_colorblind_safe_basic_iter02.py,deepseek-coder_6.7b,False,,,,,
map_interactive.html,experiments/05_choropleth_reliability_benchmark/outputs/runs_iterative_repair/deepseek-coder_6.7b/basic/deepseek-coder_6.7b_basic_C009_colorblind_safe_iter02_20260624_234145/map_interactive.html,False,0,,,,False,,,,,2,,interactive_html,,basic,,,C009_colorblind_safe,,,qwen2.5-coder_14b,1,experiments/05_choropleth_reliability_benchmark/outputs/runs_iterative_repair/deepseek-coder_6.7b/basic/deepseek-coder_6.7b_basic_C009_colorblind_safe_iter02_20260624_234145,,experiments/05_choropleth_reliability_benchmark/outputs/generated_code_iterative_repair/qwen2.5-coder_14b/deepseek-coder_6.7b/basic/C009_colorblind_safe_basic_iter02.py,deepseek-coder_6.7b,False,,,False,,
diagnostics.json,experiments/05_choropleth_reliability_benchmark/outputs/runs_iterative_repair/deepseek-coder_6.7b/basic/deepseek-coder_6.7b_basic_C009_colorblind_safe_iter02_20260624_234145/diagnostics.json,False,0,,,,False,,,,,2,,diagnostic_json,,basic,,,C009_colorblind_safe,,,qwen2.5-coder_14b,1,experiments/05_choropleth_reliability_benchmark/outputs/runs_iterative_repair/deepseek-coder_6.7b/basic/deepseek-coder_6.7b_basic_C009_colorblind_safe_iter02_20260624_234145,,experiments/05_choropleth_reliability_benchmark/outputs/generated_code_iterative_repair/qwen2.5-coder_14b/deepseek-coder_6.7b/basic/C009_colorblind_safe_basic_iter02.py,deepseek-coder_6.7b,False,,,,False,
map_static.png,experiments/05_choropleth_reliability_benchmark/outputs/runs_iterative_repair/deepseek-coder_6.7b/basic/deepseek-coder_6.7b_basic_C009_colorblind_safe_iter03_20260624_231325/map_static.png,False,0,,,,False,,,,,3,,static_png,,basic,,,C009_colorblind_safe,missing_or_empty,False,qwen2.5-coder_7b,1,experiments/05_choropleth_reliability_benchmark/outputs/runs_iterative_repair/deepseek-coder_6.7b/basic/deepseek-coder_6.7b_basic_C009_colorblind_safe_iter03_20260624_231325,,experiments/05_choropleth_reliability_benchmark/outputs/generated_code_iterative_repair/qwen2.5-coder_7b/deepseek-coder_6.7b/basic/C009_colorblind_safe_basic_iter03.py,deepseek-coder_6.7b,False,,,,,
time_series.png,experiments/05_choropleth_reliability_benchmark/outputs/runs_iterative_repair/deepseek-coder_6.7b/basic/deepseek-coder_6.7b_basic_C009_colorblind_safe_iter03_20260624_231325/time_series.png,False,0,,,,False,,,,,3,,time_series_png,,basic,,,C009_colorblind_safe,missing_or_empty,False,qwen2.5-coder_7b,1,experiments/05_choropleth_reliability_benchmark/outputs/runs_iterative_repair/deepseek-coder_6.7b/basic/deepseek-coder_6.7b_basic_C009_colorblind_safe_iter03_20260624_231325,,experiments/05_choropleth_reliability_benchmark/outputs/generated_code_iterative_repair/qwen2.5-coder_7b/deepseek-coder_6.7b/basic/C009_colorblind_safe_basic_iter03.py,deepseek-coder_6.7b,False,,,,,
map_interactive.html,experiments/05_choropleth_reliability_benchmark/outputs/runs_iterative_repair/deepseek-coder_6.7b/basic/deepseek-coder_6.7b_basic_C009_colorblind_safe_iter03_20260624_231325/map_interactive.html,False,0,,,,False,,,,,3,,interactive_html,,basic,,,C009_colorblind_safe,,,qwen2.5-coder_7b,1,experiments/05_choropleth_reliability_benchmark/outputs/runs_iterative_repair/deepseek-coder_6.7b/basic/deepseek-coder_6.7b_basic_C009_colorblind_safe_iter03_20260624_231325,,experiments/05_choropleth_reliability_benchmark/outputs/generated_code_iterative_repair/qwen2.5-coder_7b/deepseek-coder_6.7b/basic/C009_colorblind_safe_basic_iter03.py,deepseek-coder_6.7b,False,,,False,,
diagnostics.json,experiments/05_choropleth_reliability_benchmark/outputs/runs_iterative_repair/deepseek-coder_6.7b/basic/deepseek-coder_6.7b_basic_C009_colorblind_safe_iter03_20260624_231325/diagnostics.json,False,0,,,,False,,,,,3,,diagnostic_json,,basic,,,C009_colorblind_safe,,,qwen2.5-coder_7b,1,experiments/05_choropleth_reliability_benchmark/outputs/runs_iterative_repair/deepseek-coder_6.7b/basic/deepseek-coder_6.7b_basic_C009_colorblind_safe_iter03_20260624_231325,,experiments/05_choropleth_reliability_benchmark/outputs/generated_code_iterative_repair/qwen2.5-coder_7b/deepseek-coder_6.7b/basic/C009_colorblind_safe_basic_iter03.py,deepseek-coder_6.7b,False,,,,False,
map_static.png,experiments/05_choropleth_reliability_benchmark/outputs/runs_iterative_repair/deepseek-coder_6.7b/basic/deepseek-coder_6.7b_basic_C009_colorblind_safe_iter03_20260624_234205/map_static.png,False,0,,,,False,,,,,3,,static_png,,basic,,,C009_colorblind_safe,missing_or_empty,False,qwen2.5-coder_14b,1,experiments/05_choropleth_reliability_benchmark/outputs/runs_iterative_repair/deepseek-coder_6.7b/basic/deepseek-coder_6.7b_basic_C009_colorblind_safe_iter03_20260624_234205,,experiments/05_choropleth_reliability_benchmark/outputs/generated_code_iterative_repair/qwen2.5-coder_14b/deepseek-coder_6.7b/basic/C009_colorblind_safe_basic_iter03.py,deepseek-coder_6.7b,False,,,,,
time_series.png,experiments/05_choropleth_reliability_benchmark/outputs/runs_iterative_repair/deepseek-coder_6.7b/basic/deepseek-coder_6.7b_basic_C009_colorblind_safe_iter03_20260624_234205/time_series.png,False,0,,,,False,,,,,3,,time_series_png,,basic,,,C009_colorblind_safe,missing_or_empty,False,qwen2.5-coder_14b,1,experiments/05_choropleth_reliability_benchmark/outputs/runs_iterative_repair/deepseek-coder_6.7b/basic/deepseek-coder_6.7b_basic_C009_colorblind_safe_iter03_20260624_234205,,experiments/05_choropleth_reliability_benchmark/outputs/generated_code_iterative_repair/qwen2.5-coder_14b/deepseek-coder_6.7b/basic/C009_colorblind_safe_basic_iter03.py,deepseek-coder_6.7b,False,,,,,
map_interactive.html,experiments/05_choropleth_reliability_benchmark/outputs/runs_iterative_repair/deepseek-coder_6.7b/basic/deepseek-coder_6.7b_basic_C009_colorblind_safe_iter03_20260624_234205/map_interactive.html,False,0,,,,False,,,,,3,,interactive_html,,basic,,,C009_colorblind_safe,,,qwen2.5-coder_14b,1,experiments/05_choropleth_reliability_benchmark/outputs/runs_iterative_repair/deepseek-coder_6.7b/basic/deepseek-coder_6.7b_basic_C009_colorblind_safe_iter03_20260624_234205,,experiments/05_choropleth_reliability_benchmark/outputs/generated_code_iterative_repair/qwen2.5-coder_14b/deepseek-coder_6.7b/basic/C009_colorblind_safe_basic_iter03.py,deepseek-coder_6.7b,False,,,False,,
diagnostics.json,experiments/05_choropleth_reliability_benchmark/outputs/runs_iterative_repair/deepseek-coder_6.7b/basic/deepseek-coder_6.7b_basic_C009_colorblind_safe_iter03_20260624_234205/diagnostics.json,False,0,,,,False,,,,,3,,diagnostic_json,,basic,,,C009_colorblind_safe,,,qwen2.5-coder_14b,1,experiments/05_choropleth_reliability_benchmark/outputs/runs_iterative_repair/deepseek-coder_6.7b/basic/deepseek-coder_6.7b_basic_C009_colorblind_safe_iter03_20260624_234205,,experiments/05_choropleth_reliability_benchmark/outputs/generated_code_iterative_repair/qwen2.5-coder_14b/deepseek-coder_6.7b/basic/C009_colorblind_safe_basic_iter03.py,deepseek-coder_6.7b,False,,,,False,
map_static.png,experiments/05_choropleth_reliability_benchmark/outputs/runs_iterative_repair/deepseek-coder_6.7b/basic/deepseek-coder_6.7b_basic_C010_interactive_tooltips_iter01_20260624_043811/map_static.png,False,0,,,,False,,,,,1,,static_png,,basic,,,C010_interactive_tooltips,missing_or_empty,False,qwen2.5-coder_32b,1,experiments/05_choropleth_reliability_benchmark/outputs/runs_iterative_repair/deepseek-coder_6.7b/basic/deepseek-coder_6.7b_basic_C010_interactive_tooltips_iter01_20260624_043811,,experiments/05_choropleth_reliability_benchmark/outputs/generated_code_iterative_repair/qwen2.5-coder_32b/deepseek-coder_6.7b/basic/C010_interactive_tooltips_basic_iter01.py,deepseek-coder_6.7b,False,,,,,
time_series.png,experiments/05_choropleth_reliability_benchmark/outputs/runs_iterative_repair/deepseek-coder_6.7b/basic/deepseek-coder_6.7b_basic_C010_interactive_tooltips_iter01_20260624_043811/time_series.png,False,0,,,,False,,,,,1,,time_series_png,,basic,,,C010_interactive_tooltips,missing_or_empty,False,qwen2.5-coder_32b,1,experiments/05_choropleth_reliability_benchmark/outputs/runs_iterative_repair/deepseek-coder_6.7b/basic/deepseek-coder_6.7b_basic_C010_interactive_tooltips_iter01_20260624_043811,,experiments/05_choropleth_reliability_benchmark/outputs/generated_code_iterative_repair/qwen2.5-coder_32b/deepseek-coder_6.7b/basic/C010_interactive_tooltips_basic_iter01.py,deepseek-coder_6.7b,False,,,,,
map_interactive.html,experiments/05_choropleth_reliability_benchmark/outputs/runs_iterative_repair/deepseek-coder_6.7b/basic/deepseek-coder_6.7b_basic_C010_interactive_tooltips_iter01_20260624_043811/map_interactive.html,False,0,,,,True,,,,,1,,interactive_html,,basic,,,C010_interactive_tooltips,,,qwen2.5-coder_32b,1,experiments/05_choropleth_reliability_benchmark/outputs/runs_iterative_repair/deepseek-coder_6.7b/basic/deepseek-coder_6.7b_basic_C010_interactive_tooltips_iter01_20260624_043811,,experiments/05_choropleth_reliability_benchmark/outputs/generated_code_iterative_repair/qwen2.5-coder_32b/deepseek-coder_6.7b/basic/C010_interactive_tooltips_basic_iter01.py,deepseek-coder_6.7b,False,,,False,,
diagnostics.json,experiments/05_choropleth_reliability_benchmark/outputs/runs_iterative_repair/deepseek-coder_6.7b/basic/deepseek-coder_6.7b_basic_C010_interactive_tooltips_iter01_20260624_043811/diagnostics.json,False,0,,,,False,,,,,1,,diagnostic_json,,basic,,,C010_interactive_tooltips,,,qwen2.5-coder_32b,1,experiments/05_choropleth_reliability_benchmark/outputs/runs_iterative_repair/deepseek-coder_6.7b/basic/deepseek-coder_6.7b_basic_C010_interactive_tooltips_iter01_20260624_043811,,experiments/05_choropleth_reliability_benchmark/outputs/generated_code_iterative_repair/qwen2.5-coder_32b/deepseek-coder_6.7b/basic/C010_interactive_tooltips_basic_iter01.py,deepseek-coder_6.7b,False,,,,False,
map_static.png,experiments/05_choropleth_reliability_benchmark/outputs/runs_iterative_repair/deepseek-coder_6.7b/basic/deepseek-coder_6.7b_basic_C010_interactive_tooltips_iter01_20260624_231340/map_static.png,False,0,,,,False,,,,,1,,static_png,,basic,,,C010_interactive_tooltips,missing_or_empty,False,qwen2.5-coder_7b,1,experiments/05_choropleth_reliability_benchmark/outputs/runs_iterative_repair/deepseek-coder_6.7b/basic/deepseek-coder_6.7b_basic_C010_interactive_tooltips_iter01_20260624_231340,,experiments/05_choropleth_reliability_benchmark/outputs/generated_code_iterative_repair/qwen2.5-coder_7b/deepseek-coder_6.7b/basic/C010_interactive_tooltips_basic_iter01.py,deepseek-coder_6.7b,False,,,,,
time_series.png,experiments/05_choropleth_reliability_benchmark/outputs/runs_iterative_repair/deepseek-coder_6.7b/basic/deepseek-coder_6.7b_basic_C010_interactive_tooltips_iter01_20260624_231340/time_series.png,False,0,,,,False,,,,,1,,time_series_png,,basic,,,C010_interactive_tooltips,missing_or_empty,False,qwen2.5-coder_7b,1,experiments/05_choropleth_reliability_benchmark/outputs/runs_iterative_repair/deepseek-coder_6.7b/basic/deepseek-coder_6.7b_basic_C010_interactive_tooltips_iter01_20260624_231340,,experiments/05_choropleth_reliability_benchmark/outputs/generated_code_iterative_repair/qwen2.5-coder_7b/deepseek-coder_6.7b/basic/C010_interactive_tooltips_basic_iter01.py,deepseek-coder_6.7b,False,,,,,
map_interactive.html,experiments/05_choropleth_reliability_benchmark/outputs/runs_iterative_repair/deepseek-coder_6.7b/basic/deepseek-coder_6.7b_basic_C010_interactive_tooltips_iter01_20260624_231340/map_interactive.html,False,0,,,,False,,,,,1,,interactive_html,,basic,,,C010_interactive_tooltips,,,qwen2.5-coder_7b,1,experiments/05_choropleth_reliability_benchmark/outputs/runs_iterative_repair/deepseek-coder_6.7b/basic/deepseek-coder_6.7b_basic_C010_interactive_tooltips_iter01_20260624_231340,,experiments/05_choropleth_reliability_benchmark/outputs/generated_code_iterative_repair/qwen2.5-coder_7b/deepseek-coder_6.7b/basic/C010_interactive_tooltips_basic_iter01.py,deepseek-coder_6.7b,False,,,False,,
diagnostics.json,experiments/05_choropleth_reliability_benchmark/outputs/runs_iterative_repair/deepseek-coder_6.7b/basic/deepseek-coder_6.7b_basic_C010_interactive_tooltips_iter01_20260624_231340/diagnostics.json,False,0,,,,False,,,,,1,,diagnostic_json,,basic,,,C010_interactive_tooltips,,,qwen2.5-coder_7b,1,experiments/05_choropleth_reliability_benchmark/outputs/runs_iterative_repair/deepseek-coder_6.7b/basic/deepseek-coder_6.7b_basic_C010_interactive_tooltips_iter01_20260624_231340,,experiments/05_choropleth_reliability_benchmark/outputs/generated_code_iterative_repair/qwen2.5-coder_7b/deepseek-coder_6.7b/basic/C010_interactive_tooltips_basic_iter01.py,deepseek-coder_6.7b,False,,,,False,
map_static.png,experiments/05_choropleth_reliability_benchmark/outputs/runs_iterative_repair/deepseek-coder_6.7b/basic/deepseek-coder_6.7b_basic_C010_interactive_tooltips_iter01_20260624_234229/map_static.png,False,0,,,,False,,,,,1,,static_png,,basic,,,C010_interactive_tooltips,missing_or_empty,False,qwen2.5-coder_14b,1,experiments/05_choropleth_reliability_benchmark/outputs/runs_iterative_repair/deepseek-coder_6.7b/basic/deepseek-coder_6.7b_basic_C010_interactive_tooltips_iter01_20260624_234229,,experiments/05_choropleth_reliability_benchmark/outputs/generated_code_iterative_repair/qwen2.5-coder_14b/deepseek-coder_6.7b/basic/C010_interactive_tooltips_basic_iter01.py,deepseek-coder_6.7b,False,,,,,
time_series.png,experiments/05_choropleth_reliability_benchmark/outputs/runs_iterative_repair/deepseek-coder_6.7b/basic/deepseek-coder_6.7b_basic_C010_interactive_tooltips_iter01_20260624_234229/time_series.png,False,0,,,,False,,,,,1,,time_series_png,,basic,,,C010_interactive_tooltips,missing_or_empty,False,qwen2.5-coder_14b,1,experiments/05_choropleth_reliability_benchmark/outputs/runs_iterative_repair/deepseek-coder_6.7b/basic/deepseek-coder_6.7b_basic_C010_interactive_tooltips_iter01_20260624_234229,,experiments/05_choropleth_reliability_benchmark/outputs/generated_code_iterative_repair/qwen2.5-coder_14b/deepseek-coder_6.7b/basic/C010_interactive_tooltips_basic_iter01.py,deepseek-coder_6.7b,False,,,,,
map_interactive.html,experiments/05_choropleth_reliability_benchmark/outputs/runs_iterative_repair/deepseek-coder_6.7b/basic/deepseek-coder_6.7b_basic_C010_interactive_tooltips_iter01_20260624_234229/map_interactive.html,False,0,,,,False,,,,,1,,interactive_html,,basic,,,C010_interactive_tooltips,,,qwen2.5-coder_14b,1,experiments/05_choropleth_reliability_benchmark/outputs/runs_iterative_repair/deepseek-coder_6.7b/basic/deepseek-coder_6.7b_basic_C010_interactive_tooltips_iter01_20260624_234229,,experiments/05_choropleth_reliability_benchmark/outputs/generated_code_iterative_repair/qwen2.5-coder_14b/deepseek-coder_6.7b/basic/C010_interactive_tooltips_basic_iter01.py,deepseek-coder_6.7b,False,,,False,,
diagnostics.json,experiments/05_choropleth_reliability_benchmark/outputs/runs_iterative_repair/deepseek-coder_6.7b/basic/deepseek-coder_6.7b_basic_C010_interactive_tooltips_iter01_20260624_234229/diagnostics.json,False,0,,,,False,,,,,1,,diagnostic_json,,basic,,,C010_interactive_tooltips,,,qwen2.5-coder_14b,1,experiments/05_choropleth_reliability_benchmark/outputs/runs_iterative_repair/deepseek-coder_6.7b/basic/deepseek-coder_6.7b_basic_C010_interactive_tooltips_iter01_20260624_234229,,experiments/05_choropleth_reliability_benchmark/outputs/generated_code_iterative_repair/qwen2.5-coder_14b/deepseek-coder_6.7b/basic/C010_interactive_tooltips_basic_iter01.py,deepseek-coder_6.7b,False,,,,False,
map_static.png,experiments/05_choropleth_reliability_benchmark/outputs/runs_iterative_repair/deepseek-coder_6.7b/basic/deepseek-coder_6.7b_basic_C010_interactive_tooltips_iter01_20260625_001743/map_static.png,False,0,,,,False,,,,,1,,static_png,,basic,,,C010_interactive_tooltips,missing_or_empty,False,deepseek-coder_6.7b,1,experiments/05_choropleth_reliability_benchmark/outputs/runs_iterative_repair/deepseek-coder_6.7b/basic/deepseek-coder_6.7b_basic_C010_interactive_tooltips_iter01_20260625_001743,,experiments/05_choropleth_reliability_benchmark/outputs/generated_code_iterative_repair/deepseek-coder_6.7b/deepseek-coder_6.7b/basic/C010_interactive_tooltips_basic_iter01.py,deepseek-coder_6.7b,False,,,,,
time_series.png,experiments/05_choropleth_reliability_benchmark/outputs/runs_iterative_repair/deepseek-coder_6.7b/basic/deepseek-coder_6.7b_basic_C010_interactive_tooltips_iter01_20260625_001743/time_series.png,False,0,,,,False,,,,,1,,time_series_png,,basic,,,C010_interactive_tooltips,missing_or_empty,False,deepseek-coder_6.7b,1,experiments/05_choropleth_reliability_benchmark/outputs/runs_iterative_repair/deepseek-coder_6.7b/basic/deepseek-coder_6.7b_basic_C010_interactive_tooltips_iter01_20260625_001743,,experiments/05_choropleth_reliability_benchmark/outputs/generated_code_iterative_repair/deepseek-coder_6.7b/deepseek-coder_6.7b/basic/C010_interactive_tooltips_basic_iter01.py,deepseek-coder_6.7b,False,,,,,
map_interactive.html,experiments/05_choropleth_reliability_benchmark/outputs/runs_iterative_repair/deepseek-coder_6.7b/basic/deepseek-coder_6.7b_basic_C010_interactive_tooltips_iter01_20260625_001743/map_interactive.html,False,0,,,,False,,,,,1,,interactive_html,,basic,,,C010_interactive_tooltips,,,deepseek-coder_6.7b,1,experiments/05_choropleth_reliability_benchmark/outputs/runs_iterative_repair/deepseek-coder_6.7b/basic/deepseek-coder_6.7b_basic_C010_interactive_tooltips_iter01_20260625_001743,,experiments/05_choropleth_reliability_benchmark/outputs/generated_code_iterative_repair/deepseek-coder_6.7b/deepseek-coder_6.7b/basic/C010_interactive_tooltips_basic_iter01.py,deepseek-coder_6.7b,False,,,False,,
diagnostics.json,experiments/05_choropleth_reliability_benchmark/outputs/runs_iterative_repair/deepseek-coder_6.7b/basic/deepseek-coder_6.7b_basic_C010_interactive_tooltips_iter01_20260625_001743/diagnostics.json,False,0,,,,False,,,,,1,,diagnostic_json,,basic,,,C010_interactive_tooltips,,,deepseek-coder_6.7b,1,experiments/05_choropleth_reliability_benchmark/outputs/runs_iterative_repair/deepseek-coder_6.7b/basic/deepseek-coder_6.7b_basic_C010_interactive_tooltips_iter01_20260625_001743,,experiments/05_choropleth_reliability_benchmark/outputs/generated_code_iterative_repair/deepseek-coder_6.7b/deepseek-coder_6.7b/basic/C010_interactive_tooltips_basic_iter01.py,deepseek-coder_6.7b,False,,,,False,
map_static.png,experiments/05_choropleth_reliability_benchmark/outputs/runs_iterative_repair/deepseek-coder_6.7b/basic/deepseek-coder_6.7b_basic_C010_interactive_tooltips_iter02_20260624_043903/map_static.png,False,0,,,,False,,,,,2,,static_png,,basic,,,C010_interactive_tooltips,missing_or_empty,False,qwen2.5-coder_32b,1,experiments/05_choropleth_reliability_benchmark/outputs/runs_iterative_repair/deepseek-coder_6.7b/basic/deepseek-coder_6.7b_basic_C010_interactive_tooltips_iter02_20260624_043903,,experiments/05_choropleth_reliability_benchmark/outputs/generated_code_iterative_repair/qwen2.5-coder_32b/deepseek-coder_6.7b/basic/C010_interactive_tooltips_basic_iter02.py,deepseek-coder_6.7b,False,,,,,
time_series.png,experiments/05_choropleth_reliability_benchmark/outputs/runs_iterative_repair/deepseek-coder_6.7b/basic/deepseek-coder_6.7b_basic_C010_interactive_tooltips_iter02_20260624_043903/time_series.png,False,0,,,,False,,,,,2,,time_series_png,,basic,,,C010_interactive_tooltips,missing_or_empty,False,qwen2.5-coder_32b,1,experiments/05_choropleth_reliability_benchmark/outputs/runs_iterative_repair/deepseek-coder_6.7b/basic/deepseek-coder_6.7b_basic_C010_interactive_tooltips_iter02_20260624_043903,,experiments/05_choropleth_reliability_benchmark/outputs/generated_code_iterative_repair/qwen2.5-coder_32b/deepseek-coder_6.7b/basic/C010_interactive_tooltips_basic_iter02.py,deepseek-coder_6.7b,False,,,,,
map_interactive.html,experiments/05_choropleth_reliability_benchmark/outputs/runs_iterative_repair/deepseek-coder_6.7b/basic/deepseek-coder_6.7b_basic_C010_interactive_tooltips_iter02_20260624_043903/map_interactive.html,False,0,,,,False,,,,,2,,interactive_html,,basic,,,C010_interactive_tooltips,,,qwen2.5-coder_32b,1,experiments/05_choropleth_reliability_benchmark/outputs/runs_iterative_repair/deepseek-coder_6.7b/basic/deepseek-coder_6.7b_basic_C010_interactive_tooltips_iter02_20260624_043903,,experiments/05_choropleth_reliability_benchmark/outputs/generated_code_iterative_repair/qwen2.5-coder_32b/deepseek-coder_6.7b/basic/C010_interactive_tooltips_basic_iter02.py,deepseek-coder_6.7b,False,,,False,,
diagnostics.json,experiments/05_choropleth_reliability_benchmark/outputs/runs_iterative_repair/deepseek-coder_6.7b/basic/deepseek-coder_6.7b_basic_C010_interactive_tooltips_iter02_20260624_043903/diagnostics.json,False,0,,,,False,,,,,2,,diagnostic_json,,basic,,,C010_interactive_tooltips,,,qwen2.5-coder_32b,1,experiments/05_choropleth_reliability_benchmark/outputs/runs_iterative_repair/deepseek-coder_6.7b/basic/deepseek-coder_6.7b_basic_C010_interactive_tooltips_iter02_20260624_043903,,experiments/05_choropleth_reliability_benchmark/outputs/generated_code_iterative_repair/qwen2.5-coder_32b/deepseek-coder_6.7b/basic/C010_interactive_tooltips_basic_iter02.py,deepseek-coder_6.7b,False,,,,False,
map_static.png,experiments/05_choropleth_reliability_benchmark/outputs/runs_iterative_repair/deepseek-coder_6.7b/basic/deepseek-coder_6.7b_basic_C010_interactive_tooltips_iter02_20260624_231354/map_static.png,False,0,,,,False,,,,,2,,static_png,,basic,,,C010_interactive_tooltips,missing_or_empty,False,qwen2.5-coder_7b,1,experiments/05_choropleth_reliability_benchmark/outputs/runs_iterative_repair/deepseek-coder_6.7b/basic/deepseek-coder_6.7b_basic_C010_interactive_tooltips_iter02_20260624_231354,,experiments/05_choropleth_reliability_benchmark/outputs/generated_code_iterative_repair/qwen2.5-coder_7b/deepseek-coder_6.7b/basic/C010_interactive_tooltips_basic_iter02.py,deepseek-coder_6.7b,False,,,,,
time_series.png,experiments/05_choropleth_reliability_benchmark/outputs/runs_iterative_repair/deepseek-coder_6.7b/basic/deepseek-coder_6.7b_basic_C010_interactive_tooltips_iter02_20260624_231354/time_series.png,False,0,,,,False,,,,,2,,time_series_png,,basic,,,C010_interactive_tooltips,missing_or_empty,False,qwen2.5-coder_7b,1,experiments/05_choropleth_reliability_benchmark/outputs/runs_iterative_repair/deepseek-coder_6.7b/basic/deepseek-coder_6.7b_basic_C010_interactive_tooltips_iter02_20260624_231354,,experiments/05_choropleth_reliability_benchmark/outputs/generated_code_iterative_repair/qwen2.5-coder_7b/deepseek-coder_6.7b/basic/C010_interactive_tooltips_basic_iter02.py,deepseek-coder_6.7b,False,,,,,
map_interactive.html,experiments/05_choropleth_reliability_benchmark/outputs/runs_iterative_repair/deepseek-coder_6.7b/basic/deepseek-coder_6.7b_basic_C010_interactive_tooltips_iter02_20260624_231354/map_interactive.html,False,0,,,,False,,,,,2,,interactive_html,,basic,,,C010_interactive_tooltips,,,qwen2.5-coder_7b,1,experiments/05_choropleth_reliability_benchmark/outputs/runs_iterative_repair/deepseek-coder_6.7b/basic/deepseek-coder_6.7b_basic_C010_interactive_tooltips_iter02_20260624_231354,,experiments/05_choropleth_reliability_benchmark/outputs/generated_code_iterative_repair/qwen2.5-coder_7b/deepseek-coder_6.7b/basic/C010_interactive_tooltips_basic_iter02.py,deepseek-coder_6.7b,False,,,False,,
diagnostics.json,experiments/05_choropleth_reliability_benchmark/outputs/runs_iterative_repair/deepseek-coder_6.7b/basic/deepseek-coder_6.7b_basic_C010_interactive_tooltips_iter02_20260624_231354/diagnostics.json,False,0,,,,False,,,,,2,,diagnostic_json,,basic,,,C010_interactive_tooltips,,,qwen2.5-coder_7b,1,experiments/05_choropleth_reliability_benchmark/outputs/runs_iterative_repair/deepseek-coder_6.7b/basic/deepseek-coder_6.7b_basic_C010_interactive_tooltips_iter02_20260624_231354,,experiments/05_choropleth_reliability_benchmark/outputs/generated_code_iterative_repair/qwen2.5-coder_7b/deepseek-coder_6.7b/basic/C010_interactive_tooltips_basic_iter02.py,deepseek-coder_6.7b,False,,,,False,
map_static.png,experiments/05_choropleth_reliability_benchmark/outputs/runs_iterative_repair/deepseek-coder_6.7b/basic/deepseek-coder_6.7b_basic_C010_interactive_tooltips_iter02_20260624_234252/map_static.png,False,0,,,,False,,,,,2,,static_png,,basic,,,C010_interactive_tooltips,missing_or_empty,False,qwen2.5-coder_14b,1,experiments/05_choropleth_reliability_benchmark/outputs/runs_iterative_repair/deepseek-coder_6.7b/basic/deepseek-coder_6.7b_basic_C010_interactive_tooltips_iter02_20260624_234252,,experiments/05_choropleth_reliability_benchmark/outputs/generated_code_iterative_repair/qwen2.5-coder_14b/deepseek-coder_6.7b/basic/C010_interactive_tooltips_basic_iter02.py,deepseek-coder_6.7b,False,,,,,
time_series.png,experiments/05_choropleth_reliability_benchmark/outputs/runs_iterative_repair/deepseek-coder_6.7b/basic/deepseek-coder_6.7b_basic_C010_interactive_tooltips_iter02_20260624_234252/time_series.png,False,0,,,,False,,,,,2,,time_series_png,,basic,,,C010_interactive_tooltips,missing_or_empty,False,qwen2.5-coder_14b,1,experiments/05_choropleth_reliability_benchmark/outputs/runs_iterative_repair/deepseek-coder_6.7b/basic/deepseek-coder_6.7b_basic_C010_interactive_tooltips_iter02_20260624_234252,,experiments/05_choropleth_reliability_benchmark/outputs/generated_code_iterative_repair/qwen2.5-coder_14b/deepseek-coder_6.7b/basic/C010_interactive_tooltips_basic_iter02.py,deepseek-coder_6.7b,False,,,,,
map_interactive.html,experiments/05_choropleth_reliability_benchmark/outputs/runs_iterative_repair/deepseek-coder_6.7b/basic/deepseek-coder_6.7b_basic_C010_interactive_tooltips_iter02_20260624_234252/map_interactive.html,False,0,,,,False,,,,,2,,interactive_html,,basic,,,C010_interactive_tooltips,,,qwen2.5-coder_14b,1,experiments/05_choropleth_reliability_benchmark/outputs/runs_iterative_repair/deepseek-coder_6.7b/basic/deepseek-coder_6.7b_basic_C010_interactive_tooltips_iter02_20260624_234252,,experiments/05_choropleth_reliability_benchmark/outputs/generated_code_iterative_repair/qwen2.5-coder_14b/deepseek-coder_6.7b/basic/C010_interactive_tooltips_basic_iter02.py,deepseek-coder_6.7b,False,,,False,,
diagnostics.json,experiments/05_choropleth_reliability_benchmark/outputs/runs_iterative_repair/deepseek-coder_6.7b/basic/deepseek-coder_6.7b_basic_C010_interactive_tooltips_iter02_20260624_234252/diagnostics.json,False,0,,,,False,,,,,2,,diagnostic_json,,basic,,,C010_interactive_tooltips,,,qwen2.5-coder_14b,1,experiments/05_choropleth_reliability_benchmark/outputs/runs_iterative_repair/deepseek-coder_6.7b/basic/deepseek-coder_6.7b_basic_C010_interactive_tooltips_iter02_20260624_234252,,experiments/05_choropleth_reliability_benchmark/outputs/generated_code_iterative_repair/qwen2.5-coder_14b/deepseek-coder_6.7b/basic/C010_interactive_tooltips_basic_iter02.py,deepseek-coder_6.7b,False,,,,False,
map_static.png,experiments/05_choropleth_reliability_benchmark/outputs/runs_iterative_repair/deepseek-coder_6.7b/basic/deepseek-coder_6.7b_basic_C010_interactive_tooltips_iter03_20260624_062136/map_static.png,False,0,,,,False,,,,,3,,static_png,,basic,,,C010_interactive_tooltips,missing_or_empty,False,qwen2.5-coder_32b,1,experiments/05_choropleth_reliability_benchmark/outputs/runs_iterative_repair/deepseek-coder_6.7b/basic/deepseek-coder_6.7b_basic_C010_interactive_tooltips_iter03_20260624_062136,,experiments/05_choropleth_reliability_benchmark/outputs/generated_code_iterative_repair/qwen2.5-coder_32b/deepseek-coder_6.7b/basic/C010_interactive_tooltips_basic_iter03.py,deepseek-coder_6.7b,False,,,,,
time_series.png,experiments/05_choropleth_reliability_benchmark/outputs/runs_iterative_repair/deepseek-coder_6.7b/basic/deepseek-coder_6.7b_basic_C010_interactive_tooltips_iter03_20260624_062136/time_series.png,False,0,,,,False,,,,,3,,time_series_png,,basic,,,C010_interactive_tooltips,missing_or_empty,False,qwen2.5-coder_32b,1,experiments/05_choropleth_reliability_benchmark/outputs/runs_iterative_repair/deepseek-coder_6.7b/basic/deepseek-coder_6.7b_basic_C010_interactive_tooltips_iter03_20260624_062136,,experiments/05_choropleth_reliability_benchmark/outputs/generated_code_iterative_repair/qwen2.5-coder_32b/deepseek-coder_6.7b/basic/C010_interactive_tooltips_basic_iter03.py,deepseek-coder_6.7b,False,,,,,
map_interactive.html,experiments/05_choropleth_reliability_benchmark/outputs/runs_iterative_repair/deepseek-coder_6.7b/basic/deepseek-coder_6.7b_basic_C010_interactive_tooltips_iter03_20260624_062136/map_interactive.html,False,0,,,,False,,,,,3,,interactive_html,,basic,,,C010_interactive_tooltips,,,qwen2.5-coder_32b,1,experiments/05_choropleth_reliability_benchmark/outputs/runs_iterative_repair/deepseek-coder_6.7b/basic/deepseek-coder_6.7b_basic_C010_interactive_tooltips_iter03_20260624_062136,,experiments/05_choropleth_reliability_benchmark/outputs/generated_code_iterative_repair/qwen2.5-coder_32b/deepseek-coder_6.7b/basic/C010_interactive_tooltips_basic_iter03.py,deepseek-coder_6.7b,False,,,False,,
diagnostics.json,experiments/05_choropleth_reliability_benchmark/outputs/runs_iterative_repair/deepseek-coder_6.7b/basic/deepseek-coder_6.7b_basic_C010_interactive_tooltips_iter03_20260624_062136/diagnostics.json,False,0,,,,False,,,,,3,,diagnostic_json,,basic,,,C010_interactive_tooltips,,,qwen2.5-coder_32b,1,experiments/05_choropleth_reliability_benchmark/outputs/runs_iterative_repair/deepseek-coder_6.7b/basic/deepseek-coder_6.7b_basic_C010_interactive_tooltips_iter03_20260624_062136,,experiments/05_choropleth_reliability_benchmark/outputs/generated_code_iterative_repair/qwen2.5-coder_32b/deepseek-coder_6.7b/basic/C010_interactive_tooltips_basic_iter03.py,deepseek-coder_6.7b,False,,,,False,
map_static.png,experiments/05_choropleth_reliability_benchmark/outputs/runs_iterative_repair/deepseek-coder_6.7b/basic/deepseek-coder_6.7b_basic_C010_interactive_tooltips_iter03_20260624_231407/map_static.png,False,0,,,,False,,,,,3,,static_png,,basic,,,C010_interactive_tooltips,missing_or_empty,False,qwen2.5-coder_7b,1,experiments/05_choropleth_reliability_benchmark/outputs/runs_iterative_repair/deepseek-coder_6.7b/basic/deepseek-coder_6.7b_basic_C010_interactive_tooltips_iter03_20260624_231407,,experiments/05_choropleth_reliability_benchmark/outputs/generated_code_iterative_repair/qwen2.5-coder_7b/deepseek-coder_6.7b/basic/C010_interactive_tooltips_basic_iter03.py,deepseek-coder_6.7b,False,,,,,
time_series.png,experiments/05_choropleth_reliability_benchmark/outputs/runs_iterative_repair/deepseek-coder_6.7b/basic/deepseek-coder_6.7b_basic_C010_interactive_tooltips_iter03_20260624_231407/time_series.png,False,0,,,,False,,,,,3,,time_series_png,,basic,,,C010_interactive_tooltips,missing_or_empty,False,qwen2.5-coder_7b,1,experiments/05_choropleth_reliability_benchmark/outputs/runs_iterative_repair/deepseek-coder_6.7b/basic/deepseek-coder_6.7b_basic_C010_interactive_tooltips_iter03_20260624_231407,,experiments/05_choropleth_reliability_benchmark/outputs/generated_code_iterative_repair/qwen2.5-coder_7b/deepseek-coder_6.7b/basic/C010_interactive_tooltips_basic_iter03.py,deepseek-coder_6.7b,False,,,,,
map_interactive.html,experiments/05_choropleth_reliability_benchmark/outputs/runs_iterative_repair/deepseek-coder_6.7b/basic/deepseek-coder_6.7b_basic_C010_interactive_tooltips_iter03_20260624_231407/map_interactive.html,False,0,,,,False,,,,,3,,interactive_html,,basic,,,C010_interactive_tooltips,,,qwen2.5-coder_7b,1,experiments/05_choropleth_reliability_benchmark/outputs/runs_iterative_repair/deepseek-coder_6.7b/basic/deepseek-coder_6.7b_basic_C010_interactive_tooltips_iter03_20260624_231407,,experiments/05_choropleth_reliability_benchmark/outputs/generated_code_iterative_repair/qwen2.5-coder_7b/deepseek-coder_6.7b/basic/C010_interactive_tooltips_basic_iter03.py,deepseek-coder_6.7b,False,,,False,,
diagnostics.json,experiments/05_choropleth_reliability_benchmark/outputs/runs_iterative_repair/deepseek-coder_6.7b/basic/deepseek-coder_6.7b_basic_C010_interactive_tooltips_iter03_20260624_231407/diagnostics.json,False,0,,,,False,,,,,3,,diagnostic_json,,basic,,,C010_interactive_tooltips,,,qwen2.5-coder_7b,1,experiments/05_choropleth_reliability_benchmark/outputs/runs_iterative_repair/deepseek-coder_6.7b/basic/deepseek-coder_6.7b_basic_C010_interactive_tooltips_iter03_20260624_231407,,experiments/05_choropleth_reliability_benchmark/outputs/generated_code_iterative_repair/qwen2.5-coder_7b/deepseek-coder_6.7b/basic/C010_interactive_tooltips_basic_iter03.py,deepseek-coder_6.7b,False,,,,False,
map_static.png,experiments/05_choropleth_reliability_benchmark/outputs/runs_iterative_repair/deepseek-coder_6.7b/basic/deepseek-coder_6.7b_basic_C010_interactive_tooltips_iter03_20260624_234315/map_static.png,False,0,,,,False,,,,,3,,static_png,,basic,,,C010_interactive_tooltips,missing_or_empty,False,qwen2.5-coder_14b,1,experiments/05_choropleth_reliability_benchmark/outputs/runs_iterative_repair/deepseek-coder_6.7b/basic/deepseek-coder_6.7b_basic_C010_interactive_tooltips_iter03_20260624_234315,,experiments/05_choropleth_reliability_benchmark/outputs/generated_code_iterative_repair/qwen2.5-coder_14b/deepseek-coder_6.7b/basic/C010_interactive_tooltips_basic_iter03.py,deepseek-coder_6.7b,False,,,,,
time_series.png,experiments/05_choropleth_reliability_benchmark/outputs/runs_iterative_repair/deepseek-coder_6.7b/basic/deepseek-coder_6.7b_basic_C010_interactive_tooltips_iter03_20260624_234315/time_series.png,False,0,,,,False,,,,,3,,time_series_png,,basic,,,C010_interactive_tooltips,missing_or_empty,False,qwen2.5-coder_14b,1,experiments/05_choropleth_reliability_benchmark/outputs/runs_iterative_repair/deepseek-coder_6.7b/basic/deepseek-coder_6.7b_basic_C010_interactive_tooltips_iter03_20260624_234315,,experiments/05_choropleth_reliability_benchmark/outputs/generated_code_iterative_repair/qwen2.5-coder_14b/deepseek-coder_6.7b/basic/C010_interactive_tooltips_basic_iter03.py,deepseek-coder_6.7b,False,,,,,
map_interactive.html,experiments/05_choropleth_reliability_benchmark/outputs/runs_iterative_repair/deepseek-coder_6.7b/basic/deepseek-coder_6.7b_basic_C010_interactive_tooltips_iter03_20260624_234315/map_interactive.html,False,0,,,,False,,,,,3,,interactive_html,,basic,,,C010_interactive_tooltips,,,qwen2.5-coder_14b,1,experiments/05_choropleth_reliability_benchmark/outputs/runs_iterative_repair/deepseek-coder_6.7b/basic/deepseek-coder_6.7b_basic_C010_interactive_tooltips_iter03_20260624_234315,,experiments/05_choropleth_reliability_benchmark/outputs/generated_code_iterative_repair/qwen2.5-coder_14b/deepseek-coder_6.7b/basic/C010_interactive_tooltips_basic_iter03.py,deepseek-coder_6.7b,False,,,False,,
diagnostics.json,experiments/05_choropleth_reliability_benchmark/outputs/runs_iterative_repair/deepseek-coder_6.7b/basic/deepseek-coder_6.7b_basic_C010_interactive_tooltips_iter03_20260624_234315/diagnostics.json,False,0,,,,False,,,,,3,,diagnostic_json,,basic,,,C010_interactive_tooltips,,,qwen2.5-coder_14b,1,experiments/05_choropleth_reliability_benchmark/outputs/runs_iterative_repair/deepseek-coder_6.7b/basic/deepseek-coder_6.7b_basic_C010_interactive_tooltips_iter03_20260624_234315,,experiments/05_choropleth_reliability_benchmark/outputs/generated_code_iterative_repair/qwen2.5-coder_14b/deepseek-coder_6.7b/basic/C010_interactive_tooltips_basic_iter03.py,deepseek-coder_6.7b,False,,,,False,
map_static.png,experiments/05_choropleth_reliability_benchmark/outputs/runs_iterative_repair/deepseek-coder_6.7b/rules/deepseek-coder_6.7b_rules_C002_static_number_fires_iter01_20260624_044023/map_static.png,False,0,,,,False,,,,,1,,static_png,,rules,,,C002_static_number_fires,missing_or_empty,False,qwen2.5-coder_32b,1,experiments/05_choropleth_reliability_benchmark/outputs/runs_iterative_repair/deepseek-coder_6.7b/rules/deepseek-coder_6.7b_rules_C002_static_number_fires_iter01_20260624_044023,,experiments/05_choropleth_reliability_benchmark/outputs/generated_code_iterative_repair/qwen2.5-coder_32b/deepseek-coder_6.7b/rules/C002_static_number_fires_rules_iter01.py,deepseek-coder_6.7b,False,,,,,
time_series.png,experiments/05_choropleth_reliability_benchmark/outputs/runs_iterative_repair/deepseek-coder_6.7b/rules/deepseek-coder_6.7b_rules_C002_static_number_fires_iter01_20260624_044023/time_series.png,False,0,,,,False,,,,,1,,time_series_png,,rules,,,C002_static_number_fires,missing_or_empty,False,qwen2.5-coder_32b,1,experiments/05_choropleth_reliability_benchmark/outputs/runs_iterative_repair/deepseek-coder_6.7b/rules/deepseek-coder_6.7b_rules_C002_static_number_fires_iter01_20260624_044023,,experiments/05_choropleth_reliability_benchmark/outputs/generated_code_iterative_repair/qwen2.5-coder_32b/deepseek-coder_6.7b/rules/C002_static_number_fires_rules_iter01.py,deepseek-coder_6.7b,False,,,,,
map_interactive.html,experiments/05_choropleth_reliability_benchmark/outputs/runs_iterative_repair/deepseek-coder_6.7b/rules/deepseek-coder_6.7b_rules_C002_static_number_fires_iter01_20260624_044023/map_interactive.html,False,0,,,,False,,,,,1,,interactive_html,,rules,,,C002_static_number_fires,,,qwen2.5-coder_32b,1,experiments/05_choropleth_reliability_benchmark/outputs/runs_iterative_repair/deepseek-coder_6.7b/rules/deepseek-coder_6.7b_rules_C002_static_number_fires_iter01_20260624_044023,,experiments/05_choropleth_reliability_benchmark/outputs/generated_code_iterative_repair/qwen2.5-coder_32b/deepseek-coder_6.7b/rules/C002_static_number_fires_rules_iter01.py,deepseek-coder_6.7b,False,,,False,,
diagnostics.json,experiments/05_choropleth_reliability_benchmark/outputs/runs_iterative_repair/deepseek-coder_6.7b/rules/deepseek-coder_6.7b_rules_C002_static_number_fires_iter01_20260624_044023/diagnostics.json,False,0,,,,False,,,,,1,,diagnostic_json,,rules,,,C002_static_number_fires,,,qwen2.5-coder_32b,1,experiments/05_choropleth_reliability_benchmark/outputs/runs_iterative_repair/deepseek-coder_6.7b/rules/deepseek-coder_6.7b_rules_C002_static_number_fires_iter01_20260624_044023,,experiments/05_choropleth_reliability_benchmark/outputs/generated_code_iterative_repair/qwen2.5-coder_32b/deepseek-coder_6.7b/rules/C002_static_number_fires_rules_iter01.py,deepseek-coder_6.7b,False,,,,False,
map_static.png,experiments/05_choropleth_reliability_benchmark/outputs/runs_iterative_repair/deepseek-coder_6.7b/rules/deepseek-coder_6.7b_rules_C002_static_number_fires_iter01_20260624_231424/map_static.png,False,0,,,,False,,,,,1,,static_png,,rules,,,C002_static_number_fires,missing_or_empty,False,qwen2.5-coder_7b,1,experiments/05_choropleth_reliability_benchmark/outputs/runs_iterative_repair/deepseek-coder_6.7b/rules/deepseek-coder_6.7b_rules_C002_static_number_fires_iter01_20260624_231424,,experiments/05_choropleth_reliability_benchmark/outputs/generated_code_iterative_repair/qwen2.5-coder_7b/deepseek-coder_6.7b/rules/C002_static_number_fires_rules_iter01.py,deepseek-coder_6.7b,False,,,,,
time_series.png,experiments/05_choropleth_reliability_benchmark/outputs/runs_iterative_repair/deepseek-coder_6.7b/rules/deepseek-coder_6.7b_rules_C002_static_number_fires_iter01_20260624_231424/time_series.png,False,0,,,,False,,,,,1,,time_series_png,,rules,,,C002_static_number_fires,missing_or_empty,False,qwen2.5-coder_7b,1,experiments/05_choropleth_reliability_benchmark/outputs/runs_iterative_repair/deepseek-coder_6.7b/rules/deepseek-coder_6.7b_rules_C002_static_number_fires_iter01_20260624_231424,,experiments/05_choropleth_reliability_benchmark/outputs/generated_code_iterative_repair/qwen2.5-coder_7b/deepseek-coder_6.7b/rules/C002_static_number_fires_rules_iter01.py,deepseek-coder_6.7b,False,,,,,
map_interactive.html,experiments/05_choropleth_reliability_benchmark/outputs/runs_iterative_repair/deepseek-coder_6.7b/rules/deepseek-coder_6.7b_rules_C002_static_number_fires_iter01_20260624_231424/map_interactive.html,False,0,,,,False,,,,,1,,interactive_html,,rules,,,C002_static_number_fires,,,qwen2.5-coder_7b,1,experiments/05_choropleth_reliability_benchmark/outputs/runs_iterative_repair/deepseek-coder_6.7b/rules/deepseek-coder_6.7b_rules_C002_static_number_fires_iter01_20260624_231424,,experiments/05_choropleth_reliability_benchmark/outputs/generated_code_iterative_repair/qwen2.5-coder_7b/deepseek-coder_6.7b/rules/C002_static_number_fires_rules_iter01.py,deepseek-coder_6.7b,False,,,False,,
diagnostics.json,experiments/05_choropleth_reliability_benchmark/outputs/runs_iterative_repair/deepseek-coder_6.7b/rules/deepseek-coder_6.7b_rules_C002_static_number_fires_iter01_20260624_231424/diagnostics.json,False,0,,,,False,,,,,1,,diagnostic_json,,rules,,,C002_static_number_fires,,,qwen2.5-coder_7b,1,experiments/05_choropleth_reliability_benchmark/outputs/runs_iterative_repair/deepseek-coder_6.7b/rules/deepseek-coder_6.7b_rules_C002_static_number_fires_iter01_20260624_231424,,experiments/05_choropleth_reliability_benchmark/outputs/generated_code_iterative_repair/qwen2.5-coder_7b/deepseek-coder_6.7b/rules/C002_static_number_fires_rules_iter01.py,deepseek-coder_6.7b,False,,,,False,
map_static.png,experiments/05_choropleth_reliability_benchmark/outputs/runs_iterative_repair/deepseek-coder_6.7b/rules/deepseek-coder_6.7b_rules_C002_static_number_fires_iter01_20260624_234346/map_static.png,False,0,,,,False,,,,,1,,static_png,,rules,,,C002_static_number_fires,missing_or_empty,False,qwen2.5-coder_14b,1,experiments/05_choropleth_reliability_benchmark/outputs/runs_iterative_repair/deepseek-coder_6.7b/rules/deepseek-coder_6.7b_rules_C002_static_number_fires_iter01_20260624_234346,,experiments/05_choropleth_reliability_benchmark/outputs/generated_code_iterative_repair/qwen2.5-coder_14b/deepseek-coder_6.7b/rules/C002_static_number_fires_rules_iter01.py,deepseek-coder_6.7b,False,,,,,
time_series.png,experiments/05_choropleth_reliability_benchmark/outputs/runs_iterative_repair/deepseek-coder_6.7b/rules/deepseek-coder_6.7b_rules_C002_static_number_fires_iter01_20260624_234346/time_series.png,False,0,,,,False,,,,,1,,time_series_png,,rules,,,C002_static_number_fires,missing_or_empty,False,qwen2.5-coder_14b,1,experiments/05_choropleth_reliability_benchmark/outputs/runs_iterative_repair/deepseek-coder_6.7b/rules/deepseek-coder_6.7b_rules_C002_static_number_fires_iter01_20260624_234346,,experiments/05_choropleth_reliability_benchmark/outputs/generated_code_iterative_repair/qwen2.5-coder_14b/deepseek-coder_6.7b/rules/C002_static_number_fires_rules_iter01.py,deepseek-coder_6.7b,False,,,,,
map_interactive.html,experiments/05_choropleth_reliability_benchmark/outputs/runs_iterative_repair/deepseek-coder_6.7b/rules/deepseek-coder_6.7b_rules_C002_static_number_fires_iter01_20260624_234346/map_interactive.html,False,0,,,,False,,,,,1,,interactive_html,,rules,,,C002_static_number_fires,,,qwen2.5-coder_14b,1,experiments/05_choropleth_reliability_benchmark/outputs/runs_iterative_repair/deepseek-coder_6.7b/rules/deepseek-coder_6.7b_rules_C002_static_number_fires_iter01_20260624_234346,,experiments/05_choropleth_reliability_benchmark/outputs/generated_code_iterative_repair/qwen2.5-coder_14b/deepseek-coder_6.7b/rules/C002_static_number_fires_rules_iter01.py,deepseek-coder_6.7b,False,,,False,,
diagnostics.json,experiments/05_choropleth_reliability_benchmark/outputs/runs_iterative_repair/deepseek-coder_6.7b/rules/deepseek-coder_6.7b_rules_C002_static_number_fires_iter01_20260624_234346/diagnostics.json,False,0,,,,False,,,,,1,,diagnostic_json,,rules,,,C002_static_number_fires,,,qwen2.5-coder_14b,1,experiments/05_choropleth_reliability_benchmark/outputs/runs_iterative_repair/deepseek-coder_6.7b/rules/deepseek-coder_6.7b_rules_C002_static_number_fires_iter01_20260624_234346,,experiments/05_choropleth_reliability_benchmark/outputs/generated_code_iterative_repair/qwen2.5-coder_14b/deepseek-coder_6.7b/rules/C002_static_number_fires_rules_iter01.py,deepseek-coder_6.7b,False,,,,False,
map_static.png,experiments/05_choropleth_reliability_benchmark/outputs/runs_iterative_repair/deepseek-coder_6.7b/rules/deepseek-coder_6.7b_rules_C002_static_number_fires_iter01_20260625_001819/map_static.png,False,0,,,,False,,,,,1,,static_png,,rules,,,C002_static_number_fires,missing_or_empty,False,deepseek-coder_6.7b,1,experiments/05_choropleth_reliability_benchmark/outputs/runs_iterative_repair/deepseek-coder_6.7b/rules/deepseek-coder_6.7b_rules_C002_static_number_fires_iter01_20260625_001819,,experiments/05_choropleth_reliability_benchmark/outputs/generated_code_iterative_repair/deepseek-coder_6.7b/deepseek-coder_6.7b/rules/C002_static_number_fires_rules_iter01.py,deepseek-coder_6.7b,False,,,,,
time_series.png,experiments/05_choropleth_reliability_benchmark/outputs/runs_iterative_repair/deepseek-coder_6.7b/rules/deepseek-coder_6.7b_rules_C002_static_number_fires_iter01_20260625_001819/time_series.png,False,0,,,,False,,,,,1,,time_series_png,,rules,,,C002_static_number_fires,missing_or_empty,False,deepseek-coder_6.7b,1,experiments/05_choropleth_reliability_benchmark/outputs/runs_iterative_repair/deepseek-coder_6.7b/rules/deepseek-coder_6.7b_rules_C002_static_number_fires_iter01_20260625_001819,,experiments/05_choropleth_reliability_benchmark/outputs/generated_code_iterative_repair/deepseek-coder_6.7b/deepseek-coder_6.7b/rules/C002_static_number_fires_rules_iter01.py,deepseek-coder_6.7b,False,,,,,
map_interactive.html,experiments/05_choropleth_reliability_benchmark/outputs/runs_iterative_repair/deepseek-coder_6.7b/rules/deepseek-coder_6.7b_rules_C002_static_number_fires_iter01_20260625_001819/map_interactive.html,False,0,,,,False,,,,,1,,interactive_html,,rules,,,C002_static_number_fires,,,deepseek-coder_6.7b,1,experiments/05_choropleth_reliability_benchmark/outputs/runs_iterative_repair/deepseek-coder_6.7b/rules/deepseek-coder_6.7b_rules_C002_static_number_fires_iter01_20260625_001819,,experiments/05_choropleth_reliability_benchmark/outputs/generated_code_iterative_repair/deepseek-coder_6.7b/deepseek-coder_6.7b/rules/C002_static_number_fires_rules_iter01.py,deepseek-coder_6.7b,False,,,False,,
diagnostics.json,experiments/05_choropleth_reliability_benchmark/outputs/runs_iterative_repair/deepseek-coder_6.7b/rules/deepseek-coder_6.7b_rules_C002_static_number_fires_iter01_20260625_001819/diagnostics.json,False,0,,,,False,,,,,1,,diagnostic_json,,rules,,,C002_static_number_fires,,,deepseek-coder_6.7b,1,experiments/05_choropleth_reliability_benchmark/outputs/runs_iterative_repair/deepseek-coder_6.7b/rules/deepseek-coder_6.7b_rules_C002_static_number_fires_iter01_20260625_001819,,experiments/05_choropleth_reliability_benchmark/outputs/generated_code_iterative_repair/deepseek-coder_6.7b/deepseek-coder_6.7b/rules/C002_static_number_fires_rules_iter01.py,deepseek-coder_6.7b,False,,,,False,
map_static.png,experiments/05_choropleth_reliability_benchmark/outputs/runs_iterative_repair/deepseek-coder_6.7b/rules/deepseek-coder_6.7b_rules_C002_static_number_fires_iter02_20260624_044122/map_static.png,True,74965,0.0433,255,19.329,True,,,,682,2,,static_png,223.725,rules,0.9681,0.3417,C002_static_number_fires,,True,qwen2.5-coder_32b,0,experiments/05_choropleth_reliability_benchmark/outputs/runs_iterative_repair/deepseek-coder_6.7b/rules/deepseek-coder_6.7b_rules_C002_static_number_fires_iter02_20260624_044122,0.0620,experiments/05_choropleth_reliability_benchmark/outputs/generated_code_iterative_repair/qwen2.5-coder_32b/deepseek-coder_6.7b/rules/C002_static_number_fires_rules_iter02.py,deepseek-coder_6.7b,False,,61,,,508
time_series.png,experiments/05_choropleth_reliability_benchmark/outputs/runs_iterative_repair/deepseek-coder_6.7b/rules/deepseek-coder_6.7b_rules_C002_static_number_fires_iter02_20260624_044122/time_series.png,False,0,,,,False,,,,,2,,time_series_png,,rules,,,C002_static_number_fires,missing_or_empty,False,qwen2.5-coder_32b,0,experiments/05_choropleth_reliability_benchmark/outputs/runs_iterative_repair/deepseek-coder_6.7b/rules/deepseek-coder_6.7b_rules_C002_static_number_fires_iter02_20260624_044122,,experiments/05_choropleth_reliability_benchmark/outputs/generated_code_iterative_repair/qwen2.5-coder_32b/deepseek-coder_6.7b/rules/C002_static_number_fires_rules_iter02.py,deepseek-coder_6.7b,False,,,,,
map_interactive.html,experiments/05_choropleth_reliability_benchmark/outputs/runs_iterative_repair/deepseek-coder_6.7b/rules/deepseek-coder_6.7b_rules_C002_static_number_fires_iter02_20260624_044122/map_interactive.html,False,0,,,,False,,,,,2,,interactive_html,,rules,,,C002_static_number_fires,,,qwen2.5-coder_32b,0,experiments/05_choropleth_reliability_benchmark/outputs/runs_iterative_repair/deepseek-coder_6.7b/rules/deepseek-coder_6.7b_rules_C002_static_number_fires_iter02_20260624_044122,,experiments/05_choropleth_reliability_benchmark/outputs/generated_code_iterative_repair/qwen2.5-coder_32b/deepseek-coder_6.7b/rules/C002_static_number_fires_rules_iter02.py,deepseek-coder_6.7b,False,,,False,,
diagnostics.json,experiments/05_choropleth_reliability_benchmark/outputs/runs_iterative_repair/deepseek-coder_6.7b/rules/deepseek-coder_6.7b_rules_C002_static_number_fires_iter02_20260624_044122/diagnostics.json,True,69,,,,True,,,,,2,,diagnostic_json,,rules,,,C002_static_number_fires,,,qwen2.5-coder_32b,0,experiments/05_choropleth_reliability_benchmark/outputs/runs_iterative_repair/deepseek-coder_6.7b/rules/deepseek-coder_6.7b_rules_C002_static_number_fires_iter02_20260624_044122,,experiments/05_choropleth_reliability_benchmark/outputs/generated_code_iterative_repair/qwen2.5-coder_32b/deepseek-coder_6.7b/rules/C002_static_number_fires_rules_iter02.py,deepseek-coder_6.7b,False,2,,,True,
map_static.png,experiments/05_choropleth_reliability_benchmark/outputs/runs_iterative_repair/deepseek-coder_6.7b/rules/deepseek-coder_6.7b_rules_C002_static_number_fires_iter02_20260624_231443/map_static.png,False,0,,,,False,,,,,2,,static_png,,rules,,,C002_static_number_fires,missing_or_empty,False,qwen2.5-coder_7b,1,experiments/05_choropleth_reliability_benchmark/outputs/runs_iterative_repair/deepseek-coder_6.7b/rules/deepseek-coder_6.7b_rules_C002_static_number_fires_iter02_20260624_231443,,experiments/05_choropleth_reliability_benchmark/outputs/generated_code_iterative_repair/qwen2.5-coder_7b/deepseek-coder_6.7b/rules/C002_static_number_fires_rules_iter02.py,deepseek-coder_6.7b,False,,,,,
time_series.png,experiments/05_choropleth_reliability_benchmark/outputs/runs_iterative_repair/deepseek-coder_6.7b/rules/deepseek-coder_6.7b_rules_C002_static_number_fires_iter02_20260624_231443/time_series.png,False,0,,,,False,,,,,2,,time_series_png,,rules,,,C002_static_number_fires,missing_or_empty,False,qwen2.5-coder_7b,1,experiments/05_choropleth_reliability_benchmark/outputs/runs_iterative_repair/deepseek-coder_6.7b/rules/deepseek-coder_6.7b_rules_C002_static_number_fires_iter02_20260624_231443,,experiments/05_choropleth_reliability_benchmark/outputs/generated_code_iterative_repair/qwen2.5-coder_7b/deepseek-coder_6.7b/rules/C002_static_number_fires_rules_iter02.py,deepseek-coder_6.7b,False,,,,,
map_interactive.html,experiments/05_choropleth_reliability_benchmark/outputs/runs_iterative_repair/deepseek-coder_6.7b/rules/deepseek-coder_6.7b_rules_C002_static_number_fires_iter02_20260624_231443/map_interactive.html,False,0,,,,False,,,,,2,,interactive_html,,rules,,,C002_static_number_fires,,,qwen2.5-coder_7b,1,experiments/05_choropleth_reliability_benchmark/outputs/runs_iterative_repair/deepseek-coder_6.7b/rules/deepseek-coder_6.7b_rules_C002_static_number_fires_iter02_20260624_231443,,experiments/05_choropleth_reliability_benchmark/outputs/generated_code_iterative_repair/qwen2.5-coder_7b/deepseek-coder_6.7b/rules/C002_static_number_fires_rules_iter02.py,deepseek-coder_6.7b,False,,,False,,
diagnostics.json,experiments/05_choropleth_reliability_benchmark/outputs/runs_iterative_repair/deepseek-coder_6.7b/rules/deepseek-coder_6.7b_rules_C002_static_number_fires_iter02_20260624_231443/diagnostics.json,False,0,,,,False,,,,,2,,diagnostic_json,,rules,,,C002_static_number_fires,,,qwen2.5-coder_7b,1,experiments/05_choropleth_reliability_benchmark/outputs/runs_iterative_repair/deepseek-coder_6.7b/rules/deepseek-coder_6.7b_rules_C002_static_number_fires_iter02_20260624_231443,,experiments/05_choropleth_reliability_benchmark/outputs/generated_code_iterative_repair/qwen2.5-coder_7b/deepseek-coder_6.7b/rules/C002_static_number_fires_rules_iter02.py,deepseek-coder_6.7b,False,,,,False,
map_static.png,experiments/05_choropleth_reliability_benchmark/outputs/runs_iterative_repair/deepseek-coder_6.7b/rules/deepseek-coder_6.7b_rules_C002_static_number_fires_iter02_20260624_234418/map_static.png,False,0,,,,False,,,,,2,,static_png,,rules,,,C002_static_number_fires,missing_or_empty,False,qwen2.5-coder_14b,1,experiments/05_choropleth_reliability_benchmark/outputs/runs_iterative_repair/deepseek-coder_6.7b/rules/deepseek-coder_6.7b_rules_C002_static_number_fires_iter02_20260624_234418,,experiments/05_choropleth_reliability_benchmark/outputs/generated_code_iterative_repair/qwen2.5-coder_14b/deepseek-coder_6.7b/rules/C002_static_number_fires_rules_iter02.py,deepseek-coder_6.7b,False,,,,,
time_series.png,experiments/05_choropleth_reliability_benchmark/outputs/runs_iterative_repair/deepseek-coder_6.7b/rules/deepseek-coder_6.7b_rules_C002_static_number_fires_iter02_20260624_234418/time_series.png,False,0,,,,False,,,,,2,,time_series_png,,rules,,,C002_static_number_fires,missing_or_empty,False,qwen2.5-coder_14b,1,experiments/05_choropleth_reliability_benchmark/outputs/runs_iterative_repair/deepseek-coder_6.7b/rules/deepseek-coder_6.7b_rules_C002_static_number_fires_iter02_20260624_234418,,experiments/05_choropleth_reliability_benchmark/outputs/generated_code_iterative_repair/qwen2.5-coder_14b/deepseek-coder_6.7b/rules/C002_static_number_fires_rules_iter02.py,deepseek-coder_6.7b,False,,,,,
map_interactive.html,experiments/05_choropleth_reliability_benchmark/outputs/runs_iterative_repair/deepseek-coder_6.7b/rules/deepseek-coder_6.7b_rules_C002_static_number_fires_iter02_20260624_234418/map_interactive.html,False,0,,,,False,,,,,2,,interactive_html,,rules,,,C002_static_number_fires,,,qwen2.5-coder_14b,1,experiments/05_choropleth_reliability_benchmark/outputs/runs_iterative_repair/deepseek-coder_6.7b/rules/deepseek-coder_6.7b_rules_C002_static_number_fires_iter02_20260624_234418,,experiments/05_choropleth_reliability_benchmark/outputs/generated_code_iterative_repair/qwen2.5-coder_14b/deepseek-coder_6.7b/rules/C002_static_number_fires_rules_iter02.py,deepseek-coder_6.7b,False,,,False,,
diagnostics.json,experiments/05_choropleth_reliability_benchmark/outputs/runs_iterative_repair/deepseek-coder_6.7b/rules/deepseek-coder_6.7b_rules_C002_static_number_fires_iter02_20260624_234418/diagnostics.json,False,0,,,,False,,,,,2,,diagnostic_json,,rules,,,C002_static_number_fires,,,qwen2.5-coder_14b,1,experiments/05_choropleth_reliability_benchmark/outputs/runs_iterative_repair/deepseek-coder_6.7b/rules/deepseek-coder_6.7b_rules_C002_static_number_fires_iter02_20260624_234418,,experiments/05_choropleth_reliability_benchmark/outputs/generated_code_iterative_repair/qwen2.5-coder_14b/deepseek-coder_6.7b/rules/C002_static_number_fires_rules_iter02.py,deepseek-coder_6.7b,False,,,,False,
map_static.png,experiments/05_choropleth_reliability_benchmark/outputs/runs_iterative_repair/deepseek-coder_6.7b/rules/deepseek-coder_6.7b_rules_C002_static_number_fires_iter02_20260625_001835/map_static.png,False,0,,,,False,,,,,2,,static_png,,rules,,,C002_static_number_fires,missing_or_empty,False,deepseek-coder_6.7b,1,experiments/05_choropleth_reliability_benchmark/outputs/runs_iterative_repair/deepseek-coder_6.7b/rules/deepseek-coder_6.7b_rules_C002_static_number_fires_iter02_20260625_001835,,experiments/05_choropleth_reliability_benchmark/outputs/generated_code_iterative_repair/deepseek-coder_6.7b/deepseek-coder_6.7b/rules/C002_static_number_fires_rules_iter02.py,deepseek-coder_6.7b,False,,,,,
time_series.png,experiments/05_choropleth_reliability_benchmark/outputs/runs_iterative_repair/deepseek-coder_6.7b/rules/deepseek-coder_6.7b_rules_C002_static_number_fires_iter02_20260625_001835/time_series.png,False,0,,,,False,,,,,2,,time_series_png,,rules,,,C002_static_number_fires,missing_or_empty,False,deepseek-coder_6.7b,1,experiments/05_choropleth_reliability_benchmark/outputs/runs_iterative_repair/deepseek-coder_6.7b/rules/deepseek-coder_6.7b_rules_C002_static_number_fires_iter02_20260625_001835,,experiments/05_choropleth_reliability_benchmark/outputs/generated_code_iterative_repair/deepseek-coder_6.7b/deepseek-coder_6.7b/rules/C002_static_number_fires_rules_iter02.py,deepseek-coder_6.7b,False,,,,,
map_interactive.html,experiments/05_choropleth_reliability_benchmark/outputs/runs_iterative_repair/deepseek-coder_6.7b/rules/deepseek-coder_6.7b_rules_C002_static_number_fires_iter02_20260625_001835/map_interactive.html,False,0,,,,False,,,,,2,,interactive_html,,rules,,,C002_static_number_fires,,,deepseek-coder_6.7b,1,experiments/05_choropleth_reliability_benchmark/outputs/runs_iterative_repair/deepseek-coder_6.7b/rules/deepseek-coder_6.7b_rules_C002_static_number_fires_iter02_20260625_001835,,experiments/05_choropleth_reliability_benchmark/outputs/generated_code_iterative_repair/deepseek-coder_6.7b/deepseek-coder_6.7b/rules/C002_static_number_fires_rules_iter02.py,deepseek-coder_6.7b,False,,,False,,
diagnostics.json,experiments/05_choropleth_reliability_benchmark/outputs/runs_iterative_repair/deepseek-coder_6.7b/rules/deepseek-coder_6.7b_rules_C002_static_number_fires_iter02_20260625_001835/diagnostics.json,False,0,,,,False,,,,,2,,diagnostic_json,,rules,,,C002_static_number_fires,,,deepseek-coder_6.7b,1,experiments/05_choropleth_reliability_benchmark/outputs/runs_iterative_repair/deepseek-coder_6.7b/rules/deepseek-coder_6.7b_rules_C002_static_number_fires_iter02_20260625_001835,,experiments/05_choropleth_reliability_benchmark/outputs/generated_code_iterative_repair/deepseek-coder_6.7b/deepseek-coder_6.7b/rules/C002_static_number_fires_rules_iter02.py,deepseek-coder_6.7b,False,,,,False,
map_static.png,experiments/05_choropleth_reliability_benchmark/outputs/runs_iterative_repair/deepseek-coder_6.7b/rules/deepseek-coder_6.7b_rules_C002_static_number_fires_iter03_20260624_231502/map_static.png,False,0,,,,False,,,,,3,,static_png,,rules,,,C002_static_number_fires,missing_or_empty,False,qwen2.5-coder_7b,1,experiments/05_choropleth_reliability_benchmark/outputs/runs_iterative_repair/deepseek-coder_6.7b/rules/deepseek-coder_6.7b_rules_C002_static_number_fires_iter03_20260624_231502,,experiments/05_choropleth_reliability_benchmark/outputs/generated_code_iterative_repair/qwen2.5-coder_7b/deepseek-coder_6.7b/rules/C002_static_number_fires_rules_iter03.py,deepseek-coder_6.7b,False,,,,,
time_series.png,experiments/05_choropleth_reliability_benchmark/outputs/runs_iterative_repair/deepseek-coder_6.7b/rules/deepseek-coder_6.7b_rules_C002_static_number_fires_iter03_20260624_231502/time_series.png,False,0,,,,False,,,,,3,,time_series_png,,rules,,,C002_static_number_fires,missing_or_empty,False,qwen2.5-coder_7b,1,experiments/05_choropleth_reliability_benchmark/outputs/runs_iterative_repair/deepseek-coder_6.7b/rules/deepseek-coder_6.7b_rules_C002_static_number_fires_iter03_20260624_231502,,experiments/05_choropleth_reliability_benchmark/outputs/generated_code_iterative_repair/qwen2.5-coder_7b/deepseek-coder_6.7b/rules/C002_static_number_fires_rules_iter03.py,deepseek-coder_6.7b,False,,,,,
map_interactive.html,experiments/05_choropleth_reliability_benchmark/outputs/runs_iterative_repair/deepseek-coder_6.7b/rules/deepseek-coder_6.7b_rules_C002_static_number_fires_iter03_20260624_231502/map_interactive.html,False,0,,,,False,,,,,3,,interactive_html,,rules,,,C002_static_number_fires,,,qwen2.5-coder_7b,1,experiments/05_choropleth_reliability_benchmark/outputs/runs_iterative_repair/deepseek-coder_6.7b/rules/deepseek-coder_6.7b_rules_C002_static_number_fires_iter03_20260624_231502,,experiments/05_choropleth_reliability_benchmark/outputs/generated_code_iterative_repair/qwen2.5-coder_7b/deepseek-coder_6.7b/rules/C002_static_number_fires_rules_iter03.py,deepseek-coder_6.7b,False,,,False,,
diagnostics.json,experiments/05_choropleth_reliability_benchmark/outputs/runs_iterative_repair/deepseek-coder_6.7b/rules/deepseek-coder_6.7b_rules_C002_static_number_fires_iter03_20260624_231502/diagnostics.json,False,0,,,,False,,,,,3,,diagnostic_json,,rules,,,C002_static_number_fires,,,qwen2.5-coder_7b,1,experiments/05_choropleth_reliability_benchmark/outputs/runs_iterative_repair/deepseek-coder_6.7b/rules/deepseek-coder_6.7b_rules_C002_static_number_fires_iter03_20260624_231502,,experiments/05_choropleth_reliability_benchmark/outputs/generated_code_iterative_repair/qwen2.5-coder_7b/deepseek-coder_6.7b/rules/C002_static_number_fires_rules_iter03.py,deepseek-coder_6.7b,False,,,,False,
map_static.png,experiments/05_choropleth_reliability_benchmark/outputs/runs_iterative_repair/deepseek-coder_6.7b/rules/deepseek-coder_6.7b_rules_C002_static_number_fires_iter03_20260624_234448/map_static.png,False,0,,,,False,,,,,3,,static_png,,rules,,,C002_static_number_fires,missing_or_empty,False,qwen2.5-coder_14b,1,experiments/05_choropleth_reliability_benchmark/outputs/runs_iterative_repair/deepseek-coder_6.7b/rules/deepseek-coder_6.7b_rules_C002_static_number_fires_iter03_20260624_234448,,experiments/05_choropleth_reliability_benchmark/outputs/generated_code_iterative_repair/qwen2.5-coder_14b/deepseek-coder_6.7b/rules/C002_static_number_fires_rules_iter03.py,deepseek-coder_6.7b,False,,,,,
time_series.png,experiments/05_choropleth_reliability_benchmark/outputs/runs_iterative_repair/deepseek-coder_6.7b/rules/deepseek-coder_6.7b_rules_C002_static_number_fires_iter03_20260624_234448/time_series.png,False,0,,,,False,,,,,3,,time_series_png,,rules,,,C002_static_number_fires,missing_or_empty,False,qwen2.5-coder_14b,1,experiments/05_choropleth_reliability_benchmark/outputs/runs_iterative_repair/deepseek-coder_6.7b/rules/deepseek-coder_6.7b_rules_C002_static_number_fires_iter03_20260624_234448,,experiments/05_choropleth_reliability_benchmark/outputs/generated_code_iterative_repair/qwen2.5-coder_14b/deepseek-coder_6.7b/rules/C002_static_number_fires_rules_iter03.py,deepseek-coder_6.7b,False,,,,,
map_interactive.html,experiments/05_choropleth_reliability_benchmark/outputs/runs_iterative_repair/deepseek-coder_6.7b/rules/deepseek-coder_6.7b_rules_C002_static_number_fires_iter03_20260624_234448/map_interactive.html,False,0,,,,False,,,,,3,,interactive_html,,rules,,,C002_static_number_fires,,,qwen2.5-coder_14b,1,experiments/05_choropleth_reliability_benchmark/outputs/runs_iterative_repair/deepseek-coder_6.7b/rules/deepseek-coder_6.7b_rules_C002_static_number_fires_iter03_20260624_234448,,experiments/05_choropleth_reliability_benchmark/outputs/generated_code_iterative_repair/qwen2.5-coder_14b/deepseek-coder_6.7b/rules/C002_static_number_fires_rules_iter03.py,deepseek-coder_6.7b,False,,,False,,
diagnostics.json,experiments/05_choropleth_reliability_benchmark/outputs/runs_iterative_repair/deepseek-coder_6.7b/rules/deepseek-coder_6.7b_rules_C002_static_number_fires_iter03_20260624_234448/diagnostics.json,False,0,,,,False,,,,,3,,diagnostic_json,,rules,,,C002_static_number_fires,,,qwen2.5-coder_14b,1,experiments/05_choropleth_reliability_benchmark/outputs/runs_iterative_repair/deepseek-coder_6.7b/rules/deepseek-coder_6.7b_rules_C002_static_number_fires_iter03_20260624_234448,,experiments/05_choropleth_reliability_benchmark/outputs/generated_code_iterative_repair/qwen2.5-coder_14b/deepseek-coder_6.7b/rules/C002_static_number_fires_rules_iter03.py,deepseek-coder_6.7b,False,,,,False,
map_static.png,experiments/05_choropleth_reliability_benchmark/outputs/runs_iterative_repair/deepseek-coder_6.7b/rules/deepseek-coder_6.7b_rules_C002_static_number_fires_iter03_20260625_001850/map_static.png,False,0,,,,False,,,,,3,,static_png,,rules,,,C002_static_number_fires,missing_or_empty,False,deepseek-coder_6.7b,1,experiments/05_choropleth_reliability_benchmark/outputs/runs_iterative_repair/deepseek-coder_6.7b/rules/deepseek-coder_6.7b_rules_C002_static_number_fires_iter03_20260625_001850,,experiments/05_choropleth_reliability_benchmark/outputs/generated_code_iterative_repair/deepseek-coder_6.7b/deepseek-coder_6.7b/rules/C002_static_number_fires_rules_iter03.py,deepseek-coder_6.7b,False,,,,,
time_series.png,experiments/05_choropleth_reliability_benchmark/outputs/runs_iterative_repair/deepseek-coder_6.7b/rules/deepseek-coder_6.7b_rules_C002_static_number_fires_iter03_20260625_001850/time_series.png,False,0,,,,False,,,,,3,,time_series_png,,rules,,,C002_static_number_fires,missing_or_empty,False,deepseek-coder_6.7b,1,experiments/05_choropleth_reliability_benchmark/outputs/runs_iterative_repair/deepseek-coder_6.7b/rules/deepseek-coder_6.7b_rules_C002_static_number_fires_iter03_20260625_001850,,experiments/05_choropleth_reliability_benchmark/outputs/generated_code_iterative_repair/deepseek-coder_6.7b/deepseek-coder_6.7b/rules/C002_static_number_fires_rules_iter03.py,deepseek-coder_6.7b,False,,,,,
map_interactive.html,experiments/05_choropleth_reliability_benchmark/outputs/runs_iterative_repair/deepseek-coder_6.7b/rules/deepseek-coder_6.7b_rules_C002_static_number_fires_iter03_20260625_001850/map_interactive.html,False,0,,,,False,,,,,3,,interactive_html,,rules,,,C002_static_number_fires,,,deepseek-coder_6.7b,1,experiments/05_choropleth_reliability_benchmark/outputs/runs_iterative_repair/deepseek-coder_6.7b/rules/deepseek-coder_6.7b_rules_C002_static_number_fires_iter03_20260625_001850,,experiments/05_choropleth_reliability_benchmark/outputs/generated_code_iterative_repair/deepseek-coder_6.7b/deepseek-coder_6.7b/rules/C002_static_number_fires_rules_iter03.py,deepseek-coder_6.7b,False,,,False,,
diagnostics.json,experiments/05_choropleth_reliability_benchmark/outputs/runs_iterative_repair/deepseek-coder_6.7b/rules/deepseek-coder_6.7b_rules_C002_static_number_fires_iter03_20260625_001850/diagnostics.json,False,0,,,,False,,,,,3,,diagnostic_json,,rules,,,C002_static_number_fires,,,deepseek-coder_6.7b,1,experiments/05_choropleth_reliability_benchmark/outputs/runs_iterative_repair/deepseek-coder_6.7b/rules/deepseek-coder_6.7b_rules_C002_static_number_fires_iter03_20260625_001850,,experiments/05_choropleth_reliability_benchmark/outputs/generated_code_iterative_repair/deepseek-coder_6.7b/deepseek-coder_6.7b/rules/C002_static_number_fires_rules_iter03.py,deepseek-coder_6.7b,False,,,,False,
map_static.png,experiments/05_choropleth_reliability_benchmark/outputs/runs_iterative_repair/deepseek-coder_6.7b/rules/deepseek-coder_6.7b_rules_C003_static_full_layout_iter01_20260624_040903/map_static.png,False,0,,,,False,,,,,1,,static_png,,rules,,,C003_static_full_layout,missing_or_empty,False,qwen2.5-coder_32b,0,experiments/05_choropleth_reliability_benchmark/outputs/runs_iterative_repair/deepseek-coder_6.7b/rules/deepseek-coder_6.7b_rules_C003_static_full_layout_iter01_20260624_040903,,experiments/05_choropleth_reliability_benchmark/outputs/generated_code_iterative_repair/qwen2.5-coder_32b/deepseek-coder_6.7b/rules/C003_static_full_layout_rules_iter01.py,deepseek-coder_6.7b,False,,,,,
time_series.png,experiments/05_choropleth_reliability_benchmark/outputs/runs_iterative_repair/deepseek-coder_6.7b/rules/deepseek-coder_6.7b_rules_C003_static_full_layout_iter01_20260624_040903/time_series.png,False,0,,,,False,,,,,1,,time_series_png,,rules,,,C003_static_full_layout,missing_or_empty,False,qwen2.5-coder_32b,0,experiments/05_choropleth_reliability_benchmark/outputs/runs_iterative_repair/deepseek-coder_6.7b/rules/deepseek-coder_6.7b_rules_C003_static_full_layout_iter01_20260624_040903,,experiments/05_choropleth_reliability_benchmark/outputs/generated_code_iterative_repair/qwen2.5-coder_32b/deepseek-coder_6.7b/rules/C003_static_full_layout_rules_iter01.py,deepseek-coder_6.7b,False,,,,,
map_interactive.html,experiments/05_choropleth_reliability_benchmark/outputs/runs_iterative_repair/deepseek-coder_6.7b/rules/deepseek-coder_6.7b_rules_C003_static_full_layout_iter01_20260624_040903/map_interactive.html,False,0,,,,False,,,,,1,,interactive_html,,rules,,,C003_static_full_layout,,,qwen2.5-coder_32b,0,experiments/05_choropleth_reliability_benchmark/outputs/runs_iterative_repair/deepseek-coder_6.7b/rules/deepseek-coder_6.7b_rules_C003_static_full_layout_iter01_20260624_040903,,experiments/05_choropleth_reliability_benchmark/outputs/generated_code_iterative_repair/qwen2.5-coder_32b/deepseek-coder_6.7b/rules/C003_static_full_layout_rules_iter01.py,deepseek-coder_6.7b,False,,,False,,
diagnostics.json,experiments/05_choropleth_reliability_benchmark/outputs/runs_iterative_repair/deepseek-coder_6.7b/rules/deepseek-coder_6.7b_rules_C003_static_full_layout_iter01_20260624_040903/diagnostics.json,True,59,,,,True,,,,,1,,diagnostic_json,,rules,,,C003_static_full_layout,,,qwen2.5-coder_32b,0,experiments/05_choropleth_reliability_benchmark/outputs/runs_iterative_repair/deepseek-coder_6.7b/rules/deepseek-coder_6.7b_rules_C003_static_full_layout_iter01_20260624_040903,,experiments/05_choropleth_reliability_benchmark/outputs/generated_code_iterative_repair/qwen2.5-coder_32b/deepseek-coder_6.7b/rules/C003_static_full_layout_rules_iter01.py,deepseek-coder_6.7b,False,1,,,True,
map_static.png,experiments/05_choropleth_reliability_benchmark/outputs/runs_iterative_repair/deepseek-coder_6.7b/rules/deepseek-coder_6.7b_rules_C003_static_full_layout_iter01_20260624_070930/map_static.png,False,0,,,,False,,,,,1,,static_png,,rules,,,C003_static_full_layout,missing_or_empty,False,qwen2.5-coder_14b,0,experiments/05_choropleth_reliability_benchmark/outputs/runs_iterative_repair/deepseek-coder_6.7b/rules/deepseek-coder_6.7b_rules_C003_static_full_layout_iter01_20260624_070930,,experiments/05_choropleth_reliability_benchmark/outputs/generated_code_iterative_repair/qwen2.5-coder_14b/deepseek-coder_6.7b/rules/C003_static_full_layout_rules_iter01.py,deepseek-coder_6.7b,False,,,,,
time_series.png,experiments/05_choropleth_reliability_benchmark/outputs/runs_iterative_repair/deepseek-coder_6.7b/rules/deepseek-coder_6.7b_rules_C003_static_full_layout_iter01_20260624_070930/time_series.png,False,0,,,,False,,,,,1,,time_series_png,,rules,,,C003_static_full_layout,missing_or_empty,False,qwen2.5-coder_14b,0,experiments/05_choropleth_reliability_benchmark/outputs/runs_iterative_repair/deepseek-coder_6.7b/rules/deepseek-coder_6.7b_rules_C003_static_full_layout_iter01_20260624_070930,,experiments/05_choropleth_reliability_benchmark/outputs/generated_code_iterative_repair/qwen2.5-coder_14b/deepseek-coder_6.7b/rules/C003_static_full_layout_rules_iter01.py,deepseek-coder_6.7b,False,,,,,
map_interactive.html,experiments/05_choropleth_reliability_benchmark/outputs/runs_iterative_repair/deepseek-coder_6.7b/rules/deepseek-coder_6.7b_rules_C003_static_full_layout_iter01_20260624_070930/map_interactive.html,False,0,,,,False,,,,,1,,interactive_html,,rules,,,C003_static_full_layout,,,qwen2.5-coder_14b,0,experiments/05_choropleth_reliability_benchmark/outputs/runs_iterative_repair/deepseek-coder_6.7b/rules/deepseek-coder_6.7b_rules_C003_static_full_layout_iter01_20260624_070930,,experiments/05_choropleth_reliability_benchmark/outputs/generated_code_iterative_repair/qwen2.5-coder_14b/deepseek-coder_6.7b/rules/C003_static_full_layout_rules_iter01.py,deepseek-coder_6.7b,False,,,False,,
diagnostics.json,experiments/05_choropleth_reliability_benchmark/outputs/runs_iterative_repair/deepseek-coder_6.7b/rules/deepseek-coder_6.7b_rules_C003_static_full_layout_iter01_20260624_070930/diagnostics.json,True,59,,,,True,,,,,1,,diagnostic_json,,rules,,,C003_static_full_layout,,,qwen2.5-coder_14b,0,experiments/05_choropleth_reliability_benchmark/outputs/runs_iterative_repair/deepseek-coder_6.7b/rules/deepseek-coder_6.7b_rules_C003_static_full_layout_iter01_20260624_070930,,experiments/05_choropleth_reliability_benchmark/outputs/generated_code_iterative_repair/qwen2.5-coder_14b/deepseek-coder_6.7b/rules/C003_static_full_layout_rules_iter01.py,deepseek-coder_6.7b,False,1,,,True,
map_static.png,experiments/05_choropleth_reliability_benchmark/outputs/runs_iterative_repair/deepseek-coder_6.7b/rules/deepseek-coder_6.7b_rules_C003_static_full_layout_iter01_20260624_071849/map_static.png,False,0,,,,False,,,,,1,,static_png,,rules,,,C003_static_full_layout,missing_or_empty,False,qwen2.5-coder_7b,0,experiments/05_choropleth_reliability_benchmark/outputs/runs_iterative_repair/deepseek-coder_6.7b/rules/deepseek-coder_6.7b_rules_C003_static_full_layout_iter01_20260624_071849,,experiments/05_choropleth_reliability_benchmark/outputs/generated_code_iterative_repair/qwen2.5-coder_7b/deepseek-coder_6.7b/rules/C003_static_full_layout_rules_iter01.py,deepseek-coder_6.7b,False,,,,,
time_series.png,experiments/05_choropleth_reliability_benchmark/outputs/runs_iterative_repair/deepseek-coder_6.7b/rules/deepseek-coder_6.7b_rules_C003_static_full_layout_iter01_20260624_071849/time_series.png,False,0,,,,False,,,,,1,,time_series_png,,rules,,,C003_static_full_layout,missing_or_empty,False,qwen2.5-coder_7b,0,experiments/05_choropleth_reliability_benchmark/outputs/runs_iterative_repair/deepseek-coder_6.7b/rules/deepseek-coder_6.7b_rules_C003_static_full_layout_iter01_20260624_071849,,experiments/05_choropleth_reliability_benchmark/outputs/generated_code_iterative_repair/qwen2.5-coder_7b/deepseek-coder_6.7b/rules/C003_static_full_layout_rules_iter01.py,deepseek-coder_6.7b,False,,,,,
map_interactive.html,experiments/05_choropleth_reliability_benchmark/outputs/runs_iterative_repair/deepseek-coder_6.7b/rules/deepseek-coder_6.7b_rules_C003_static_full_layout_iter01_20260624_071849/map_interactive.html,False,0,,,,False,,,,,1,,interactive_html,,rules,,,C003_static_full_layout,,,qwen2.5-coder_7b,0,experiments/05_choropleth_reliability_benchmark/outputs/runs_iterative_repair/deepseek-coder_6.7b/rules/deepseek-coder_6.7b_rules_C003_static_full_layout_iter01_20260624_071849,,experiments/05_choropleth_reliability_benchmark/outputs/generated_code_iterative_repair/qwen2.5-coder_7b/deepseek-coder_6.7b/rules/C003_static_full_layout_rules_iter01.py,deepseek-coder_6.7b,False,,,False,,
diagnostics.json,experiments/05_choropleth_reliability_benchmark/outputs/runs_iterative_repair/deepseek-coder_6.7b/rules/deepseek-coder_6.7b_rules_C003_static_full_layout_iter01_20260624_071849/diagnostics.json,True,59,,,,True,,,,,1,,diagnostic_json,,rules,,,C003_static_full_layout,,,qwen2.5-coder_7b,0,experiments/05_choropleth_reliability_benchmark/outputs/runs_iterative_repair/deepseek-coder_6.7b/rules/deepseek-coder_6.7b_rules_C003_static_full_layout_iter01_20260624_071849,,experiments/05_choropleth_reliability_benchmark/outputs/generated_code_iterative_repair/qwen2.5-coder_7b/deepseek-coder_6.7b/rules/C003_static_full_layout_rules_iter01.py,deepseek-coder_6.7b,False,1,,,True,
map_static.png,experiments/05_choropleth_reliability_benchmark/outputs/runs_iterative_repair/deepseek-coder_6.7b/rules/deepseek-coder_6.7b_rules_C003_static_full_layout_iter01_20260624_072857/map_static.png,False,0,,,,False,,,,,1,,static_png,,rules,,,C003_static_full_layout,missing_or_empty,False,deepseek-coder_6.7b,0,experiments/05_choropleth_reliability_benchmark/outputs/runs_iterative_repair/deepseek-coder_6.7b/rules/deepseek-coder_6.7b_rules_C003_static_full_layout_iter01_20260624_072857,,experiments/05_choropleth_reliability_benchmark/outputs/generated_code_iterative_repair/deepseek-coder_6.7b/deepseek-coder_6.7b/rules/C003_static_full_layout_rules_iter01.py,deepseek-coder_6.7b,False,,,,,
time_series.png,experiments/05_choropleth_reliability_benchmark/outputs/runs_iterative_repair/deepseek-coder_6.7b/rules/deepseek-coder_6.7b_rules_C003_static_full_layout_iter01_20260624_072857/time_series.png,False,0,,,,False,,,,,1,,time_series_png,,rules,,,C003_static_full_layout,missing_or_empty,False,deepseek-coder_6.7b,0,experiments/05_choropleth_reliability_benchmark/outputs/runs_iterative_repair/deepseek-coder_6.7b/rules/deepseek-coder_6.7b_rules_C003_static_full_layout_iter01_20260624_072857,,experiments/05_choropleth_reliability_benchmark/outputs/generated_code_iterative_repair/deepseek-coder_6.7b/deepseek-coder_6.7b/rules/C003_static_full_layout_rules_iter01.py,deepseek-coder_6.7b,False,,,,,
map_interactive.html,experiments/05_choropleth_reliability_benchmark/outputs/runs_iterative_repair/deepseek-coder_6.7b/rules/deepseek-coder_6.7b_rules_C003_static_full_layout_iter01_20260624_072857/map_interactive.html,False,0,,,,False,,,,,1,,interactive_html,,rules,,,C003_static_full_layout,,,deepseek-coder_6.7b,0,experiments/05_choropleth_reliability_benchmark/outputs/runs_iterative_repair/deepseek-coder_6.7b/rules/deepseek-coder_6.7b_rules_C003_static_full_layout_iter01_20260624_072857,,experiments/05_choropleth_reliability_benchmark/outputs/generated_code_iterative_repair/deepseek-coder_6.7b/deepseek-coder_6.7b/rules/C003_static_full_layout_rules_iter01.py,deepseek-coder_6.7b,False,,,False,,
diagnostics.json,experiments/05_choropleth_reliability_benchmark/outputs/runs_iterative_repair/deepseek-coder_6.7b/rules/deepseek-coder_6.7b_rules_C003_static_full_layout_iter01_20260624_072857/diagnostics.json,True,59,,,,True,,,,,1,,diagnostic_json,,rules,,,C003_static_full_layout,,,deepseek-coder_6.7b,0,experiments/05_choropleth_reliability_benchmark/outputs/runs_iterative_repair/deepseek-coder_6.7b/rules/deepseek-coder_6.7b_rules_C003_static_full_layout_iter01_20260624_072857,,experiments/05_choropleth_reliability_benchmark/outputs/generated_code_iterative_repair/deepseek-coder_6.7b/deepseek-coder_6.7b/rules/C003_static_full_layout_rules_iter01.py,deepseek-coder_6.7b,False,1,,,True,
map_static.png,experiments/05_choropleth_reliability_benchmark/outputs/runs_iterative_repair/deepseek-coder_6.7b/rules/deepseek-coder_6.7b_rules_C003_static_full_layout_iter02_20260624_040946/map_static.png,False,0,,,,False,,,,,2,,static_png,,rules,,,C003_static_full_layout,missing_or_empty,False,qwen2.5-coder_32b,0,experiments/05_choropleth_reliability_benchmark/outputs/runs_iterative_repair/deepseek-coder_6.7b/rules/deepseek-coder_6.7b_rules_C003_static_full_layout_iter02_20260624_040946,,experiments/05_choropleth_reliability_benchmark/outputs/generated_code_iterative_repair/qwen2.5-coder_32b/deepseek-coder_6.7b/rules/C003_static_full_layout_rules_iter02.py,deepseek-coder_6.7b,False,,,,,
time_series.png,experiments/05_choropleth_reliability_benchmark/outputs/runs_iterative_repair/deepseek-coder_6.7b/rules/deepseek-coder_6.7b_rules_C003_static_full_layout_iter02_20260624_040946/time_series.png,False,0,,,,False,,,,,2,,time_series_png,,rules,,,C003_static_full_layout,missing_or_empty,False,qwen2.5-coder_32b,0,experiments/05_choropleth_reliability_benchmark/outputs/runs_iterative_repair/deepseek-coder_6.7b/rules/deepseek-coder_6.7b_rules_C003_static_full_layout_iter02_20260624_040946,,experiments/05_choropleth_reliability_benchmark/outputs/generated_code_iterative_repair/qwen2.5-coder_32b/deepseek-coder_6.7b/rules/C003_static_full_layout_rules_iter02.py,deepseek-coder_6.7b,False,,,,,
map_interactive.html,experiments/05_choropleth_reliability_benchmark/outputs/runs_iterative_repair/deepseek-coder_6.7b/rules/deepseek-coder_6.7b_rules_C003_static_full_layout_iter02_20260624_040946/map_interactive.html,False,0,,,,False,,,,,2,,interactive_html,,rules,,,C003_static_full_layout,,,qwen2.5-coder_32b,0,experiments/05_choropleth_reliability_benchmark/outputs/runs_iterative_repair/deepseek-coder_6.7b/rules/deepseek-coder_6.7b_rules_C003_static_full_layout_iter02_20260624_040946,,experiments/05_choropleth_reliability_benchmark/outputs/generated_code_iterative_repair/qwen2.5-coder_32b/deepseek-coder_6.7b/rules/C003_static_full_layout_rules_iter02.py,deepseek-coder_6.7b,False,,,False,,
diagnostics.json,experiments/05_choropleth_reliability_benchmark/outputs/runs_iterative_repair/deepseek-coder_6.7b/rules/deepseek-coder_6.7b_rules_C003_static_full_layout_iter02_20260624_040946/diagnostics.json,True,59,,,,True,,,,,2,,diagnostic_json,,rules,,,C003_static_full_layout,,,qwen2.5-coder_32b,0,experiments/05_choropleth_reliability_benchmark/outputs/runs_iterative_repair/deepseek-coder_6.7b/rules/deepseek-coder_6.7b_rules_C003_static_full_layout_iter02_20260624_040946,,experiments/05_choropleth_reliability_benchmark/outputs/generated_code_iterative_repair/qwen2.5-coder_32b/deepseek-coder_6.7b/rules/C003_static_full_layout_rules_iter02.py,deepseek-coder_6.7b,False,1,,,True,
map_static.png,experiments/05_choropleth_reliability_benchmark/outputs/runs_iterative_repair/deepseek-coder_6.7b/rules/deepseek-coder_6.7b_rules_C003_static_full_layout_iter02_20260624_070950/map_static.png,False,0,,,,False,,,,,2,,static_png,,rules,,,C003_static_full_layout,missing_or_empty,False,qwen2.5-coder_14b,0,experiments/05_choropleth_reliability_benchmark/outputs/runs_iterative_repair/deepseek-coder_6.7b/rules/deepseek-coder_6.7b_rules_C003_static_full_layout_iter02_20260624_070950,,experiments/05_choropleth_reliability_benchmark/outputs/generated_code_iterative_repair/qwen2.5-coder_14b/deepseek-coder_6.7b/rules/C003_static_full_layout_rules_iter02.py,deepseek-coder_6.7b,False,,,,,
time_series.png,experiments/05_choropleth_reliability_benchmark/outputs/runs_iterative_repair/deepseek-coder_6.7b/rules/deepseek-coder_6.7b_rules_C003_static_full_layout_iter02_20260624_070950/time_series.png,False,0,,,,False,,,,,2,,time_series_png,,rules,,,C003_static_full_layout,missing_or_empty,False,qwen2.5-coder_14b,0,experiments/05_choropleth_reliability_benchmark/outputs/runs_iterative_repair/deepseek-coder_6.7b/rules/deepseek-coder_6.7b_rules_C003_static_full_layout_iter02_20260624_070950,,experiments/05_choropleth_reliability_benchmark/outputs/generated_code_iterative_repair/qwen2.5-coder_14b/deepseek-coder_6.7b/rules/C003_static_full_layout_rules_iter02.py,deepseek-coder_6.7b,False,,,,,
map_interactive.html,experiments/05_choropleth_reliability_benchmark/outputs/runs_iterative_repair/deepseek-coder_6.7b/rules/deepseek-coder_6.7b_rules_C003_static_full_layout_iter02_20260624_070950/map_interactive.html,False,0,,,,False,,,,,2,,interactive_html,,rules,,,C003_static_full_layout,,,qwen2.5-coder_14b,0,experiments/05_choropleth_reliability_benchmark/outputs/runs_iterative_repair/deepseek-coder_6.7b/rules/deepseek-coder_6.7b_rules_C003_static_full_layout_iter02_20260624_070950,,experiments/05_choropleth_reliability_benchmark/outputs/generated_code_iterative_repair/qwen2.5-coder_14b/deepseek-coder_6.7b/rules/C003_static_full_layout_rules_iter02.py,deepseek-coder_6.7b,False,,,False,,
diagnostics.json,experiments/05_choropleth_reliability_benchmark/outputs/runs_iterative_repair/deepseek-coder_6.7b/rules/deepseek-coder_6.7b_rules_C003_static_full_layout_iter02_20260624_070950/diagnostics.json,True,59,,,,True,,,,,2,,diagnostic_json,,rules,,,C003_static_full_layout,,,qwen2.5-coder_14b,0,experiments/05_choropleth_reliability_benchmark/outputs/runs_iterative_repair/deepseek-coder_6.7b/rules/deepseek-coder_6.7b_rules_C003_static_full_layout_iter02_20260624_070950,,experiments/05_choropleth_reliability_benchmark/outputs/generated_code_iterative_repair/qwen2.5-coder_14b/deepseek-coder_6.7b/rules/C003_static_full_layout_rules_iter02.py,deepseek-coder_6.7b,False,1,,,True,
map_static.png,experiments/05_choropleth_reliability_benchmark/outputs/runs_iterative_repair/deepseek-coder_6.7b/rules/deepseek-coder_6.7b_rules_C003_static_full_layout_iter02_20260624_071900/map_static.png,False,0,,,,False,,,,,2,,static_png,,rules,,,C003_static_full_layout,missing_or_empty,False,qwen2.5-coder_7b,0,experiments/05_choropleth_reliability_benchmark/outputs/runs_iterative_repair/deepseek-coder_6.7b/rules/deepseek-coder_6.7b_rules_C003_static_full_layout_iter02_20260624_071900,,experiments/05_choropleth_reliability_benchmark/outputs/generated_code_iterative_repair/qwen2.5-coder_7b/deepseek-coder_6.7b/rules/C003_static_full_layout_rules_iter02.py,deepseek-coder_6.7b,False,,,,,
time_series.png,experiments/05_choropleth_reliability_benchmark/outputs/runs_iterative_repair/deepseek-coder_6.7b/rules/deepseek-coder_6.7b_rules_C003_static_full_layout_iter02_20260624_071900/time_series.png,False,0,,,,False,,,,,2,,time_series_png,,rules,,,C003_static_full_layout,missing_or_empty,False,qwen2.5-coder_7b,0,experiments/05_choropleth_reliability_benchmark/outputs/runs_iterative_repair/deepseek-coder_6.7b/rules/deepseek-coder_6.7b_rules_C003_static_full_layout_iter02_20260624_071900,,experiments/05_choropleth_reliability_benchmark/outputs/generated_code_iterative_repair/qwen2.5-coder_7b/deepseek-coder_6.7b/rules/C003_static_full_layout_rules_iter02.py,deepseek-coder_6.7b,False,,,,,
map_interactive.html,experiments/05_choropleth_reliability_benchmark/outputs/runs_iterative_repair/deepseek-coder_6.7b/rules/deepseek-coder_6.7b_rules_C003_static_full_layout_iter02_20260624_071900/map_interactive.html,False,0,,,,False,,,,,2,,interactive_html,,rules,,,C003_static_full_layout,,,qwen2.5-coder_7b,0,experiments/05_choropleth_reliability_benchmark/outputs/runs_iterative_repair/deepseek-coder_6.7b/rules/deepseek-coder_6.7b_rules_C003_static_full_layout_iter02_20260624_071900,,experiments/05_choropleth_reliability_benchmark/outputs/generated_code_iterative_repair/qwen2.5-coder_7b/deepseek-coder_6.7b/rules/C003_static_full_layout_rules_iter02.py,deepseek-coder_6.7b,False,,,False,,
diagnostics.json,experiments/05_choropleth_reliability_benchmark/outputs/runs_iterative_repair/deepseek-coder_6.7b/rules/deepseek-coder_6.7b_rules_C003_static_full_layout_iter02_20260624_071900/diagnostics.json,True,59,,,,True,,,,,2,,diagnostic_json,,rules,,,C003_static_full_layout,,,qwen2.5-coder_7b,0,experiments/05_choropleth_reliability_benchmark/outputs/runs_iterative_repair/deepseek-coder_6.7b/rules/deepseek-coder_6.7b_rules_C003_static_full_layout_iter02_20260624_071900,,experiments/05_choropleth_reliability_benchmark/outputs/generated_code_iterative_repair/qwen2.5-coder_7b/deepseek-coder_6.7b/rules/C003_static_full_layout_rules_iter02.py,deepseek-coder_6.7b,False,1,,,True,
map_static.png,experiments/05_choropleth_reliability_benchmark/outputs/runs_iterative_repair/deepseek-coder_6.7b/rules/deepseek-coder_6.7b_rules_C003_static_full_layout_iter02_20260624_072910/map_static.png,False,0,,,,False,,,,,2,,static_png,,rules,,,C003_static_full_layout,missing_or_empty,False,deepseek-coder_6.7b,0,experiments/05_choropleth_reliability_benchmark/outputs/runs_iterative_repair/deepseek-coder_6.7b/rules/deepseek-coder_6.7b_rules_C003_static_full_layout_iter02_20260624_072910,,experiments/05_choropleth_reliability_benchmark/outputs/generated_code_iterative_repair/deepseek-coder_6.7b/deepseek-coder_6.7b/rules/C003_static_full_layout_rules_iter02.py,deepseek-coder_6.7b,False,,,,,
time_series.png,experiments/05_choropleth_reliability_benchmark/outputs/runs_iterative_repair/deepseek-coder_6.7b/rules/deepseek-coder_6.7b_rules_C003_static_full_layout_iter02_20260624_072910/time_series.png,False,0,,,,False,,,,,2,,time_series_png,,rules,,,C003_static_full_layout,missing_or_empty,False,deepseek-coder_6.7b,0,experiments/05_choropleth_reliability_benchmark/outputs/runs_iterative_repair/deepseek-coder_6.7b/rules/deepseek-coder_6.7b_rules_C003_static_full_layout_iter02_20260624_072910,,experiments/05_choropleth_reliability_benchmark/outputs/generated_code_iterative_repair/deepseek-coder_6.7b/deepseek-coder_6.7b/rules/C003_static_full_layout_rules_iter02.py,deepseek-coder_6.7b,False,,,,,
map_interactive.html,experiments/05_choropleth_reliability_benchmark/outputs/runs_iterative_repair/deepseek-coder_6.7b/rules/deepseek-coder_6.7b_rules_C003_static_full_layout_iter02_20260624_072910/map_interactive.html,False,0,,,,False,,,,,2,,interactive_html,,rules,,,C003_static_full_layout,,,deepseek-coder_6.7b,0,experiments/05_choropleth_reliability_benchmark/outputs/runs_iterative_repair/deepseek-coder_6.7b/rules/deepseek-coder_6.7b_rules_C003_static_full_layout_iter02_20260624_072910,,experiments/05_choropleth_reliability_benchmark/outputs/generated_code_iterative_repair/deepseek-coder_6.7b/deepseek-coder_6.7b/rules/C003_static_full_layout_rules_iter02.py,deepseek-coder_6.7b,False,,,False,,
diagnostics.json,experiments/05_choropleth_reliability_benchmark/outputs/runs_iterative_repair/deepseek-coder_6.7b/rules/deepseek-coder_6.7b_rules_C003_static_full_layout_iter02_20260624_072910/diagnostics.json,True,59,,,,True,,,,,2,,diagnostic_json,,rules,,,C003_static_full_layout,,,deepseek-coder_6.7b,0,experiments/05_choropleth_reliability_benchmark/outputs/runs_iterative_repair/deepseek-coder_6.7b/rules/deepseek-coder_6.7b_rules_C003_static_full_layout_iter02_20260624_072910,,experiments/05_choropleth_reliability_benchmark/outputs/generated_code_iterative_repair/deepseek-coder_6.7b/deepseek-coder_6.7b/rules/C003_static_full_layout_rules_iter02.py,deepseek-coder_6.7b,False,1,,,True,
map_static.png,experiments/05_choropleth_reliability_benchmark/outputs/runs_iterative_repair/deepseek-coder_6.7b/rules/deepseek-coder_6.7b_rules_C003_static_full_layout_iter03_20260624_061627/map_static.png,False,0,,,,False,,,,,3,,static_png,,rules,,,C003_static_full_layout,missing_or_empty,False,qwen2.5-coder_32b,0,experiments/05_choropleth_reliability_benchmark/outputs/runs_iterative_repair/deepseek-coder_6.7b/rules/deepseek-coder_6.7b_rules_C003_static_full_layout_iter03_20260624_061627,,experiments/05_choropleth_reliability_benchmark/outputs/generated_code_iterative_repair/qwen2.5-coder_32b/deepseek-coder_6.7b/rules/C003_static_full_layout_rules_iter03.py,deepseek-coder_6.7b,False,,,,,
time_series.png,experiments/05_choropleth_reliability_benchmark/outputs/runs_iterative_repair/deepseek-coder_6.7b/rules/deepseek-coder_6.7b_rules_C003_static_full_layout_iter03_20260624_061627/time_series.png,False,0,,,,False,,,,,3,,time_series_png,,rules,,,C003_static_full_layout,missing_or_empty,False,qwen2.5-coder_32b,0,experiments/05_choropleth_reliability_benchmark/outputs/runs_iterative_repair/deepseek-coder_6.7b/rules/deepseek-coder_6.7b_rules_C003_static_full_layout_iter03_20260624_061627,,experiments/05_choropleth_reliability_benchmark/outputs/generated_code_iterative_repair/qwen2.5-coder_32b/deepseek-coder_6.7b/rules/C003_static_full_layout_rules_iter03.py,deepseek-coder_6.7b,False,,,,,
map_interactive.html,experiments/05_choropleth_reliability_benchmark/outputs/runs_iterative_repair/deepseek-coder_6.7b/rules/deepseek-coder_6.7b_rules_C003_static_full_layout_iter03_20260624_061627/map_interactive.html,False,0,,,,False,,,,,3,,interactive_html,,rules,,,C003_static_full_layout,,,qwen2.5-coder_32b,0,experiments/05_choropleth_reliability_benchmark/outputs/runs_iterative_repair/deepseek-coder_6.7b/rules/deepseek-coder_6.7b_rules_C003_static_full_layout_iter03_20260624_061627,,experiments/05_choropleth_reliability_benchmark/outputs/generated_code_iterative_repair/qwen2.5-coder_32b/deepseek-coder_6.7b/rules/C003_static_full_layout_rules_iter03.py,deepseek-coder_6.7b,False,,,False,,
diagnostics.json,experiments/05_choropleth_reliability_benchmark/outputs/runs_iterative_repair/deepseek-coder_6.7b/rules/deepseek-coder_6.7b_rules_C003_static_full_layout_iter03_20260624_061627/diagnostics.json,True,59,,,,True,,,,,3,,diagnostic_json,,rules,,,C003_static_full_layout,,,qwen2.5-coder_32b,0,experiments/05_choropleth_reliability_benchmark/outputs/runs_iterative_repair/deepseek-coder_6.7b/rules/deepseek-coder_6.7b_rules_C003_static_full_layout_iter03_20260624_061627,,experiments/05_choropleth_reliability_benchmark/outputs/generated_code_iterative_repair/qwen2.5-coder_32b/deepseek-coder_6.7b/rules/C003_static_full_layout_rules_iter03.py,deepseek-coder_6.7b,False,1,,,True,
map_static.png,experiments/05_choropleth_reliability_benchmark/outputs/runs_iterative_repair/deepseek-coder_6.7b/rules/deepseek-coder_6.7b_rules_C003_static_full_layout_iter03_20260624_230846/map_static.png,False,0,,,,False,,,,,3,,static_png,,rules,,,C003_static_full_layout,missing_or_empty,False,qwen2.5-coder_7b,0,experiments/05_choropleth_reliability_benchmark/outputs/runs_iterative_repair/deepseek-coder_6.7b/rules/deepseek-coder_6.7b_rules_C003_static_full_layout_iter03_20260624_230846,,experiments/05_choropleth_reliability_benchmark/outputs/generated_code_iterative_repair/qwen2.5-coder_7b/deepseek-coder_6.7b/rules/C003_static_full_layout_rules_iter03.py,deepseek-coder_6.7b,False,,,,,
time_series.png,experiments/05_choropleth_reliability_benchmark/outputs/runs_iterative_repair/deepseek-coder_6.7b/rules/deepseek-coder_6.7b_rules_C003_static_full_layout_iter03_20260624_230846/time_series.png,False,0,,,,False,,,,,3,,time_series_png,,rules,,,C003_static_full_layout,missing_or_empty,False,qwen2.5-coder_7b,0,experiments/05_choropleth_reliability_benchmark/outputs/runs_iterative_repair/deepseek-coder_6.7b/rules/deepseek-coder_6.7b_rules_C003_static_full_layout_iter03_20260624_230846,,experiments/05_choropleth_reliability_benchmark/outputs/generated_code_iterative_repair/qwen2.5-coder_7b/deepseek-coder_6.7b/rules/C003_static_full_layout_rules_iter03.py,deepseek-coder_6.7b,False,,,,,
map_interactive.html,experiments/05_choropleth_reliability_benchmark/outputs/runs_iterative_repair/deepseek-coder_6.7b/rules/deepseek-coder_6.7b_rules_C003_static_full_layout_iter03_20260624_230846/map_interactive.html,False,0,,,,False,,,,,3,,interactive_html,,rules,,,C003_static_full_layout,,,qwen2.5-coder_7b,0,experiments/05_choropleth_reliability_benchmark/outputs/runs_iterative_repair/deepseek-coder_6.7b/rules/deepseek-coder_6.7b_rules_C003_static_full_layout_iter03_20260624_230846,,experiments/05_choropleth_reliability_benchmark/outputs/generated_code_iterative_repair/qwen2.5-coder_7b/deepseek-coder_6.7b/rules/C003_static_full_layout_rules_iter03.py,deepseek-coder_6.7b,False,,,False,,
diagnostics.json,experiments/05_choropleth_reliability_benchmark/outputs/runs_iterative_repair/deepseek-coder_6.7b/rules/deepseek-coder_6.7b_rules_C003_static_full_layout_iter03_20260624_230846/diagnostics.json,True,59,,,,True,,,,,3,,diagnostic_json,,rules,,,C003_static_full_layout,,,qwen2.5-coder_7b,0,experiments/05_choropleth_reliability_benchmark/outputs/runs_iterative_repair/deepseek-coder_6.7b/rules/deepseek-coder_6.7b_rules_C003_static_full_layout_iter03_20260624_230846,,experiments/05_choropleth_reliability_benchmark/outputs/generated_code_iterative_repair/qwen2.5-coder_7b/deepseek-coder_6.7b/rules/C003_static_full_layout_rules_iter03.py,deepseek-coder_6.7b,False,1,,,True,
map_static.png,experiments/05_choropleth_reliability_benchmark/outputs/runs_iterative_repair/deepseek-coder_6.7b/rules/deepseek-coder_6.7b_rules_C003_static_full_layout_iter03_20260624_233226/map_static.png,False,0,,,,False,,,,,3,,static_png,,rules,,,C003_static_full_layout,missing_or_empty,False,qwen2.5-coder_14b,0,experiments/05_choropleth_reliability_benchmark/outputs/runs_iterative_repair/deepseek-coder_6.7b/rules/deepseek-coder_6.7b_rules_C003_static_full_layout_iter03_20260624_233226,,experiments/05_choropleth_reliability_benchmark/outputs/generated_code_iterative_repair/qwen2.5-coder_14b/deepseek-coder_6.7b/rules/C003_static_full_layout_rules_iter03.py,deepseek-coder_6.7b,False,,,,,
time_series.png,experiments/05_choropleth_reliability_benchmark/outputs/runs_iterative_repair/deepseek-coder_6.7b/rules/deepseek-coder_6.7b_rules_C003_static_full_layout_iter03_20260624_233226/time_series.png,False,0,,,,False,,,,,3,,time_series_png,,rules,,,C003_static_full_layout,missing_or_empty,False,qwen2.5-coder_14b,0,experiments/05_choropleth_reliability_benchmark/outputs/runs_iterative_repair/deepseek-coder_6.7b/rules/deepseek-coder_6.7b_rules_C003_static_full_layout_iter03_20260624_233226,,experiments/05_choropleth_reliability_benchmark/outputs/generated_code_iterative_repair/qwen2.5-coder_14b/deepseek-coder_6.7b/rules/C003_static_full_layout_rules_iter03.py,deepseek-coder_6.7b,False,,,,,
map_interactive.html,experiments/05_choropleth_reliability_benchmark/outputs/runs_iterative_repair/deepseek-coder_6.7b/rules/deepseek-coder_6.7b_rules_C003_static_full_layout_iter03_20260624_233226/map_interactive.html,False,0,,,,False,,,,,3,,interactive_html,,rules,,,C003_static_full_layout,,,qwen2.5-coder_14b,0,experiments/05_choropleth_reliability_benchmark/outputs/runs_iterative_repair/deepseek-coder_6.7b/rules/deepseek-coder_6.7b_rules_C003_static_full_layout_iter03_20260624_233226,,experiments/05_choropleth_reliability_benchmark/outputs/generated_code_iterative_repair/qwen2.5-coder_14b/deepseek-coder_6.7b/rules/C003_static_full_layout_rules_iter03.py,deepseek-coder_6.7b,False,,,False,,
diagnostics.json,experiments/05_choropleth_reliability_benchmark/outputs/runs_iterative_repair/deepseek-coder_6.7b/rules/deepseek-coder_6.7b_rules_C003_static_full_layout_iter03_20260624_233226/diagnostics.json,True,59,,,,True,,,,,3,,diagnostic_json,,rules,,,C003_static_full_layout,,,qwen2.5-coder_14b,0,experiments/05_choropleth_reliability_benchmark/outputs/runs_iterative_repair/deepseek-coder_6.7b/rules/deepseek-coder_6.7b_rules_C003_static_full_layout_iter03_20260624_233226,,experiments/05_choropleth_reliability_benchmark/outputs/generated_code_iterative_repair/qwen2.5-coder_14b/deepseek-coder_6.7b/rules/C003_static_full_layout_rules_iter03.py,deepseek-coder_6.7b,False,1,,,True,
map_static.png,experiments/05_choropleth_reliability_benchmark/outputs/runs_iterative_repair/deepseek-coder_6.7b/rules/deepseek-coder_6.7b_rules_C004_missing_crs_repair_iter01_20260624_042444/map_static.png,True,32943,0.0123,255,9.754,True,,,,480,1,,static_png,240.701,rules,0.9903,0.1475,C004_missing_crs_repair,,True,qwen2.5-coder_32b,0,experiments/05_choropleth_reliability_benchmark/outputs/runs_iterative_repair/deepseek-coder_6.7b/rules/deepseek-coder_6.7b_rules_C004_missing_crs_repair_iter01_20260624_042444,0.0333,experiments/05_choropleth_reliability_benchmark/outputs/generated_code_iterative_repair/qwen2.5-coder_32b/deepseek-coder_6.7b/rules/C004_missing_crs_repair_rules_iter01.py,deepseek-coder_6.7b,False,,40,,,640
time_series.png,experiments/05_choropleth_reliability_benchmark/outputs/runs_iterative_repair/deepseek-coder_6.7b/rules/deepseek-coder_6.7b_rules_C004_missing_crs_repair_iter01_20260624_042444/time_series.png,False,0,,,,False,,,,,1,,time_series_png,,rules,,,C004_missing_crs_repair,missing_or_empty,False,qwen2.5-coder_32b,0,experiments/05_choropleth_reliability_benchmark/outputs/runs_iterative_repair/deepseek-coder_6.7b/rules/deepseek-coder_6.7b_rules_C004_missing_crs_repair_iter01_20260624_042444,,experiments/05_choropleth_reliability_benchmark/outputs/generated_code_iterative_repair/qwen2.5-coder_32b/deepseek-coder_6.7b/rules/C004_missing_crs_repair_rules_iter01.py,deepseek-coder_6.7b,False,,,,,
map_interactive.html,experiments/05_choropleth_reliability_benchmark/outputs/runs_iterative_repair/deepseek-coder_6.7b/rules/deepseek-coder_6.7b_rules_C004_missing_crs_repair_iter01_20260624_042444/map_interactive.html,True,12518920,,,,True,True,True,False,,1,,interactive_html,,rules,,,C004_missing_crs_repair,,,qwen2.5-coder_32b,0,experiments/05_choropleth_reliability_benchmark/outputs/runs_iterative_repair/deepseek-coder_6.7b/rules/deepseek-coder_6.7b_rules_C004_missing_crs_repair_iter01_20260624_042444,,experiments/05_choropleth_reliability_benchmark/outputs/generated_code_iterative_repair/qwen2.5-coder_32b/deepseek-coder_6.7b/rules/C004_missing_crs_repair_rules_iter01.py,deepseek-coder_6.7b,False,,,True,,
diagnostics.json,experiments/05_choropleth_reliability_benchmark/outputs/runs_iterative_repair/deepseek-coder_6.7b/rules/deepseek-coder_6.7b_rules_C004_missing_crs_repair_iter01_20260624_042444/diagnostics.json,True,73,,,,True,,,,,1,,diagnostic_json,,rules,,,C004_missing_crs_repair,,,qwen2.5-coder_32b,0,experiments/05_choropleth_reliability_benchmark/outputs/runs_iterative_repair/deepseek-coder_6.7b/rules/deepseek-coder_6.7b_rules_C004_missing_crs_repair_iter01_20260624_042444,,experiments/05_choropleth_reliability_benchmark/outputs/generated_code_iterative_repair/qwen2.5-coder_32b/deepseek-coder_6.7b/rules/C004_missing_crs_repair_rules_iter01.py,deepseek-coder_6.7b,False,2,,,True,
map_static.png,experiments/05_choropleth_reliability_benchmark/outputs/runs_iterative_repair/deepseek-coder_6.7b/rules/deepseek-coder_6.7b_rules_C004_missing_crs_repair_iter01_20260624_071300/map_static.png,False,0,,,,False,,,,,1,,static_png,,rules,,,C004_missing_crs_repair,missing_or_empty,False,qwen2.5-coder_14b,1,experiments/05_choropleth_reliability_benchmark/outputs/runs_iterative_repair/deepseek-coder_6.7b/rules/deepseek-coder_6.7b_rules_C004_missing_crs_repair_iter01_20260624_071300,,experiments/05_choropleth_reliability_benchmark/outputs/generated_code_iterative_repair/qwen2.5-coder_14b/deepseek-coder_6.7b/rules/C004_missing_crs_repair_rules_iter01.py,deepseek-coder_6.7b,False,,,,,
time_series.png,experiments/05_choropleth_reliability_benchmark/outputs/runs_iterative_repair/deepseek-coder_6.7b/rules/deepseek-coder_6.7b_rules_C004_missing_crs_repair_iter01_20260624_071300/time_series.png,False,0,,,,False,,,,,1,,time_series_png,,rules,,,C004_missing_crs_repair,missing_or_empty,False,qwen2.5-coder_14b,1,experiments/05_choropleth_reliability_benchmark/outputs/runs_iterative_repair/deepseek-coder_6.7b/rules/deepseek-coder_6.7b_rules_C004_missing_crs_repair_iter01_20260624_071300,,experiments/05_choropleth_reliability_benchmark/outputs/generated_code_iterative_repair/qwen2.5-coder_14b/deepseek-coder_6.7b/rules/C004_missing_crs_repair_rules_iter01.py,deepseek-coder_6.7b,False,,,,,
map_interactive.html,experiments/05_choropleth_reliability_benchmark/outputs/runs_iterative_repair/deepseek-coder_6.7b/rules/deepseek-coder_6.7b_rules_C004_missing_crs_repair_iter01_20260624_071300/map_interactive.html,False,0,,,,False,,,,,1,,interactive_html,,rules,,,C004_missing_crs_repair,,,qwen2.5-coder_14b,1,experiments/05_choropleth_reliability_benchmark/outputs/runs_iterative_repair/deepseek-coder_6.7b/rules/deepseek-coder_6.7b_rules_C004_missing_crs_repair_iter01_20260624_071300,,experiments/05_choropleth_reliability_benchmark/outputs/generated_code_iterative_repair/qwen2.5-coder_14b/deepseek-coder_6.7b/rules/C004_missing_crs_repair_rules_iter01.py,deepseek-coder_6.7b,False,,,False,,
diagnostics.json,experiments/05_choropleth_reliability_benchmark/outputs/runs_iterative_repair/deepseek-coder_6.7b/rules/deepseek-coder_6.7b_rules_C004_missing_crs_repair_iter01_20260624_071300/diagnostics.json,False,0,,,,False,,,,,1,,diagnostic_json,,rules,,,C004_missing_crs_repair,,,qwen2.5-coder_14b,1,experiments/05_choropleth_reliability_benchmark/outputs/runs_iterative_repair/deepseek-coder_6.7b/rules/deepseek-coder_6.7b_rules_C004_missing_crs_repair_iter01_20260624_071300,,experiments/05_choropleth_reliability_benchmark/outputs/generated_code_iterative_repair/qwen2.5-coder_14b/deepseek-coder_6.7b/rules/C004_missing_crs_repair_rules_iter01.py,deepseek-coder_6.7b,False,,,,False,
map_static.png,experiments/05_choropleth_reliability_benchmark/outputs/runs_iterative_repair/deepseek-coder_6.7b/rules/deepseek-coder_6.7b_rules_C004_missing_crs_repair_iter01_20260624_072435/map_static.png,True,32943,0.0123,255,9.754,True,,,,480,1,,static_png,240.701,rules,0.9903,0.1475,C004_missing_crs_repair,,True,qwen2.5-coder_7b,0,experiments/05_choropleth_reliability_benchmark/outputs/runs_iterative_repair/deepseek-coder_6.7b/rules/deepseek-coder_6.7b_rules_C004_missing_crs_repair_iter01_20260624_072435,0.0333,experiments/05_choropleth_reliability_benchmark/outputs/generated_code_iterative_repair/qwen2.5-coder_7b/deepseek-coder_6.7b/rules/C004_missing_crs_repair_rules_iter01.py,deepseek-coder_6.7b,False,,40,,,640
time_series.png,experiments/05_choropleth_reliability_benchmark/outputs/runs_iterative_repair/deepseek-coder_6.7b/rules/deepseek-coder_6.7b_rules_C004_missing_crs_repair_iter01_20260624_072435/time_series.png,False,0,,,,False,,,,,1,,time_series_png,,rules,,,C004_missing_crs_repair,missing_or_empty,False,qwen2.5-coder_7b,0,experiments/05_choropleth_reliability_benchmark/outputs/runs_iterative_repair/deepseek-coder_6.7b/rules/deepseek-coder_6.7b_rules_C004_missing_crs_repair_iter01_20260624_072435,,experiments/05_choropleth_reliability_benchmark/outputs/generated_code_iterative_repair/qwen2.5-coder_7b/deepseek-coder_6.7b/rules/C004_missing_crs_repair_rules_iter01.py,deepseek-coder_6.7b,False,,,,,
map_interactive.html,experiments/05_choropleth_reliability_benchmark/outputs/runs_iterative_repair/deepseek-coder_6.7b/rules/deepseek-coder_6.7b_rules_C004_missing_crs_repair_iter01_20260624_072435/map_interactive.html,True,12518920,,,,True,True,True,False,,1,,interactive_html,,rules,,,C004_missing_crs_repair,,,qwen2.5-coder_7b,0,experiments/05_choropleth_reliability_benchmark/outputs/runs_iterative_repair/deepseek-coder_6.7b/rules/deepseek-coder_6.7b_rules_C004_missing_crs_repair_iter01_20260624_072435,,experiments/05_choropleth_reliability_benchmark/outputs/generated_code_iterative_repair/qwen2.5-coder_7b/deepseek-coder_6.7b/rules/C004_missing_crs_repair_rules_iter01.py,deepseek-coder_6.7b,False,,,True,,
diagnostics.json,experiments/05_choropleth_reliability_benchmark/outputs/runs_iterative_repair/deepseek-coder_6.7b/rules/deepseek-coder_6.7b_rules_C004_missing_crs_repair_iter01_20260624_072435/diagnostics.json,True,73,,,,True,,,,,1,,diagnostic_json,,rules,,,C004_missing_crs_repair,,,qwen2.5-coder_7b,0,experiments/05_choropleth_reliability_benchmark/outputs/runs_iterative_repair/deepseek-coder_6.7b/rules/deepseek-coder_6.7b_rules_C004_missing_crs_repair_iter01_20260624_072435,,experiments/05_choropleth_reliability_benchmark/outputs/generated_code_iterative_repair/qwen2.5-coder_7b/deepseek-coder_6.7b/rules/C004_missing_crs_repair_rules_iter01.py,deepseek-coder_6.7b,False,2,,,True,
map_static.png,experiments/05_choropleth_reliability_benchmark/outputs/runs_iterative_repair/deepseek-coder_6.7b/rules/deepseek-coder_6.7b_rules_C004_missing_crs_repair_iter02_20260624_071321/map_static.png,False,0,,,,False,,,,,2,,static_png,,rules,,,C004_missing_crs_repair,missing_or_empty,False,qwen2.5-coder_14b,1,experiments/05_choropleth_reliability_benchmark/outputs/runs_iterative_repair/deepseek-coder_6.7b/rules/deepseek-coder_6.7b_rules_C004_missing_crs_repair_iter02_20260624_071321,,experiments/05_choropleth_reliability_benchmark/outputs/generated_code_iterative_repair/qwen2.5-coder_14b/deepseek-coder_6.7b/rules/C004_missing_crs_repair_rules_iter02.py,deepseek-coder_6.7b,False,,,,,
time_series.png,experiments/05_choropleth_reliability_benchmark/outputs/runs_iterative_repair/deepseek-coder_6.7b/rules/deepseek-coder_6.7b_rules_C004_missing_crs_repair_iter02_20260624_071321/time_series.png,False,0,,,,False,,,,,2,,time_series_png,,rules,,,C004_missing_crs_repair,missing_or_empty,False,qwen2.5-coder_14b,1,experiments/05_choropleth_reliability_benchmark/outputs/runs_iterative_repair/deepseek-coder_6.7b/rules/deepseek-coder_6.7b_rules_C004_missing_crs_repair_iter02_20260624_071321,,experiments/05_choropleth_reliability_benchmark/outputs/generated_code_iterative_repair/qwen2.5-coder_14b/deepseek-coder_6.7b/rules/C004_missing_crs_repair_rules_iter02.py,deepseek-coder_6.7b,False,,,,,
map_interactive.html,experiments/05_choropleth_reliability_benchmark/outputs/runs_iterative_repair/deepseek-coder_6.7b/rules/deepseek-coder_6.7b_rules_C004_missing_crs_repair_iter02_20260624_071321/map_interactive.html,False,0,,,,False,,,,,2,,interactive_html,,rules,,,C004_missing_crs_repair,,,qwen2.5-coder_14b,1,experiments/05_choropleth_reliability_benchmark/outputs/runs_iterative_repair/deepseek-coder_6.7b/rules/deepseek-coder_6.7b_rules_C004_missing_crs_repair_iter02_20260624_071321,,experiments/05_choropleth_reliability_benchmark/outputs/generated_code_iterative_repair/qwen2.5-coder_14b/deepseek-coder_6.7b/rules/C004_missing_crs_repair_rules_iter02.py,deepseek-coder_6.7b,False,,,False,,
diagnostics.json,experiments/05_choropleth_reliability_benchmark/outputs/runs_iterative_repair/deepseek-coder_6.7b/rules/deepseek-coder_6.7b_rules_C004_missing_crs_repair_iter02_20260624_071321/diagnostics.json,False,0,,,,False,,,,,2,,diagnostic_json,,rules,,,C004_missing_crs_repair,,,qwen2.5-coder_14b,1,experiments/05_choropleth_reliability_benchmark/outputs/runs_iterative_repair/deepseek-coder_6.7b/rules/deepseek-coder_6.7b_rules_C004_missing_crs_repair_iter02_20260624_071321,,experiments/05_choropleth_reliability_benchmark/outputs/generated_code_iterative_repair/qwen2.5-coder_14b/deepseek-coder_6.7b/rules/C004_missing_crs_repair_rules_iter02.py,deepseek-coder_6.7b,False,,,,False,
map_static.png,experiments/05_choropleth_reliability_benchmark/outputs/runs_iterative_repair/deepseek-coder_6.7b/rules/deepseek-coder_6.7b_rules_C004_missing_crs_repair_iter03_20260624_233349/map_static.png,False,0,,,,False,,,,,3,,static_png,,rules,,,C004_missing_crs_repair,missing_or_empty,False,qwen2.5-coder_14b,1,experiments/05_choropleth_reliability_benchmark/outputs/runs_iterative_repair/deepseek-coder_6.7b/rules/deepseek-coder_6.7b_rules_C004_missing_crs_repair_iter03_20260624_233349,,experiments/05_choropleth_reliability_benchmark/outputs/generated_code_iterative_repair/qwen2.5-coder_14b/deepseek-coder_6.7b/rules/C004_missing_crs_repair_rules_iter03.py,deepseek-coder_6.7b,False,,,,,
time_series.png,experiments/05_choropleth_reliability_benchmark/outputs/runs_iterative_repair/deepseek-coder_6.7b/rules/deepseek-coder_6.7b_rules_C004_missing_crs_repair_iter03_20260624_233349/time_series.png,False,0,,,,False,,,,,3,,time_series_png,,rules,,,C004_missing_crs_repair,missing_or_empty,False,qwen2.5-coder_14b,1,experiments/05_choropleth_reliability_benchmark/outputs/runs_iterative_repair/deepseek-coder_6.7b/rules/deepseek-coder_6.7b_rules_C004_missing_crs_repair_iter03_20260624_233349,,experiments/05_choropleth_reliability_benchmark/outputs/generated_code_iterative_repair/qwen2.5-coder_14b/deepseek-coder_6.7b/rules/C004_missing_crs_repair_rules_iter03.py,deepseek-coder_6.7b,False,,,,,
map_interactive.html,experiments/05_choropleth_reliability_benchmark/outputs/runs_iterative_repair/deepseek-coder_6.7b/rules/deepseek-coder_6.7b_rules_C004_missing_crs_repair_iter03_20260624_233349/map_interactive.html,False,0,,,,False,,,,,3,,interactive_html,,rules,,,C004_missing_crs_repair,,,qwen2.5-coder_14b,1,experiments/05_choropleth_reliability_benchmark/outputs/runs_iterative_repair/deepseek-coder_6.7b/rules/deepseek-coder_6.7b_rules_C004_missing_crs_repair_iter03_20260624_233349,,experiments/05_choropleth_reliability_benchmark/outputs/generated_code_iterative_repair/qwen2.5-coder_14b/deepseek-coder_6.7b/rules/C004_missing_crs_repair_rules_iter03.py,deepseek-coder_6.7b,False,,,False,,
diagnostics.json,experiments/05_choropleth_reliability_benchmark/outputs/runs_iterative_repair/deepseek-coder_6.7b/rules/deepseek-coder_6.7b_rules_C004_missing_crs_repair_iter03_20260624_233349/diagnostics.json,False,0,,,,False,,,,,3,,diagnostic_json,,rules,,,C004_missing_crs_repair,,,qwen2.5-coder_14b,1,experiments/05_choropleth_reliability_benchmark/outputs/runs_iterative_repair/deepseek-coder_6.7b/rules/deepseek-coder_6.7b_rules_C004_missing_crs_repair_iter03_20260624_233349,,experiments/05_choropleth_reliability_benchmark/outputs/generated_code_iterative_repair/qwen2.5-coder_14b/deepseek-coder_6.7b/rules/C004_missing_crs_repair_rules_iter03.py,deepseek-coder_6.7b,False,,,,False,
map_static.png,experiments/05_choropleth_reliability_benchmark/outputs/runs_iterative_repair/deepseek-coder_6.7b/rules/deepseek-coder_6.7b_rules_C005_geometry_repair_iter01_20260624_041015/map_static.png,True,41636,0.0212,255,11.104,True,,,,480,1,,static_png,242.636,rules,0.9852,0.1530,C005_geometry_repair,,True,qwen2.5-coder_32b,0,experiments/05_choropleth_reliability_benchmark/outputs/runs_iterative_repair/deepseek-coder_6.7b/rules/deepseek-coder_6.7b_rules_C005_geometry_repair_iter01_20260624_041015,0.0368,experiments/05_choropleth_reliability_benchmark/outputs/generated_code_iterative_repair/qwen2.5-coder_32b/deepseek-coder_6.7b/rules/C005_geometry_repair_rules_iter01.py,deepseek-coder_6.7b,False,,64,,,640
time_series.png,experiments/05_choropleth_reliability_benchmark/outputs/runs_iterative_repair/deepseek-coder_6.7b/rules/deepseek-coder_6.7b_rules_C005_geometry_repair_iter01_20260624_041015/time_series.png,False,0,,,,False,,,,,1,,time_series_png,,rules,,,C005_geometry_repair,missing_or_empty,False,qwen2.5-coder_32b,0,experiments/05_choropleth_reliability_benchmark/outputs/runs_iterative_repair/deepseek-coder_6.7b/rules/deepseek-coder_6.7b_rules_C005_geometry_repair_iter01_20260624_041015,,experiments/05_choropleth_reliability_benchmark/outputs/generated_code_iterative_repair/qwen2.5-coder_32b/deepseek-coder_6.7b/rules/C005_geometry_repair_rules_iter01.py,deepseek-coder_6.7b,False,,,,,
map_interactive.html,experiments/05_choropleth_reliability_benchmark/outputs/runs_iterative_repair/deepseek-coder_6.7b/rules/deepseek-coder_6.7b_rules_C005_geometry_repair_iter01_20260624_041015/map_interactive.html,False,0,,,,False,,,,,1,,interactive_html,,rules,,,C005_geometry_repair,,,qwen2.5-coder_32b,0,experiments/05_choropleth_reliability_benchmark/outputs/runs_iterative_repair/deepseek-coder_6.7b/rules/deepseek-coder_6.7b_rules_C005_geometry_repair_iter01_20260624_041015,,experiments/05_choropleth_reliability_benchmark/outputs/generated_code_iterative_repair/qwen2.5-coder_32b/deepseek-coder_6.7b/rules/C005_geometry_repair_rules_iter01.py,deepseek-coder_6.7b,False,,,False,,
diagnostics.json,experiments/05_choropleth_reliability_benchmark/outputs/runs_iterative_repair/deepseek-coder_6.7b/rules/deepseek-coder_6.7b_rules_C005_geometry_repair_iter01_20260624_041015/diagnostics.json,True,53,,,,True,,,,,1,,diagnostic_json,,rules,,,C005_geometry_repair,,,qwen2.5-coder_32b,0,experiments/05_choropleth_reliability_benchmark/outputs/runs_iterative_repair/deepseek-coder_6.7b/rules/deepseek-coder_6.7b_rules_C005_geometry_repair_iter01_20260624_041015,,experiments/05_choropleth_reliability_benchmark/outputs/generated_code_iterative_repair/qwen2.5-coder_32b/deepseek-coder_6.7b/rules/C005_geometry_repair_rules_iter01.py,deepseek-coder_6.7b,False,2,,,True,
map_static.png,experiments/05_choropleth_reliability_benchmark/outputs/runs_iterative_repair/deepseek-coder_6.7b/rules/deepseek-coder_6.7b_rules_C005_geometry_repair_iter01_20260624_071004/map_static.png,True,33961,0.0175,255,8.845,True,,,,480,1,,static_png,241.943,rules,0.9884,0.1256,C005_geometry_repair,,True,qwen2.5-coder_14b,0,experiments/05_choropleth_reliability_benchmark/outputs/runs_iterative_repair/deepseek-coder_6.7b/rules/deepseek-coder_6.7b_rules_C005_geometry_repair_iter01_20260624_071004,0.0056,experiments/05_choropleth_reliability_benchmark/outputs/generated_code_iterative_repair/qwen2.5-coder_14b/deepseek-coder_6.7b/rules/C005_geometry_repair_rules_iter01.py,deepseek-coder_6.7b,False,,18,,,640
time_series.png,experiments/05_choropleth_reliability_benchmark/outputs/runs_iterative_repair/deepseek-coder_6.7b/rules/deepseek-coder_6.7b_rules_C005_geometry_repair_iter01_20260624_071004/time_series.png,False,0,,,,False,,,,,1,,time_series_png,,rules,,,C005_geometry_repair,missing_or_empty,False,qwen2.5-coder_14b,0,experiments/05_choropleth_reliability_benchmark/outputs/runs_iterative_repair/deepseek-coder_6.7b/rules/deepseek-coder_6.7b_rules_C005_geometry_repair_iter01_20260624_071004,,experiments/05_choropleth_reliability_benchmark/outputs/generated_code_iterative_repair/qwen2.5-coder_14b/deepseek-coder_6.7b/rules/C005_geometry_repair_rules_iter01.py,deepseek-coder_6.7b,False,,,,,
map_interactive.html,experiments/05_choropleth_reliability_benchmark/outputs/runs_iterative_repair/deepseek-coder_6.7b/rules/deepseek-coder_6.7b_rules_C005_geometry_repair_iter01_20260624_071004/map_interactive.html,False,0,,,,False,,,,,1,,interactive_html,,rules,,,C005_geometry_repair,,,qwen2.5-coder_14b,0,experiments/05_choropleth_reliability_benchmark/outputs/runs_iterative_repair/deepseek-coder_6.7b/rules/deepseek-coder_6.7b_rules_C005_geometry_repair_iter01_20260624_071004,,experiments/05_choropleth_reliability_benchmark/outputs/generated_code_iterative_repair/qwen2.5-coder_14b/deepseek-coder_6.7b/rules/C005_geometry_repair_rules_iter01.py,deepseek-coder_6.7b,False,,,False,,
diagnostics.json,experiments/05_choropleth_reliability_benchmark/outputs/runs_iterative_repair/deepseek-coder_6.7b/rules/deepseek-coder_6.7b_rules_C005_geometry_repair_iter01_20260624_071004/diagnostics.json,True,111,,,,True,,,,,1,,diagnostic_json,,rules,,,C005_geometry_repair,,,qwen2.5-coder_14b,0,experiments/05_choropleth_reliability_benchmark/outputs/runs_iterative_repair/deepseek-coder_6.7b/rules/deepseek-coder_6.7b_rules_C005_geometry_repair_iter01_20260624_071004,,experiments/05_choropleth_reliability_benchmark/outputs/generated_code_iterative_repair/qwen2.5-coder_14b/deepseek-coder_6.7b/rules/C005_geometry_repair_rules_iter01.py,deepseek-coder_6.7b,False,4,,,True,
map_static.png,experiments/05_choropleth_reliability_benchmark/outputs/runs_iterative_repair/deepseek-coder_6.7b/rules/deepseek-coder_6.7b_rules_C005_geometry_repair_iter01_20260624_071906/map_static.png,True,33961,0.0175,255,8.845,True,,,,480,1,,static_png,241.943,rules,0.9884,0.1256,C005_geometry_repair,,True,qwen2.5-coder_7b,None,experiments/05_choropleth_reliability_benchmark/outputs/runs_iterative_repair/deepseek-coder_6.7b/rules/deepseek-coder_6.7b_rules_C005_geometry_repair_iter01_20260624_071906,0.0056,experiments/05_choropleth_reliability_benchmark/outputs/generated_code_iterative_repair/qwen2.5-coder_7b/deepseek-coder_6.7b/rules/C005_geometry_repair_rules_iter01.py,deepseek-coder_6.7b,True,,18,,,640
time_series.png,experiments/05_choropleth_reliability_benchmark/outputs/runs_iterative_repair/deepseek-coder_6.7b/rules/deepseek-coder_6.7b_rules_C005_geometry_repair_iter01_20260624_071906/time_series.png,False,0,,,,False,,,,,1,,time_series_png,,rules,,,C005_geometry_repair,missing_or_empty,False,qwen2.5-coder_7b,None,experiments/05_choropleth_reliability_benchmark/outputs/runs_iterative_repair/deepseek-coder_6.7b/rules/deepseek-coder_6.7b_rules_C005_geometry_repair_iter01_20260624_071906,,experiments/05_choropleth_reliability_benchmark/outputs/generated_code_iterative_repair/qwen2.5-coder_7b/deepseek-coder_6.7b/rules/C005_geometry_repair_rules_iter01.py,deepseek-coder_6.7b,True,,,,,
map_interactive.html,experiments/05_choropleth_reliability_benchmark/outputs/runs_iterative_repair/deepseek-coder_6.7b/rules/deepseek-coder_6.7b_rules_C005_geometry_repair_iter01_20260624_071906/map_interactive.html,False,0,,,,False,,,,,1,,interactive_html,,rules,,,C005_geometry_repair,,,qwen2.5-coder_7b,None,experiments/05_choropleth_reliability_benchmark/outputs/runs_iterative_repair/deepseek-coder_6.7b/rules/deepseek-coder_6.7b_rules_C005_geometry_repair_iter01_20260624_071906,,experiments/05_choropleth_reliability_benchmark/outputs/generated_code_iterative_repair/qwen2.5-coder_7b/deepseek-coder_6.7b/rules/C005_geometry_repair_rules_iter01.py,deepseek-coder_6.7b,True,,,False,,
diagnostics.json,experiments/05_choropleth_reliability_benchmark/outputs/runs_iterative_repair/deepseek-coder_6.7b/rules/deepseek-coder_6.7b_rules_C005_geometry_repair_iter01_20260624_071906/diagnostics.json,True,48,,,,True,,,,,1,,diagnostic_json,,rules,,,C005_geometry_repair,,,qwen2.5-coder_7b,None,experiments/05_choropleth_reliability_benchmark/outputs/runs_iterative_repair/deepseek-coder_6.7b/rules/deepseek-coder_6.7b_rules_C005_geometry_repair_iter01_20260624_071906,,experiments/05_choropleth_reliability_benchmark/outputs/generated_code_iterative_repair/qwen2.5-coder_7b/deepseek-coder_6.7b/rules/C005_geometry_repair_rules_iter01.py,deepseek-coder_6.7b,True,2,,,True,
map_static.png,experiments/05_choropleth_reliability_benchmark/outputs/runs_iterative_repair/deepseek-coder_6.7b/rules/deepseek-coder_6.7b_rules_C005_geometry_repair_iter02_20260624_072112/map_static.png,True,33961,0.0175,255,8.845,True,,,,480,2,,static_png,241.943,rules,0.9884,0.1256,C005_geometry_repair,,True,qwen2.5-coder_7b,None,experiments/05_choropleth_reliability_benchmark/outputs/runs_iterative_repair/deepseek-coder_6.7b/rules/deepseek-coder_6.7b_rules_C005_geometry_repair_iter02_20260624_072112,0.0056,experiments/05_choropleth_reliability_benchmark/outputs/generated_code_iterative_repair/qwen2.5-coder_7b/deepseek-coder_6.7b/rules/C005_geometry_repair_rules_iter02.py,deepseek-coder_6.7b,True,,18,,,640
time_series.png,experiments/05_choropleth_reliability_benchmark/outputs/runs_iterative_repair/deepseek-coder_6.7b/rules/deepseek-coder_6.7b_rules_C005_geometry_repair_iter02_20260624_072112/time_series.png,False,0,,,,False,,,,,2,,time_series_png,,rules,,,C005_geometry_repair,missing_or_empty,False,qwen2.5-coder_7b,None,experiments/05_choropleth_reliability_benchmark/outputs/runs_iterative_repair/deepseek-coder_6.7b/rules/deepseek-coder_6.7b_rules_C005_geometry_repair_iter02_20260624_072112,,experiments/05_choropleth_reliability_benchmark/outputs/generated_code_iterative_repair/qwen2.5-coder_7b/deepseek-coder_6.7b/rules/C005_geometry_repair_rules_iter02.py,deepseek-coder_6.7b,True,,,,,
map_interactive.html,experiments/05_choropleth_reliability_benchmark/outputs/runs_iterative_repair/deepseek-coder_6.7b/rules/deepseek-coder_6.7b_rules_C005_geometry_repair_iter02_20260624_072112/map_interactive.html,False,0,,,,False,,,,,2,,interactive_html,,rules,,,C005_geometry_repair,,,qwen2.5-coder_7b,None,experiments/05_choropleth_reliability_benchmark/outputs/runs_iterative_repair/deepseek-coder_6.7b/rules/deepseek-coder_6.7b_rules_C005_geometry_repair_iter02_20260624_072112,,experiments/05_choropleth_reliability_benchmark/outputs/generated_code_iterative_repair/qwen2.5-coder_7b/deepseek-coder_6.7b/rules/C005_geometry_repair_rules_iter02.py,deepseek-coder_6.7b,True,,,False,,
diagnostics.json,experiments/05_choropleth_reliability_benchmark/outputs/runs_iterative_repair/deepseek-coder_6.7b/rules/deepseek-coder_6.7b_rules_C005_geometry_repair_iter02_20260624_072112/diagnostics.json,True,48,,,,True,,,,,2,,diagnostic_json,,rules,,,C005_geometry_repair,,,qwen2.5-coder_7b,None,experiments/05_choropleth_reliability_benchmark/outputs/runs_iterative_repair/deepseek-coder_6.7b/rules/deepseek-coder_6.7b_rules_C005_geometry_repair_iter02_20260624_072112,,experiments/05_choropleth_reliability_benchmark/outputs/generated_code_iterative_repair/qwen2.5-coder_7b/deepseek-coder_6.7b/rules/C005_geometry_repair_rules_iter02.py,deepseek-coder_6.7b,True,2,,,True,
map_static.png,experiments/05_choropleth_reliability_benchmark/outputs/runs_iterative_repair/deepseek-coder_6.7b/rules/deepseek-coder_6.7b_rules_C005_geometry_repair_iter02_20260625_001315/map_static.png,False,0,,,,False,,,,,2,,static_png,,rules,,,C005_geometry_repair,missing_or_empty,False,deepseek-coder_6.7b,0,experiments/05_choropleth_reliability_benchmark/outputs/runs_iterative_repair/deepseek-coder_6.7b/rules/deepseek-coder_6.7b_rules_C005_geometry_repair_iter02_20260625_001315,,experiments/05_choropleth_reliability_benchmark/outputs/generated_code_iterative_repair/deepseek-coder_6.7b/deepseek-coder_6.7b/rules/C005_geometry_repair_rules_iter02.py,deepseek-coder_6.7b,False,,,,,
time_series.png,experiments/05_choropleth_reliability_benchmark/outputs/runs_iterative_repair/deepseek-coder_6.7b/rules/deepseek-coder_6.7b_rules_C005_geometry_repair_iter02_20260625_001315/time_series.png,False,0,,,,False,,,,,2,,time_series_png,,rules,,,C005_geometry_repair,missing_or_empty,False,deepseek-coder_6.7b,0,experiments/05_choropleth_reliability_benchmark/outputs/runs_iterative_repair/deepseek-coder_6.7b/rules/deepseek-coder_6.7b_rules_C005_geometry_repair_iter02_20260625_001315,,experiments/05_choropleth_reliability_benchmark/outputs/generated_code_iterative_repair/deepseek-coder_6.7b/deepseek-coder_6.7b/rules/C005_geometry_repair_rules_iter02.py,deepseek-coder_6.7b,False,,,,,
map_interactive.html,experiments/05_choropleth_reliability_benchmark/outputs/runs_iterative_repair/deepseek-coder_6.7b/rules/deepseek-coder_6.7b_rules_C005_geometry_repair_iter02_20260625_001315/map_interactive.html,False,0,,,,False,,,,,2,,interactive_html,,rules,,,C005_geometry_repair,,,deepseek-coder_6.7b,0,experiments/05_choropleth_reliability_benchmark/outputs/runs_iterative_repair/deepseek-coder_6.7b/rules/deepseek-coder_6.7b_rules_C005_geometry_repair_iter02_20260625_001315,,experiments/05_choropleth_reliability_benchmark/outputs/generated_code_iterative_repair/deepseek-coder_6.7b/deepseek-coder_6.7b/rules/C005_geometry_repair_rules_iter02.py,deepseek-coder_6.7b,False,,,False,,
diagnostics.json,experiments/05_choropleth_reliability_benchmark/outputs/runs_iterative_repair/deepseek-coder_6.7b/rules/deepseek-coder_6.7b_rules_C005_geometry_repair_iter02_20260625_001315/diagnostics.json,True,42,,,,True,,,,,2,,diagnostic_json,,rules,,,C005_geometry_repair,,,deepseek-coder_6.7b,0,experiments/05_choropleth_reliability_benchmark/outputs/runs_iterative_repair/deepseek-coder_6.7b/rules/deepseek-coder_6.7b_rules_C005_geometry_repair_iter02_20260625_001315,,experiments/05_choropleth_reliability_benchmark/outputs/generated_code_iterative_repair/deepseek-coder_6.7b/deepseek-coder_6.7b/rules/C005_geometry_repair_rules_iter02.py,deepseek-coder_6.7b,False,2,,,True,
map_static.png,experiments/05_choropleth_reliability_benchmark/outputs/runs_iterative_repair/deepseek-coder_6.7b/rules/deepseek-coder_6.7b_rules_C005_geometry_repair_iter03_20260624_230853/map_static.png,True,33961,0.0175,255,8.845,True,,,,480,3,,static_png,241.943,rules,0.9884,0.1256,C005_geometry_repair,,True,qwen2.5-coder_7b,0,experiments/05_choropleth_reliability_benchmark/outputs/runs_iterative_repair/deepseek-coder_6.7b/rules/deepseek-coder_6.7b_rules_C005_geometry_repair_iter03_20260624_230853,0.0056,experiments/05_choropleth_reliability_benchmark/outputs/generated_code_iterative_repair/qwen2.5-coder_7b/deepseek-coder_6.7b/rules/C005_geometry_repair_rules_iter03.py,deepseek-coder_6.7b,False,,18,,,640
time_series.png,experiments/05_choropleth_reliability_benchmark/outputs/runs_iterative_repair/deepseek-coder_6.7b/rules/deepseek-coder_6.7b_rules_C005_geometry_repair_iter03_20260624_230853/time_series.png,False,0,,,,False,,,,,3,,time_series_png,,rules,,,C005_geometry_repair,missing_or_empty,False,qwen2.5-coder_7b,0,experiments/05_choropleth_reliability_benchmark/outputs/runs_iterative_repair/deepseek-coder_6.7b/rules/deepseek-coder_6.7b_rules_C005_geometry_repair_iter03_20260624_230853,,experiments/05_choropleth_reliability_benchmark/outputs/generated_code_iterative_repair/qwen2.5-coder_7b/deepseek-coder_6.7b/rules/C005_geometry_repair_rules_iter03.py,deepseek-coder_6.7b,False,,,,,
map_interactive.html,experiments/05_choropleth_reliability_benchmark/outputs/runs_iterative_repair/deepseek-coder_6.7b/rules/deepseek-coder_6.7b_rules_C005_geometry_repair_iter03_20260624_230853/map_interactive.html,False,0,,,,False,,,,,3,,interactive_html,,rules,,,C005_geometry_repair,,,qwen2.5-coder_7b,0,experiments/05_choropleth_reliability_benchmark/outputs/runs_iterative_repair/deepseek-coder_6.7b/rules/deepseek-coder_6.7b_rules_C005_geometry_repair_iter03_20260624_230853,,experiments/05_choropleth_reliability_benchmark/outputs/generated_code_iterative_repair/qwen2.5-coder_7b/deepseek-coder_6.7b/rules/C005_geometry_repair_rules_iter03.py,deepseek-coder_6.7b,False,,,False,,
diagnostics.json,experiments/05_choropleth_reliability_benchmark/outputs/runs_iterative_repair/deepseek-coder_6.7b/rules/deepseek-coder_6.7b_rules_C005_geometry_repair_iter03_20260624_230853/diagnostics.json,True,48,,,,True,,,,,3,,diagnostic_json,,rules,,,C005_geometry_repair,,,qwen2.5-coder_7b,0,experiments/05_choropleth_reliability_benchmark/outputs/runs_iterative_repair/deepseek-coder_6.7b/rules/deepseek-coder_6.7b_rules_C005_geometry_repair_iter03_20260624_230853,,experiments/05_choropleth_reliability_benchmark/outputs/generated_code_iterative_repair/qwen2.5-coder_7b/deepseek-coder_6.7b/rules/C005_geometry_repair_rules_iter03.py,deepseek-coder_6.7b,False,2,,,True,
map_static.png,experiments/05_choropleth_reliability_benchmark/outputs/runs_iterative_repair/deepseek-coder_6.7b/rules/deepseek-coder_6.7b_rules_C006_join_diagnostics_iter01_20260624_044208/map_static.png,False,0,,,,False,,,,,1,,static_png,,rules,,,C006_join_diagnostics,missing_or_empty,False,qwen2.5-coder_32b,1,experiments/05_choropleth_reliability_benchmark/outputs/runs_iterative_repair/deepseek-coder_6.7b/rules/deepseek-coder_6.7b_rules_C006_join_diagnostics_iter01_20260624_044208,,experiments/05_choropleth_reliability_benchmark/outputs/generated_code_iterative_repair/qwen2.5-coder_32b/deepseek-coder_6.7b/rules/C006_join_diagnostics_rules_iter01.py,deepseek-coder_6.7b,False,,,,,
time_series.png,experiments/05_choropleth_reliability_benchmark/outputs/runs_iterative_repair/deepseek-coder_6.7b/rules/deepseek-coder_6.7b_rules_C006_join_diagnostics_iter01_20260624_044208/time_series.png,False,0,,,,False,,,,,1,,time_series_png,,rules,,,C006_join_diagnostics,missing_or_empty,False,qwen2.5-coder_32b,1,experiments/05_choropleth_reliability_benchmark/outputs/runs_iterative_repair/deepseek-coder_6.7b/rules/deepseek-coder_6.7b_rules_C006_join_diagnostics_iter01_20260624_044208,,experiments/05_choropleth_reliability_benchmark/outputs/generated_code_iterative_repair/qwen2.5-coder_32b/deepseek-coder_6.7b/rules/C006_join_diagnostics_rules_iter01.py,deepseek-coder_6.7b,False,,,,,
map_interactive.html,experiments/05_choropleth_reliability_benchmark/outputs/runs_iterative_repair/deepseek-coder_6.7b/rules/deepseek-coder_6.7b_rules_C006_join_diagnostics_iter01_20260624_044208/map_interactive.html,False,0,,,,False,,,,,1,,interactive_html,,rules,,,C006_join_diagnostics,,,qwen2.5-coder_32b,1,experiments/05_choropleth_reliability_benchmark/outputs/runs_iterative_repair/deepseek-coder_6.7b/rules/deepseek-coder_6.7b_rules_C006_join_diagnostics_iter01_20260624_044208,,experiments/05_choropleth_reliability_benchmark/outputs/generated_code_iterative_repair/qwen2.5-coder_32b/deepseek-coder_6.7b/rules/C006_join_diagnostics_rules_iter01.py,deepseek-coder_6.7b,False,,,False,,
diagnostics.json,experiments/05_choropleth_reliability_benchmark/outputs/runs_iterative_repair/deepseek-coder_6.7b/rules/deepseek-coder_6.7b_rules_C006_join_diagnostics_iter01_20260624_044208/diagnostics.json,False,0,,,,False,,,,,1,,diagnostic_json,,rules,,,C006_join_diagnostics,,,qwen2.5-coder_32b,1,experiments/05_choropleth_reliability_benchmark/outputs/runs_iterative_repair/deepseek-coder_6.7b/rules/deepseek-coder_6.7b_rules_C006_join_diagnostics_iter01_20260624_044208,,experiments/05_choropleth_reliability_benchmark/outputs/generated_code_iterative_repair/qwen2.5-coder_32b/deepseek-coder_6.7b/rules/C006_join_diagnostics_rules_iter01.py,deepseek-coder_6.7b,False,,,,False,
map_static.png,experiments/05_choropleth_reliability_benchmark/outputs/runs_iterative_repair/deepseek-coder_6.7b/rules/deepseek-coder_6.7b_rules_C006_join_diagnostics_iter01_20260624_231515/map_static.png,False,0,,,,False,,,,,1,,static_png,,rules,,,C006_join_diagnostics,missing_or_empty,False,qwen2.5-coder_7b,1,experiments/05_choropleth_reliability_benchmark/outputs/runs_iterative_repair/deepseek-coder_6.7b/rules/deepseek-coder_6.7b_rules_C006_join_diagnostics_iter01_20260624_231515,,experiments/05_choropleth_reliability_benchmark/outputs/generated_code_iterative_repair/qwen2.5-coder_7b/deepseek-coder_6.7b/rules/C006_join_diagnostics_rules_iter01.py,deepseek-coder_6.7b,False,,,,,
time_series.png,experiments/05_choropleth_reliability_benchmark/outputs/runs_iterative_repair/deepseek-coder_6.7b/rules/deepseek-coder_6.7b_rules_C006_join_diagnostics_iter01_20260624_231515/time_series.png,False,0,,,,False,,,,,1,,time_series_png,,rules,,,C006_join_diagnostics,missing_or_empty,False,qwen2.5-coder_7b,1,experiments/05_choropleth_reliability_benchmark/outputs/runs_iterative_repair/deepseek-coder_6.7b/rules/deepseek-coder_6.7b_rules_C006_join_diagnostics_iter01_20260624_231515,,experiments/05_choropleth_reliability_benchmark/outputs/generated_code_iterative_repair/qwen2.5-coder_7b/deepseek-coder_6.7b/rules/C006_join_diagnostics_rules_iter01.py,deepseek-coder_6.7b,False,,,,,
map_interactive.html,experiments/05_choropleth_reliability_benchmark/outputs/runs_iterative_repair/deepseek-coder_6.7b/rules/deepseek-coder_6.7b_rules_C006_join_diagnostics_iter01_20260624_231515/map_interactive.html,False,0,,,,False,,,,,1,,interactive_html,,rules,,,C006_join_diagnostics,,,qwen2.5-coder_7b,1,experiments/05_choropleth_reliability_benchmark/outputs/runs_iterative_repair/deepseek-coder_6.7b/rules/deepseek-coder_6.7b_rules_C006_join_diagnostics_iter01_20260624_231515,,experiments/05_choropleth_reliability_benchmark/outputs/generated_code_iterative_repair/qwen2.5-coder_7b/deepseek-coder_6.7b/rules/C006_join_diagnostics_rules_iter01.py,deepseek-coder_6.7b,False,,,False,,
diagnostics.json,experiments/05_choropleth_reliability_benchmark/outputs/runs_iterative_repair/deepseek-coder_6.7b/rules/deepseek-coder_6.7b_rules_C006_join_diagnostics_iter01_20260624_231515/diagnostics.json,False,0,,,,False,,,,,1,,diagnostic_json,,rules,,,C006_join_diagnostics,,,qwen2.5-coder_7b,1,experiments/05_choropleth_reliability_benchmark/outputs/runs_iterative_repair/deepseek-coder_6.7b/rules/deepseek-coder_6.7b_rules_C006_join_diagnostics_iter01_20260624_231515,,experiments/05_choropleth_reliability_benchmark/outputs/generated_code_iterative_repair/qwen2.5-coder_7b/deepseek-coder_6.7b/rules/C006_join_diagnostics_rules_iter01.py,deepseek-coder_6.7b,False,,,,False,
map_static.png,experiments/05_choropleth_reliability_benchmark/outputs/runs_iterative_repair/deepseek-coder_6.7b/rules/deepseek-coder_6.7b_rules_C006_join_diagnostics_iter01_20260624_234511/map_static.png,False,0,,,,False,,,,,1,,static_png,,rules,,,C006_join_diagnostics,missing_or_empty,False,qwen2.5-coder_14b,1,experiments/05_choropleth_reliability_benchmark/outputs/runs_iterative_repair/deepseek-coder_6.7b/rules/deepseek-coder_6.7b_rules_C006_join_diagnostics_iter01_20260624_234511,,experiments/05_choropleth_reliability_benchmark/outputs/generated_code_iterative_repair/qwen2.5-coder_14b/deepseek-coder_6.7b/rules/C006_join_diagnostics_rules_iter01.py,deepseek-coder_6.7b,False,,,,,
time_series.png,experiments/05_choropleth_reliability_benchmark/outputs/runs_iterative_repair/deepseek-coder_6.7b/rules/deepseek-coder_6.7b_rules_C006_join_diagnostics_iter01_20260624_234511/time_series.png,False,0,,,,False,,,,,1,,time_series_png,,rules,,,C006_join_diagnostics,missing_or_empty,False,qwen2.5-coder_14b,1,experiments/05_choropleth_reliability_benchmark/outputs/runs_iterative_repair/deepseek-coder_6.7b/rules/deepseek-coder_6.7b_rules_C006_join_diagnostics_iter01_20260624_234511,,experiments/05_choropleth_reliability_benchmark/outputs/generated_code_iterative_repair/qwen2.5-coder_14b/deepseek-coder_6.7b/rules/C006_join_diagnostics_rules_iter01.py,deepseek-coder_6.7b,False,,,,,
map_interactive.html,experiments/05_choropleth_reliability_benchmark/outputs/runs_iterative_repair/deepseek-coder_6.7b/rules/deepseek-coder_6.7b_rules_C006_join_diagnostics_iter01_20260624_234511/map_interactive.html,False,0,,,,False,,,,,1,,interactive_html,,rules,,,C006_join_diagnostics,,,qwen2.5-coder_14b,1,experiments/05_choropleth_reliability_benchmark/outputs/runs_iterative_repair/deepseek-coder_6.7b/rules/deepseek-coder_6.7b_rules_C006_join_diagnostics_iter01_20260624_234511,,experiments/05_choropleth_reliability_benchmark/outputs/generated_code_iterative_repair/qwen2.5-coder_14b/deepseek-coder_6.7b/rules/C006_join_diagnostics_rules_iter01.py,deepseek-coder_6.7b,False,,,False,,
diagnostics.json,experiments/05_choropleth_reliability_benchmark/outputs/runs_iterative_repair/deepseek-coder_6.7b/rules/deepseek-coder_6.7b_rules_C006_join_diagnostics_iter01_20260624_234511/diagnostics.json,False,0,,,,False,,,,,1,,diagnostic_json,,rules,,,C006_join_diagnostics,,,qwen2.5-coder_14b,1,experiments/05_choropleth_reliability_benchmark/outputs/runs_iterative_repair/deepseek-coder_6.7b/rules/deepseek-coder_6.7b_rules_C006_join_diagnostics_iter01_20260624_234511,,experiments/05_choropleth_reliability_benchmark/outputs/generated_code_iterative_repair/qwen2.5-coder_14b/deepseek-coder_6.7b/rules/C006_join_diagnostics_rules_iter01.py,deepseek-coder_6.7b,False,,,,False,
map_static.png,experiments/05_choropleth_reliability_benchmark/outputs/runs_iterative_repair/deepseek-coder_6.7b/rules/deepseek-coder_6.7b_rules_C006_join_diagnostics_iter02_20260624_044259/map_static.png,False,0,,,,False,,,,,2,,static_png,,rules,,,C006_join_diagnostics,missing_or_empty,False,qwen2.5-coder_32b,1,experiments/05_choropleth_reliability_benchmark/outputs/runs_iterative_repair/deepseek-coder_6.7b/rules/deepseek-coder_6.7b_rules_C006_join_diagnostics_iter02_20260624_044259,,experiments/05_choropleth_reliability_benchmark/outputs/generated_code_iterative_repair/qwen2.5-coder_32b/deepseek-coder_6.7b/rules/C006_join_diagnostics_rules_iter02.py,deepseek-coder_6.7b,False,,,,,
time_series.png,experiments/05_choropleth_reliability_benchmark/outputs/runs_iterative_repair/deepseek-coder_6.7b/rules/deepseek-coder_6.7b_rules_C006_join_diagnostics_iter02_20260624_044259/time_series.png,False,0,,,,False,,,,,2,,time_series_png,,rules,,,C006_join_diagnostics,missing_or_empty,False,qwen2.5-coder_32b,1,experiments/05_choropleth_reliability_benchmark/outputs/runs_iterative_repair/deepseek-coder_6.7b/rules/deepseek-coder_6.7b_rules_C006_join_diagnostics_iter02_20260624_044259,,experiments/05_choropleth_reliability_benchmark/outputs/generated_code_iterative_repair/qwen2.5-coder_32b/deepseek-coder_6.7b/rules/C006_join_diagnostics_rules_iter02.py,deepseek-coder_6.7b,False,,,,,
map_interactive.html,experiments/05_choropleth_reliability_benchmark/outputs/runs_iterative_repair/deepseek-coder_6.7b/rules/deepseek-coder_6.7b_rules_C006_join_diagnostics_iter02_20260624_044259/map_interactive.html,False,0,,,,False,,,,,2,,interactive_html,,rules,,,C006_join_diagnostics,,,qwen2.5-coder_32b,1,experiments/05_choropleth_reliability_benchmark/outputs/runs_iterative_repair/deepseek-coder_6.7b/rules/deepseek-coder_6.7b_rules_C006_join_diagnostics_iter02_20260624_044259,,experiments/05_choropleth_reliability_benchmark/outputs/generated_code_iterative_repair/qwen2.5-coder_32b/deepseek-coder_6.7b/rules/C006_join_diagnostics_rules_iter02.py,deepseek-coder_6.7b,False,,,False,,
diagnostics.json,experiments/05_choropleth_reliability_benchmark/outputs/runs_iterative_repair/deepseek-coder_6.7b/rules/deepseek-coder_6.7b_rules_C006_join_diagnostics_iter02_20260624_044259/diagnostics.json,False,0,,,,False,,,,,2,,diagnostic_json,,rules,,,C006_join_diagnostics,,,qwen2.5-coder_32b,1,experiments/05_choropleth_reliability_benchmark/outputs/runs_iterative_repair/deepseek-coder_6.7b/rules/deepseek-coder_6.7b_rules_C006_join_diagnostics_iter02_20260624_044259,,experiments/05_choropleth_reliability_benchmark/outputs/generated_code_iterative_repair/qwen2.5-coder_32b/deepseek-coder_6.7b/rules/C006_join_diagnostics_rules_iter02.py,deepseek-coder_6.7b,False,,,,False,
map_static.png,experiments/05_choropleth_reliability_benchmark/outputs/runs_iterative_repair/deepseek-coder_6.7b/rules/deepseek-coder_6.7b_rules_C006_join_diagnostics_iter02_20260624_231528/map_static.png,False,0,,,,False,,,,,2,,static_png,,rules,,,C006_join_diagnostics,missing_or_empty,False,qwen2.5-coder_7b,1,experiments/05_choropleth_reliability_benchmark/outputs/runs_iterative_repair/deepseek-coder_6.7b/rules/deepseek-coder_6.7b_rules_C006_join_diagnostics_iter02_20260624_231528,,experiments/05_choropleth_reliability_benchmark/outputs/generated_code_iterative_repair/qwen2.5-coder_7b/deepseek-coder_6.7b/rules/C006_join_diagnostics_rules_iter02.py,deepseek-coder_6.7b,False,,,,,
time_series.png,experiments/05_choropleth_reliability_benchmark/outputs/runs_iterative_repair/deepseek-coder_6.7b/rules/deepseek-coder_6.7b_rules_C006_join_diagnostics_iter02_20260624_231528/time_series.png,False,0,,,,False,,,,,2,,time_series_png,,rules,,,C006_join_diagnostics,missing_or_empty,False,qwen2.5-coder_7b,1,experiments/05_choropleth_reliability_benchmark/outputs/runs_iterative_repair/deepseek-coder_6.7b/rules/deepseek-coder_6.7b_rules_C006_join_diagnostics_iter02_20260624_231528,,experiments/05_choropleth_reliability_benchmark/outputs/generated_code_iterative_repair/qwen2.5-coder_7b/deepseek-coder_6.7b/rules/C006_join_diagnostics_rules_iter02.py,deepseek-coder_6.7b,False,,,,,
map_interactive.html,experiments/05_choropleth_reliability_benchmark/outputs/runs_iterative_repair/deepseek-coder_6.7b/rules/deepseek-coder_6.7b_rules_C006_join_diagnostics_iter02_20260624_231528/map_interactive.html,False,0,,,,False,,,,,2,,interactive_html,,rules,,,C006_join_diagnostics,,,qwen2.5-coder_7b,1,experiments/05_choropleth_reliability_benchmark/outputs/runs_iterative_repair/deepseek-coder_6.7b/rules/deepseek-coder_6.7b_rules_C006_join_diagnostics_iter02_20260624_231528,,experiments/05_choropleth_reliability_benchmark/outputs/generated_code_iterative_repair/qwen2.5-coder_7b/deepseek-coder_6.7b/rules/C006_join_diagnostics_rules_iter02.py,deepseek-coder_6.7b,False,,,False,,
diagnostics.json,experiments/05_choropleth_reliability_benchmark/outputs/runs_iterative_repair/deepseek-coder_6.7b/rules/deepseek-coder_6.7b_rules_C006_join_diagnostics_iter02_20260624_231528/diagnostics.json,False,0,,,,False,,,,,2,,diagnostic_json,,rules,,,C006_join_diagnostics,,,qwen2.5-coder_7b,1,experiments/05_choropleth_reliability_benchmark/outputs/runs_iterative_repair/deepseek-coder_6.7b/rules/deepseek-coder_6.7b_rules_C006_join_diagnostics_iter02_20260624_231528,,experiments/05_choropleth_reliability_benchmark/outputs/generated_code_iterative_repair/qwen2.5-coder_7b/deepseek-coder_6.7b/rules/C006_join_diagnostics_rules_iter02.py,deepseek-coder_6.7b,False,,,,False,
map_static.png,experiments/05_choropleth_reliability_benchmark/outputs/runs_iterative_repair/deepseek-coder_6.7b/rules/deepseek-coder_6.7b_rules_C006_join_diagnostics_iter02_20260624_234531/map_static.png,False,0,,,,False,,,,,2,,static_png,,rules,,,C006_join_diagnostics,missing_or_empty,False,qwen2.5-coder_14b,1,experiments/05_choropleth_reliability_benchmark/outputs/runs_iterative_repair/deepseek-coder_6.7b/rules/deepseek-coder_6.7b_rules_C006_join_diagnostics_iter02_20260624_234531,,experiments/05_choropleth_reliability_benchmark/outputs/generated_code_iterative_repair/qwen2.5-coder_14b/deepseek-coder_6.7b/rules/C006_join_diagnostics_rules_iter02.py,deepseek-coder_6.7b,False,,,,,
time_series.png,experiments/05_choropleth_reliability_benchmark/outputs/runs_iterative_repair/deepseek-coder_6.7b/rules/deepseek-coder_6.7b_rules_C006_join_diagnostics_iter02_20260624_234531/time_series.png,False,0,,,,False,,,,,2,,time_series_png,,rules,,,C006_join_diagnostics,missing_or_empty,False,qwen2.5-coder_14b,1,experiments/05_choropleth_reliability_benchmark/outputs/runs_iterative_repair/deepseek-coder_6.7b/rules/deepseek-coder_6.7b_rules_C006_join_diagnostics_iter02_20260624_234531,,experiments/05_choropleth_reliability_benchmark/outputs/generated_code_iterative_repair/qwen2.5-coder_14b/deepseek-coder_6.7b/rules/C006_join_diagnostics_rules_iter02.py,deepseek-coder_6.7b,False,,,,,
map_interactive.html,experiments/05_choropleth_reliability_benchmark/outputs/runs_iterative_repair/deepseek-coder_6.7b/rules/deepseek-coder_6.7b_rules_C006_join_diagnostics_iter02_20260624_234531/map_interactive.html,False,0,,,,False,,,,,2,,interactive_html,,rules,,,C006_join_diagnostics,,,qwen2.5-coder_14b,1,experiments/05_choropleth_reliability_benchmark/outputs/runs_iterative_repair/deepseek-coder_6.7b/rules/deepseek-coder_6.7b_rules_C006_join_diagnostics_iter02_20260624_234531,,experiments/05_choropleth_reliability_benchmark/outputs/generated_code_iterative_repair/qwen2.5-coder_14b/deepseek-coder_6.7b/rules/C006_join_diagnostics_rules_iter02.py,deepseek-coder_6.7b,False,,,False,,
diagnostics.json,experiments/05_choropleth_reliability_benchmark/outputs/runs_iterative_repair/deepseek-coder_6.7b/rules/deepseek-coder_6.7b_rules_C006_join_diagnostics_iter02_20260624_234531/diagnostics.json,False,0,,,,False,,,,,2,,diagnostic_json,,rules,,,C006_join_diagnostics,,,qwen2.5-coder_14b,1,experiments/05_choropleth_reliability_benchmark/outputs/runs_iterative_repair/deepseek-coder_6.7b/rules/deepseek-coder_6.7b_rules_C006_join_diagnostics_iter02_20260624_234531,,experiments/05_choropleth_reliability_benchmark/outputs/generated_code_iterative_repair/qwen2.5-coder_14b/deepseek-coder_6.7b/rules/C006_join_diagnostics_rules_iter02.py,deepseek-coder_6.7b,False,,,,False,
map_static.png,experiments/05_choropleth_reliability_benchmark/outputs/runs_iterative_repair/deepseek-coder_6.7b/rules/deepseek-coder_6.7b_rules_C006_join_diagnostics_iter03_20260624_062224/map_static.png,False,0,,,,False,,,,,3,,static_png,,rules,,,C006_join_diagnostics,missing_or_empty,False,qwen2.5-coder_32b,1,experiments/05_choropleth_reliability_benchmark/outputs/runs_iterative_repair/deepseek-coder_6.7b/rules/deepseek-coder_6.7b_rules_C006_join_diagnostics_iter03_20260624_062224,,experiments/05_choropleth_reliability_benchmark/outputs/generated_code_iterative_repair/qwen2.5-coder_32b/deepseek-coder_6.7b/rules/C006_join_diagnostics_rules_iter03.py,deepseek-coder_6.7b,False,,,,,
time_series.png,experiments/05_choropleth_reliability_benchmark/outputs/runs_iterative_repair/deepseek-coder_6.7b/rules/deepseek-coder_6.7b_rules_C006_join_diagnostics_iter03_20260624_062224/time_series.png,False,0,,,,False,,,,,3,,time_series_png,,rules,,,C006_join_diagnostics,missing_or_empty,False,qwen2.5-coder_32b,1,experiments/05_choropleth_reliability_benchmark/outputs/runs_iterative_repair/deepseek-coder_6.7b/rules/deepseek-coder_6.7b_rules_C006_join_diagnostics_iter03_20260624_062224,,experiments/05_choropleth_reliability_benchmark/outputs/generated_code_iterative_repair/qwen2.5-coder_32b/deepseek-coder_6.7b/rules/C006_join_diagnostics_rules_iter03.py,deepseek-coder_6.7b,False,,,,,
map_interactive.html,experiments/05_choropleth_reliability_benchmark/outputs/runs_iterative_repair/deepseek-coder_6.7b/rules/deepseek-coder_6.7b_rules_C006_join_diagnostics_iter03_20260624_062224/map_interactive.html,False,0,,,,False,,,,,3,,interactive_html,,rules,,,C006_join_diagnostics,,,qwen2.5-coder_32b,1,experiments/05_choropleth_reliability_benchmark/outputs/runs_iterative_repair/deepseek-coder_6.7b/rules/deepseek-coder_6.7b_rules_C006_join_diagnostics_iter03_20260624_062224,,experiments/05_choropleth_reliability_benchmark/outputs/generated_code_iterative_repair/qwen2.5-coder_32b/deepseek-coder_6.7b/rules/C006_join_diagnostics_rules_iter03.py,deepseek-coder_6.7b,False,,,False,,
diagnostics.json,experiments/05_choropleth_reliability_benchmark/outputs/runs_iterative_repair/deepseek-coder_6.7b/rules/deepseek-coder_6.7b_rules_C006_join_diagnostics_iter03_20260624_062224/diagnostics.json,True,45,,,,True,,,,,3,,diagnostic_json,,rules,,,C006_join_diagnostics,,,qwen2.5-coder_32b,1,experiments/05_choropleth_reliability_benchmark/outputs/runs_iterative_repair/deepseek-coder_6.7b/rules/deepseek-coder_6.7b_rules_C006_join_diagnostics_iter03_20260624_062224,,experiments/05_choropleth_reliability_benchmark/outputs/generated_code_iterative_repair/qwen2.5-coder_32b/deepseek-coder_6.7b/rules/C006_join_diagnostics_rules_iter03.py,deepseek-coder_6.7b,False,2,,,True,
map_static.png,experiments/05_choropleth_reliability_benchmark/outputs/runs_iterative_repair/deepseek-coder_6.7b/rules/deepseek-coder_6.7b_rules_C006_join_diagnostics_iter03_20260624_231540/map_static.png,False,0,,,,False,,,,,3,,static_png,,rules,,,C006_join_diagnostics,missing_or_empty,False,qwen2.5-coder_7b,1,experiments/05_choropleth_reliability_benchmark/outputs/runs_iterative_repair/deepseek-coder_6.7b/rules/deepseek-coder_6.7b_rules_C006_join_diagnostics_iter03_20260624_231540,,experiments/05_choropleth_reliability_benchmark/outputs/generated_code_iterative_repair/qwen2.5-coder_7b/deepseek-coder_6.7b/rules/C006_join_diagnostics_rules_iter03.py,deepseek-coder_6.7b,False,,,,,
time_series.png,experiments/05_choropleth_reliability_benchmark/outputs/runs_iterative_repair/deepseek-coder_6.7b/rules/deepseek-coder_6.7b_rules_C006_join_diagnostics_iter03_20260624_231540/time_series.png,False,0,,,,False,,,,,3,,time_series_png,,rules,,,C006_join_diagnostics,missing_or_empty,False,qwen2.5-coder_7b,1,experiments/05_choropleth_reliability_benchmark/outputs/runs_iterative_repair/deepseek-coder_6.7b/rules/deepseek-coder_6.7b_rules_C006_join_diagnostics_iter03_20260624_231540,,experiments/05_choropleth_reliability_benchmark/outputs/generated_code_iterative_repair/qwen2.5-coder_7b/deepseek-coder_6.7b/rules/C006_join_diagnostics_rules_iter03.py,deepseek-coder_6.7b,False,,,,,
map_interactive.html,experiments/05_choropleth_reliability_benchmark/outputs/runs_iterative_repair/deepseek-coder_6.7b/rules/deepseek-coder_6.7b_rules_C006_join_diagnostics_iter03_20260624_231540/map_interactive.html,False,0,,,,False,,,,,3,,interactive_html,,rules,,,C006_join_diagnostics,,,qwen2.5-coder_7b,1,experiments/05_choropleth_reliability_benchmark/outputs/runs_iterative_repair/deepseek-coder_6.7b/rules/deepseek-coder_6.7b_rules_C006_join_diagnostics_iter03_20260624_231540,,experiments/05_choropleth_reliability_benchmark/outputs/generated_code_iterative_repair/qwen2.5-coder_7b/deepseek-coder_6.7b/rules/C006_join_diagnostics_rules_iter03.py,deepseek-coder_6.7b,False,,,False,,
diagnostics.json,experiments/05_choropleth_reliability_benchmark/outputs/runs_iterative_repair/deepseek-coder_6.7b/rules/deepseek-coder_6.7b_rules_C006_join_diagnostics_iter03_20260624_231540/diagnostics.json,False,0,,,,False,,,,,3,,diagnostic_json,,rules,,,C006_join_diagnostics,,,qwen2.5-coder_7b,1,experiments/05_choropleth_reliability_benchmark/outputs/runs_iterative_repair/deepseek-coder_6.7b/rules/deepseek-coder_6.7b_rules_C006_join_diagnostics_iter03_20260624_231540,,experiments/05_choropleth_reliability_benchmark/outputs/generated_code_iterative_repair/qwen2.5-coder_7b/deepseek-coder_6.7b/rules/C006_join_diagnostics_rules_iter03.py,deepseek-coder_6.7b,False,,,,False,
map_static.png,experiments/05_choropleth_reliability_benchmark/outputs/runs_iterative_repair/deepseek-coder_6.7b/rules/deepseek-coder_6.7b_rules_C006_join_diagnostics_iter03_20260624_234552/map_static.png,False,0,,,,False,,,,,3,,static_png,,rules,,,C006_join_diagnostics,missing_or_empty,False,qwen2.5-coder_14b,1,experiments/05_choropleth_reliability_benchmark/outputs/runs_iterative_repair/deepseek-coder_6.7b/rules/deepseek-coder_6.7b_rules_C006_join_diagnostics_iter03_20260624_234552,,experiments/05_choropleth_reliability_benchmark/outputs/generated_code_iterative_repair/qwen2.5-coder_14b/deepseek-coder_6.7b/rules/C006_join_diagnostics_rules_iter03.py,deepseek-coder_6.7b,False,,,,,
time_series.png,experiments/05_choropleth_reliability_benchmark/outputs/runs_iterative_repair/deepseek-coder_6.7b/rules/deepseek-coder_6.7b_rules_C006_join_diagnostics_iter03_20260624_234552/time_series.png,False,0,,,,False,,,,,3,,time_series_png,,rules,,,C006_join_diagnostics,missing_or_empty,False,qwen2.5-coder_14b,1,experiments/05_choropleth_reliability_benchmark/outputs/runs_iterative_repair/deepseek-coder_6.7b/rules/deepseek-coder_6.7b_rules_C006_join_diagnostics_iter03_20260624_234552,,experiments/05_choropleth_reliability_benchmark/outputs/generated_code_iterative_repair/qwen2.5-coder_14b/deepseek-coder_6.7b/rules/C006_join_diagnostics_rules_iter03.py,deepseek-coder_6.7b,False,,,,,
map_interactive.html,experiments/05_choropleth_reliability_benchmark/outputs/runs_iterative_repair/deepseek-coder_6.7b/rules/deepseek-coder_6.7b_rules_C006_join_diagnostics_iter03_20260624_234552/map_interactive.html,False,0,,,,False,,,,,3,,interactive_html,,rules,,,C006_join_diagnostics,,,qwen2.5-coder_14b,1,experiments/05_choropleth_reliability_benchmark/outputs/runs_iterative_repair/deepseek-coder_6.7b/rules/deepseek-coder_6.7b_rules_C006_join_diagnostics_iter03_20260624_234552,,experiments/05_choropleth_reliability_benchmark/outputs/generated_code_iterative_repair/qwen2.5-coder_14b/deepseek-coder_6.7b/rules/C006_join_diagnostics_rules_iter03.py,deepseek-coder_6.7b,False,,,False,,
diagnostics.json,experiments/05_choropleth_reliability_benchmark/outputs/runs_iterative_repair/deepseek-coder_6.7b/rules/deepseek-coder_6.7b_rules_C006_join_diagnostics_iter03_20260624_234552/diagnostics.json,False,0,,,,False,,,,,3,,diagnostic_json,,rules,,,C006_join_diagnostics,,,qwen2.5-coder_14b,1,experiments/05_choropleth_reliability_benchmark/outputs/runs_iterative_repair/deepseek-coder_6.7b/rules/deepseek-coder_6.7b_rules_C006_join_diagnostics_iter03_20260624_234552,,experiments/05_choropleth_reliability_benchmark/outputs/generated_code_iterative_repair/qwen2.5-coder_14b/deepseek-coder_6.7b/rules/C006_join_diagnostics_rules_iter03.py,deepseek-coder_6.7b,False,,,,False,
map_static.png,experiments/05_choropleth_reliability_benchmark/outputs/runs_iterative_repair/deepseek-coder_6.7b/rules/deepseek-coder_6.7b_rules_C008_quantile_classes_iter01_20260624_051052/map_static.png,False,0,,,,False,,,,,1,,static_png,,rules,,,C008_quantile_classes,missing_or_empty,False,qwen2.5-coder_32b,1,experiments/05_choropleth_reliability_benchmark/outputs/runs_iterative_repair/deepseek-coder_6.7b/rules/deepseek-coder_6.7b_rules_C008_quantile_classes_iter01_20260624_051052,,experiments/05_choropleth_reliability_benchmark/outputs/generated_code_iterative_repair/qwen2.5-coder_32b/deepseek-coder_6.7b/rules/C008_quantile_classes_rules_iter01.py,deepseek-coder_6.7b,False,,,,,
time_series.png,experiments/05_choropleth_reliability_benchmark/outputs/runs_iterative_repair/deepseek-coder_6.7b/rules/deepseek-coder_6.7b_rules_C008_quantile_classes_iter01_20260624_051052/time_series.png,False,0,,,,False,,,,,1,,time_series_png,,rules,,,C008_quantile_classes,missing_or_empty,False,qwen2.5-coder_32b,1,experiments/05_choropleth_reliability_benchmark/outputs/runs_iterative_repair/deepseek-coder_6.7b/rules/deepseek-coder_6.7b_rules_C008_quantile_classes_iter01_20260624_051052,,experiments/05_choropleth_reliability_benchmark/outputs/generated_code_iterative_repair/qwen2.5-coder_32b/deepseek-coder_6.7b/rules/C008_quantile_classes_rules_iter01.py,deepseek-coder_6.7b,False,,,,,
map_interactive.html,experiments/05_choropleth_reliability_benchmark/outputs/runs_iterative_repair/deepseek-coder_6.7b/rules/deepseek-coder_6.7b_rules_C008_quantile_classes_iter01_20260624_051052/map_interactive.html,False,0,,,,False,,,,,1,,interactive_html,,rules,,,C008_quantile_classes,,,qwen2.5-coder_32b,1,experiments/05_choropleth_reliability_benchmark/outputs/runs_iterative_repair/deepseek-coder_6.7b/rules/deepseek-coder_6.7b_rules_C008_quantile_classes_iter01_20260624_051052,,experiments/05_choropleth_reliability_benchmark/outputs/generated_code_iterative_repair/qwen2.5-coder_32b/deepseek-coder_6.7b/rules/C008_quantile_classes_rules_iter01.py,deepseek-coder_6.7b,False,,,False,,
diagnostics.json,experiments/05_choropleth_reliability_benchmark/outputs/runs_iterative_repair/deepseek-coder_6.7b/rules/deepseek-coder_6.7b_rules_C008_quantile_classes_iter01_20260624_051052/diagnostics.json,False,0,,,,False,,,,,1,,diagnostic_json,,rules,,,C008_quantile_classes,,,qwen2.5-coder_32b,1,experiments/05_choropleth_reliability_benchmark/outputs/runs_iterative_repair/deepseek-coder_6.7b/rules/deepseek-coder_6.7b_rules_C008_quantile_classes_iter01_20260624_051052,,experiments/05_choropleth_reliability_benchmark/outputs/generated_code_iterative_repair/qwen2.5-coder_32b/deepseek-coder_6.7b/rules/C008_quantile_classes_rules_iter01.py,deepseek-coder_6.7b,False,,,,False,
map_static.png,experiments/05_choropleth_reliability_benchmark/outputs/runs_iterative_repair/deepseek-coder_6.7b/rules/deepseek-coder_6.7b_rules_C008_quantile_classes_iter01_20260624_232530/map_static.png,False,0,,,,False,,,,,1,,static_png,,rules,,,C008_quantile_classes,missing_or_empty,False,qwen2.5-coder_7b,1,experiments/05_choropleth_reliability_benchmark/outputs/runs_iterative_repair/deepseek-coder_6.7b/rules/deepseek-coder_6.7b_rules_C008_quantile_classes_iter01_20260624_232530,,experiments/05_choropleth_reliability_benchmark/outputs/generated_code_iterative_repair/qwen2.5-coder_7b/deepseek-coder_6.7b/rules/C008_quantile_classes_rules_iter01.py,deepseek-coder_6.7b,False,,,,,
time_series.png,experiments/05_choropleth_reliability_benchmark/outputs/runs_iterative_repair/deepseek-coder_6.7b/rules/deepseek-coder_6.7b_rules_C008_quantile_classes_iter01_20260624_232530/time_series.png,False,0,,,,False,,,,,1,,time_series_png,,rules,,,C008_quantile_classes,missing_or_empty,False,qwen2.5-coder_7b,1,experiments/05_choropleth_reliability_benchmark/outputs/runs_iterative_repair/deepseek-coder_6.7b/rules/deepseek-coder_6.7b_rules_C008_quantile_classes_iter01_20260624_232530,,experiments/05_choropleth_reliability_benchmark/outputs/generated_code_iterative_repair/qwen2.5-coder_7b/deepseek-coder_6.7b/rules/C008_quantile_classes_rules_iter01.py,deepseek-coder_6.7b,False,,,,,
map_interactive.html,experiments/05_choropleth_reliability_benchmark/outputs/runs_iterative_repair/deepseek-coder_6.7b/rules/deepseek-coder_6.7b_rules_C008_quantile_classes_iter01_20260624_232530/map_interactive.html,False,0,,,,False,,,,,1,,interactive_html,,rules,,,C008_quantile_classes,,,qwen2.5-coder_7b,1,experiments/05_choropleth_reliability_benchmark/outputs/runs_iterative_repair/deepseek-coder_6.7b/rules/deepseek-coder_6.7b_rules_C008_quantile_classes_iter01_20260624_232530,,experiments/05_choropleth_reliability_benchmark/outputs/generated_code_iterative_repair/qwen2.5-coder_7b/deepseek-coder_6.7b/rules/C008_quantile_classes_rules_iter01.py,deepseek-coder_6.7b,False,,,False,,
diagnostics.json,experiments/05_choropleth_reliability_benchmark/outputs/runs_iterative_repair/deepseek-coder_6.7b/rules/deepseek-coder_6.7b_rules_C008_quantile_classes_iter01_20260624_232530/diagnostics.json,False,0,,,,False,,,,,1,,diagnostic_json,,rules,,,C008_quantile_classes,,,qwen2.5-coder_7b,1,experiments/05_choropleth_reliability_benchmark/outputs/runs_iterative_repair/deepseek-coder_6.7b/rules/deepseek-coder_6.7b_rules_C008_quantile_classes_iter01_20260624_232530,,experiments/05_choropleth_reliability_benchmark/outputs/generated_code_iterative_repair/qwen2.5-coder_7b/deepseek-coder_6.7b/rules/C008_quantile_classes_rules_iter01.py,deepseek-coder_6.7b,False,,,,False,
map_static.png,experiments/05_choropleth_reliability_benchmark/outputs/runs_iterative_repair/deepseek-coder_6.7b/rules/deepseek-coder_6.7b_rules_C008_quantile_classes_iter01_20260625_000144/map_static.png,False,0,,,,False,,,,,1,,static_png,,rules,,,C008_quantile_classes,missing_or_empty,False,qwen2.5-coder_14b,1,experiments/05_choropleth_reliability_benchmark/outputs/runs_iterative_repair/deepseek-coder_6.7b/rules/deepseek-coder_6.7b_rules_C008_quantile_classes_iter01_20260625_000144,,experiments/05_choropleth_reliability_benchmark/outputs/generated_code_iterative_repair/qwen2.5-coder_14b/deepseek-coder_6.7b/rules/C008_quantile_classes_rules_iter01.py,deepseek-coder_6.7b,False,,,,,
time_series.png,experiments/05_choropleth_reliability_benchmark/outputs/runs_iterative_repair/deepseek-coder_6.7b/rules/deepseek-coder_6.7b_rules_C008_quantile_classes_iter01_20260625_000144/time_series.png,False,0,,,,False,,,,,1,,time_series_png,,rules,,,C008_quantile_classes,missing_or_empty,False,qwen2.5-coder_14b,1,experiments/05_choropleth_reliability_benchmark/outputs/runs_iterative_repair/deepseek-coder_6.7b/rules/deepseek-coder_6.7b_rules_C008_quantile_classes_iter01_20260625_000144,,experiments/05_choropleth_reliability_benchmark/outputs/generated_code_iterative_repair/qwen2.5-coder_14b/deepseek-coder_6.7b/rules/C008_quantile_classes_rules_iter01.py,deepseek-coder_6.7b,False,,,,,
map_interactive.html,experiments/05_choropleth_reliability_benchmark/outputs/runs_iterative_repair/deepseek-coder_6.7b/rules/deepseek-coder_6.7b_rules_C008_quantile_classes_iter01_20260625_000144/map_interactive.html,False,0,,,,False,,,,,1,,interactive_html,,rules,,,C008_quantile_classes,,,qwen2.5-coder_14b,1,experiments/05_choropleth_reliability_benchmark/outputs/runs_iterative_repair/deepseek-coder_6.7b/rules/deepseek-coder_6.7b_rules_C008_quantile_classes_iter01_20260625_000144,,experiments/05_choropleth_reliability_benchmark/outputs/generated_code_iterative_repair/qwen2.5-coder_14b/deepseek-coder_6.7b/rules/C008_quantile_classes_rules_iter01.py,deepseek-coder_6.7b,False,,,False,,
diagnostics.json,experiments/05_choropleth_reliability_benchmark/outputs/runs_iterative_repair/deepseek-coder_6.7b/rules/deepseek-coder_6.7b_rules_C008_quantile_classes_iter01_20260625_000144/diagnostics.json,False,0,,,,False,,,,,1,,diagnostic_json,,rules,,,C008_quantile_classes,,,qwen2.5-coder_14b,1,experiments/05_choropleth_reliability_benchmark/outputs/runs_iterative_repair/deepseek-coder_6.7b/rules/deepseek-coder_6.7b_rules_C008_quantile_classes_iter01_20260625_000144,,experiments/05_choropleth_reliability_benchmark/outputs/generated_code_iterative_repair/qwen2.5-coder_14b/deepseek-coder_6.7b/rules/C008_quantile_classes_rules_iter01.py,deepseek-coder_6.7b,False,,,,False,
map_static.png,experiments/05_choropleth_reliability_benchmark/outputs/runs_iterative_repair/deepseek-coder_6.7b/rules/deepseek-coder_6.7b_rules_C008_quantile_classes_iter01_20260625_002414/map_static.png,False,0,,,,False,,,,,1,,static_png,,rules,,,C008_quantile_classes,missing_or_empty,False,deepseek-coder_6.7b,1,experiments/05_choropleth_reliability_benchmark/outputs/runs_iterative_repair/deepseek-coder_6.7b/rules/deepseek-coder_6.7b_rules_C008_quantile_classes_iter01_20260625_002414,,experiments/05_choropleth_reliability_benchmark/outputs/generated_code_iterative_repair/deepseek-coder_6.7b/deepseek-coder_6.7b/rules/C008_quantile_classes_rules_iter01.py,deepseek-coder_6.7b,False,,,,,
time_series.png,experiments/05_choropleth_reliability_benchmark/outputs/runs_iterative_repair/deepseek-coder_6.7b/rules/deepseek-coder_6.7b_rules_C008_quantile_classes_iter01_20260625_002414/time_series.png,False,0,,,,False,,,,,1,,time_series_png,,rules,,,C008_quantile_classes,missing_or_empty,False,deepseek-coder_6.7b,1,experiments/05_choropleth_reliability_benchmark/outputs/runs_iterative_repair/deepseek-coder_6.7b/rules/deepseek-coder_6.7b_rules_C008_quantile_classes_iter01_20260625_002414,,experiments/05_choropleth_reliability_benchmark/outputs/generated_code_iterative_repair/deepseek-coder_6.7b/deepseek-coder_6.7b/rules/C008_quantile_classes_rules_iter01.py,deepseek-coder_6.7b,False,,,,,
map_interactive.html,experiments/05_choropleth_reliability_benchmark/outputs/runs_iterative_repair/deepseek-coder_6.7b/rules/deepseek-coder_6.7b_rules_C008_quantile_classes_iter01_20260625_002414/map_interactive.html,False,0,,,,False,,,,,1,,interactive_html,,rules,,,C008_quantile_classes,,,deepseek-coder_6.7b,1,experiments/05_choropleth_reliability_benchmark/outputs/runs_iterative_repair/deepseek-coder_6.7b/rules/deepseek-coder_6.7b_rules_C008_quantile_classes_iter01_20260625_002414,,experiments/05_choropleth_reliability_benchmark/outputs/generated_code_iterative_repair/deepseek-coder_6.7b/deepseek-coder_6.7b/rules/C008_quantile_classes_rules_iter01.py,deepseek-coder_6.7b,False,,,False,,
diagnostics.json,experiments/05_choropleth_reliability_benchmark/outputs/runs_iterative_repair/deepseek-coder_6.7b/rules/deepseek-coder_6.7b_rules_C008_quantile_classes_iter01_20260625_002414/diagnostics.json,False,0,,,,False,,,,,1,,diagnostic_json,,rules,,,C008_quantile_classes,,,deepseek-coder_6.7b,1,experiments/05_choropleth_reliability_benchmark/outputs/runs_iterative_repair/deepseek-coder_6.7b/rules/deepseek-coder_6.7b_rules_C008_quantile_classes_iter01_20260625_002414,,experiments/05_choropleth_reliability_benchmark/outputs/generated_code_iterative_repair/deepseek-coder_6.7b/deepseek-coder_6.7b/rules/C008_quantile_classes_rules_iter01.py,deepseek-coder_6.7b,False,,,,False,
map_static.png,experiments/05_choropleth_reliability_benchmark/outputs/runs_iterative_repair/deepseek-coder_6.7b/rules/deepseek-coder_6.7b_rules_C008_quantile_classes_iter02_20260624_051144/map_static.png,False,0,,,,False,,,,,2,,static_png,,rules,,,C008_quantile_classes,missing_or_empty,False,qwen2.5-coder_32b,1,experiments/05_choropleth_reliability_benchmark/outputs/runs_iterative_repair/deepseek-coder_6.7b/rules/deepseek-coder_6.7b_rules_C008_quantile_classes_iter02_20260624_051144,,experiments/05_choropleth_reliability_benchmark/outputs/generated_code_iterative_repair/qwen2.5-coder_32b/deepseek-coder_6.7b/rules/C008_quantile_classes_rules_iter02.py,deepseek-coder_6.7b,False,,,,,
time_series.png,experiments/05_choropleth_reliability_benchmark/outputs/runs_iterative_repair/deepseek-coder_6.7b/rules/deepseek-coder_6.7b_rules_C008_quantile_classes_iter02_20260624_051144/time_series.png,False,0,,,,False,,,,,2,,time_series_png,,rules,,,C008_quantile_classes,missing_or_empty,False,qwen2.5-coder_32b,1,experiments/05_choropleth_reliability_benchmark/outputs/runs_iterative_repair/deepseek-coder_6.7b/rules/deepseek-coder_6.7b_rules_C008_quantile_classes_iter02_20260624_051144,,experiments/05_choropleth_reliability_benchmark/outputs/generated_code_iterative_repair/qwen2.5-coder_32b/deepseek-coder_6.7b/rules/C008_quantile_classes_rules_iter02.py,deepseek-coder_6.7b,False,,,,,
map_interactive.html,experiments/05_choropleth_reliability_benchmark/outputs/runs_iterative_repair/deepseek-coder_6.7b/rules/deepseek-coder_6.7b_rules_C008_quantile_classes_iter02_20260624_051144/map_interactive.html,False,0,,,,False,,,,,2,,interactive_html,,rules,,,C008_quantile_classes,,,qwen2.5-coder_32b,1,experiments/05_choropleth_reliability_benchmark/outputs/runs_iterative_repair/deepseek-coder_6.7b/rules/deepseek-coder_6.7b_rules_C008_quantile_classes_iter02_20260624_051144,,experiments/05_choropleth_reliability_benchmark/outputs/generated_code_iterative_repair/qwen2.5-coder_32b/deepseek-coder_6.7b/rules/C008_quantile_classes_rules_iter02.py,deepseek-coder_6.7b,False,,,False,,
diagnostics.json,experiments/05_choropleth_reliability_benchmark/outputs/runs_iterative_repair/deepseek-coder_6.7b/rules/deepseek-coder_6.7b_rules_C008_quantile_classes_iter02_20260624_051144/diagnostics.json,False,0,,,,False,,,,,2,,diagnostic_json,,rules,,,C008_quantile_classes,,,qwen2.5-coder_32b,1,experiments/05_choropleth_reliability_benchmark/outputs/runs_iterative_repair/deepseek-coder_6.7b/rules/deepseek-coder_6.7b_rules_C008_quantile_classes_iter02_20260624_051144,,experiments/05_choropleth_reliability_benchmark/outputs/generated_code_iterative_repair/qwen2.5-coder_32b/deepseek-coder_6.7b/rules/C008_quantile_classes_rules_iter02.py,deepseek-coder_6.7b,False,,,,False,
map_static.png,experiments/05_choropleth_reliability_benchmark/outputs/runs_iterative_repair/deepseek-coder_6.7b/rules/deepseek-coder_6.7b_rules_C008_quantile_classes_iter02_20260624_232551/map_static.png,False,0,,,,False,,,,,2,,static_png,,rules,,,C008_quantile_classes,missing_or_empty,False,qwen2.5-coder_7b,1,experiments/05_choropleth_reliability_benchmark/outputs/runs_iterative_repair/deepseek-coder_6.7b/rules/deepseek-coder_6.7b_rules_C008_quantile_classes_iter02_20260624_232551,,experiments/05_choropleth_reliability_benchmark/outputs/generated_code_iterative_repair/qwen2.5-coder_7b/deepseek-coder_6.7b/rules/C008_quantile_classes_rules_iter02.py,deepseek-coder_6.7b,False,,,,,
time_series.png,experiments/05_choropleth_reliability_benchmark/outputs/runs_iterative_repair/deepseek-coder_6.7b/rules/deepseek-coder_6.7b_rules_C008_quantile_classes_iter02_20260624_232551/time_series.png,False,0,,,,False,,,,,2,,time_series_png,,rules,,,C008_quantile_classes,missing_or_empty,False,qwen2.5-coder_7b,1,experiments/05_choropleth_reliability_benchmark/outputs/runs_iterative_repair/deepseek-coder_6.7b/rules/deepseek-coder_6.7b_rules_C008_quantile_classes_iter02_20260624_232551,,experiments/05_choropleth_reliability_benchmark/outputs/generated_code_iterative_repair/qwen2.5-coder_7b/deepseek-coder_6.7b/rules/C008_quantile_classes_rules_iter02.py,deepseek-coder_6.7b,False,,,,,
map_interactive.html,experiments/05_choropleth_reliability_benchmark/outputs/runs_iterative_repair/deepseek-coder_6.7b/rules/deepseek-coder_6.7b_rules_C008_quantile_classes_iter02_20260624_232551/map_interactive.html,False,0,,,,False,,,,,2,,interactive_html,,rules,,,C008_quantile_classes,,,qwen2.5-coder_7b,1,experiments/05_choropleth_reliability_benchmark/outputs/runs_iterative_repair/deepseek-coder_6.7b/rules/deepseek-coder_6.7b_rules_C008_quantile_classes_iter02_20260624_232551,,experiments/05_choropleth_reliability_benchmark/outputs/generated_code_iterative_repair/qwen2.5-coder_7b/deepseek-coder_6.7b/rules/C008_quantile_classes_rules_iter02.py,deepseek-coder_6.7b,False,,,False,,
diagnostics.json,experiments/05_choropleth_reliability_benchmark/outputs/runs_iterative_repair/deepseek-coder_6.7b/rules/deepseek-coder_6.7b_rules_C008_quantile_classes_iter02_20260624_232551/diagnostics.json,False,0,,,,False,,,,,2,,diagnostic_json,,rules,,,C008_quantile_classes,,,qwen2.5-coder_7b,1,experiments/05_choropleth_reliability_benchmark/outputs/runs_iterative_repair/deepseek-coder_6.7b/rules/deepseek-coder_6.7b_rules_C008_quantile_classes_iter02_20260624_232551,,experiments/05_choropleth_reliability_benchmark/outputs/generated_code_iterative_repair/qwen2.5-coder_7b/deepseek-coder_6.7b/rules/C008_quantile_classes_rules_iter02.py,deepseek-coder_6.7b,False,,,,False,
map_static.png,experiments/05_choropleth_reliability_benchmark/outputs/runs_iterative_repair/deepseek-coder_6.7b/rules/deepseek-coder_6.7b_rules_C008_quantile_classes_iter02_20260625_000211/map_static.png,False,0,,,,False,,,,,2,,static_png,,rules,,,C008_quantile_classes,missing_or_empty,False,qwen2.5-coder_14b,1,experiments/05_choropleth_reliability_benchmark/outputs/runs_iterative_repair/deepseek-coder_6.7b/rules/deepseek-coder_6.7b_rules_C008_quantile_classes_iter02_20260625_000211,,experiments/05_choropleth_reliability_benchmark/outputs/generated_code_iterative_repair/qwen2.5-coder_14b/deepseek-coder_6.7b/rules/C008_quantile_classes_rules_iter02.py,deepseek-coder_6.7b,False,,,,,
time_series.png,experiments/05_choropleth_reliability_benchmark/outputs/runs_iterative_repair/deepseek-coder_6.7b/rules/deepseek-coder_6.7b_rules_C008_quantile_classes_iter02_20260625_000211/time_series.png,False,0,,,,False,,,,,2,,time_series_png,,rules,,,C008_quantile_classes,missing_or_empty,False,qwen2.5-coder_14b,1,experiments/05_choropleth_reliability_benchmark/outputs/runs_iterative_repair/deepseek-coder_6.7b/rules/deepseek-coder_6.7b_rules_C008_quantile_classes_iter02_20260625_000211,,experiments/05_choropleth_reliability_benchmark/outputs/generated_code_iterative_repair/qwen2.5-coder_14b/deepseek-coder_6.7b/rules/C008_quantile_classes_rules_iter02.py,deepseek-coder_6.7b,False,,,,,
map_interactive.html,experiments/05_choropleth_reliability_benchmark/outputs/runs_iterative_repair/deepseek-coder_6.7b/rules/deepseek-coder_6.7b_rules_C008_quantile_classes_iter02_20260625_000211/map_interactive.html,False,0,,,,False,,,,,2,,interactive_html,,rules,,,C008_quantile_classes,,,qwen2.5-coder_14b,1,experiments/05_choropleth_reliability_benchmark/outputs/runs_iterative_repair/deepseek-coder_6.7b/rules/deepseek-coder_6.7b_rules_C008_quantile_classes_iter02_20260625_000211,,experiments/05_choropleth_reliability_benchmark/outputs/generated_code_iterative_repair/qwen2.5-coder_14b/deepseek-coder_6.7b/rules/C008_quantile_classes_rules_iter02.py,deepseek-coder_6.7b,False,,,False,,
diagnostics.json,experiments/05_choropleth_reliability_benchmark/outputs/runs_iterative_repair/deepseek-coder_6.7b/rules/deepseek-coder_6.7b_rules_C008_quantile_classes_iter02_20260625_000211/diagnostics.json,False,0,,,,False,,,,,2,,diagnostic_json,,rules,,,C008_quantile_classes,,,qwen2.5-coder_14b,1,experiments/05_choropleth_reliability_benchmark/outputs/runs_iterative_repair/deepseek-coder_6.7b/rules/deepseek-coder_6.7b_rules_C008_quantile_classes_iter02_20260625_000211,,experiments/05_choropleth_reliability_benchmark/outputs/generated_code_iterative_repair/qwen2.5-coder_14b/deepseek-coder_6.7b/rules/C008_quantile_classes_rules_iter02.py,deepseek-coder_6.7b,False,,,,False,
map_static.png,experiments/05_choropleth_reliability_benchmark/outputs/runs_iterative_repair/deepseek-coder_6.7b/rules/deepseek-coder_6.7b_rules_C008_quantile_classes_iter03_20260624_062927/map_static.png,False,0,,,,False,,,,,3,,static_png,,rules,,,C008_quantile_classes,missing_or_empty,False,qwen2.5-coder_32b,1,experiments/05_choropleth_reliability_benchmark/outputs/runs_iterative_repair/deepseek-coder_6.7b/rules/deepseek-coder_6.7b_rules_C008_quantile_classes_iter03_20260624_062927,,experiments/05_choropleth_reliability_benchmark/outputs/generated_code_iterative_repair/qwen2.5-coder_32b/deepseek-coder_6.7b/rules/C008_quantile_classes_rules_iter03.py,deepseek-coder_6.7b,False,,,,,
time_series.png,experiments/05_choropleth_reliability_benchmark/outputs/runs_iterative_repair/deepseek-coder_6.7b/rules/deepseek-coder_6.7b_rules_C008_quantile_classes_iter03_20260624_062927/time_series.png,False,0,,,,False,,,,,3,,time_series_png,,rules,,,C008_quantile_classes,missing_or_empty,False,qwen2.5-coder_32b,1,experiments/05_choropleth_reliability_benchmark/outputs/runs_iterative_repair/deepseek-coder_6.7b/rules/deepseek-coder_6.7b_rules_C008_quantile_classes_iter03_20260624_062927,,experiments/05_choropleth_reliability_benchmark/outputs/generated_code_iterative_repair/qwen2.5-coder_32b/deepseek-coder_6.7b/rules/C008_quantile_classes_rules_iter03.py,deepseek-coder_6.7b,False,,,,,
map_interactive.html,experiments/05_choropleth_reliability_benchmark/outputs/runs_iterative_repair/deepseek-coder_6.7b/rules/deepseek-coder_6.7b_rules_C008_quantile_classes_iter03_20260624_062927/map_interactive.html,False,0,,,,False,,,,,3,,interactive_html,,rules,,,C008_quantile_classes,,,qwen2.5-coder_32b,1,experiments/05_choropleth_reliability_benchmark/outputs/runs_iterative_repair/deepseek-coder_6.7b/rules/deepseek-coder_6.7b_rules_C008_quantile_classes_iter03_20260624_062927,,experiments/05_choropleth_reliability_benchmark/outputs/generated_code_iterative_repair/qwen2.5-coder_32b/deepseek-coder_6.7b/rules/C008_quantile_classes_rules_iter03.py,deepseek-coder_6.7b,False,,,False,,
diagnostics.json,experiments/05_choropleth_reliability_benchmark/outputs/runs_iterative_repair/deepseek-coder_6.7b/rules/deepseek-coder_6.7b_rules_C008_quantile_classes_iter03_20260624_062927/diagnostics.json,False,0,,,,False,,,,,3,,diagnostic_json,,rules,,,C008_quantile_classes,,,qwen2.5-coder_32b,1,experiments/05_choropleth_reliability_benchmark/outputs/runs_iterative_repair/deepseek-coder_6.7b/rules/deepseek-coder_6.7b_rules_C008_quantile_classes_iter03_20260624_062927,,experiments/05_choropleth_reliability_benchmark/outputs/generated_code_iterative_repair/qwen2.5-coder_32b/deepseek-coder_6.7b/rules/C008_quantile_classes_rules_iter03.py,deepseek-coder_6.7b,False,,,,False,
map_static.png,experiments/05_choropleth_reliability_benchmark/outputs/runs_iterative_repair/deepseek-coder_6.7b/rules/deepseek-coder_6.7b_rules_C008_quantile_classes_iter03_20260624_232612/map_static.png,False,0,,,,False,,,,,3,,static_png,,rules,,,C008_quantile_classes,missing_or_empty,False,qwen2.5-coder_7b,1,experiments/05_choropleth_reliability_benchmark/outputs/runs_iterative_repair/deepseek-coder_6.7b/rules/deepseek-coder_6.7b_rules_C008_quantile_classes_iter03_20260624_232612,,experiments/05_choropleth_reliability_benchmark/outputs/generated_code_iterative_repair/qwen2.5-coder_7b/deepseek-coder_6.7b/rules/C008_quantile_classes_rules_iter03.py,deepseek-coder_6.7b,False,,,,,
time_series.png,experiments/05_choropleth_reliability_benchmark/outputs/runs_iterative_repair/deepseek-coder_6.7b/rules/deepseek-coder_6.7b_rules_C008_quantile_classes_iter03_20260624_232612/time_series.png,False,0,,,,False,,,,,3,,time_series_png,,rules,,,C008_quantile_classes,missing_or_empty,False,qwen2.5-coder_7b,1,experiments/05_choropleth_reliability_benchmark/outputs/runs_iterative_repair/deepseek-coder_6.7b/rules/deepseek-coder_6.7b_rules_C008_quantile_classes_iter03_20260624_232612,,experiments/05_choropleth_reliability_benchmark/outputs/generated_code_iterative_repair/qwen2.5-coder_7b/deepseek-coder_6.7b/rules/C008_quantile_classes_rules_iter03.py,deepseek-coder_6.7b,False,,,,,
map_interactive.html,experiments/05_choropleth_reliability_benchmark/outputs/runs_iterative_repair/deepseek-coder_6.7b/rules/deepseek-coder_6.7b_rules_C008_quantile_classes_iter03_20260624_232612/map_interactive.html,False,0,,,,False,,,,,3,,interactive_html,,rules,,,C008_quantile_classes,,,qwen2.5-coder_7b,1,experiments/05_choropleth_reliability_benchmark/outputs/runs_iterative_repair/deepseek-coder_6.7b/rules/deepseek-coder_6.7b_rules_C008_quantile_classes_iter03_20260624_232612,,experiments/05_choropleth_reliability_benchmark/outputs/generated_code_iterative_repair/qwen2.5-coder_7b/deepseek-coder_6.7b/rules/C008_quantile_classes_rules_iter03.py,deepseek-coder_6.7b,False,,,False,,
diagnostics.json,experiments/05_choropleth_reliability_benchmark/outputs/runs_iterative_repair/deepseek-coder_6.7b/rules/deepseek-coder_6.7b_rules_C008_quantile_classes_iter03_20260624_232612/diagnostics.json,False,0,,,,False,,,,,3,,diagnostic_json,,rules,,,C008_quantile_classes,,,qwen2.5-coder_7b,1,experiments/05_choropleth_reliability_benchmark/outputs/runs_iterative_repair/deepseek-coder_6.7b/rules/deepseek-coder_6.7b_rules_C008_quantile_classes_iter03_20260624_232612,,experiments/05_choropleth_reliability_benchmark/outputs/generated_code_iterative_repair/qwen2.5-coder_7b/deepseek-coder_6.7b/rules/C008_quantile_classes_rules_iter03.py,deepseek-coder_6.7b,False,,,,False,
map_static.png,experiments/05_choropleth_reliability_benchmark/outputs/runs_iterative_repair/deepseek-coder_6.7b/rules/deepseek-coder_6.7b_rules_C008_quantile_classes_iter03_20260625_000239/map_static.png,False,0,,,,False,,,,,3,,static_png,,rules,,,C008_quantile_classes,missing_or_empty,False,qwen2.5-coder_14b,1,experiments/05_choropleth_reliability_benchmark/outputs/runs_iterative_repair/deepseek-coder_6.7b/rules/deepseek-coder_6.7b_rules_C008_quantile_classes_iter03_20260625_000239,,experiments/05_choropleth_reliability_benchmark/outputs/generated_code_iterative_repair/qwen2.5-coder_14b/deepseek-coder_6.7b/rules/C008_quantile_classes_rules_iter03.py,deepseek-coder_6.7b,False,,,,,
time_series.png,experiments/05_choropleth_reliability_benchmark/outputs/runs_iterative_repair/deepseek-coder_6.7b/rules/deepseek-coder_6.7b_rules_C008_quantile_classes_iter03_20260625_000239/time_series.png,False,0,,,,False,,,,,3,,time_series_png,,rules,,,C008_quantile_classes,missing_or_empty,False,qwen2.5-coder_14b,1,experiments/05_choropleth_reliability_benchmark/outputs/runs_iterative_repair/deepseek-coder_6.7b/rules/deepseek-coder_6.7b_rules_C008_quantile_classes_iter03_20260625_000239,,experiments/05_choropleth_reliability_benchmark/outputs/generated_code_iterative_repair/qwen2.5-coder_14b/deepseek-coder_6.7b/rules/C008_quantile_classes_rules_iter03.py,deepseek-coder_6.7b,False,,,,,
map_interactive.html,experiments/05_choropleth_reliability_benchmark/outputs/runs_iterative_repair/deepseek-coder_6.7b/rules/deepseek-coder_6.7b_rules_C008_quantile_classes_iter03_20260625_000239/map_interactive.html,False,0,,,,False,,,,,3,,interactive_html,,rules,,,C008_quantile_classes,,,qwen2.5-coder_14b,1,experiments/05_choropleth_reliability_benchmark/outputs/runs_iterative_repair/deepseek-coder_6.7b/rules/deepseek-coder_6.7b_rules_C008_quantile_classes_iter03_20260625_000239,,experiments/05_choropleth_reliability_benchmark/outputs/generated_code_iterative_repair/qwen2.5-coder_14b/deepseek-coder_6.7b/rules/C008_quantile_classes_rules_iter03.py,deepseek-coder_6.7b,False,,,False,,
diagnostics.json,experiments/05_choropleth_reliability_benchmark/outputs/runs_iterative_repair/deepseek-coder_6.7b/rules/deepseek-coder_6.7b_rules_C008_quantile_classes_iter03_20260625_000239/diagnostics.json,False,0,,,,False,,,,,3,,diagnostic_json,,rules,,,C008_quantile_classes,,,qwen2.5-coder_14b,1,experiments/05_choropleth_reliability_benchmark/outputs/runs_iterative_repair/deepseek-coder_6.7b/rules/deepseek-coder_6.7b_rules_C008_quantile_classes_iter03_20260625_000239,,experiments/05_choropleth_reliability_benchmark/outputs/generated_code_iterative_repair/qwen2.5-coder_14b/deepseek-coder_6.7b/rules/C008_quantile_classes_rules_iter03.py,deepseek-coder_6.7b,False,,,,False,
map_static.png,experiments/05_choropleth_reliability_benchmark/outputs/runs_iterative_repair/deepseek-coder_6.7b/rules/deepseek-coder_6.7b_rules_C009_colorblind_safe_iter01_20260624_044358/map_static.png,True,60434,0.0183,255,7.956,True,,,,800,1,,static_png,247.100,rules,0.9882,0.0535,C009_colorblind_safe,,True,qwen2.5-coder_32b,0,experiments/05_choropleth_reliability_benchmark/outputs/runs_iterative_repair/deepseek-coder_6.7b/rules/deepseek-coder_6.7b_rules_C009_colorblind_safe_iter01_20260624_044358,0.0230,experiments/05_choropleth_reliability_benchmark/outputs/generated_code_iterative_repair/qwen2.5-coder_32b/deepseek-coder_6.7b/rules/C009_colorblind_safe_rules_iter01.py,deepseek-coder_6.7b,False,,33,,,1000
time_series.png,experiments/05_choropleth_reliability_benchmark/outputs/runs_iterative_repair/deepseek-coder_6.7b/rules/deepseek-coder_6.7b_rules_C009_colorblind_safe_iter01_20260624_044358/time_series.png,False,0,,,,False,,,,,1,,time_series_png,,rules,,,C009_colorblind_safe,missing_or_empty,False,qwen2.5-coder_32b,0,experiments/05_choropleth_reliability_benchmark/outputs/runs_iterative_repair/deepseek-coder_6.7b/rules/deepseek-coder_6.7b_rules_C009_colorblind_safe_iter01_20260624_044358,,experiments/05_choropleth_reliability_benchmark/outputs/generated_code_iterative_repair/qwen2.5-coder_32b/deepseek-coder_6.7b/rules/C009_colorblind_safe_rules_iter01.py,deepseek-coder_6.7b,False,,,,,
map_interactive.html,experiments/05_choropleth_reliability_benchmark/outputs/runs_iterative_repair/deepseek-coder_6.7b/rules/deepseek-coder_6.7b_rules_C009_colorblind_safe_iter01_20260624_044358/map_interactive.html,False,0,,,,False,,,,,1,,interactive_html,,rules,,,C009_colorblind_safe,,,qwen2.5-coder_32b,0,experiments/05_choropleth_reliability_benchmark/outputs/runs_iterative_repair/deepseek-coder_6.7b/rules/deepseek-coder_6.7b_rules_C009_colorblind_safe_iter01_20260624_044358,,experiments/05_choropleth_reliability_benchmark/outputs/generated_code_iterative_repair/qwen2.5-coder_32b/deepseek-coder_6.7b/rules/C009_colorblind_safe_rules_iter01.py,deepseek-coder_6.7b,False,,,False,,
diagnostics.json,experiments/05_choropleth_reliability_benchmark/outputs/runs_iterative_repair/deepseek-coder_6.7b/rules/deepseek-coder_6.7b_rules_C009_colorblind_safe_iter01_20260624_044358/diagnostics.json,True,25,,,,True,,,,,1,,diagnostic_json,,rules,,,C009_colorblind_safe,,,qwen2.5-coder_32b,0,experiments/05_choropleth_reliability_benchmark/outputs/runs_iterative_repair/deepseek-coder_6.7b/rules/deepseek-coder_6.7b_rules_C009_colorblind_safe_iter01_20260624_044358,,experiments/05_choropleth_reliability_benchmark/outputs/generated_code_iterative_repair/qwen2.5-coder_32b/deepseek-coder_6.7b/rules/C009_colorblind_safe_rules_iter01.py,deepseek-coder_6.7b,False,1,,,True,
map_static.png,experiments/05_choropleth_reliability_benchmark/outputs/runs_iterative_repair/deepseek-coder_6.7b/rules/deepseek-coder_6.7b_rules_C009_colorblind_safe_iter01_20260624_231554/map_static.png,False,0,,,,False,,,,,1,,static_png,,rules,,,C009_colorblind_safe,missing_or_empty,False,qwen2.5-coder_7b,1,experiments/05_choropleth_reliability_benchmark/outputs/runs_iterative_repair/deepseek-coder_6.7b/rules/deepseek-coder_6.7b_rules_C009_colorblind_safe_iter01_20260624_231554,,experiments/05_choropleth_reliability_benchmark/outputs/generated_code_iterative_repair/qwen2.5-coder_7b/deepseek-coder_6.7b/rules/C009_colorblind_safe_rules_iter01.py,deepseek-coder_6.7b,False,,,,,
time_series.png,experiments/05_choropleth_reliability_benchmark/outputs/runs_iterative_repair/deepseek-coder_6.7b/rules/deepseek-coder_6.7b_rules_C009_colorblind_safe_iter01_20260624_231554/time_series.png,False,0,,,,False,,,,,1,,time_series_png,,rules,,,C009_colorblind_safe,missing_or_empty,False,qwen2.5-coder_7b,1,experiments/05_choropleth_reliability_benchmark/outputs/runs_iterative_repair/deepseek-coder_6.7b/rules/deepseek-coder_6.7b_rules_C009_colorblind_safe_iter01_20260624_231554,,experiments/05_choropleth_reliability_benchmark/outputs/generated_code_iterative_repair/qwen2.5-coder_7b/deepseek-coder_6.7b/rules/C009_colorblind_safe_rules_iter01.py,deepseek-coder_6.7b,False,,,,,
map_interactive.html,experiments/05_choropleth_reliability_benchmark/outputs/runs_iterative_repair/deepseek-coder_6.7b/rules/deepseek-coder_6.7b_rules_C009_colorblind_safe_iter01_20260624_231554/map_interactive.html,False,0,,,,False,,,,,1,,interactive_html,,rules,,,C009_colorblind_safe,,,qwen2.5-coder_7b,1,experiments/05_choropleth_reliability_benchmark/outputs/runs_iterative_repair/deepseek-coder_6.7b/rules/deepseek-coder_6.7b_rules_C009_colorblind_safe_iter01_20260624_231554,,experiments/05_choropleth_reliability_benchmark/outputs/generated_code_iterative_repair/qwen2.5-coder_7b/deepseek-coder_6.7b/rules/C009_colorblind_safe_rules_iter01.py,deepseek-coder_6.7b,False,,,False,,
diagnostics.json,experiments/05_choropleth_reliability_benchmark/outputs/runs_iterative_repair/deepseek-coder_6.7b/rules/deepseek-coder_6.7b_rules_C009_colorblind_safe_iter01_20260624_231554/diagnostics.json,False,0,,,,False,,,,,1,,diagnostic_json,,rules,,,C009_colorblind_safe,,,qwen2.5-coder_7b,1,experiments/05_choropleth_reliability_benchmark/outputs/runs_iterative_repair/deepseek-coder_6.7b/rules/deepseek-coder_6.7b_rules_C009_colorblind_safe_iter01_20260624_231554,,experiments/05_choropleth_reliability_benchmark/outputs/generated_code_iterative_repair/qwen2.5-coder_7b/deepseek-coder_6.7b/rules/C009_colorblind_safe_rules_iter01.py,deepseek-coder_6.7b,False,,,,False,
map_static.png,experiments/05_choropleth_reliability_benchmark/outputs/runs_iterative_repair/deepseek-coder_6.7b/rules/deepseek-coder_6.7b_rules_C009_colorblind_safe_iter01_20260624_234615/map_static.png,False,0,,,,False,,,,,1,,static_png,,rules,,,C009_colorblind_safe,missing_or_empty,False,qwen2.5-coder_14b,1,experiments/05_choropleth_reliability_benchmark/outputs/runs_iterative_repair/deepseek-coder_6.7b/rules/deepseek-coder_6.7b_rules_C009_colorblind_safe_iter01_20260624_234615,,experiments/05_choropleth_reliability_benchmark/outputs/generated_code_iterative_repair/qwen2.5-coder_14b/deepseek-coder_6.7b/rules/C009_colorblind_safe_rules_iter01.py,deepseek-coder_6.7b,False,,,,,
time_series.png,experiments/05_choropleth_reliability_benchmark/outputs/runs_iterative_repair/deepseek-coder_6.7b/rules/deepseek-coder_6.7b_rules_C009_colorblind_safe_iter01_20260624_234615/time_series.png,False,0,,,,False,,,,,1,,time_series_png,,rules,,,C009_colorblind_safe,missing_or_empty,False,qwen2.5-coder_14b,1,experiments/05_choropleth_reliability_benchmark/outputs/runs_iterative_repair/deepseek-coder_6.7b/rules/deepseek-coder_6.7b_rules_C009_colorblind_safe_iter01_20260624_234615,,experiments/05_choropleth_reliability_benchmark/outputs/generated_code_iterative_repair/qwen2.5-coder_14b/deepseek-coder_6.7b/rules/C009_colorblind_safe_rules_iter01.py,deepseek-coder_6.7b,False,,,,,
map_interactive.html,experiments/05_choropleth_reliability_benchmark/outputs/runs_iterative_repair/deepseek-coder_6.7b/rules/deepseek-coder_6.7b_rules_C009_colorblind_safe_iter01_20260624_234615/map_interactive.html,False,0,,,,False,,,,,1,,interactive_html,,rules,,,C009_colorblind_safe,,,qwen2.5-coder_14b,1,experiments/05_choropleth_reliability_benchmark/outputs/runs_iterative_repair/deepseek-coder_6.7b/rules/deepseek-coder_6.7b_rules_C009_colorblind_safe_iter01_20260624_234615,,experiments/05_choropleth_reliability_benchmark/outputs/generated_code_iterative_repair/qwen2.5-coder_14b/deepseek-coder_6.7b/rules/C009_colorblind_safe_rules_iter01.py,deepseek-coder_6.7b,False,,,False,,
diagnostics.json,experiments/05_choropleth_reliability_benchmark/outputs/runs_iterative_repair/deepseek-coder_6.7b/rules/deepseek-coder_6.7b_rules_C009_colorblind_safe_iter01_20260624_234615/diagnostics.json,False,0,,,,False,,,,,1,,diagnostic_json,,rules,,,C009_colorblind_safe,,,qwen2.5-coder_14b,1,experiments/05_choropleth_reliability_benchmark/outputs/runs_iterative_repair/deepseek-coder_6.7b/rules/deepseek-coder_6.7b_rules_C009_colorblind_safe_iter01_20260624_234615,,experiments/05_choropleth_reliability_benchmark/outputs/generated_code_iterative_repair/qwen2.5-coder_14b/deepseek-coder_6.7b/rules/C009_colorblind_safe_rules_iter01.py,deepseek-coder_6.7b,False,,,,False,
map_static.png,experiments/05_choropleth_reliability_benchmark/outputs/runs_iterative_repair/deepseek-coder_6.7b/rules/deepseek-coder_6.7b_rules_C009_colorblind_safe_iter02_20260624_231609/map_static.png,False,0,,,,False,,,,,2,,static_png,,rules,,,C009_colorblind_safe,missing_or_empty,False,qwen2.5-coder_7b,1,experiments/05_choropleth_reliability_benchmark/outputs/runs_iterative_repair/deepseek-coder_6.7b/rules/deepseek-coder_6.7b_rules_C009_colorblind_safe_iter02_20260624_231609,,experiments/05_choropleth_reliability_benchmark/outputs/generated_code_iterative_repair/qwen2.5-coder_7b/deepseek-coder_6.7b/rules/C009_colorblind_safe_rules_iter02.py,deepseek-coder_6.7b,False,,,,,
time_series.png,experiments/05_choropleth_reliability_benchmark/outputs/runs_iterative_repair/deepseek-coder_6.7b/rules/deepseek-coder_6.7b_rules_C009_colorblind_safe_iter02_20260624_231609/time_series.png,False,0,,,,False,,,,,2,,time_series_png,,rules,,,C009_colorblind_safe,missing_or_empty,False,qwen2.5-coder_7b,1,experiments/05_choropleth_reliability_benchmark/outputs/runs_iterative_repair/deepseek-coder_6.7b/rules/deepseek-coder_6.7b_rules_C009_colorblind_safe_iter02_20260624_231609,,experiments/05_choropleth_reliability_benchmark/outputs/generated_code_iterative_repair/qwen2.5-coder_7b/deepseek-coder_6.7b/rules/C009_colorblind_safe_rules_iter02.py,deepseek-coder_6.7b,False,,,,,
map_interactive.html,experiments/05_choropleth_reliability_benchmark/outputs/runs_iterative_repair/deepseek-coder_6.7b/rules/deepseek-coder_6.7b_rules_C009_colorblind_safe_iter02_20260624_231609/map_interactive.html,False,0,,,,False,,,,,2,,interactive_html,,rules,,,C009_colorblind_safe,,,qwen2.5-coder_7b,1,experiments/05_choropleth_reliability_benchmark/outputs/runs_iterative_repair/deepseek-coder_6.7b/rules/deepseek-coder_6.7b_rules_C009_colorblind_safe_iter02_20260624_231609,,experiments/05_choropleth_reliability_benchmark/outputs/generated_code_iterative_repair/qwen2.5-coder_7b/deepseek-coder_6.7b/rules/C009_colorblind_safe_rules_iter02.py,deepseek-coder_6.7b,False,,,False,,
diagnostics.json,experiments/05_choropleth_reliability_benchmark/outputs/runs_iterative_repair/deepseek-coder_6.7b/rules/deepseek-coder_6.7b_rules_C009_colorblind_safe_iter02_20260624_231609/diagnostics.json,False,0,,,,False,,,,,2,,diagnostic_json,,rules,,,C009_colorblind_safe,,,qwen2.5-coder_7b,1,experiments/05_choropleth_reliability_benchmark/outputs/runs_iterative_repair/deepseek-coder_6.7b/rules/deepseek-coder_6.7b_rules_C009_colorblind_safe_iter02_20260624_231609,,experiments/05_choropleth_reliability_benchmark/outputs/generated_code_iterative_repair/qwen2.5-coder_7b/deepseek-coder_6.7b/rules/C009_colorblind_safe_rules_iter02.py,deepseek-coder_6.7b,False,,,,False,
map_static.png,experiments/05_choropleth_reliability_benchmark/outputs/runs_iterative_repair/deepseek-coder_6.7b/rules/deepseek-coder_6.7b_rules_C009_colorblind_safe_iter02_20260624_234642/map_static.png,False,0,,,,False,,,,,2,,static_png,,rules,,,C009_colorblind_safe,missing_or_empty,False,qwen2.5-coder_14b,1,experiments/05_choropleth_reliability_benchmark/outputs/runs_iterative_repair/deepseek-coder_6.7b/rules/deepseek-coder_6.7b_rules_C009_colorblind_safe_iter02_20260624_234642,,experiments/05_choropleth_reliability_benchmark/outputs/generated_code_iterative_repair/qwen2.5-coder_14b/deepseek-coder_6.7b/rules/C009_colorblind_safe_rules_iter02.py,deepseek-coder_6.7b,False,,,,,
time_series.png,experiments/05_choropleth_reliability_benchmark/outputs/runs_iterative_repair/deepseek-coder_6.7b/rules/deepseek-coder_6.7b_rules_C009_colorblind_safe_iter02_20260624_234642/time_series.png,False,0,,,,False,,,,,2,,time_series_png,,rules,,,C009_colorblind_safe,missing_or_empty,False,qwen2.5-coder_14b,1,experiments/05_choropleth_reliability_benchmark/outputs/runs_iterative_repair/deepseek-coder_6.7b/rules/deepseek-coder_6.7b_rules_C009_colorblind_safe_iter02_20260624_234642,,experiments/05_choropleth_reliability_benchmark/outputs/generated_code_iterative_repair/qwen2.5-coder_14b/deepseek-coder_6.7b/rules/C009_colorblind_safe_rules_iter02.py,deepseek-coder_6.7b,False,,,,,
map_interactive.html,experiments/05_choropleth_reliability_benchmark/outputs/runs_iterative_repair/deepseek-coder_6.7b/rules/deepseek-coder_6.7b_rules_C009_colorblind_safe_iter02_20260624_234642/map_interactive.html,False,0,,,,False,,,,,2,,interactive_html,,rules,,,C009_colorblind_safe,,,qwen2.5-coder_14b,1,experiments/05_choropleth_reliability_benchmark/outputs/runs_iterative_repair/deepseek-coder_6.7b/rules/deepseek-coder_6.7b_rules_C009_colorblind_safe_iter02_20260624_234642,,experiments/05_choropleth_reliability_benchmark/outputs/generated_code_iterative_repair/qwen2.5-coder_14b/deepseek-coder_6.7b/rules/C009_colorblind_safe_rules_iter02.py,deepseek-coder_6.7b,False,,,False,,
diagnostics.json,experiments/05_choropleth_reliability_benchmark/outputs/runs_iterative_repair/deepseek-coder_6.7b/rules/deepseek-coder_6.7b_rules_C009_colorblind_safe_iter02_20260624_234642/diagnostics.json,False,0,,,,False,,,,,2,,diagnostic_json,,rules,,,C009_colorblind_safe,,,qwen2.5-coder_14b,1,experiments/05_choropleth_reliability_benchmark/outputs/runs_iterative_repair/deepseek-coder_6.7b/rules/deepseek-coder_6.7b_rules_C009_colorblind_safe_iter02_20260624_234642,,experiments/05_choropleth_reliability_benchmark/outputs/generated_code_iterative_repair/qwen2.5-coder_14b/deepseek-coder_6.7b/rules/C009_colorblind_safe_rules_iter02.py,deepseek-coder_6.7b,False,,,,False,
map_static.png,experiments/05_choropleth_reliability_benchmark/outputs/runs_iterative_repair/deepseek-coder_6.7b/rules/deepseek-coder_6.7b_rules_C009_colorblind_safe_iter03_20260624_231623/map_static.png,False,0,,,,False,,,,,3,,static_png,,rules,,,C009_colorblind_safe,missing_or_empty,False,qwen2.5-coder_7b,1,experiments/05_choropleth_reliability_benchmark/outputs/runs_iterative_repair/deepseek-coder_6.7b/rules/deepseek-coder_6.7b_rules_C009_colorblind_safe_iter03_20260624_231623,,experiments/05_choropleth_reliability_benchmark/outputs/generated_code_iterative_repair/qwen2.5-coder_7b/deepseek-coder_6.7b/rules/C009_colorblind_safe_rules_iter03.py,deepseek-coder_6.7b,False,,,,,
time_series.png,experiments/05_choropleth_reliability_benchmark/outputs/runs_iterative_repair/deepseek-coder_6.7b/rules/deepseek-coder_6.7b_rules_C009_colorblind_safe_iter03_20260624_231623/time_series.png,False,0,,,,False,,,,,3,,time_series_png,,rules,,,C009_colorblind_safe,missing_or_empty,False,qwen2.5-coder_7b,1,experiments/05_choropleth_reliability_benchmark/outputs/runs_iterative_repair/deepseek-coder_6.7b/rules/deepseek-coder_6.7b_rules_C009_colorblind_safe_iter03_20260624_231623,,experiments/05_choropleth_reliability_benchmark/outputs/generated_code_iterative_repair/qwen2.5-coder_7b/deepseek-coder_6.7b/rules/C009_colorblind_safe_rules_iter03.py,deepseek-coder_6.7b,False,,,,,
map_interactive.html,experiments/05_choropleth_reliability_benchmark/outputs/runs_iterative_repair/deepseek-coder_6.7b/rules/deepseek-coder_6.7b_rules_C009_colorblind_safe_iter03_20260624_231623/map_interactive.html,False,0,,,,False,,,,,3,,interactive_html,,rules,,,C009_colorblind_safe,,,qwen2.5-coder_7b,1,experiments/05_choropleth_reliability_benchmark/outputs/runs_iterative_repair/deepseek-coder_6.7b/rules/deepseek-coder_6.7b_rules_C009_colorblind_safe_iter03_20260624_231623,,experiments/05_choropleth_reliability_benchmark/outputs/generated_code_iterative_repair/qwen2.5-coder_7b/deepseek-coder_6.7b/rules/C009_colorblind_safe_rules_iter03.py,deepseek-coder_6.7b,False,,,False,,
diagnostics.json,experiments/05_choropleth_reliability_benchmark/outputs/runs_iterative_repair/deepseek-coder_6.7b/rules/deepseek-coder_6.7b_rules_C009_colorblind_safe_iter03_20260624_231623/diagnostics.json,False,0,,,,False,,,,,3,,diagnostic_json,,rules,,,C009_colorblind_safe,,,qwen2.5-coder_7b,1,experiments/05_choropleth_reliability_benchmark/outputs/runs_iterative_repair/deepseek-coder_6.7b/rules/deepseek-coder_6.7b_rules_C009_colorblind_safe_iter03_20260624_231623,,experiments/05_choropleth_reliability_benchmark/outputs/generated_code_iterative_repair/qwen2.5-coder_7b/deepseek-coder_6.7b/rules/C009_colorblind_safe_rules_iter03.py,deepseek-coder_6.7b,False,,,,False,
map_static.png,experiments/05_choropleth_reliability_benchmark/outputs/runs_iterative_repair/deepseek-coder_6.7b/rules/deepseek-coder_6.7b_rules_C009_colorblind_safe_iter03_20260624_234714/map_static.png,False,0,,,,False,,,,,3,,static_png,,rules,,,C009_colorblind_safe,missing_or_empty,False,qwen2.5-coder_14b,1,experiments/05_choropleth_reliability_benchmark/outputs/runs_iterative_repair/deepseek-coder_6.7b/rules/deepseek-coder_6.7b_rules_C009_colorblind_safe_iter03_20260624_234714,,experiments/05_choropleth_reliability_benchmark/outputs/generated_code_iterative_repair/qwen2.5-coder_14b/deepseek-coder_6.7b/rules/C009_colorblind_safe_rules_iter03.py,deepseek-coder_6.7b,False,,,,,
time_series.png,experiments/05_choropleth_reliability_benchmark/outputs/runs_iterative_repair/deepseek-coder_6.7b/rules/deepseek-coder_6.7b_rules_C009_colorblind_safe_iter03_20260624_234714/time_series.png,False,0,,,,False,,,,,3,,time_series_png,,rules,,,C009_colorblind_safe,missing_or_empty,False,qwen2.5-coder_14b,1,experiments/05_choropleth_reliability_benchmark/outputs/runs_iterative_repair/deepseek-coder_6.7b/rules/deepseek-coder_6.7b_rules_C009_colorblind_safe_iter03_20260624_234714,,experiments/05_choropleth_reliability_benchmark/outputs/generated_code_iterative_repair/qwen2.5-coder_14b/deepseek-coder_6.7b/rules/C009_colorblind_safe_rules_iter03.py,deepseek-coder_6.7b,False,,,,,
map_interactive.html,experiments/05_choropleth_reliability_benchmark/outputs/runs_iterative_repair/deepseek-coder_6.7b/rules/deepseek-coder_6.7b_rules_C009_colorblind_safe_iter03_20260624_234714/map_interactive.html,False,0,,,,False,,,,,3,,interactive_html,,rules,,,C009_colorblind_safe,,,qwen2.5-coder_14b,1,experiments/05_choropleth_reliability_benchmark/outputs/runs_iterative_repair/deepseek-coder_6.7b/rules/deepseek-coder_6.7b_rules_C009_colorblind_safe_iter03_20260624_234714,,experiments/05_choropleth_reliability_benchmark/outputs/generated_code_iterative_repair/qwen2.5-coder_14b/deepseek-coder_6.7b/rules/C009_colorblind_safe_rules_iter03.py,deepseek-coder_6.7b,False,,,False,,
diagnostics.json,experiments/05_choropleth_reliability_benchmark/outputs/runs_iterative_repair/deepseek-coder_6.7b/rules/deepseek-coder_6.7b_rules_C009_colorblind_safe_iter03_20260624_234714/diagnostics.json,False,0,,,,False,,,,,3,,diagnostic_json,,rules,,,C009_colorblind_safe,,,qwen2.5-coder_14b,1,experiments/05_choropleth_reliability_benchmark/outputs/runs_iterative_repair/deepseek-coder_6.7b/rules/deepseek-coder_6.7b_rules_C009_colorblind_safe_iter03_20260624_234714,,experiments/05_choropleth_reliability_benchmark/outputs/generated_code_iterative_repair/qwen2.5-coder_14b/deepseek-coder_6.7b/rules/C009_colorblind_safe_rules_iter03.py,deepseek-coder_6.7b,False,,,,False,
map_static.png,experiments/05_choropleth_reliability_benchmark/outputs/runs_iterative_repair/deepseek-coder_6.7b/rules/deepseek-coder_6.7b_rules_C010_interactive_tooltips_iter01_20260624_044500/map_static.png,False,0,,,,False,,,,,1,,static_png,,rules,,,C010_interactive_tooltips,missing_or_empty,False,qwen2.5-coder_32b,1,experiments/05_choropleth_reliability_benchmark/outputs/runs_iterative_repair/deepseek-coder_6.7b/rules/deepseek-coder_6.7b_rules_C010_interactive_tooltips_iter01_20260624_044500,,experiments/05_choropleth_reliability_benchmark/outputs/generated_code_iterative_repair/qwen2.5-coder_32b/deepseek-coder_6.7b/rules/C010_interactive_tooltips_rules_iter01.py,deepseek-coder_6.7b,False,,,,,
time_series.png,experiments/05_choropleth_reliability_benchmark/outputs/runs_iterative_repair/deepseek-coder_6.7b/rules/deepseek-coder_6.7b_rules_C010_interactive_tooltips_iter01_20260624_044500/time_series.png,False,0,,,,False,,,,,1,,time_series_png,,rules,,,C010_interactive_tooltips,missing_or_empty,False,qwen2.5-coder_32b,1,experiments/05_choropleth_reliability_benchmark/outputs/runs_iterative_repair/deepseek-coder_6.7b/rules/deepseek-coder_6.7b_rules_C010_interactive_tooltips_iter01_20260624_044500,,experiments/05_choropleth_reliability_benchmark/outputs/generated_code_iterative_repair/qwen2.5-coder_32b/deepseek-coder_6.7b/rules/C010_interactive_tooltips_rules_iter01.py,deepseek-coder_6.7b,False,,,,,
map_interactive.html,experiments/05_choropleth_reliability_benchmark/outputs/runs_iterative_repair/deepseek-coder_6.7b/rules/deepseek-coder_6.7b_rules_C010_interactive_tooltips_iter01_20260624_044500/map_interactive.html,False,0,,,,True,,,,,1,,interactive_html,,rules,,,C010_interactive_tooltips,,,qwen2.5-coder_32b,1,experiments/05_choropleth_reliability_benchmark/outputs/runs_iterative_repair/deepseek-coder_6.7b/rules/deepseek-coder_6.7b_rules_C010_interactive_tooltips_iter01_20260624_044500,,experiments/05_choropleth_reliability_benchmark/outputs/generated_code_iterative_repair/qwen2.5-coder_32b/deepseek-coder_6.7b/rules/C010_interactive_tooltips_rules_iter01.py,deepseek-coder_6.7b,False,,,False,,
diagnostics.json,experiments/05_choropleth_reliability_benchmark/outputs/runs_iterative_repair/deepseek-coder_6.7b/rules/deepseek-coder_6.7b_rules_C010_interactive_tooltips_iter01_20260624_044500/diagnostics.json,False,0,,,,False,,,,,1,,diagnostic_json,,rules,,,C010_interactive_tooltips,,,qwen2.5-coder_32b,1,experiments/05_choropleth_reliability_benchmark/outputs/runs_iterative_repair/deepseek-coder_6.7b/rules/deepseek-coder_6.7b_rules_C010_interactive_tooltips_iter01_20260624_044500,,experiments/05_choropleth_reliability_benchmark/outputs/generated_code_iterative_repair/qwen2.5-coder_32b/deepseek-coder_6.7b/rules/C010_interactive_tooltips_rules_iter01.py,deepseek-coder_6.7b,False,,,,False,
map_static.png,experiments/05_choropleth_reliability_benchmark/outputs/runs_iterative_repair/deepseek-coder_6.7b/rules/deepseek-coder_6.7b_rules_C010_interactive_tooltips_iter01_20260624_231638/map_static.png,False,0,,,,False,,,,,1,,static_png,,rules,,,C010_interactive_tooltips,missing_or_empty,False,qwen2.5-coder_7b,1,experiments/05_choropleth_reliability_benchmark/outputs/runs_iterative_repair/deepseek-coder_6.7b/rules/deepseek-coder_6.7b_rules_C010_interactive_tooltips_iter01_20260624_231638,,experiments/05_choropleth_reliability_benchmark/outputs/generated_code_iterative_repair/qwen2.5-coder_7b/deepseek-coder_6.7b/rules/C010_interactive_tooltips_rules_iter01.py,deepseek-coder_6.7b,False,,,,,
time_series.png,experiments/05_choropleth_reliability_benchmark/outputs/runs_iterative_repair/deepseek-coder_6.7b/rules/deepseek-coder_6.7b_rules_C010_interactive_tooltips_iter01_20260624_231638/time_series.png,False,0,,,,False,,,,,1,,time_series_png,,rules,,,C010_interactive_tooltips,missing_or_empty,False,qwen2.5-coder_7b,1,experiments/05_choropleth_reliability_benchmark/outputs/runs_iterative_repair/deepseek-coder_6.7b/rules/deepseek-coder_6.7b_rules_C010_interactive_tooltips_iter01_20260624_231638,,experiments/05_choropleth_reliability_benchmark/outputs/generated_code_iterative_repair/qwen2.5-coder_7b/deepseek-coder_6.7b/rules/C010_interactive_tooltips_rules_iter01.py,deepseek-coder_6.7b,False,,,,,
map_interactive.html,experiments/05_choropleth_reliability_benchmark/outputs/runs_iterative_repair/deepseek-coder_6.7b/rules/deepseek-coder_6.7b_rules_C010_interactive_tooltips_iter01_20260624_231638/map_interactive.html,False,0,,,,False,,,,,1,,interactive_html,,rules,,,C010_interactive_tooltips,,,qwen2.5-coder_7b,1,experiments/05_choropleth_reliability_benchmark/outputs/runs_iterative_repair/deepseek-coder_6.7b/rules/deepseek-coder_6.7b_rules_C010_interactive_tooltips_iter01_20260624_231638,,experiments/05_choropleth_reliability_benchmark/outputs/generated_code_iterative_repair/qwen2.5-coder_7b/deepseek-coder_6.7b/rules/C010_interactive_tooltips_rules_iter01.py,deepseek-coder_6.7b,False,,,False,,
diagnostics.json,experiments/05_choropleth_reliability_benchmark/outputs/runs_iterative_repair/deepseek-coder_6.7b/rules/deepseek-coder_6.7b_rules_C010_interactive_tooltips_iter01_20260624_231638/diagnostics.json,False,0,,,,False,,,,,1,,diagnostic_json,,rules,,,C010_interactive_tooltips,,,qwen2.5-coder_7b,1,experiments/05_choropleth_reliability_benchmark/outputs/runs_iterative_repair/deepseek-coder_6.7b/rules/deepseek-coder_6.7b_rules_C010_interactive_tooltips_iter01_20260624_231638,,experiments/05_choropleth_reliability_benchmark/outputs/generated_code_iterative_repair/qwen2.5-coder_7b/deepseek-coder_6.7b/rules/C010_interactive_tooltips_rules_iter01.py,deepseek-coder_6.7b,False,,,,False,
map_static.png,experiments/05_choropleth_reliability_benchmark/outputs/runs_iterative_repair/deepseek-coder_6.7b/rules/deepseek-coder_6.7b_rules_C010_interactive_tooltips_iter01_20260624_234743/map_static.png,False,0,,,,False,,,,,1,,static_png,,rules,,,C010_interactive_tooltips,missing_or_empty,False,qwen2.5-coder_14b,1,experiments/05_choropleth_reliability_benchmark/outputs/runs_iterative_repair/deepseek-coder_6.7b/rules/deepseek-coder_6.7b_rules_C010_interactive_tooltips_iter01_20260624_234743,,experiments/05_choropleth_reliability_benchmark/outputs/generated_code_iterative_repair/qwen2.5-coder_14b/deepseek-coder_6.7b/rules/C010_interactive_tooltips_rules_iter01.py,deepseek-coder_6.7b,False,,,,,
time_series.png,experiments/05_choropleth_reliability_benchmark/outputs/runs_iterative_repair/deepseek-coder_6.7b/rules/deepseek-coder_6.7b_rules_C010_interactive_tooltips_iter01_20260624_234743/time_series.png,False,0,,,,False,,,,,1,,time_series_png,,rules,,,C010_interactive_tooltips,missing_or_empty,False,qwen2.5-coder_14b,1,experiments/05_choropleth_reliability_benchmark/outputs/runs_iterative_repair/deepseek-coder_6.7b/rules/deepseek-coder_6.7b_rules_C010_interactive_tooltips_iter01_20260624_234743,,experiments/05_choropleth_reliability_benchmark/outputs/generated_code_iterative_repair/qwen2.5-coder_14b/deepseek-coder_6.7b/rules/C010_interactive_tooltips_rules_iter01.py,deepseek-coder_6.7b,False,,,,,
map_interactive.html,experiments/05_choropleth_reliability_benchmark/outputs/runs_iterative_repair/deepseek-coder_6.7b/rules/deepseek-coder_6.7b_rules_C010_interactive_tooltips_iter01_20260624_234743/map_interactive.html,False,0,,,,False,,,,,1,,interactive_html,,rules,,,C010_interactive_tooltips,,,qwen2.5-coder_14b,1,experiments/05_choropleth_reliability_benchmark/outputs/runs_iterative_repair/deepseek-coder_6.7b/rules/deepseek-coder_6.7b_rules_C010_interactive_tooltips_iter01_20260624_234743,,experiments/05_choropleth_reliability_benchmark/outputs/generated_code_iterative_repair/qwen2.5-coder_14b/deepseek-coder_6.7b/rules/C010_interactive_tooltips_rules_iter01.py,deepseek-coder_6.7b,False,,,False,,
diagnostics.json,experiments/05_choropleth_reliability_benchmark/outputs/runs_iterative_repair/deepseek-coder_6.7b/rules/deepseek-coder_6.7b_rules_C010_interactive_tooltips_iter01_20260624_234743/diagnostics.json,False,0,,,,False,,,,,1,,diagnostic_json,,rules,,,C010_interactive_tooltips,,,qwen2.5-coder_14b,1,experiments/05_choropleth_reliability_benchmark/outputs/runs_iterative_repair/deepseek-coder_6.7b/rules/deepseek-coder_6.7b_rules_C010_interactive_tooltips_iter01_20260624_234743,,experiments/05_choropleth_reliability_benchmark/outputs/generated_code_iterative_repair/qwen2.5-coder_14b/deepseek-coder_6.7b/rules/C010_interactive_tooltips_rules_iter01.py,deepseek-coder_6.7b,False,,,,False,
map_static.png,experiments/05_choropleth_reliability_benchmark/outputs/runs_iterative_repair/deepseek-coder_6.7b/rules/deepseek-coder_6.7b_rules_C010_interactive_tooltips_iter02_20260624_044550/map_static.png,False,0,,,,False,,,,,2,,static_png,,rules,,,C010_interactive_tooltips,missing_or_empty,False,qwen2.5-coder_32b,0,experiments/05_choropleth_reliability_benchmark/outputs/runs_iterative_repair/deepseek-coder_6.7b/rules/deepseek-coder_6.7b_rules_C010_interactive_tooltips_iter02_20260624_044550,,experiments/05_choropleth_reliability_benchmark/outputs/generated_code_iterative_repair/qwen2.5-coder_32b/deepseek-coder_6.7b/rules/C010_interactive_tooltips_rules_iter02.py,deepseek-coder_6.7b,False,,,,,
time_series.png,experiments/05_choropleth_reliability_benchmark/outputs/runs_iterative_repair/deepseek-coder_6.7b/rules/deepseek-coder_6.7b_rules_C010_interactive_tooltips_iter02_20260624_044550/time_series.png,False,0,,,,False,,,,,2,,time_series_png,,rules,,,C010_interactive_tooltips,missing_or_empty,False,qwen2.5-coder_32b,0,experiments/05_choropleth_reliability_benchmark/outputs/runs_iterative_repair/deepseek-coder_6.7b/rules/deepseek-coder_6.7b_rules_C010_interactive_tooltips_iter02_20260624_044550,,experiments/05_choropleth_reliability_benchmark/outputs/generated_code_iterative_repair/qwen2.5-coder_32b/deepseek-coder_6.7b/rules/C010_interactive_tooltips_rules_iter02.py,deepseek-coder_6.7b,False,,,,,
map_interactive.html,experiments/05_choropleth_reliability_benchmark/outputs/runs_iterative_repair/deepseek-coder_6.7b/rules/deepseek-coder_6.7b_rules_C010_interactive_tooltips_iter02_20260624_044550/map_interactive.html,True,12539487,,,,True,True,True,True,,2,,interactive_html,,rules,,,C010_interactive_tooltips,,,qwen2.5-coder_32b,0,experiments/05_choropleth_reliability_benchmark/outputs/runs_iterative_repair/deepseek-coder_6.7b/rules/deepseek-coder_6.7b_rules_C010_interactive_tooltips_iter02_20260624_044550,,experiments/05_choropleth_reliability_benchmark/outputs/generated_code_iterative_repair/qwen2.5-coder_32b/deepseek-coder_6.7b/rules/C010_interactive_tooltips_rules_iter02.py,deepseek-coder_6.7b,False,,,True,,
diagnostics.json,experiments/05_choropleth_reliability_benchmark/outputs/runs_iterative_repair/deepseek-coder_6.7b/rules/deepseek-coder_6.7b_rules_C010_interactive_tooltips_iter02_20260624_044550/diagnostics.json,False,0,,,,False,,,,,2,,diagnostic_json,,rules,,,C010_interactive_tooltips,,,qwen2.5-coder_32b,0,experiments/05_choropleth_reliability_benchmark/outputs/runs_iterative_repair/deepseek-coder_6.7b/rules/deepseek-coder_6.7b_rules_C010_interactive_tooltips_iter02_20260624_044550,,experiments/05_choropleth_reliability_benchmark/outputs/generated_code_iterative_repair/qwen2.5-coder_32b/deepseek-coder_6.7b/rules/C010_interactive_tooltips_rules_iter02.py,deepseek-coder_6.7b,False,,,,False,
map_static.png,experiments/05_choropleth_reliability_benchmark/outputs/runs_iterative_repair/deepseek-coder_6.7b/rules/deepseek-coder_6.7b_rules_C010_interactive_tooltips_iter02_20260624_231655/map_static.png,False,0,,,,False,,,,,2,,static_png,,rules,,,C010_interactive_tooltips,missing_or_empty,False,qwen2.5-coder_7b,1,experiments/05_choropleth_reliability_benchmark/outputs/runs_iterative_repair/deepseek-coder_6.7b/rules/deepseek-coder_6.7b_rules_C010_interactive_tooltips_iter02_20260624_231655,,experiments/05_choropleth_reliability_benchmark/outputs/generated_code_iterative_repair/qwen2.5-coder_7b/deepseek-coder_6.7b/rules/C010_interactive_tooltips_rules_iter02.py,deepseek-coder_6.7b,False,,,,,
time_series.png,experiments/05_choropleth_reliability_benchmark/outputs/runs_iterative_repair/deepseek-coder_6.7b/rules/deepseek-coder_6.7b_rules_C010_interactive_tooltips_iter02_20260624_231655/time_series.png,False,0,,,,False,,,,,2,,time_series_png,,rules,,,C010_interactive_tooltips,missing_or_empty,False,qwen2.5-coder_7b,1,experiments/05_choropleth_reliability_benchmark/outputs/runs_iterative_repair/deepseek-coder_6.7b/rules/deepseek-coder_6.7b_rules_C010_interactive_tooltips_iter02_20260624_231655,,experiments/05_choropleth_reliability_benchmark/outputs/generated_code_iterative_repair/qwen2.5-coder_7b/deepseek-coder_6.7b/rules/C010_interactive_tooltips_rules_iter02.py,deepseek-coder_6.7b,False,,,,,
map_interactive.html,experiments/05_choropleth_reliability_benchmark/outputs/runs_iterative_repair/deepseek-coder_6.7b/rules/deepseek-coder_6.7b_rules_C010_interactive_tooltips_iter02_20260624_231655/map_interactive.html,False,0,,,,False,,,,,2,,interactive_html,,rules,,,C010_interactive_tooltips,,,qwen2.5-coder_7b,1,experiments/05_choropleth_reliability_benchmark/outputs/runs_iterative_repair/deepseek-coder_6.7b/rules/deepseek-coder_6.7b_rules_C010_interactive_tooltips_iter02_20260624_231655,,experiments/05_choropleth_reliability_benchmark/outputs/generated_code_iterative_repair/qwen2.5-coder_7b/deepseek-coder_6.7b/rules/C010_interactive_tooltips_rules_iter02.py,deepseek-coder_6.7b,False,,,False,,
diagnostics.json,experiments/05_choropleth_reliability_benchmark/outputs/runs_iterative_repair/deepseek-coder_6.7b/rules/deepseek-coder_6.7b_rules_C010_interactive_tooltips_iter02_20260624_231655/diagnostics.json,False,0,,,,False,,,,,2,,diagnostic_json,,rules,,,C010_interactive_tooltips,,,qwen2.5-coder_7b,1,experiments/05_choropleth_reliability_benchmark/outputs/runs_iterative_repair/deepseek-coder_6.7b/rules/deepseek-coder_6.7b_rules_C010_interactive_tooltips_iter02_20260624_231655,,experiments/05_choropleth_reliability_benchmark/outputs/generated_code_iterative_repair/qwen2.5-coder_7b/deepseek-coder_6.7b/rules/C010_interactive_tooltips_rules_iter02.py,deepseek-coder_6.7b,False,,,,False,
map_static.png,experiments/05_choropleth_reliability_benchmark/outputs/runs_iterative_repair/deepseek-coder_6.7b/rules/deepseek-coder_6.7b_rules_C010_interactive_tooltips_iter02_20260624_234810/map_static.png,False,0,,,,False,,,,,2,,static_png,,rules,,,C010_interactive_tooltips,missing_or_empty,False,qwen2.5-coder_14b,1,experiments/05_choropleth_reliability_benchmark/outputs/runs_iterative_repair/deepseek-coder_6.7b/rules/deepseek-coder_6.7b_rules_C010_interactive_tooltips_iter02_20260624_234810,,experiments/05_choropleth_reliability_benchmark/outputs/generated_code_iterative_repair/qwen2.5-coder_14b/deepseek-coder_6.7b/rules/C010_interactive_tooltips_rules_iter02.py,deepseek-coder_6.7b,False,,,,,
time_series.png,experiments/05_choropleth_reliability_benchmark/outputs/runs_iterative_repair/deepseek-coder_6.7b/rules/deepseek-coder_6.7b_rules_C010_interactive_tooltips_iter02_20260624_234810/time_series.png,False,0,,,,False,,,,,2,,time_series_png,,rules,,,C010_interactive_tooltips,missing_or_empty,False,qwen2.5-coder_14b,1,experiments/05_choropleth_reliability_benchmark/outputs/runs_iterative_repair/deepseek-coder_6.7b/rules/deepseek-coder_6.7b_rules_C010_interactive_tooltips_iter02_20260624_234810,,experiments/05_choropleth_reliability_benchmark/outputs/generated_code_iterative_repair/qwen2.5-coder_14b/deepseek-coder_6.7b/rules/C010_interactive_tooltips_rules_iter02.py,deepseek-coder_6.7b,False,,,,,
map_interactive.html,experiments/05_choropleth_reliability_benchmark/outputs/runs_iterative_repair/deepseek-coder_6.7b/rules/deepseek-coder_6.7b_rules_C010_interactive_tooltips_iter02_20260624_234810/map_interactive.html,False,0,,,,False,,,,,2,,interactive_html,,rules,,,C010_interactive_tooltips,,,qwen2.5-coder_14b,1,experiments/05_choropleth_reliability_benchmark/outputs/runs_iterative_repair/deepseek-coder_6.7b/rules/deepseek-coder_6.7b_rules_C010_interactive_tooltips_iter02_20260624_234810,,experiments/05_choropleth_reliability_benchmark/outputs/generated_code_iterative_repair/qwen2.5-coder_14b/deepseek-coder_6.7b/rules/C010_interactive_tooltips_rules_iter02.py,deepseek-coder_6.7b,False,,,False,,
diagnostics.json,experiments/05_choropleth_reliability_benchmark/outputs/runs_iterative_repair/deepseek-coder_6.7b/rules/deepseek-coder_6.7b_rules_C010_interactive_tooltips_iter02_20260624_234810/diagnostics.json,False,0,,,,False,,,,,2,,diagnostic_json,,rules,,,C010_interactive_tooltips,,,qwen2.5-coder_14b,1,experiments/05_choropleth_reliability_benchmark/outputs/runs_iterative_repair/deepseek-coder_6.7b/rules/deepseek-coder_6.7b_rules_C010_interactive_tooltips_iter02_20260624_234810,,experiments/05_choropleth_reliability_benchmark/outputs/generated_code_iterative_repair/qwen2.5-coder_14b/deepseek-coder_6.7b/rules/C010_interactive_tooltips_rules_iter02.py,deepseek-coder_6.7b,False,,,,False,
map_static.png,experiments/05_choropleth_reliability_benchmark/outputs/runs_iterative_repair/deepseek-coder_6.7b/rules/deepseek-coder_6.7b_rules_C010_interactive_tooltips_iter03_20260624_231712/map_static.png,False,0,,,,False,,,,,3,,static_png,,rules,,,C010_interactive_tooltips,missing_or_empty,False,qwen2.5-coder_7b,1,experiments/05_choropleth_reliability_benchmark/outputs/runs_iterative_repair/deepseek-coder_6.7b/rules/deepseek-coder_6.7b_rules_C010_interactive_tooltips_iter03_20260624_231712,,experiments/05_choropleth_reliability_benchmark/outputs/generated_code_iterative_repair/qwen2.5-coder_7b/deepseek-coder_6.7b/rules/C010_interactive_tooltips_rules_iter03.py,deepseek-coder_6.7b,False,,,,,
time_series.png,experiments/05_choropleth_reliability_benchmark/outputs/runs_iterative_repair/deepseek-coder_6.7b/rules/deepseek-coder_6.7b_rules_C010_interactive_tooltips_iter03_20260624_231712/time_series.png,False,0,,,,False,,,,,3,,time_series_png,,rules,,,C010_interactive_tooltips,missing_or_empty,False,qwen2.5-coder_7b,1,experiments/05_choropleth_reliability_benchmark/outputs/runs_iterative_repair/deepseek-coder_6.7b/rules/deepseek-coder_6.7b_rules_C010_interactive_tooltips_iter03_20260624_231712,,experiments/05_choropleth_reliability_benchmark/outputs/generated_code_iterative_repair/qwen2.5-coder_7b/deepseek-coder_6.7b/rules/C010_interactive_tooltips_rules_iter03.py,deepseek-coder_6.7b,False,,,,,
map_interactive.html,experiments/05_choropleth_reliability_benchmark/outputs/runs_iterative_repair/deepseek-coder_6.7b/rules/deepseek-coder_6.7b_rules_C010_interactive_tooltips_iter03_20260624_231712/map_interactive.html,False,0,,,,False,,,,,3,,interactive_html,,rules,,,C010_interactive_tooltips,,,qwen2.5-coder_7b,1,experiments/05_choropleth_reliability_benchmark/outputs/runs_iterative_repair/deepseek-coder_6.7b/rules/deepseek-coder_6.7b_rules_C010_interactive_tooltips_iter03_20260624_231712,,experiments/05_choropleth_reliability_benchmark/outputs/generated_code_iterative_repair/qwen2.5-coder_7b/deepseek-coder_6.7b/rules/C010_interactive_tooltips_rules_iter03.py,deepseek-coder_6.7b,False,,,False,,
diagnostics.json,experiments/05_choropleth_reliability_benchmark/outputs/runs_iterative_repair/deepseek-coder_6.7b/rules/deepseek-coder_6.7b_rules_C010_interactive_tooltips_iter03_20260624_231712/diagnostics.json,False,0,,,,False,,,,,3,,diagnostic_json,,rules,,,C010_interactive_tooltips,,,qwen2.5-coder_7b,1,experiments/05_choropleth_reliability_benchmark/outputs/runs_iterative_repair/deepseek-coder_6.7b/rules/deepseek-coder_6.7b_rules_C010_interactive_tooltips_iter03_20260624_231712,,experiments/05_choropleth_reliability_benchmark/outputs/generated_code_iterative_repair/qwen2.5-coder_7b/deepseek-coder_6.7b/rules/C010_interactive_tooltips_rules_iter03.py,deepseek-coder_6.7b,False,,,,False,
map_static.png,experiments/05_choropleth_reliability_benchmark/outputs/runs_iterative_repair/deepseek-coder_6.7b/rules/deepseek-coder_6.7b_rules_C010_interactive_tooltips_iter03_20260624_234836/map_static.png,False,0,,,,False,,,,,3,,static_png,,rules,,,C010_interactive_tooltips,missing_or_empty,False,qwen2.5-coder_14b,1,experiments/05_choropleth_reliability_benchmark/outputs/runs_iterative_repair/deepseek-coder_6.7b/rules/deepseek-coder_6.7b_rules_C010_interactive_tooltips_iter03_20260624_234836,,experiments/05_choropleth_reliability_benchmark/outputs/generated_code_iterative_repair/qwen2.5-coder_14b/deepseek-coder_6.7b/rules/C010_interactive_tooltips_rules_iter03.py,deepseek-coder_6.7b,False,,,,,
time_series.png,experiments/05_choropleth_reliability_benchmark/outputs/runs_iterative_repair/deepseek-coder_6.7b/rules/deepseek-coder_6.7b_rules_C010_interactive_tooltips_iter03_20260624_234836/time_series.png,False,0,,,,False,,,,,3,,time_series_png,,rules,,,C010_interactive_tooltips,missing_or_empty,False,qwen2.5-coder_14b,1,experiments/05_choropleth_reliability_benchmark/outputs/runs_iterative_repair/deepseek-coder_6.7b/rules/deepseek-coder_6.7b_rules_C010_interactive_tooltips_iter03_20260624_234836,,experiments/05_choropleth_reliability_benchmark/outputs/generated_code_iterative_repair/qwen2.5-coder_14b/deepseek-coder_6.7b/rules/C010_interactive_tooltips_rules_iter03.py,deepseek-coder_6.7b,False,,,,,
map_interactive.html,experiments/05_choropleth_reliability_benchmark/outputs/runs_iterative_repair/deepseek-coder_6.7b/rules/deepseek-coder_6.7b_rules_C010_interactive_tooltips_iter03_20260624_234836/map_interactive.html,False,0,,,,False,,,,,3,,interactive_html,,rules,,,C010_interactive_tooltips,,,qwen2.5-coder_14b,1,experiments/05_choropleth_reliability_benchmark/outputs/runs_iterative_repair/deepseek-coder_6.7b/rules/deepseek-coder_6.7b_rules_C010_interactive_tooltips_iter03_20260624_234836,,experiments/05_choropleth_reliability_benchmark/outputs/generated_code_iterative_repair/qwen2.5-coder_14b/deepseek-coder_6.7b/rules/C010_interactive_tooltips_rules_iter03.py,deepseek-coder_6.7b,False,,,False,,
diagnostics.json,experiments/05_choropleth_reliability_benchmark/outputs/runs_iterative_repair/deepseek-coder_6.7b/rules/deepseek-coder_6.7b_rules_C010_interactive_tooltips_iter03_20260624_234836/diagnostics.json,False,0,,,,False,,,,,3,,diagnostic_json,,rules,,,C010_interactive_tooltips,,,qwen2.5-coder_14b,1,experiments/05_choropleth_reliability_benchmark/outputs/runs_iterative_repair/deepseek-coder_6.7b/rules/deepseek-coder_6.7b_rules_C010_interactive_tooltips_iter03_20260624_234836,,experiments/05_choropleth_reliability_benchmark/outputs/generated_code_iterative_repair/qwen2.5-coder_14b/deepseek-coder_6.7b/rules/C010_interactive_tooltips_rules_iter03.py,deepseek-coder_6.7b,False,,,,False,
map_static.png,experiments/05_choropleth_reliability_benchmark/outputs/runs_iterative_repair/deepseek-coder_6.7b/rules/deepseek-coder_6.7b_rules_C011_static_and_interactive_iter01_20260624_051847/map_static.png,False,0,,,,False,,,,,1,,static_png,,rules,,,C011_static_and_interactive,missing_or_empty,False,qwen2.5-coder_32b,1,experiments/05_choropleth_reliability_benchmark/outputs/runs_iterative_repair/deepseek-coder_6.7b/rules/deepseek-coder_6.7b_rules_C011_static_and_interactive_iter01_20260624_051847,,experiments/05_choropleth_reliability_benchmark/outputs/generated_code_iterative_repair/qwen2.5-coder_32b/deepseek-coder_6.7b/rules/C011_static_and_interactive_rules_iter01.py,deepseek-coder_6.7b,False,,,,,
time_series.png,experiments/05_choropleth_reliability_benchmark/outputs/runs_iterative_repair/deepseek-coder_6.7b/rules/deepseek-coder_6.7b_rules_C011_static_and_interactive_iter01_20260624_051847/time_series.png,False,0,,,,False,,,,,1,,time_series_png,,rules,,,C011_static_and_interactive,missing_or_empty,False,qwen2.5-coder_32b,1,experiments/05_choropleth_reliability_benchmark/outputs/runs_iterative_repair/deepseek-coder_6.7b/rules/deepseek-coder_6.7b_rules_C011_static_and_interactive_iter01_20260624_051847,,experiments/05_choropleth_reliability_benchmark/outputs/generated_code_iterative_repair/qwen2.5-coder_32b/deepseek-coder_6.7b/rules/C011_static_and_interactive_rules_iter01.py,deepseek-coder_6.7b,False,,,,,
map_interactive.html,experiments/05_choropleth_reliability_benchmark/outputs/runs_iterative_repair/deepseek-coder_6.7b/rules/deepseek-coder_6.7b_rules_C011_static_and_interactive_iter01_20260624_051847/map_interactive.html,False,0,,,,False,,,,,1,,interactive_html,,rules,,,C011_static_and_interactive,,,qwen2.5-coder_32b,1,experiments/05_choropleth_reliability_benchmark/outputs/runs_iterative_repair/deepseek-coder_6.7b/rules/deepseek-coder_6.7b_rules_C011_static_and_interactive_iter01_20260624_051847,,experiments/05_choropleth_reliability_benchmark/outputs/generated_code_iterative_repair/qwen2.5-coder_32b/deepseek-coder_6.7b/rules/C011_static_and_interactive_rules_iter01.py,deepseek-coder_6.7b,False,,,False,,
diagnostics.json,experiments/05_choropleth_reliability_benchmark/outputs/runs_iterative_repair/deepseek-coder_6.7b/rules/deepseek-coder_6.7b_rules_C011_static_and_interactive_iter01_20260624_051847/diagnostics.json,False,0,,,,False,,,,,1,,diagnostic_json,,rules,,,C011_static_and_interactive,,,qwen2.5-coder_32b,1,experiments/05_choropleth_reliability_benchmark/outputs/runs_iterative_repair/deepseek-coder_6.7b/rules/deepseek-coder_6.7b_rules_C011_static_and_interactive_iter01_20260624_051847,,experiments/05_choropleth_reliability_benchmark/outputs/generated_code_iterative_repair/qwen2.5-coder_32b/deepseek-coder_6.7b/rules/C011_static_and_interactive_rules_iter01.py,deepseek-coder_6.7b,False,,,,False,
map_static.png,experiments/05_choropleth_reliability_benchmark/outputs/runs_iterative_repair/deepseek-coder_6.7b/rules/deepseek-coder_6.7b_rules_C011_static_and_interactive_iter01_20260624_232930/map_static.png,False,0,,,,False,,,,,1,,static_png,,rules,,,C011_static_and_interactive,missing_or_empty,False,qwen2.5-coder_7b,1,experiments/05_choropleth_reliability_benchmark/outputs/runs_iterative_repair/deepseek-coder_6.7b/rules/deepseek-coder_6.7b_rules_C011_static_and_interactive_iter01_20260624_232930,,experiments/05_choropleth_reliability_benchmark/outputs/generated_code_iterative_repair/qwen2.5-coder_7b/deepseek-coder_6.7b/rules/C011_static_and_interactive_rules_iter01.py,deepseek-coder_6.7b,False,,,,,
time_series.png,experiments/05_choropleth_reliability_benchmark/outputs/runs_iterative_repair/deepseek-coder_6.7b/rules/deepseek-coder_6.7b_rules_C011_static_and_interactive_iter01_20260624_232930/time_series.png,False,0,,,,False,,,,,1,,time_series_png,,rules,,,C011_static_and_interactive,missing_or_empty,False,qwen2.5-coder_7b,1,experiments/05_choropleth_reliability_benchmark/outputs/runs_iterative_repair/deepseek-coder_6.7b/rules/deepseek-coder_6.7b_rules_C011_static_and_interactive_iter01_20260624_232930,,experiments/05_choropleth_reliability_benchmark/outputs/generated_code_iterative_repair/qwen2.5-coder_7b/deepseek-coder_6.7b/rules/C011_static_and_interactive_rules_iter01.py,deepseek-coder_6.7b,False,,,,,
map_interactive.html,experiments/05_choropleth_reliability_benchmark/outputs/runs_iterative_repair/deepseek-coder_6.7b/rules/deepseek-coder_6.7b_rules_C011_static_and_interactive_iter01_20260624_232930/map_interactive.html,False,0,,,,False,,,,,1,,interactive_html,,rules,,,C011_static_and_interactive,,,qwen2.5-coder_7b,1,experiments/05_choropleth_reliability_benchmark/outputs/runs_iterative_repair/deepseek-coder_6.7b/rules/deepseek-coder_6.7b_rules_C011_static_and_interactive_iter01_20260624_232930,,experiments/05_choropleth_reliability_benchmark/outputs/generated_code_iterative_repair/qwen2.5-coder_7b/deepseek-coder_6.7b/rules/C011_static_and_interactive_rules_iter01.py,deepseek-coder_6.7b,False,,,False,,
diagnostics.json,experiments/05_choropleth_reliability_benchmark/outputs/runs_iterative_repair/deepseek-coder_6.7b/rules/deepseek-coder_6.7b_rules_C011_static_and_interactive_iter01_20260624_232930/diagnostics.json,False,0,,,,False,,,,,1,,diagnostic_json,,rules,,,C011_static_and_interactive,,,qwen2.5-coder_7b,1,experiments/05_choropleth_reliability_benchmark/outputs/runs_iterative_repair/deepseek-coder_6.7b/rules/deepseek-coder_6.7b_rules_C011_static_and_interactive_iter01_20260624_232930,,experiments/05_choropleth_reliability_benchmark/outputs/generated_code_iterative_repair/qwen2.5-coder_7b/deepseek-coder_6.7b/rules/C011_static_and_interactive_rules_iter01.py,deepseek-coder_6.7b,False,,,,False,
map_static.png,experiments/05_choropleth_reliability_benchmark/outputs/runs_iterative_repair/deepseek-coder_6.7b/rules/deepseek-coder_6.7b_rules_C011_static_and_interactive_iter01_20260625_000815/map_static.png,False,0,,,,False,,,,,1,,static_png,,rules,,,C011_static_and_interactive,missing_or_empty,False,qwen2.5-coder_14b,1,experiments/05_choropleth_reliability_benchmark/outputs/runs_iterative_repair/deepseek-coder_6.7b/rules/deepseek-coder_6.7b_rules_C011_static_and_interactive_iter01_20260625_000815,,experiments/05_choropleth_reliability_benchmark/outputs/generated_code_iterative_repair/qwen2.5-coder_14b/deepseek-coder_6.7b/rules/C011_static_and_interactive_rules_iter01.py,deepseek-coder_6.7b,False,,,,,
time_series.png,experiments/05_choropleth_reliability_benchmark/outputs/runs_iterative_repair/deepseek-coder_6.7b/rules/deepseek-coder_6.7b_rules_C011_static_and_interactive_iter01_20260625_000815/time_series.png,False,0,,,,False,,,,,1,,time_series_png,,rules,,,C011_static_and_interactive,missing_or_empty,False,qwen2.5-coder_14b,1,experiments/05_choropleth_reliability_benchmark/outputs/runs_iterative_repair/deepseek-coder_6.7b/rules/deepseek-coder_6.7b_rules_C011_static_and_interactive_iter01_20260625_000815,,experiments/05_choropleth_reliability_benchmark/outputs/generated_code_iterative_repair/qwen2.5-coder_14b/deepseek-coder_6.7b/rules/C011_static_and_interactive_rules_iter01.py,deepseek-coder_6.7b,False,,,,,
map_interactive.html,experiments/05_choropleth_reliability_benchmark/outputs/runs_iterative_repair/deepseek-coder_6.7b/rules/deepseek-coder_6.7b_rules_C011_static_and_interactive_iter01_20260625_000815/map_interactive.html,False,0,,,,False,,,,,1,,interactive_html,,rules,,,C011_static_and_interactive,,,qwen2.5-coder_14b,1,experiments/05_choropleth_reliability_benchmark/outputs/runs_iterative_repair/deepseek-coder_6.7b/rules/deepseek-coder_6.7b_rules_C011_static_and_interactive_iter01_20260625_000815,,experiments/05_choropleth_reliability_benchmark/outputs/generated_code_iterative_repair/qwen2.5-coder_14b/deepseek-coder_6.7b/rules/C011_static_and_interactive_rules_iter01.py,deepseek-coder_6.7b,False,,,False,,
diagnostics.json,experiments/05_choropleth_reliability_benchmark/outputs/runs_iterative_repair/deepseek-coder_6.7b/rules/deepseek-coder_6.7b_rules_C011_static_and_interactive_iter01_20260625_000815/diagnostics.json,False,0,,,,False,,,,,1,,diagnostic_json,,rules,,,C011_static_and_interactive,,,qwen2.5-coder_14b,1,experiments/05_choropleth_reliability_benchmark/outputs/runs_iterative_repair/deepseek-coder_6.7b/rules/deepseek-coder_6.7b_rules_C011_static_and_interactive_iter01_20260625_000815,,experiments/05_choropleth_reliability_benchmark/outputs/generated_code_iterative_repair/qwen2.5-coder_14b/deepseek-coder_6.7b/rules/C011_static_and_interactive_rules_iter01.py,deepseek-coder_6.7b,False,,,,False,
map_static.png,experiments/05_choropleth_reliability_benchmark/outputs/runs_iterative_repair/deepseek-coder_6.7b/rules/deepseek-coder_6.7b_rules_C011_static_and_interactive_iter01_20260625_002634/map_static.png,False,0,,,,False,,,,,1,,static_png,,rules,,,C011_static_and_interactive,missing_or_empty,False,deepseek-coder_6.7b,1,experiments/05_choropleth_reliability_benchmark/outputs/runs_iterative_repair/deepseek-coder_6.7b/rules/deepseek-coder_6.7b_rules_C011_static_and_interactive_iter01_20260625_002634,,experiments/05_choropleth_reliability_benchmark/outputs/generated_code_iterative_repair/deepseek-coder_6.7b/deepseek-coder_6.7b/rules/C011_static_and_interactive_rules_iter01.py,deepseek-coder_6.7b,False,,,,,
time_series.png,experiments/05_choropleth_reliability_benchmark/outputs/runs_iterative_repair/deepseek-coder_6.7b/rules/deepseek-coder_6.7b_rules_C011_static_and_interactive_iter01_20260625_002634/time_series.png,False,0,,,,False,,,,,1,,time_series_png,,rules,,,C011_static_and_interactive,missing_or_empty,False,deepseek-coder_6.7b,1,experiments/05_choropleth_reliability_benchmark/outputs/runs_iterative_repair/deepseek-coder_6.7b/rules/deepseek-coder_6.7b_rules_C011_static_and_interactive_iter01_20260625_002634,,experiments/05_choropleth_reliability_benchmark/outputs/generated_code_iterative_repair/deepseek-coder_6.7b/deepseek-coder_6.7b/rules/C011_static_and_interactive_rules_iter01.py,deepseek-coder_6.7b,False,,,,,
map_interactive.html,experiments/05_choropleth_reliability_benchmark/outputs/runs_iterative_repair/deepseek-coder_6.7b/rules/deepseek-coder_6.7b_rules_C011_static_and_interactive_iter01_20260625_002634/map_interactive.html,False,0,,,,False,,,,,1,,interactive_html,,rules,,,C011_static_and_interactive,,,deepseek-coder_6.7b,1,experiments/05_choropleth_reliability_benchmark/outputs/runs_iterative_repair/deepseek-coder_6.7b/rules/deepseek-coder_6.7b_rules_C011_static_and_interactive_iter01_20260625_002634,,experiments/05_choropleth_reliability_benchmark/outputs/generated_code_iterative_repair/deepseek-coder_6.7b/deepseek-coder_6.7b/rules/C011_static_and_interactive_rules_iter01.py,deepseek-coder_6.7b,False,,,False,,
diagnostics.json,experiments/05_choropleth_reliability_benchmark/outputs/runs_iterative_repair/deepseek-coder_6.7b/rules/deepseek-coder_6.7b_rules_C011_static_and_interactive_iter01_20260625_002634/diagnostics.json,False,0,,,,False,,,,,1,,diagnostic_json,,rules,,,C011_static_and_interactive,,,deepseek-coder_6.7b,1,experiments/05_choropleth_reliability_benchmark/outputs/runs_iterative_repair/deepseek-coder_6.7b/rules/deepseek-coder_6.7b_rules_C011_static_and_interactive_iter01_20260625_002634,,experiments/05_choropleth_reliability_benchmark/outputs/generated_code_iterative_repair/deepseek-coder_6.7b/deepseek-coder_6.7b/rules/C011_static_and_interactive_rules_iter01.py,deepseek-coder_6.7b,False,,,,False,
map_static.png,experiments/05_choropleth_reliability_benchmark/outputs/runs_iterative_repair/deepseek-coder_6.7b/rules/deepseek-coder_6.7b_rules_C011_static_and_interactive_iter02_20260624_051959/map_static.png,False,0,,,,False,,,,,2,,static_png,,rules,,,C011_static_and_interactive,missing_or_empty,False,qwen2.5-coder_32b,1,experiments/05_choropleth_reliability_benchmark/outputs/runs_iterative_repair/deepseek-coder_6.7b/rules/deepseek-coder_6.7b_rules_C011_static_and_interactive_iter02_20260624_051959,,experiments/05_choropleth_reliability_benchmark/outputs/generated_code_iterative_repair/qwen2.5-coder_32b/deepseek-coder_6.7b/rules/C011_static_and_interactive_rules_iter02.py,deepseek-coder_6.7b,False,,,,,
time_series.png,experiments/05_choropleth_reliability_benchmark/outputs/runs_iterative_repair/deepseek-coder_6.7b/rules/deepseek-coder_6.7b_rules_C011_static_and_interactive_iter02_20260624_051959/time_series.png,False,0,,,,False,,,,,2,,time_series_png,,rules,,,C011_static_and_interactive,missing_or_empty,False,qwen2.5-coder_32b,1,experiments/05_choropleth_reliability_benchmark/outputs/runs_iterative_repair/deepseek-coder_6.7b/rules/deepseek-coder_6.7b_rules_C011_static_and_interactive_iter02_20260624_051959,,experiments/05_choropleth_reliability_benchmark/outputs/generated_code_iterative_repair/qwen2.5-coder_32b/deepseek-coder_6.7b/rules/C011_static_and_interactive_rules_iter02.py,deepseek-coder_6.7b,False,,,,,
map_interactive.html,experiments/05_choropleth_reliability_benchmark/outputs/runs_iterative_repair/deepseek-coder_6.7b/rules/deepseek-coder_6.7b_rules_C011_static_and_interactive_iter02_20260624_051959/map_interactive.html,False,0,,,,False,,,,,2,,interactive_html,,rules,,,C011_static_and_interactive,,,qwen2.5-coder_32b,1,experiments/05_choropleth_reliability_benchmark/outputs/runs_iterative_repair/deepseek-coder_6.7b/rules/deepseek-coder_6.7b_rules_C011_static_and_interactive_iter02_20260624_051959,,experiments/05_choropleth_reliability_benchmark/outputs/generated_code_iterative_repair/qwen2.5-coder_32b/deepseek-coder_6.7b/rules/C011_static_and_interactive_rules_iter02.py,deepseek-coder_6.7b,False,,,False,,
diagnostics.json,experiments/05_choropleth_reliability_benchmark/outputs/runs_iterative_repair/deepseek-coder_6.7b/rules/deepseek-coder_6.7b_rules_C011_static_and_interactive_iter02_20260624_051959/diagnostics.json,False,0,,,,False,,,,,2,,diagnostic_json,,rules,,,C011_static_and_interactive,,,qwen2.5-coder_32b,1,experiments/05_choropleth_reliability_benchmark/outputs/runs_iterative_repair/deepseek-coder_6.7b/rules/deepseek-coder_6.7b_rules_C011_static_and_interactive_iter02_20260624_051959,,experiments/05_choropleth_reliability_benchmark/outputs/generated_code_iterative_repair/qwen2.5-coder_32b/deepseek-coder_6.7b/rules/C011_static_and_interactive_rules_iter02.py,deepseek-coder_6.7b,False,,,,False,
map_static.png,experiments/05_choropleth_reliability_benchmark/outputs/runs_iterative_repair/deepseek-coder_6.7b/rules/deepseek-coder_6.7b_rules_C011_static_and_interactive_iter02_20260624_232949/map_static.png,False,0,,,,False,,,,,2,,static_png,,rules,,,C011_static_and_interactive,missing_or_empty,False,qwen2.5-coder_7b,1,experiments/05_choropleth_reliability_benchmark/outputs/runs_iterative_repair/deepseek-coder_6.7b/rules/deepseek-coder_6.7b_rules_C011_static_and_interactive_iter02_20260624_232949,,experiments/05_choropleth_reliability_benchmark/outputs/generated_code_iterative_repair/qwen2.5-coder_7b/deepseek-coder_6.7b/rules/C011_static_and_interactive_rules_iter02.py,deepseek-coder_6.7b,False,,,,,
time_series.png,experiments/05_choropleth_reliability_benchmark/outputs/runs_iterative_repair/deepseek-coder_6.7b/rules/deepseek-coder_6.7b_rules_C011_static_and_interactive_iter02_20260624_232949/time_series.png,False,0,,,,False,,,,,2,,time_series_png,,rules,,,C011_static_and_interactive,missing_or_empty,False,qwen2.5-coder_7b,1,experiments/05_choropleth_reliability_benchmark/outputs/runs_iterative_repair/deepseek-coder_6.7b/rules/deepseek-coder_6.7b_rules_C011_static_and_interactive_iter02_20260624_232949,,experiments/05_choropleth_reliability_benchmark/outputs/generated_code_iterative_repair/qwen2.5-coder_7b/deepseek-coder_6.7b/rules/C011_static_and_interactive_rules_iter02.py,deepseek-coder_6.7b,False,,,,,
map_interactive.html,experiments/05_choropleth_reliability_benchmark/outputs/runs_iterative_repair/deepseek-coder_6.7b/rules/deepseek-coder_6.7b_rules_C011_static_and_interactive_iter02_20260624_232949/map_interactive.html,False,0,,,,False,,,,,2,,interactive_html,,rules,,,C011_static_and_interactive,,,qwen2.5-coder_7b,1,experiments/05_choropleth_reliability_benchmark/outputs/runs_iterative_repair/deepseek-coder_6.7b/rules/deepseek-coder_6.7b_rules_C011_static_and_interactive_iter02_20260624_232949,,experiments/05_choropleth_reliability_benchmark/outputs/generated_code_iterative_repair/qwen2.5-coder_7b/deepseek-coder_6.7b/rules/C011_static_and_interactive_rules_iter02.py,deepseek-coder_6.7b,False,,,False,,
diagnostics.json,experiments/05_choropleth_reliability_benchmark/outputs/runs_iterative_repair/deepseek-coder_6.7b/rules/deepseek-coder_6.7b_rules_C011_static_and_interactive_iter02_20260624_232949/diagnostics.json,False,0,,,,False,,,,,2,,diagnostic_json,,rules,,,C011_static_and_interactive,,,qwen2.5-coder_7b,1,experiments/05_choropleth_reliability_benchmark/outputs/runs_iterative_repair/deepseek-coder_6.7b/rules/deepseek-coder_6.7b_rules_C011_static_and_interactive_iter02_20260624_232949,,experiments/05_choropleth_reliability_benchmark/outputs/generated_code_iterative_repair/qwen2.5-coder_7b/deepseek-coder_6.7b/rules/C011_static_and_interactive_rules_iter02.py,deepseek-coder_6.7b,False,,,,False,
map_static.png,experiments/05_choropleth_reliability_benchmark/outputs/runs_iterative_repair/deepseek-coder_6.7b/rules/deepseek-coder_6.7b_rules_C011_static_and_interactive_iter02_20260625_000900/map_static.png,False,0,,,,False,,,,,2,,static_png,,rules,,,C011_static_and_interactive,missing_or_empty,False,qwen2.5-coder_14b,1,experiments/05_choropleth_reliability_benchmark/outputs/runs_iterative_repair/deepseek-coder_6.7b/rules/deepseek-coder_6.7b_rules_C011_static_and_interactive_iter02_20260625_000900,,experiments/05_choropleth_reliability_benchmark/outputs/generated_code_iterative_repair/qwen2.5-coder_14b/deepseek-coder_6.7b/rules/C011_static_and_interactive_rules_iter02.py,deepseek-coder_6.7b,False,,,,,
time_series.png,experiments/05_choropleth_reliability_benchmark/outputs/runs_iterative_repair/deepseek-coder_6.7b/rules/deepseek-coder_6.7b_rules_C011_static_and_interactive_iter02_20260625_000900/time_series.png,False,0,,,,False,,,,,2,,time_series_png,,rules,,,C011_static_and_interactive,missing_or_empty,False,qwen2.5-coder_14b,1,experiments/05_choropleth_reliability_benchmark/outputs/runs_iterative_repair/deepseek-coder_6.7b/rules/deepseek-coder_6.7b_rules_C011_static_and_interactive_iter02_20260625_000900,,experiments/05_choropleth_reliability_benchmark/outputs/generated_code_iterative_repair/qwen2.5-coder_14b/deepseek-coder_6.7b/rules/C011_static_and_interactive_rules_iter02.py,deepseek-coder_6.7b,False,,,,,
map_interactive.html,experiments/05_choropleth_reliability_benchmark/outputs/runs_iterative_repair/deepseek-coder_6.7b/rules/deepseek-coder_6.7b_rules_C011_static_and_interactive_iter02_20260625_000900/map_interactive.html,False,0,,,,False,,,,,2,,interactive_html,,rules,,,C011_static_and_interactive,,,qwen2.5-coder_14b,1,experiments/05_choropleth_reliability_benchmark/outputs/runs_iterative_repair/deepseek-coder_6.7b/rules/deepseek-coder_6.7b_rules_C011_static_and_interactive_iter02_20260625_000900,,experiments/05_choropleth_reliability_benchmark/outputs/generated_code_iterative_repair/qwen2.5-coder_14b/deepseek-coder_6.7b/rules/C011_static_and_interactive_rules_iter02.py,deepseek-coder_6.7b,False,,,False,,
diagnostics.json,experiments/05_choropleth_reliability_benchmark/outputs/runs_iterative_repair/deepseek-coder_6.7b/rules/deepseek-coder_6.7b_rules_C011_static_and_interactive_iter02_20260625_000900/diagnostics.json,False,0,,,,False,,,,,2,,diagnostic_json,,rules,,,C011_static_and_interactive,,,qwen2.5-coder_14b,1,experiments/05_choropleth_reliability_benchmark/outputs/runs_iterative_repair/deepseek-coder_6.7b/rules/deepseek-coder_6.7b_rules_C011_static_and_interactive_iter02_20260625_000900,,experiments/05_choropleth_reliability_benchmark/outputs/generated_code_iterative_repair/qwen2.5-coder_14b/deepseek-coder_6.7b/rules/C011_static_and_interactive_rules_iter02.py,deepseek-coder_6.7b,False,,,,False,
map_static.png,experiments/05_choropleth_reliability_benchmark/outputs/runs_iterative_repair/deepseek-coder_6.7b/rules/deepseek-coder_6.7b_rules_C011_static_and_interactive_iter03_20260624_063113/map_static.png,True,40341,0.0114,255,9.768,True,,,,480,3,,static_png,241.960,rules,0.9908,0.1430,C011_static_and_interactive,,True,qwen2.5-coder_32b,0,experiments/05_choropleth_reliability_benchmark/outputs/runs_iterative_repair/deepseek-coder_6.7b/rules/deepseek-coder_6.7b_rules_C011_static_and_interactive_iter03_20260624_063113,0.0295,experiments/05_choropleth_reliability_benchmark/outputs/generated_code_iterative_repair/qwen2.5-coder_32b/deepseek-coder_6.7b/rules/C011_static_and_interactive_rules_iter03.py,deepseek-coder_6.7b,False,,45,,,640
time_series.png,experiments/05_choropleth_reliability_benchmark/outputs/runs_iterative_repair/deepseek-coder_6.7b/rules/deepseek-coder_6.7b_rules_C011_static_and_interactive_iter03_20260624_063113/time_series.png,False,0,,,,False,,,,,3,,time_series_png,,rules,,,C011_static_and_interactive,missing_or_empty,False,qwen2.5-coder_32b,0,experiments/05_choropleth_reliability_benchmark/outputs/runs_iterative_repair/deepseek-coder_6.7b/rules/deepseek-coder_6.7b_rules_C011_static_and_interactive_iter03_20260624_063113,,experiments/05_choropleth_reliability_benchmark/outputs/generated_code_iterative_repair/qwen2.5-coder_32b/deepseek-coder_6.7b/rules/C011_static_and_interactive_rules_iter03.py,deepseek-coder_6.7b,False,,,,,
map_interactive.html,experiments/05_choropleth_reliability_benchmark/outputs/runs_iterative_repair/deepseek-coder_6.7b/rules/deepseek-coder_6.7b_rules_C011_static_and_interactive_iter03_20260624_063113/map_interactive.html,True,24238537,,,,True,True,True,True,,3,,interactive_html,,rules,,,C011_static_and_interactive,,,qwen2.5-coder_32b,0,experiments/05_choropleth_reliability_benchmark/outputs/runs_iterative_repair/deepseek-coder_6.7b/rules/deepseek-coder_6.7b_rules_C011_static_and_interactive_iter03_20260624_063113,,experiments/05_choropleth_reliability_benchmark/outputs/generated_code_iterative_repair/qwen2.5-coder_32b/deepseek-coder_6.7b/rules/C011_static_and_interactive_rules_iter03.py,deepseek-coder_6.7b,False,,,True,,
diagnostics.json,experiments/05_choropleth_reliability_benchmark/outputs/runs_iterative_repair/deepseek-coder_6.7b/rules/deepseek-coder_6.7b_rules_C011_static_and_interactive_iter03_20260624_063113/diagnostics.json,True,138,,,,True,,,,,3,,diagnostic_json,,rules,,,C011_static_and_interactive,,,qwen2.5-coder_32b,0,experiments/05_choropleth_reliability_benchmark/outputs/runs_iterative_repair/deepseek-coder_6.7b/rules/deepseek-coder_6.7b_rules_C011_static_and_interactive_iter03_20260624_063113,,experiments/05_choropleth_reliability_benchmark/outputs/generated_code_iterative_repair/qwen2.5-coder_32b/deepseek-coder_6.7b/rules/C011_static_and_interactive_rules_iter03.py,deepseek-coder_6.7b,False,3,,,True,
map_static.png,experiments/05_choropleth_reliability_benchmark/outputs/runs_iterative_repair/deepseek-coder_6.7b/rules/deepseek-coder_6.7b_rules_C011_static_and_interactive_iter03_20260624_233007/map_static.png,False,0,,,,False,,,,,3,,static_png,,rules,,,C011_static_and_interactive,missing_or_empty,False,qwen2.5-coder_7b,1,experiments/05_choropleth_reliability_benchmark/outputs/runs_iterative_repair/deepseek-coder_6.7b/rules/deepseek-coder_6.7b_rules_C011_static_and_interactive_iter03_20260624_233007,,experiments/05_choropleth_reliability_benchmark/outputs/generated_code_iterative_repair/qwen2.5-coder_7b/deepseek-coder_6.7b/rules/C011_static_and_interactive_rules_iter03.py,deepseek-coder_6.7b,False,,,,,
time_series.png,experiments/05_choropleth_reliability_benchmark/outputs/runs_iterative_repair/deepseek-coder_6.7b/rules/deepseek-coder_6.7b_rules_C011_static_and_interactive_iter03_20260624_233007/time_series.png,False,0,,,,False,,,,,3,,time_series_png,,rules,,,C011_static_and_interactive,missing_or_empty,False,qwen2.5-coder_7b,1,experiments/05_choropleth_reliability_benchmark/outputs/runs_iterative_repair/deepseek-coder_6.7b/rules/deepseek-coder_6.7b_rules_C011_static_and_interactive_iter03_20260624_233007,,experiments/05_choropleth_reliability_benchmark/outputs/generated_code_iterative_repair/qwen2.5-coder_7b/deepseek-coder_6.7b/rules/C011_static_and_interactive_rules_iter03.py,deepseek-coder_6.7b,False,,,,,
map_interactive.html,experiments/05_choropleth_reliability_benchmark/outputs/runs_iterative_repair/deepseek-coder_6.7b/rules/deepseek-coder_6.7b_rules_C011_static_and_interactive_iter03_20260624_233007/map_interactive.html,False,0,,,,False,,,,,3,,interactive_html,,rules,,,C011_static_and_interactive,,,qwen2.5-coder_7b,1,experiments/05_choropleth_reliability_benchmark/outputs/runs_iterative_repair/deepseek-coder_6.7b/rules/deepseek-coder_6.7b_rules_C011_static_and_interactive_iter03_20260624_233007,,experiments/05_choropleth_reliability_benchmark/outputs/generated_code_iterative_repair/qwen2.5-coder_7b/deepseek-coder_6.7b/rules/C011_static_and_interactive_rules_iter03.py,deepseek-coder_6.7b,False,,,False,,
diagnostics.json,experiments/05_choropleth_reliability_benchmark/outputs/runs_iterative_repair/deepseek-coder_6.7b/rules/deepseek-coder_6.7b_rules_C011_static_and_interactive_iter03_20260624_233007/diagnostics.json,False,0,,,,False,,,,,3,,diagnostic_json,,rules,,,C011_static_and_interactive,,,qwen2.5-coder_7b,1,experiments/05_choropleth_reliability_benchmark/outputs/runs_iterative_repair/deepseek-coder_6.7b/rules/deepseek-coder_6.7b_rules_C011_static_and_interactive_iter03_20260624_233007,,experiments/05_choropleth_reliability_benchmark/outputs/generated_code_iterative_repair/qwen2.5-coder_7b/deepseek-coder_6.7b/rules/C011_static_and_interactive_rules_iter03.py,deepseek-coder_6.7b,False,,,,False,
map_static.png,experiments/05_choropleth_reliability_benchmark/outputs/runs_iterative_repair/deepseek-coder_6.7b/rules/deepseek-coder_6.7b_rules_C011_static_and_interactive_iter03_20260625_000941/map_static.png,False,0,,,,False,,,,,3,,static_png,,rules,,,C011_static_and_interactive,missing_or_empty,False,qwen2.5-coder_14b,1,experiments/05_choropleth_reliability_benchmark/outputs/runs_iterative_repair/deepseek-coder_6.7b/rules/deepseek-coder_6.7b_rules_C011_static_and_interactive_iter03_20260625_000941,,experiments/05_choropleth_reliability_benchmark/outputs/generated_code_iterative_repair/qwen2.5-coder_14b/deepseek-coder_6.7b/rules/C011_static_and_interactive_rules_iter03.py,deepseek-coder_6.7b,False,,,,,
time_series.png,experiments/05_choropleth_reliability_benchmark/outputs/runs_iterative_repair/deepseek-coder_6.7b/rules/deepseek-coder_6.7b_rules_C011_static_and_interactive_iter03_20260625_000941/time_series.png,False,0,,,,False,,,,,3,,time_series_png,,rules,,,C011_static_and_interactive,missing_or_empty,False,qwen2.5-coder_14b,1,experiments/05_choropleth_reliability_benchmark/outputs/runs_iterative_repair/deepseek-coder_6.7b/rules/deepseek-coder_6.7b_rules_C011_static_and_interactive_iter03_20260625_000941,,experiments/05_choropleth_reliability_benchmark/outputs/generated_code_iterative_repair/qwen2.5-coder_14b/deepseek-coder_6.7b/rules/C011_static_and_interactive_rules_iter03.py,deepseek-coder_6.7b,False,,,,,
map_interactive.html,experiments/05_choropleth_reliability_benchmark/outputs/runs_iterative_repair/deepseek-coder_6.7b/rules/deepseek-coder_6.7b_rules_C011_static_and_interactive_iter03_20260625_000941/map_interactive.html,False,0,,,,False,,,,,3,,interactive_html,,rules,,,C011_static_and_interactive,,,qwen2.5-coder_14b,1,experiments/05_choropleth_reliability_benchmark/outputs/runs_iterative_repair/deepseek-coder_6.7b/rules/deepseek-coder_6.7b_rules_C011_static_and_interactive_iter03_20260625_000941,,experiments/05_choropleth_reliability_benchmark/outputs/generated_code_iterative_repair/qwen2.5-coder_14b/deepseek-coder_6.7b/rules/C011_static_and_interactive_rules_iter03.py,deepseek-coder_6.7b,False,,,False,,
diagnostics.json,experiments/05_choropleth_reliability_benchmark/outputs/runs_iterative_repair/deepseek-coder_6.7b/rules/deepseek-coder_6.7b_rules_C011_static_and_interactive_iter03_20260625_000941/diagnostics.json,False,0,,,,False,,,,,3,,diagnostic_json,,rules,,,C011_static_and_interactive,,,qwen2.5-coder_14b,1,experiments/05_choropleth_reliability_benchmark/outputs/runs_iterative_repair/deepseek-coder_6.7b/rules/deepseek-coder_6.7b_rules_C011_static_and_interactive_iter03_20260625_000941,,experiments/05_choropleth_reliability_benchmark/outputs/generated_code_iterative_repair/qwen2.5-coder_14b/deepseek-coder_6.7b/rules/C011_static_and_interactive_rules_iter03.py,deepseek-coder_6.7b,False,,,,False,
map_static.png,experiments/05_choropleth_reliability_benchmark/outputs/runs_iterative_repair/deepseek-coder_6.7b/rules/deepseek-coder_6.7b_rules_C012_time_series_report_iter01_20260624_051239/map_static.png,False,0,,,,False,,,,,1,,static_png,,rules,,,C012_time_series_report,missing_or_empty,False,qwen2.5-coder_32b,1,experiments/05_choropleth_reliability_benchmark/outputs/runs_iterative_repair/deepseek-coder_6.7b/rules/deepseek-coder_6.7b_rules_C012_time_series_report_iter01_20260624_051239,,experiments/05_choropleth_reliability_benchmark/outputs/generated_code_iterative_repair/qwen2.5-coder_32b/deepseek-coder_6.7b/rules/C012_time_series_report_rules_iter01.py,deepseek-coder_6.7b,False,,,,,
time_series.png,experiments/05_choropleth_reliability_benchmark/outputs/runs_iterative_repair/deepseek-coder_6.7b/rules/deepseek-coder_6.7b_rules_C012_time_series_report_iter01_20260624_051239/time_series.png,False,0,,,,False,,,,,1,,time_series_png,,rules,,,C012_time_series_report,missing_or_empty,False,qwen2.5-coder_32b,1,experiments/05_choropleth_reliability_benchmark/outputs/runs_iterative_repair/deepseek-coder_6.7b/rules/deepseek-coder_6.7b_rules_C012_time_series_report_iter01_20260624_051239,,experiments/05_choropleth_reliability_benchmark/outputs/generated_code_iterative_repair/qwen2.5-coder_32b/deepseek-coder_6.7b/rules/C012_time_series_report_rules_iter01.py,deepseek-coder_6.7b,False,,,,,
map_interactive.html,experiments/05_choropleth_reliability_benchmark/outputs/runs_iterative_repair/deepseek-coder_6.7b/rules/deepseek-coder_6.7b_rules_C012_time_series_report_iter01_20260624_051239/map_interactive.html,False,0,,,,False,,,,,1,,interactive_html,,rules,,,C012_time_series_report,,,qwen2.5-coder_32b,1,experiments/05_choropleth_reliability_benchmark/outputs/runs_iterative_repair/deepseek-coder_6.7b/rules/deepseek-coder_6.7b_rules_C012_time_series_report_iter01_20260624_051239,,experiments/05_choropleth_reliability_benchmark/outputs/generated_code_iterative_repair/qwen2.5-coder_32b/deepseek-coder_6.7b/rules/C012_time_series_report_rules_iter01.py,deepseek-coder_6.7b,False,,,False,,
diagnostics.json,experiments/05_choropleth_reliability_benchmark/outputs/runs_iterative_repair/deepseek-coder_6.7b/rules/deepseek-coder_6.7b_rules_C012_time_series_report_iter01_20260624_051239/diagnostics.json,False,0,,,,False,,,,,1,,diagnostic_json,,rules,,,C012_time_series_report,,,qwen2.5-coder_32b,1,experiments/05_choropleth_reliability_benchmark/outputs/runs_iterative_repair/deepseek-coder_6.7b/rules/deepseek-coder_6.7b_rules_C012_time_series_report_iter01_20260624_051239,,experiments/05_choropleth_reliability_benchmark/outputs/generated_code_iterative_repair/qwen2.5-coder_32b/deepseek-coder_6.7b/rules/C012_time_series_report_rules_iter01.py,deepseek-coder_6.7b,False,,,,False,
map_static.png,experiments/05_choropleth_reliability_benchmark/outputs/runs_iterative_repair/deepseek-coder_6.7b/rules/deepseek-coder_6.7b_rules_C012_time_series_report_iter01_20260624_232631/map_static.png,False,0,,,,False,,,,,1,,static_png,,rules,,,C012_time_series_report,missing_or_empty,False,qwen2.5-coder_7b,1,experiments/05_choropleth_reliability_benchmark/outputs/runs_iterative_repair/deepseek-coder_6.7b/rules/deepseek-coder_6.7b_rules_C012_time_series_report_iter01_20260624_232631,,experiments/05_choropleth_reliability_benchmark/outputs/generated_code_iterative_repair/qwen2.5-coder_7b/deepseek-coder_6.7b/rules/C012_time_series_report_rules_iter01.py,deepseek-coder_6.7b,False,,,,,
time_series.png,experiments/05_choropleth_reliability_benchmark/outputs/runs_iterative_repair/deepseek-coder_6.7b/rules/deepseek-coder_6.7b_rules_C012_time_series_report_iter01_20260624_232631/time_series.png,False,0,,,,False,,,,,1,,time_series_png,,rules,,,C012_time_series_report,missing_or_empty,False,qwen2.5-coder_7b,1,experiments/05_choropleth_reliability_benchmark/outputs/runs_iterative_repair/deepseek-coder_6.7b/rules/deepseek-coder_6.7b_rules_C012_time_series_report_iter01_20260624_232631,,experiments/05_choropleth_reliability_benchmark/outputs/generated_code_iterative_repair/qwen2.5-coder_7b/deepseek-coder_6.7b/rules/C012_time_series_report_rules_iter01.py,deepseek-coder_6.7b,False,,,,,
map_interactive.html,experiments/05_choropleth_reliability_benchmark/outputs/runs_iterative_repair/deepseek-coder_6.7b/rules/deepseek-coder_6.7b_rules_C012_time_series_report_iter01_20260624_232631/map_interactive.html,False,0,,,,False,,,,,1,,interactive_html,,rules,,,C012_time_series_report,,,qwen2.5-coder_7b,1,experiments/05_choropleth_reliability_benchmark/outputs/runs_iterative_repair/deepseek-coder_6.7b/rules/deepseek-coder_6.7b_rules_C012_time_series_report_iter01_20260624_232631,,experiments/05_choropleth_reliability_benchmark/outputs/generated_code_iterative_repair/qwen2.5-coder_7b/deepseek-coder_6.7b/rules/C012_time_series_report_rules_iter01.py,deepseek-coder_6.7b,False,,,False,,
diagnostics.json,experiments/05_choropleth_reliability_benchmark/outputs/runs_iterative_repair/deepseek-coder_6.7b/rules/deepseek-coder_6.7b_rules_C012_time_series_report_iter01_20260624_232631/diagnostics.json,False,0,,,,False,,,,,1,,diagnostic_json,,rules,,,C012_time_series_report,,,qwen2.5-coder_7b,1,experiments/05_choropleth_reliability_benchmark/outputs/runs_iterative_repair/deepseek-coder_6.7b/rules/deepseek-coder_6.7b_rules_C012_time_series_report_iter01_20260624_232631,,experiments/05_choropleth_reliability_benchmark/outputs/generated_code_iterative_repair/qwen2.5-coder_7b/deepseek-coder_6.7b/rules/C012_time_series_report_rules_iter01.py,deepseek-coder_6.7b,False,,,,False,
map_static.png,experiments/05_choropleth_reliability_benchmark/outputs/runs_iterative_repair/deepseek-coder_6.7b/rules/deepseek-coder_6.7b_rules_C012_time_series_report_iter01_20260625_000307/map_static.png,False,0,,,,False,,,,,1,,static_png,,rules,,,C012_time_series_report,missing_or_empty,False,qwen2.5-coder_14b,1,experiments/05_choropleth_reliability_benchmark/outputs/runs_iterative_repair/deepseek-coder_6.7b/rules/deepseek-coder_6.7b_rules_C012_time_series_report_iter01_20260625_000307,,experiments/05_choropleth_reliability_benchmark/outputs/generated_code_iterative_repair/qwen2.5-coder_14b/deepseek-coder_6.7b/rules/C012_time_series_report_rules_iter01.py,deepseek-coder_6.7b,False,,,,,
time_series.png,experiments/05_choropleth_reliability_benchmark/outputs/runs_iterative_repair/deepseek-coder_6.7b/rules/deepseek-coder_6.7b_rules_C012_time_series_report_iter01_20260625_000307/time_series.png,True,18090,0.0100,255,7.045,True,,,,500,1,,time_series_png,252.179,rules,0.9924,0.0238,C012_time_series_report,,True,qwen2.5-coder_14b,1,experiments/05_choropleth_reliability_benchmark/outputs/runs_iterative_repair/deepseek-coder_6.7b/rules/deepseek-coder_6.7b_rules_C012_time_series_report_iter01_20260625_000307,0.0000,experiments/05_choropleth_reliability_benchmark/outputs/generated_code_iterative_repair/qwen2.5-coder_14b/deepseek-coder_6.7b/rules/C012_time_series_report_rules_iter01.py,deepseek-coder_6.7b,False,,8,,,1000
map_interactive.html,experiments/05_choropleth_reliability_benchmark/outputs/runs_iterative_repair/deepseek-coder_6.7b/rules/deepseek-coder_6.7b_rules_C012_time_series_report_iter01_20260625_000307/map_interactive.html,False,0,,,,False,,,,,1,,interactive_html,,rules,,,C012_time_series_report,,,qwen2.5-coder_14b,1,experiments/05_choropleth_reliability_benchmark/outputs/runs_iterative_repair/deepseek-coder_6.7b/rules/deepseek-coder_6.7b_rules_C012_time_series_report_iter01_20260625_000307,,experiments/05_choropleth_reliability_benchmark/outputs/generated_code_iterative_repair/qwen2.5-coder_14b/deepseek-coder_6.7b/rules/C012_time_series_report_rules_iter01.py,deepseek-coder_6.7b,False,,,False,,
diagnostics.json,experiments/05_choropleth_reliability_benchmark/outputs/runs_iterative_repair/deepseek-coder_6.7b/rules/deepseek-coder_6.7b_rules_C012_time_series_report_iter01_20260625_000307/diagnostics.json,False,0,,,,False,,,,,1,,diagnostic_json,,rules,,,C012_time_series_report,,,qwen2.5-coder_14b,1,experiments/05_choropleth_reliability_benchmark/outputs/runs_iterative_repair/deepseek-coder_6.7b/rules/deepseek-coder_6.7b_rules_C012_time_series_report_iter01_20260625_000307,,experiments/05_choropleth_reliability_benchmark/outputs/generated_code_iterative_repair/qwen2.5-coder_14b/deepseek-coder_6.7b/rules/C012_time_series_report_rules_iter01.py,deepseek-coder_6.7b,False,,,,False,
map_static.png,experiments/05_choropleth_reliability_benchmark/outputs/runs_iterative_repair/deepseek-coder_6.7b/rules/deepseek-coder_6.7b_rules_C012_time_series_report_iter02_20260624_051332/map_static.png,False,0,,,,False,,,,,2,,static_png,,rules,,,C012_time_series_report,missing_or_empty,False,qwen2.5-coder_32b,1,experiments/05_choropleth_reliability_benchmark/outputs/runs_iterative_repair/deepseek-coder_6.7b/rules/deepseek-coder_6.7b_rules_C012_time_series_report_iter02_20260624_051332,,experiments/05_choropleth_reliability_benchmark/outputs/generated_code_iterative_repair/qwen2.5-coder_32b/deepseek-coder_6.7b/rules/C012_time_series_report_rules_iter02.py,deepseek-coder_6.7b,False,,,,,
time_series.png,experiments/05_choropleth_reliability_benchmark/outputs/runs_iterative_repair/deepseek-coder_6.7b/rules/deepseek-coder_6.7b_rules_C012_time_series_report_iter02_20260624_051332/time_series.png,False,0,,,,False,,,,,2,,time_series_png,,rules,,,C012_time_series_report,missing_or_empty,False,qwen2.5-coder_32b,1,experiments/05_choropleth_reliability_benchmark/outputs/runs_iterative_repair/deepseek-coder_6.7b/rules/deepseek-coder_6.7b_rules_C012_time_series_report_iter02_20260624_051332,,experiments/05_choropleth_reliability_benchmark/outputs/generated_code_iterative_repair/qwen2.5-coder_32b/deepseek-coder_6.7b/rules/C012_time_series_report_rules_iter02.py,deepseek-coder_6.7b,False,,,,,
map_interactive.html,experiments/05_choropleth_reliability_benchmark/outputs/runs_iterative_repair/deepseek-coder_6.7b/rules/deepseek-coder_6.7b_rules_C012_time_series_report_iter02_20260624_051332/map_interactive.html,False,0,,,,False,,,,,2,,interactive_html,,rules,,,C012_time_series_report,,,qwen2.5-coder_32b,1,experiments/05_choropleth_reliability_benchmark/outputs/runs_iterative_repair/deepseek-coder_6.7b/rules/deepseek-coder_6.7b_rules_C012_time_series_report_iter02_20260624_051332,,experiments/05_choropleth_reliability_benchmark/outputs/generated_code_iterative_repair/qwen2.5-coder_32b/deepseek-coder_6.7b/rules/C012_time_series_report_rules_iter02.py,deepseek-coder_6.7b,False,,,False,,
diagnostics.json,experiments/05_choropleth_reliability_benchmark/outputs/runs_iterative_repair/deepseek-coder_6.7b/rules/deepseek-coder_6.7b_rules_C012_time_series_report_iter02_20260624_051332/diagnostics.json,False,0,,,,False,,,,,2,,diagnostic_json,,rules,,,C012_time_series_report,,,qwen2.5-coder_32b,1,experiments/05_choropleth_reliability_benchmark/outputs/runs_iterative_repair/deepseek-coder_6.7b/rules/deepseek-coder_6.7b_rules_C012_time_series_report_iter02_20260624_051332,,experiments/05_choropleth_reliability_benchmark/outputs/generated_code_iterative_repair/qwen2.5-coder_32b/deepseek-coder_6.7b/rules/C012_time_series_report_rules_iter02.py,deepseek-coder_6.7b,False,,,,False,
map_static.png,experiments/05_choropleth_reliability_benchmark/outputs/runs_iterative_repair/deepseek-coder_6.7b/rules/deepseek-coder_6.7b_rules_C012_time_series_report_iter02_20260624_232648/map_static.png,False,0,,,,False,,,,,2,,static_png,,rules,,,C012_time_series_report,missing_or_empty,False,qwen2.5-coder_7b,1,experiments/05_choropleth_reliability_benchmark/outputs/runs_iterative_repair/deepseek-coder_6.7b/rules/deepseek-coder_6.7b_rules_C012_time_series_report_iter02_20260624_232648,,experiments/05_choropleth_reliability_benchmark/outputs/generated_code_iterative_repair/qwen2.5-coder_7b/deepseek-coder_6.7b/rules/C012_time_series_report_rules_iter02.py,deepseek-coder_6.7b,False,,,,,
time_series.png,experiments/05_choropleth_reliability_benchmark/outputs/runs_iterative_repair/deepseek-coder_6.7b/rules/deepseek-coder_6.7b_rules_C012_time_series_report_iter02_20260624_232648/time_series.png,False,0,,,,False,,,,,2,,time_series_png,,rules,,,C012_time_series_report,missing_or_empty,False,qwen2.5-coder_7b,1,experiments/05_choropleth_reliability_benchmark/outputs/runs_iterative_repair/deepseek-coder_6.7b/rules/deepseek-coder_6.7b_rules_C012_time_series_report_iter02_20260624_232648,,experiments/05_choropleth_reliability_benchmark/outputs/generated_code_iterative_repair/qwen2.5-coder_7b/deepseek-coder_6.7b/rules/C012_time_series_report_rules_iter02.py,deepseek-coder_6.7b,False,,,,,
map_interactive.html,experiments/05_choropleth_reliability_benchmark/outputs/runs_iterative_repair/deepseek-coder_6.7b/rules/deepseek-coder_6.7b_rules_C012_time_series_report_iter02_20260624_232648/map_interactive.html,False,0,,,,False,,,,,2,,interactive_html,,rules,,,C012_time_series_report,,,qwen2.5-coder_7b,1,experiments/05_choropleth_reliability_benchmark/outputs/runs_iterative_repair/deepseek-coder_6.7b/rules/deepseek-coder_6.7b_rules_C012_time_series_report_iter02_20260624_232648,,experiments/05_choropleth_reliability_benchmark/outputs/generated_code_iterative_repair/qwen2.5-coder_7b/deepseek-coder_6.7b/rules/C012_time_series_report_rules_iter02.py,deepseek-coder_6.7b,False,,,False,,
diagnostics.json,experiments/05_choropleth_reliability_benchmark/outputs/runs_iterative_repair/deepseek-coder_6.7b/rules/deepseek-coder_6.7b_rules_C012_time_series_report_iter02_20260624_232648/diagnostics.json,False,0,,,,False,,,,,2,,diagnostic_json,,rules,,,C012_time_series_report,,,qwen2.5-coder_7b,1,experiments/05_choropleth_reliability_benchmark/outputs/runs_iterative_repair/deepseek-coder_6.7b/rules/deepseek-coder_6.7b_rules_C012_time_series_report_iter02_20260624_232648,,experiments/05_choropleth_reliability_benchmark/outputs/generated_code_iterative_repair/qwen2.5-coder_7b/deepseek-coder_6.7b/rules/C012_time_series_report_rules_iter02.py,deepseek-coder_6.7b,False,,,,False,
map_static.png,experiments/05_choropleth_reliability_benchmark/outputs/runs_iterative_repair/deepseek-coder_6.7b/rules/deepseek-coder_6.7b_rules_C012_time_series_report_iter02_20260625_000332/map_static.png,False,0,,,,False,,,,,2,,static_png,,rules,,,C012_time_series_report,missing_or_empty,False,qwen2.5-coder_14b,1,experiments/05_choropleth_reliability_benchmark/outputs/runs_iterative_repair/deepseek-coder_6.7b/rules/deepseek-coder_6.7b_rules_C012_time_series_report_iter02_20260625_000332,,experiments/05_choropleth_reliability_benchmark/outputs/generated_code_iterative_repair/qwen2.5-coder_14b/deepseek-coder_6.7b/rules/C012_time_series_report_rules_iter02.py,deepseek-coder_6.7b,False,,,,,
time_series.png,experiments/05_choropleth_reliability_benchmark/outputs/runs_iterative_repair/deepseek-coder_6.7b/rules/deepseek-coder_6.7b_rules_C012_time_series_report_iter02_20260625_000332/time_series.png,True,18090,0.0100,255,7.045,True,,,,500,2,,time_series_png,252.179,rules,0.9924,0.0238,C012_time_series_report,,True,qwen2.5-coder_14b,1,experiments/05_choropleth_reliability_benchmark/outputs/runs_iterative_repair/deepseek-coder_6.7b/rules/deepseek-coder_6.7b_rules_C012_time_series_report_iter02_20260625_000332,0.0000,experiments/05_choropleth_reliability_benchmark/outputs/generated_code_iterative_repair/qwen2.5-coder_14b/deepseek-coder_6.7b/rules/C012_time_series_report_rules_iter02.py,deepseek-coder_6.7b,False,,8,,,1000
map_interactive.html,experiments/05_choropleth_reliability_benchmark/outputs/runs_iterative_repair/deepseek-coder_6.7b/rules/deepseek-coder_6.7b_rules_C012_time_series_report_iter02_20260625_000332/map_interactive.html,False,0,,,,False,,,,,2,,interactive_html,,rules,,,C012_time_series_report,,,qwen2.5-coder_14b,1,experiments/05_choropleth_reliability_benchmark/outputs/runs_iterative_repair/deepseek-coder_6.7b/rules/deepseek-coder_6.7b_rules_C012_time_series_report_iter02_20260625_000332,,experiments/05_choropleth_reliability_benchmark/outputs/generated_code_iterative_repair/qwen2.5-coder_14b/deepseek-coder_6.7b/rules/C012_time_series_report_rules_iter02.py,deepseek-coder_6.7b,False,,,False,,
diagnostics.json,experiments/05_choropleth_reliability_benchmark/outputs/runs_iterative_repair/deepseek-coder_6.7b/rules/deepseek-coder_6.7b_rules_C012_time_series_report_iter02_20260625_000332/diagnostics.json,False,0,,,,False,,,,,2,,diagnostic_json,,rules,,,C012_time_series_report,,,qwen2.5-coder_14b,1,experiments/05_choropleth_reliability_benchmark/outputs/runs_iterative_repair/deepseek-coder_6.7b/rules/deepseek-coder_6.7b_rules_C012_time_series_report_iter02_20260625_000332,,experiments/05_choropleth_reliability_benchmark/outputs/generated_code_iterative_repair/qwen2.5-coder_14b/deepseek-coder_6.7b/rules/C012_time_series_report_rules_iter02.py,deepseek-coder_6.7b,False,,,,False,
map_static.png,experiments/05_choropleth_reliability_benchmark/outputs/runs_iterative_repair/deepseek-coder_6.7b/rules/deepseek-coder_6.7b_rules_C012_time_series_report_iter03_20260624_063011/map_static.png,False,0,,,,False,,,,,3,,static_png,,rules,,,C012_time_series_report,missing_or_empty,False,qwen2.5-coder_32b,0,experiments/05_choropleth_reliability_benchmark/outputs/runs_iterative_repair/deepseek-coder_6.7b/rules/deepseek-coder_6.7b_rules_C012_time_series_report_iter03_20260624_063011,,experiments/05_choropleth_reliability_benchmark/outputs/generated_code_iterative_repair/qwen2.5-coder_32b/deepseek-coder_6.7b/rules/C012_time_series_report_rules_iter03.py,deepseek-coder_6.7b,False,,,,,
time_series.png,experiments/05_choropleth_reliability_benchmark/outputs/runs_iterative_repair/deepseek-coder_6.7b/rules/deepseek-coder_6.7b_rules_C012_time_series_report_iter03_20260624_063011/time_series.png,True,43290,0.0122,255,10.773,True,,,,500,3,,time_series_png,250.205,rules,0.9912,0.0413,C012_time_series_report,,True,qwen2.5-coder_32b,0,experiments/05_choropleth_reliability_benchmark/outputs/runs_iterative_repair/deepseek-coder_6.7b/rules/deepseek-coder_6.7b_rules_C012_time_series_report_iter03_20260624_063011,0.0112,experiments/05_choropleth_reliability_benchmark/outputs/generated_code_iterative_repair/qwen2.5-coder_32b/deepseek-coder_6.7b/rules/C012_time_series_report_rules_iter03.py,deepseek-coder_6.7b,False,,21,,,1000
map_interactive.html,experiments/05_choropleth_reliability_benchmark/outputs/runs_iterative_repair/deepseek-coder_6.7b/rules/deepseek-coder_6.7b_rules_C012_time_series_report_iter03_20260624_063011/map_interactive.html,False,0,,,,False,,,,,3,,interactive_html,,rules,,,C012_time_series_report,,,qwen2.5-coder_32b,0,experiments/05_choropleth_reliability_benchmark/outputs/runs_iterative_repair/deepseek-coder_6.7b/rules/deepseek-coder_6.7b_rules_C012_time_series_report_iter03_20260624_063011,,experiments/05_choropleth_reliability_benchmark/outputs/generated_code_iterative_repair/qwen2.5-coder_32b/deepseek-coder_6.7b/rules/C012_time_series_report_rules_iter03.py,deepseek-coder_6.7b,False,,,False,,
diagnostics.json,experiments/05_choropleth_reliability_benchmark/outputs/runs_iterative_repair/deepseek-coder_6.7b/rules/deepseek-coder_6.7b_rules_C012_time_series_report_iter03_20260624_063011/diagnostics.json,True,30,,,,True,,,,,3,,diagnostic_json,,rules,,,C012_time_series_report,,,qwen2.5-coder_32b,0,experiments/05_choropleth_reliability_benchmark/outputs/runs_iterative_repair/deepseek-coder_6.7b/rules/deepseek-coder_6.7b_rules_C012_time_series_report_iter03_20260624_063011,,experiments/05_choropleth_reliability_benchmark/outputs/generated_code_iterative_repair/qwen2.5-coder_32b/deepseek-coder_6.7b/rules/C012_time_series_report_rules_iter03.py,deepseek-coder_6.7b,False,1,,,True,
map_static.png,experiments/05_choropleth_reliability_benchmark/outputs/runs_iterative_repair/deepseek-coder_6.7b/rules/deepseek-coder_6.7b_rules_C012_time_series_report_iter03_20260624_232704/map_static.png,False,0,,,,False,,,,,3,,static_png,,rules,,,C012_time_series_report,missing_or_empty,False,qwen2.5-coder_7b,1,experiments/05_choropleth_reliability_benchmark/outputs/runs_iterative_repair/deepseek-coder_6.7b/rules/deepseek-coder_6.7b_rules_C012_time_series_report_iter03_20260624_232704,,experiments/05_choropleth_reliability_benchmark/outputs/generated_code_iterative_repair/qwen2.5-coder_7b/deepseek-coder_6.7b/rules/C012_time_series_report_rules_iter03.py,deepseek-coder_6.7b,False,,,,,
time_series.png,experiments/05_choropleth_reliability_benchmark/outputs/runs_iterative_repair/deepseek-coder_6.7b/rules/deepseek-coder_6.7b_rules_C012_time_series_report_iter03_20260624_232704/time_series.png,False,0,,,,False,,,,,3,,time_series_png,,rules,,,C012_time_series_report,missing_or_empty,False,qwen2.5-coder_7b,1,experiments/05_choropleth_reliability_benchmark/outputs/runs_iterative_repair/deepseek-coder_6.7b/rules/deepseek-coder_6.7b_rules_C012_time_series_report_iter03_20260624_232704,,experiments/05_choropleth_reliability_benchmark/outputs/generated_code_iterative_repair/qwen2.5-coder_7b/deepseek-coder_6.7b/rules/C012_time_series_report_rules_iter03.py,deepseek-coder_6.7b,False,,,,,
map_interactive.html,experiments/05_choropleth_reliability_benchmark/outputs/runs_iterative_repair/deepseek-coder_6.7b/rules/deepseek-coder_6.7b_rules_C012_time_series_report_iter03_20260624_232704/map_interactive.html,False,0,,,,False,,,,,3,,interactive_html,,rules,,,C012_time_series_report,,,qwen2.5-coder_7b,1,experiments/05_choropleth_reliability_benchmark/outputs/runs_iterative_repair/deepseek-coder_6.7b/rules/deepseek-coder_6.7b_rules_C012_time_series_report_iter03_20260624_232704,,experiments/05_choropleth_reliability_benchmark/outputs/generated_code_iterative_repair/qwen2.5-coder_7b/deepseek-coder_6.7b/rules/C012_time_series_report_rules_iter03.py,deepseek-coder_6.7b,False,,,False,,
diagnostics.json,experiments/05_choropleth_reliability_benchmark/outputs/runs_iterative_repair/deepseek-coder_6.7b/rules/deepseek-coder_6.7b_rules_C012_time_series_report_iter03_20260624_232704/diagnostics.json,False,0,,,,False,,,,,3,,diagnostic_json,,rules,,,C012_time_series_report,,,qwen2.5-coder_7b,1,experiments/05_choropleth_reliability_benchmark/outputs/runs_iterative_repair/deepseek-coder_6.7b/rules/deepseek-coder_6.7b_rules_C012_time_series_report_iter03_20260624_232704,,experiments/05_choropleth_reliability_benchmark/outputs/generated_code_iterative_repair/qwen2.5-coder_7b/deepseek-coder_6.7b/rules/C012_time_series_report_rules_iter03.py,deepseek-coder_6.7b,False,,,,False,
map_static.png,experiments/05_choropleth_reliability_benchmark/outputs/runs_iterative_repair/deepseek-coder_6.7b/rules/deepseek-coder_6.7b_rules_C012_time_series_report_iter03_20260625_000359/map_static.png,False,0,,,,False,,,,,3,,static_png,,rules,,,C012_time_series_report,missing_or_empty,False,qwen2.5-coder_14b,0,experiments/05_choropleth_reliability_benchmark/outputs/runs_iterative_repair/deepseek-coder_6.7b/rules/deepseek-coder_6.7b_rules_C012_time_series_report_iter03_20260625_000359,,experiments/05_choropleth_reliability_benchmark/outputs/generated_code_iterative_repair/qwen2.5-coder_14b/deepseek-coder_6.7b/rules/C012_time_series_report_rules_iter03.py,deepseek-coder_6.7b,False,,,,,
time_series.png,experiments/05_choropleth_reliability_benchmark/outputs/runs_iterative_repair/deepseek-coder_6.7b/rules/deepseek-coder_6.7b_rules_C012_time_series_report_iter03_20260625_000359/time_series.png,True,18090,0.0100,255,7.045,True,,,,500,3,,time_series_png,252.179,rules,0.9924,0.0238,C012_time_series_report,,True,qwen2.5-coder_14b,0,experiments/05_choropleth_reliability_benchmark/outputs/runs_iterative_repair/deepseek-coder_6.7b/rules/deepseek-coder_6.7b_rules_C012_time_series_report_iter03_20260625_000359,0.0000,experiments/05_choropleth_reliability_benchmark/outputs/generated_code_iterative_repair/qwen2.5-coder_14b/deepseek-coder_6.7b/rules/C012_time_series_report_rules_iter03.py,deepseek-coder_6.7b,False,,8,,,1000
map_interactive.html,experiments/05_choropleth_reliability_benchmark/outputs/runs_iterative_repair/deepseek-coder_6.7b/rules/deepseek-coder_6.7b_rules_C012_time_series_report_iter03_20260625_000359/map_interactive.html,False,0,,,,False,,,,,3,,interactive_html,,rules,,,C012_time_series_report,,,qwen2.5-coder_14b,0,experiments/05_choropleth_reliability_benchmark/outputs/runs_iterative_repair/deepseek-coder_6.7b/rules/deepseek-coder_6.7b_rules_C012_time_series_report_iter03_20260625_000359,,experiments/05_choropleth_reliability_benchmark/outputs/generated_code_iterative_repair/qwen2.5-coder_14b/deepseek-coder_6.7b/rules/C012_time_series_report_rules_iter03.py,deepseek-coder_6.7b,False,,,False,,
diagnostics.json,experiments/05_choropleth_reliability_benchmark/outputs/runs_iterative_repair/deepseek-coder_6.7b/rules/deepseek-coder_6.7b_rules_C012_time_series_report_iter03_20260625_000359/diagnostics.json,True,30,,,,True,,,,,3,,diagnostic_json,,rules,,,C012_time_series_report,,,qwen2.5-coder_14b,0,experiments/05_choropleth_reliability_benchmark/outputs/runs_iterative_repair/deepseek-coder_6.7b/rules/deepseek-coder_6.7b_rules_C012_time_series_report_iter03_20260625_000359,,experiments/05_choropleth_reliability_benchmark/outputs/generated_code_iterative_repair/qwen2.5-coder_14b/deepseek-coder_6.7b/rules/C012_time_series_report_rules_iter03.py,deepseek-coder_6.7b,False,1,,,True,
map_static.png,experiments/05_choropleth_reliability_benchmark/outputs/runs_iterative_repair/qwen2.5-coder_7b/basic/qwen2.5-coder_7b_basic_C001_static_burned_area_iter01_20260624_044643/map_static.png,True,50521,0.0062,255,5.361,True,,,,800,1,,static_png,244.955,basic,0.9949,0.1024,C001_static_burned_area,,True,qwen2.5-coder_32b,1,experiments/05_choropleth_reliability_benchmark/outputs/runs_iterative_repair/qwen2.5-coder_7b/basic/qwen2.5-coder_7b_basic_C001_static_burned_area_iter01_20260624_044643,0.0277,experiments/05_choropleth_reliability_benchmark/outputs/generated_code_iterative_repair/qwen2.5-coder_32b/qwen2.5-coder_7b/basic/C001_static_burned_area_basic_iter01.py,qwen2.5-coder_7b,False,,39,,,1000
time_series.png,experiments/05_choropleth_reliability_benchmark/outputs/runs_iterative_repair/qwen2.5-coder_7b/basic/qwen2.5-coder_7b_basic_C001_static_burned_area_iter01_20260624_044643/time_series.png,False,0,,,,False,,,,,1,,time_series_png,,basic,,,C001_static_burned_area,missing_or_empty,False,qwen2.5-coder_32b,1,experiments/05_choropleth_reliability_benchmark/outputs/runs_iterative_repair/qwen2.5-coder_7b/basic/qwen2.5-coder_7b_basic_C001_static_burned_area_iter01_20260624_044643,,experiments/05_choropleth_reliability_benchmark/outputs/generated_code_iterative_repair/qwen2.5-coder_32b/qwen2.5-coder_7b/basic/C001_static_burned_area_basic_iter01.py,qwen2.5-coder_7b,False,,,,,
map_interactive.html,experiments/05_choropleth_reliability_benchmark/outputs/runs_iterative_repair/qwen2.5-coder_7b/basic/qwen2.5-coder_7b_basic_C001_static_burned_area_iter01_20260624_044643/map_interactive.html,False,0,,,,False,,,,,1,,interactive_html,,basic,,,C001_static_burned_area,,,qwen2.5-coder_32b,1,experiments/05_choropleth_reliability_benchmark/outputs/runs_iterative_repair/qwen2.5-coder_7b/basic/qwen2.5-coder_7b_basic_C001_static_burned_area_iter01_20260624_044643,,experiments/05_choropleth_reliability_benchmark/outputs/generated_code_iterative_repair/qwen2.5-coder_32b/qwen2.5-coder_7b/basic/C001_static_burned_area_basic_iter01.py,qwen2.5-coder_7b,False,,,False,,
diagnostics.json,experiments/05_choropleth_reliability_benchmark/outputs/runs_iterative_repair/qwen2.5-coder_7b/basic/qwen2.5-coder_7b_basic_C001_static_burned_area_iter01_20260624_044643/diagnostics.json,False,103,,,,True,,,,,1,JSONDecodeError,diagnostic_json,,basic,,,C001_static_burned_area,,,qwen2.5-coder_32b,1,experiments/05_choropleth_reliability_benchmark/outputs/runs_iterative_repair/qwen2.5-coder_7b/basic/qwen2.5-coder_7b_basic_C001_static_burned_area_iter01_20260624_044643,,experiments/05_choropleth_reliability_benchmark/outputs/generated_code_iterative_repair/qwen2.5-coder_32b/qwen2.5-coder_7b/basic/C001_static_burned_area_basic_iter01.py,qwen2.5-coder_7b,False,,,,False,
map_static.png,experiments/05_choropleth_reliability_benchmark/outputs/runs_iterative_repair/qwen2.5-coder_7b/basic/qwen2.5-coder_7b_basic_C001_static_burned_area_iter01_20260624_231727/map_static.png,False,0,,,,False,,,,,1,,static_png,,basic,,,C001_static_burned_area,missing_or_empty,False,qwen2.5-coder_7b,1,experiments/05_choropleth_reliability_benchmark/outputs/runs_iterative_repair/qwen2.5-coder_7b/basic/qwen2.5-coder_7b_basic_C001_static_burned_area_iter01_20260624_231727,,experiments/05_choropleth_reliability_benchmark/outputs/generated_code_iterative_repair/qwen2.5-coder_7b/qwen2.5-coder_7b/basic/C001_static_burned_area_basic_iter01.py,qwen2.5-coder_7b,False,,,,,
time_series.png,experiments/05_choropleth_reliability_benchmark/outputs/runs_iterative_repair/qwen2.5-coder_7b/basic/qwen2.5-coder_7b_basic_C001_static_burned_area_iter01_20260624_231727/time_series.png,False,0,,,,False,,,,,1,,time_series_png,,basic,,,C001_static_burned_area,missing_or_empty,False,qwen2.5-coder_7b,1,experiments/05_choropleth_reliability_benchmark/outputs/runs_iterative_repair/qwen2.5-coder_7b/basic/qwen2.5-coder_7b_basic_C001_static_burned_area_iter01_20260624_231727,,experiments/05_choropleth_reliability_benchmark/outputs/generated_code_iterative_repair/qwen2.5-coder_7b/qwen2.5-coder_7b/basic/C001_static_burned_area_basic_iter01.py,qwen2.5-coder_7b,False,,,,,
map_interactive.html,experiments/05_choropleth_reliability_benchmark/outputs/runs_iterative_repair/qwen2.5-coder_7b/basic/qwen2.5-coder_7b_basic_C001_static_burned_area_iter01_20260624_231727/map_interactive.html,False,0,,,,False,,,,,1,,interactive_html,,basic,,,C001_static_burned_area,,,qwen2.5-coder_7b,1,experiments/05_choropleth_reliability_benchmark/outputs/runs_iterative_repair/qwen2.5-coder_7b/basic/qwen2.5-coder_7b_basic_C001_static_burned_area_iter01_20260624_231727,,experiments/05_choropleth_reliability_benchmark/outputs/generated_code_iterative_repair/qwen2.5-coder_7b/qwen2.5-coder_7b/basic/C001_static_burned_area_basic_iter01.py,qwen2.5-coder_7b,False,,,False,,
diagnostics.json,experiments/05_choropleth_reliability_benchmark/outputs/runs_iterative_repair/qwen2.5-coder_7b/basic/qwen2.5-coder_7b_basic_C001_static_burned_area_iter01_20260624_231727/diagnostics.json,False,0,,,,False,,,,,1,,diagnostic_json,,basic,,,C001_static_burned_area,,,qwen2.5-coder_7b,1,experiments/05_choropleth_reliability_benchmark/outputs/runs_iterative_repair/qwen2.5-coder_7b/basic/qwen2.5-coder_7b_basic_C001_static_burned_area_iter01_20260624_231727,,experiments/05_choropleth_reliability_benchmark/outputs/generated_code_iterative_repair/qwen2.5-coder_7b/qwen2.5-coder_7b/basic/C001_static_burned_area_basic_iter01.py,qwen2.5-coder_7b,False,,,,False,
map_static.png,experiments/05_choropleth_reliability_benchmark/outputs/runs_iterative_repair/qwen2.5-coder_7b/basic/qwen2.5-coder_7b_basic_C001_static_burned_area_iter01_20260624_234859/map_static.png,False,0,,,,False,,,,,1,,static_png,,basic,,,C001_static_burned_area,missing_or_empty,False,qwen2.5-coder_14b,1,experiments/05_choropleth_reliability_benchmark/outputs/runs_iterative_repair/qwen2.5-coder_7b/basic/qwen2.5-coder_7b_basic_C001_static_burned_area_iter01_20260624_234859,,experiments/05_choropleth_reliability_benchmark/outputs/generated_code_iterative_repair/qwen2.5-coder_14b/qwen2.5-coder_7b/basic/C001_static_burned_area_basic_iter01.py,qwen2.5-coder_7b,False,,,,,
time_series.png,experiments/05_choropleth_reliability_benchmark/outputs/runs_iterative_repair/qwen2.5-coder_7b/basic/qwen2.5-coder_7b_basic_C001_static_burned_area_iter01_20260624_234859/time_series.png,False,0,,,,False,,,,,1,,time_series_png,,basic,,,C001_static_burned_area,missing_or_empty,False,qwen2.5-coder_14b,1,experiments/05_choropleth_reliability_benchmark/outputs/runs_iterative_repair/qwen2.5-coder_7b/basic/qwen2.5-coder_7b_basic_C001_static_burned_area_iter01_20260624_234859,,experiments/05_choropleth_reliability_benchmark/outputs/generated_code_iterative_repair/qwen2.5-coder_14b/qwen2.5-coder_7b/basic/C001_static_burned_area_basic_iter01.py,qwen2.5-coder_7b,False,,,,,
map_interactive.html,experiments/05_choropleth_reliability_benchmark/outputs/runs_iterative_repair/qwen2.5-coder_7b/basic/qwen2.5-coder_7b_basic_C001_static_burned_area_iter01_20260624_234859/map_interactive.html,False,0,,,,False,,,,,1,,interactive_html,,basic,,,C001_static_burned_area,,,qwen2.5-coder_14b,1,experiments/05_choropleth_reliability_benchmark/outputs/runs_iterative_repair/qwen2.5-coder_7b/basic/qwen2.5-coder_7b_basic_C001_static_burned_area_iter01_20260624_234859,,experiments/05_choropleth_reliability_benchmark/outputs/generated_code_iterative_repair/qwen2.5-coder_14b/qwen2.5-coder_7b/basic/C001_static_burned_area_basic_iter01.py,qwen2.5-coder_7b,False,,,False,,
diagnostics.json,experiments/05_choropleth_reliability_benchmark/outputs/runs_iterative_repair/qwen2.5-coder_7b/basic/qwen2.5-coder_7b_basic_C001_static_burned_area_iter01_20260624_234859/diagnostics.json,False,0,,,,False,,,,,1,,diagnostic_json,,basic,,,C001_static_burned_area,,,qwen2.5-coder_14b,1,experiments/05_choropleth_reliability_benchmark/outputs/runs_iterative_repair/qwen2.5-coder_7b/basic/qwen2.5-coder_7b_basic_C001_static_burned_area_iter01_20260624_234859,,experiments/05_choropleth_reliability_benchmark/outputs/generated_code_iterative_repair/qwen2.5-coder_14b/qwen2.5-coder_7b/basic/C001_static_burned_area_basic_iter01.py,qwen2.5-coder_7b,False,,,,False,
map_static.png,experiments/05_choropleth_reliability_benchmark/outputs/runs_iterative_repair/qwen2.5-coder_7b/basic/qwen2.5-coder_7b_basic_C001_static_burned_area_iter01_20260625_002005/map_static.png,False,0,,,,False,,,,,1,,static_png,,basic,,,C001_static_burned_area,missing_or_empty,False,deepseek-coder_6.7b,1,experiments/05_choropleth_reliability_benchmark/outputs/runs_iterative_repair/qwen2.5-coder_7b/basic/qwen2.5-coder_7b_basic_C001_static_burned_area_iter01_20260625_002005,,experiments/05_choropleth_reliability_benchmark/outputs/generated_code_iterative_repair/deepseek-coder_6.7b/qwen2.5-coder_7b/basic/C001_static_burned_area_basic_iter01.py,qwen2.5-coder_7b,False,,,,,
time_series.png,experiments/05_choropleth_reliability_benchmark/outputs/runs_iterative_repair/qwen2.5-coder_7b/basic/qwen2.5-coder_7b_basic_C001_static_burned_area_iter01_20260625_002005/time_series.png,False,0,,,,False,,,,,1,,time_series_png,,basic,,,C001_static_burned_area,missing_or_empty,False,deepseek-coder_6.7b,1,experiments/05_choropleth_reliability_benchmark/outputs/runs_iterative_repair/qwen2.5-coder_7b/basic/qwen2.5-coder_7b_basic_C001_static_burned_area_iter01_20260625_002005,,experiments/05_choropleth_reliability_benchmark/outputs/generated_code_iterative_repair/deepseek-coder_6.7b/qwen2.5-coder_7b/basic/C001_static_burned_area_basic_iter01.py,qwen2.5-coder_7b,False,,,,,
map_interactive.html,experiments/05_choropleth_reliability_benchmark/outputs/runs_iterative_repair/qwen2.5-coder_7b/basic/qwen2.5-coder_7b_basic_C001_static_burned_area_iter01_20260625_002005/map_interactive.html,False,0,,,,False,,,,,1,,interactive_html,,basic,,,C001_static_burned_area,,,deepseek-coder_6.7b,1,experiments/05_choropleth_reliability_benchmark/outputs/runs_iterative_repair/qwen2.5-coder_7b/basic/qwen2.5-coder_7b_basic_C001_static_burned_area_iter01_20260625_002005,,experiments/05_choropleth_reliability_benchmark/outputs/generated_code_iterative_repair/deepseek-coder_6.7b/qwen2.5-coder_7b/basic/C001_static_burned_area_basic_iter01.py,qwen2.5-coder_7b,False,,,False,,
diagnostics.json,experiments/05_choropleth_reliability_benchmark/outputs/runs_iterative_repair/qwen2.5-coder_7b/basic/qwen2.5-coder_7b_basic_C001_static_burned_area_iter01_20260625_002005/diagnostics.json,False,0,,,,False,,,,,1,,diagnostic_json,,basic,,,C001_static_burned_area,,,deepseek-coder_6.7b,1,experiments/05_choropleth_reliability_benchmark/outputs/runs_iterative_repair/qwen2.5-coder_7b/basic/qwen2.5-coder_7b_basic_C001_static_burned_area_iter01_20260625_002005,,experiments/05_choropleth_reliability_benchmark/outputs/generated_code_iterative_repair/deepseek-coder_6.7b/qwen2.5-coder_7b/basic/C001_static_burned_area_basic_iter01.py,qwen2.5-coder_7b,False,,,,False,
map_static.png,experiments/05_choropleth_reliability_benchmark/outputs/runs_iterative_repair/qwen2.5-coder_7b/basic/qwen2.5-coder_7b_basic_C001_static_burned_area_iter02_20260624_044729/map_static.png,True,50521,0.0062,255,5.361,True,,,,800,2,,static_png,244.955,basic,0.9949,0.1024,C001_static_burned_area,,True,qwen2.5-coder_32b,0,experiments/05_choropleth_reliability_benchmark/outputs/runs_iterative_repair/qwen2.5-coder_7b/basic/qwen2.5-coder_7b_basic_C001_static_burned_area_iter02_20260624_044729,0.0277,experiments/05_choropleth_reliability_benchmark/outputs/generated_code_iterative_repair/qwen2.5-coder_32b/qwen2.5-coder_7b/basic/C001_static_burned_area_basic_iter02.py,qwen2.5-coder_7b,False,,39,,,1000
time_series.png,experiments/05_choropleth_reliability_benchmark/outputs/runs_iterative_repair/qwen2.5-coder_7b/basic/qwen2.5-coder_7b_basic_C001_static_burned_area_iter02_20260624_044729/time_series.png,False,0,,,,False,,,,,2,,time_series_png,,basic,,,C001_static_burned_area,missing_or_empty,False,qwen2.5-coder_32b,0,experiments/05_choropleth_reliability_benchmark/outputs/runs_iterative_repair/qwen2.5-coder_7b/basic/qwen2.5-coder_7b_basic_C001_static_burned_area_iter02_20260624_044729,,experiments/05_choropleth_reliability_benchmark/outputs/generated_code_iterative_repair/qwen2.5-coder_32b/qwen2.5-coder_7b/basic/C001_static_burned_area_basic_iter02.py,qwen2.5-coder_7b,False,,,,,
map_interactive.html,experiments/05_choropleth_reliability_benchmark/outputs/runs_iterative_repair/qwen2.5-coder_7b/basic/qwen2.5-coder_7b_basic_C001_static_burned_area_iter02_20260624_044729/map_interactive.html,False,0,,,,False,,,,,2,,interactive_html,,basic,,,C001_static_burned_area,,,qwen2.5-coder_32b,0,experiments/05_choropleth_reliability_benchmark/outputs/runs_iterative_repair/qwen2.5-coder_7b/basic/qwen2.5-coder_7b_basic_C001_static_burned_area_iter02_20260624_044729,,experiments/05_choropleth_reliability_benchmark/outputs/generated_code_iterative_repair/qwen2.5-coder_32b/qwen2.5-coder_7b/basic/C001_static_burned_area_basic_iter02.py,qwen2.5-coder_7b,False,,,False,,
diagnostics.json,experiments/05_choropleth_reliability_benchmark/outputs/runs_iterative_repair/qwen2.5-coder_7b/basic/qwen2.5-coder_7b_basic_C001_static_burned_area_iter02_20260624_044729/diagnostics.json,True,108,,,,True,,,,,2,,diagnostic_json,,basic,,,C001_static_burned_area,,,qwen2.5-coder_32b,0,experiments/05_choropleth_reliability_benchmark/outputs/runs_iterative_repair/qwen2.5-coder_7b/basic/qwen2.5-coder_7b_basic_C001_static_burned_area_iter02_20260624_044729,,experiments/05_choropleth_reliability_benchmark/outputs/generated_code_iterative_repair/qwen2.5-coder_32b/qwen2.5-coder_7b/basic/C001_static_burned_area_basic_iter02.py,qwen2.5-coder_7b,False,3,,,True,
map_static.png,experiments/05_choropleth_reliability_benchmark/outputs/runs_iterative_repair/qwen2.5-coder_7b/basic/qwen2.5-coder_7b_basic_C001_static_burned_area_iter02_20260624_231741/map_static.png,False,0,,,,False,,,,,2,,static_png,,basic,,,C001_static_burned_area,missing_or_empty,False,qwen2.5-coder_7b,1,experiments/05_choropleth_reliability_benchmark/outputs/runs_iterative_repair/qwen2.5-coder_7b/basic/qwen2.5-coder_7b_basic_C001_static_burned_area_iter02_20260624_231741,,experiments/05_choropleth_reliability_benchmark/outputs/generated_code_iterative_repair/qwen2.5-coder_7b/qwen2.5-coder_7b/basic/C001_static_burned_area_basic_iter02.py,qwen2.5-coder_7b,False,,,,,
time_series.png,experiments/05_choropleth_reliability_benchmark/outputs/runs_iterative_repair/qwen2.5-coder_7b/basic/qwen2.5-coder_7b_basic_C001_static_burned_area_iter02_20260624_231741/time_series.png,False,0,,,,False,,,,,2,,time_series_png,,basic,,,C001_static_burned_area,missing_or_empty,False,qwen2.5-coder_7b,1,experiments/05_choropleth_reliability_benchmark/outputs/runs_iterative_repair/qwen2.5-coder_7b/basic/qwen2.5-coder_7b_basic_C001_static_burned_area_iter02_20260624_231741,,experiments/05_choropleth_reliability_benchmark/outputs/generated_code_iterative_repair/qwen2.5-coder_7b/qwen2.5-coder_7b/basic/C001_static_burned_area_basic_iter02.py,qwen2.5-coder_7b,False,,,,,
map_interactive.html,experiments/05_choropleth_reliability_benchmark/outputs/runs_iterative_repair/qwen2.5-coder_7b/basic/qwen2.5-coder_7b_basic_C001_static_burned_area_iter02_20260624_231741/map_interactive.html,False,0,,,,False,,,,,2,,interactive_html,,basic,,,C001_static_burned_area,,,qwen2.5-coder_7b,1,experiments/05_choropleth_reliability_benchmark/outputs/runs_iterative_repair/qwen2.5-coder_7b/basic/qwen2.5-coder_7b_basic_C001_static_burned_area_iter02_20260624_231741,,experiments/05_choropleth_reliability_benchmark/outputs/generated_code_iterative_repair/qwen2.5-coder_7b/qwen2.5-coder_7b/basic/C001_static_burned_area_basic_iter02.py,qwen2.5-coder_7b,False,,,False,,
diagnostics.json,experiments/05_choropleth_reliability_benchmark/outputs/runs_iterative_repair/qwen2.5-coder_7b/basic/qwen2.5-coder_7b_basic_C001_static_burned_area_iter02_20260624_231741/diagnostics.json,False,0,,,,False,,,,,2,,diagnostic_json,,basic,,,C001_static_burned_area,,,qwen2.5-coder_7b,1,experiments/05_choropleth_reliability_benchmark/outputs/runs_iterative_repair/qwen2.5-coder_7b/basic/qwen2.5-coder_7b_basic_C001_static_burned_area_iter02_20260624_231741,,experiments/05_choropleth_reliability_benchmark/outputs/generated_code_iterative_repair/qwen2.5-coder_7b/qwen2.5-coder_7b/basic/C001_static_burned_area_basic_iter02.py,qwen2.5-coder_7b,False,,,,False,
map_static.png,experiments/05_choropleth_reliability_benchmark/outputs/runs_iterative_repair/qwen2.5-coder_7b/basic/qwen2.5-coder_7b_basic_C001_static_burned_area_iter02_20260624_234925/map_static.png,False,0,,,,False,,,,,2,,static_png,,basic,,,C001_static_burned_area,missing_or_empty,False,qwen2.5-coder_14b,1,experiments/05_choropleth_reliability_benchmark/outputs/runs_iterative_repair/qwen2.5-coder_7b/basic/qwen2.5-coder_7b_basic_C001_static_burned_area_iter02_20260624_234925,,experiments/05_choropleth_reliability_benchmark/outputs/generated_code_iterative_repair/qwen2.5-coder_14b/qwen2.5-coder_7b/basic/C001_static_burned_area_basic_iter02.py,qwen2.5-coder_7b,False,,,,,
time_series.png,experiments/05_choropleth_reliability_benchmark/outputs/runs_iterative_repair/qwen2.5-coder_7b/basic/qwen2.5-coder_7b_basic_C001_static_burned_area_iter02_20260624_234925/time_series.png,False,0,,,,False,,,,,2,,time_series_png,,basic,,,C001_static_burned_area,missing_or_empty,False,qwen2.5-coder_14b,1,experiments/05_choropleth_reliability_benchmark/outputs/runs_iterative_repair/qwen2.5-coder_7b/basic/qwen2.5-coder_7b_basic_C001_static_burned_area_iter02_20260624_234925,,experiments/05_choropleth_reliability_benchmark/outputs/generated_code_iterative_repair/qwen2.5-coder_14b/qwen2.5-coder_7b/basic/C001_static_burned_area_basic_iter02.py,qwen2.5-coder_7b,False,,,,,
map_interactive.html,experiments/05_choropleth_reliability_benchmark/outputs/runs_iterative_repair/qwen2.5-coder_7b/basic/qwen2.5-coder_7b_basic_C001_static_burned_area_iter02_20260624_234925/map_interactive.html,False,0,,,,False,,,,,2,,interactive_html,,basic,,,C001_static_burned_area,,,qwen2.5-coder_14b,1,experiments/05_choropleth_reliability_benchmark/outputs/runs_iterative_repair/qwen2.5-coder_7b/basic/qwen2.5-coder_7b_basic_C001_static_burned_area_iter02_20260624_234925,,experiments/05_choropleth_reliability_benchmark/outputs/generated_code_iterative_repair/qwen2.5-coder_14b/qwen2.5-coder_7b/basic/C001_static_burned_area_basic_iter02.py,qwen2.5-coder_7b,False,,,False,,
diagnostics.json,experiments/05_choropleth_reliability_benchmark/outputs/runs_iterative_repair/qwen2.5-coder_7b/basic/qwen2.5-coder_7b_basic_C001_static_burned_area_iter02_20260624_234925/diagnostics.json,False,0,,,,False,,,,,2,,diagnostic_json,,basic,,,C001_static_burned_area,,,qwen2.5-coder_14b,1,experiments/05_choropleth_reliability_benchmark/outputs/runs_iterative_repair/qwen2.5-coder_7b/basic/qwen2.5-coder_7b_basic_C001_static_burned_area_iter02_20260624_234925,,experiments/05_choropleth_reliability_benchmark/outputs/generated_code_iterative_repair/qwen2.5-coder_14b/qwen2.5-coder_7b/basic/C001_static_burned_area_basic_iter02.py,qwen2.5-coder_7b,False,,,,False,
map_static.png,experiments/05_choropleth_reliability_benchmark/outputs/runs_iterative_repair/qwen2.5-coder_7b/basic/qwen2.5-coder_7b_basic_C001_static_burned_area_iter03_20260624_231755/map_static.png,False,0,,,,False,,,,,3,,static_png,,basic,,,C001_static_burned_area,missing_or_empty,False,qwen2.5-coder_7b,1,experiments/05_choropleth_reliability_benchmark/outputs/runs_iterative_repair/qwen2.5-coder_7b/basic/qwen2.5-coder_7b_basic_C001_static_burned_area_iter03_20260624_231755,,experiments/05_choropleth_reliability_benchmark/outputs/generated_code_iterative_repair/qwen2.5-coder_7b/qwen2.5-coder_7b/basic/C001_static_burned_area_basic_iter03.py,qwen2.5-coder_7b,False,,,,,
time_series.png,experiments/05_choropleth_reliability_benchmark/outputs/runs_iterative_repair/qwen2.5-coder_7b/basic/qwen2.5-coder_7b_basic_C001_static_burned_area_iter03_20260624_231755/time_series.png,False,0,,,,False,,,,,3,,time_series_png,,basic,,,C001_static_burned_area,missing_or_empty,False,qwen2.5-coder_7b,1,experiments/05_choropleth_reliability_benchmark/outputs/runs_iterative_repair/qwen2.5-coder_7b/basic/qwen2.5-coder_7b_basic_C001_static_burned_area_iter03_20260624_231755,,experiments/05_choropleth_reliability_benchmark/outputs/generated_code_iterative_repair/qwen2.5-coder_7b/qwen2.5-coder_7b/basic/C001_static_burned_area_basic_iter03.py,qwen2.5-coder_7b,False,,,,,
map_interactive.html,experiments/05_choropleth_reliability_benchmark/outputs/runs_iterative_repair/qwen2.5-coder_7b/basic/qwen2.5-coder_7b_basic_C001_static_burned_area_iter03_20260624_231755/map_interactive.html,False,0,,,,False,,,,,3,,interactive_html,,basic,,,C001_static_burned_area,,,qwen2.5-coder_7b,1,experiments/05_choropleth_reliability_benchmark/outputs/runs_iterative_repair/qwen2.5-coder_7b/basic/qwen2.5-coder_7b_basic_C001_static_burned_area_iter03_20260624_231755,,experiments/05_choropleth_reliability_benchmark/outputs/generated_code_iterative_repair/qwen2.5-coder_7b/qwen2.5-coder_7b/basic/C001_static_burned_area_basic_iter03.py,qwen2.5-coder_7b,False,,,False,,
diagnostics.json,experiments/05_choropleth_reliability_benchmark/outputs/runs_iterative_repair/qwen2.5-coder_7b/basic/qwen2.5-coder_7b_basic_C001_static_burned_area_iter03_20260624_231755/diagnostics.json,False,0,,,,False,,,,,3,,diagnostic_json,,basic,,,C001_static_burned_area,,,qwen2.5-coder_7b,1,experiments/05_choropleth_reliability_benchmark/outputs/runs_iterative_repair/qwen2.5-coder_7b/basic/qwen2.5-coder_7b_basic_C001_static_burned_area_iter03_20260624_231755,,experiments/05_choropleth_reliability_benchmark/outputs/generated_code_iterative_repair/qwen2.5-coder_7b/qwen2.5-coder_7b/basic/C001_static_burned_area_basic_iter03.py,qwen2.5-coder_7b,False,,,,False,
map_static.png,experiments/05_choropleth_reliability_benchmark/outputs/runs_iterative_repair/qwen2.5-coder_7b/basic/qwen2.5-coder_7b_basic_C001_static_burned_area_iter03_20260624_234948/map_static.png,False,0,,,,False,,,,,3,,static_png,,basic,,,C001_static_burned_area,missing_or_empty,False,qwen2.5-coder_14b,1,experiments/05_choropleth_reliability_benchmark/outputs/runs_iterative_repair/qwen2.5-coder_7b/basic/qwen2.5-coder_7b_basic_C001_static_burned_area_iter03_20260624_234948,,experiments/05_choropleth_reliability_benchmark/outputs/generated_code_iterative_repair/qwen2.5-coder_14b/qwen2.5-coder_7b/basic/C001_static_burned_area_basic_iter03.py,qwen2.5-coder_7b,False,,,,,
time_series.png,experiments/05_choropleth_reliability_benchmark/outputs/runs_iterative_repair/qwen2.5-coder_7b/basic/qwen2.5-coder_7b_basic_C001_static_burned_area_iter03_20260624_234948/time_series.png,False,0,,,,False,,,,,3,,time_series_png,,basic,,,C001_static_burned_area,missing_or_empty,False,qwen2.5-coder_14b,1,experiments/05_choropleth_reliability_benchmark/outputs/runs_iterative_repair/qwen2.5-coder_7b/basic/qwen2.5-coder_7b_basic_C001_static_burned_area_iter03_20260624_234948,,experiments/05_choropleth_reliability_benchmark/outputs/generated_code_iterative_repair/qwen2.5-coder_14b/qwen2.5-coder_7b/basic/C001_static_burned_area_basic_iter03.py,qwen2.5-coder_7b,False,,,,,
map_interactive.html,experiments/05_choropleth_reliability_benchmark/outputs/runs_iterative_repair/qwen2.5-coder_7b/basic/qwen2.5-coder_7b_basic_C001_static_burned_area_iter03_20260624_234948/map_interactive.html,False,0,,,,False,,,,,3,,interactive_html,,basic,,,C001_static_burned_area,,,qwen2.5-coder_14b,1,experiments/05_choropleth_reliability_benchmark/outputs/runs_iterative_repair/qwen2.5-coder_7b/basic/qwen2.5-coder_7b_basic_C001_static_burned_area_iter03_20260624_234948,,experiments/05_choropleth_reliability_benchmark/outputs/generated_code_iterative_repair/qwen2.5-coder_14b/qwen2.5-coder_7b/basic/C001_static_burned_area_basic_iter03.py,qwen2.5-coder_7b,False,,,False,,
diagnostics.json,experiments/05_choropleth_reliability_benchmark/outputs/runs_iterative_repair/qwen2.5-coder_7b/basic/qwen2.5-coder_7b_basic_C001_static_burned_area_iter03_20260624_234948/diagnostics.json,False,0,,,,False,,,,,3,,diagnostic_json,,basic,,,C001_static_burned_area,,,qwen2.5-coder_14b,1,experiments/05_choropleth_reliability_benchmark/outputs/runs_iterative_repair/qwen2.5-coder_7b/basic/qwen2.5-coder_7b_basic_C001_static_burned_area_iter03_20260624_234948,,experiments/05_choropleth_reliability_benchmark/outputs/generated_code_iterative_repair/qwen2.5-coder_14b/qwen2.5-coder_7b/basic/C001_static_burned_area_basic_iter03.py,qwen2.5-coder_7b,False,,,,False,
map_static.png,experiments/05_choropleth_reliability_benchmark/outputs/runs_iterative_repair/qwen2.5-coder_7b/basic/qwen2.5-coder_7b_basic_C003_static_full_layout_iter01_20260624_044808/map_static.png,False,0,,,,False,,,,,1,,static_png,,basic,,,C003_static_full_layout,missing_or_empty,False,qwen2.5-coder_32b,1,experiments/05_choropleth_reliability_benchmark/outputs/runs_iterative_repair/qwen2.5-coder_7b/basic/qwen2.5-coder_7b_basic_C003_static_full_layout_iter01_20260624_044808,,experiments/05_choropleth_reliability_benchmark/outputs/generated_code_iterative_repair/qwen2.5-coder_32b/qwen2.5-coder_7b/basic/C003_static_full_layout_basic_iter01.py,qwen2.5-coder_7b,False,,,,,
time_series.png,experiments/05_choropleth_reliability_benchmark/outputs/runs_iterative_repair/qwen2.5-coder_7b/basic/qwen2.5-coder_7b_basic_C003_static_full_layout_iter01_20260624_044808/time_series.png,False,0,,,,False,,,,,1,,time_series_png,,basic,,,C003_static_full_layout,missing_or_empty,False,qwen2.5-coder_32b,1,experiments/05_choropleth_reliability_benchmark/outputs/runs_iterative_repair/qwen2.5-coder_7b/basic/qwen2.5-coder_7b_basic_C003_static_full_layout_iter01_20260624_044808,,experiments/05_choropleth_reliability_benchmark/outputs/generated_code_iterative_repair/qwen2.5-coder_32b/qwen2.5-coder_7b/basic/C003_static_full_layout_basic_iter01.py,qwen2.5-coder_7b,False,,,,,
map_interactive.html,experiments/05_choropleth_reliability_benchmark/outputs/runs_iterative_repair/qwen2.5-coder_7b/basic/qwen2.5-coder_7b_basic_C003_static_full_layout_iter01_20260624_044808/map_interactive.html,False,0,,,,False,,,,,1,,interactive_html,,basic,,,C003_static_full_layout,,,qwen2.5-coder_32b,1,experiments/05_choropleth_reliability_benchmark/outputs/runs_iterative_repair/qwen2.5-coder_7b/basic/qwen2.5-coder_7b_basic_C003_static_full_layout_iter01_20260624_044808,,experiments/05_choropleth_reliability_benchmark/outputs/generated_code_iterative_repair/qwen2.5-coder_32b/qwen2.5-coder_7b/basic/C003_static_full_layout_basic_iter01.py,qwen2.5-coder_7b,False,,,False,,
diagnostics.json,experiments/05_choropleth_reliability_benchmark/outputs/runs_iterative_repair/qwen2.5-coder_7b/basic/qwen2.5-coder_7b_basic_C003_static_full_layout_iter01_20260624_044808/diagnostics.json,False,0,,,,False,,,,,1,,diagnostic_json,,basic,,,C003_static_full_layout,,,qwen2.5-coder_32b,1,experiments/05_choropleth_reliability_benchmark/outputs/runs_iterative_repair/qwen2.5-coder_7b/basic/qwen2.5-coder_7b_basic_C003_static_full_layout_iter01_20260624_044808,,experiments/05_choropleth_reliability_benchmark/outputs/generated_code_iterative_repair/qwen2.5-coder_32b/qwen2.5-coder_7b/basic/C003_static_full_layout_basic_iter01.py,qwen2.5-coder_7b,False,,,,False,
map_static.png,experiments/05_choropleth_reliability_benchmark/outputs/runs_iterative_repair/qwen2.5-coder_7b/basic/qwen2.5-coder_7b_basic_C003_static_full_layout_iter01_20260624_231808/map_static.png,False,0,,,,False,,,,,1,,static_png,,basic,,,C003_static_full_layout,missing_or_empty,False,qwen2.5-coder_7b,1,experiments/05_choropleth_reliability_benchmark/outputs/runs_iterative_repair/qwen2.5-coder_7b/basic/qwen2.5-coder_7b_basic_C003_static_full_layout_iter01_20260624_231808,,experiments/05_choropleth_reliability_benchmark/outputs/generated_code_iterative_repair/qwen2.5-coder_7b/qwen2.5-coder_7b/basic/C003_static_full_layout_basic_iter01.py,qwen2.5-coder_7b,False,,,,,
time_series.png,experiments/05_choropleth_reliability_benchmark/outputs/runs_iterative_repair/qwen2.5-coder_7b/basic/qwen2.5-coder_7b_basic_C003_static_full_layout_iter01_20260624_231808/time_series.png,False,0,,,,False,,,,,1,,time_series_png,,basic,,,C003_static_full_layout,missing_or_empty,False,qwen2.5-coder_7b,1,experiments/05_choropleth_reliability_benchmark/outputs/runs_iterative_repair/qwen2.5-coder_7b/basic/qwen2.5-coder_7b_basic_C003_static_full_layout_iter01_20260624_231808,,experiments/05_choropleth_reliability_benchmark/outputs/generated_code_iterative_repair/qwen2.5-coder_7b/qwen2.5-coder_7b/basic/C003_static_full_layout_basic_iter01.py,qwen2.5-coder_7b,False,,,,,
map_interactive.html,experiments/05_choropleth_reliability_benchmark/outputs/runs_iterative_repair/qwen2.5-coder_7b/basic/qwen2.5-coder_7b_basic_C003_static_full_layout_iter01_20260624_231808/map_interactive.html,False,0,,,,False,,,,,1,,interactive_html,,basic,,,C003_static_full_layout,,,qwen2.5-coder_7b,1,experiments/05_choropleth_reliability_benchmark/outputs/runs_iterative_repair/qwen2.5-coder_7b/basic/qwen2.5-coder_7b_basic_C003_static_full_layout_iter01_20260624_231808,,experiments/05_choropleth_reliability_benchmark/outputs/generated_code_iterative_repair/qwen2.5-coder_7b/qwen2.5-coder_7b/basic/C003_static_full_layout_basic_iter01.py,qwen2.5-coder_7b,False,,,False,,
diagnostics.json,experiments/05_choropleth_reliability_benchmark/outputs/runs_iterative_repair/qwen2.5-coder_7b/basic/qwen2.5-coder_7b_basic_C003_static_full_layout_iter01_20260624_231808/diagnostics.json,False,0,,,,False,,,,,1,,diagnostic_json,,basic,,,C003_static_full_layout,,,qwen2.5-coder_7b,1,experiments/05_choropleth_reliability_benchmark/outputs/runs_iterative_repair/qwen2.5-coder_7b/basic/qwen2.5-coder_7b_basic_C003_static_full_layout_iter01_20260624_231808,,experiments/05_choropleth_reliability_benchmark/outputs/generated_code_iterative_repair/qwen2.5-coder_7b/qwen2.5-coder_7b/basic/C003_static_full_layout_basic_iter01.py,qwen2.5-coder_7b,False,,,,False,
map_static.png,experiments/05_choropleth_reliability_benchmark/outputs/runs_iterative_repair/qwen2.5-coder_7b/basic/qwen2.5-coder_7b_basic_C003_static_full_layout_iter01_20260624_235007/map_static.png,False,0,,,,False,,,,,1,,static_png,,basic,,,C003_static_full_layout,missing_or_empty,False,qwen2.5-coder_14b,1,experiments/05_choropleth_reliability_benchmark/outputs/runs_iterative_repair/qwen2.5-coder_7b/basic/qwen2.5-coder_7b_basic_C003_static_full_layout_iter01_20260624_235007,,experiments/05_choropleth_reliability_benchmark/outputs/generated_code_iterative_repair/qwen2.5-coder_14b/qwen2.5-coder_7b/basic/C003_static_full_layout_basic_iter01.py,qwen2.5-coder_7b,False,,,,,
time_series.png,experiments/05_choropleth_reliability_benchmark/outputs/runs_iterative_repair/qwen2.5-coder_7b/basic/qwen2.5-coder_7b_basic_C003_static_full_layout_iter01_20260624_235007/time_series.png,False,0,,,,False,,,,,1,,time_series_png,,basic,,,C003_static_full_layout,missing_or_empty,False,qwen2.5-coder_14b,1,experiments/05_choropleth_reliability_benchmark/outputs/runs_iterative_repair/qwen2.5-coder_7b/basic/qwen2.5-coder_7b_basic_C003_static_full_layout_iter01_20260624_235007,,experiments/05_choropleth_reliability_benchmark/outputs/generated_code_iterative_repair/qwen2.5-coder_14b/qwen2.5-coder_7b/basic/C003_static_full_layout_basic_iter01.py,qwen2.5-coder_7b,False,,,,,
map_interactive.html,experiments/05_choropleth_reliability_benchmark/outputs/runs_iterative_repair/qwen2.5-coder_7b/basic/qwen2.5-coder_7b_basic_C003_static_full_layout_iter01_20260624_235007/map_interactive.html,False,0,,,,False,,,,,1,,interactive_html,,basic,,,C003_static_full_layout,,,qwen2.5-coder_14b,1,experiments/05_choropleth_reliability_benchmark/outputs/runs_iterative_repair/qwen2.5-coder_7b/basic/qwen2.5-coder_7b_basic_C003_static_full_layout_iter01_20260624_235007,,experiments/05_choropleth_reliability_benchmark/outputs/generated_code_iterative_repair/qwen2.5-coder_14b/qwen2.5-coder_7b/basic/C003_static_full_layout_basic_iter01.py,qwen2.5-coder_7b,False,,,False,,
diagnostics.json,experiments/05_choropleth_reliability_benchmark/outputs/runs_iterative_repair/qwen2.5-coder_7b/basic/qwen2.5-coder_7b_basic_C003_static_full_layout_iter01_20260624_235007/diagnostics.json,False,0,,,,False,,,,,1,,diagnostic_json,,basic,,,C003_static_full_layout,,,qwen2.5-coder_14b,1,experiments/05_choropleth_reliability_benchmark/outputs/runs_iterative_repair/qwen2.5-coder_7b/basic/qwen2.5-coder_7b_basic_C003_static_full_layout_iter01_20260624_235007,,experiments/05_choropleth_reliability_benchmark/outputs/generated_code_iterative_repair/qwen2.5-coder_14b/qwen2.5-coder_7b/basic/C003_static_full_layout_basic_iter01.py,qwen2.5-coder_7b,False,,,,False,
map_static.png,experiments/05_choropleth_reliability_benchmark/outputs/runs_iterative_repair/qwen2.5-coder_7b/basic/qwen2.5-coder_7b_basic_C003_static_full_layout_iter02_20260624_044846/map_static.png,False,0,,,,False,,,,,2,,static_png,,basic,,,C003_static_full_layout,missing_or_empty,False,qwen2.5-coder_32b,1,experiments/05_choropleth_reliability_benchmark/outputs/runs_iterative_repair/qwen2.5-coder_7b/basic/qwen2.5-coder_7b_basic_C003_static_full_layout_iter02_20260624_044846,,experiments/05_choropleth_reliability_benchmark/outputs/generated_code_iterative_repair/qwen2.5-coder_32b/qwen2.5-coder_7b/basic/C003_static_full_layout_basic_iter02.py,qwen2.5-coder_7b,False,,,,,
time_series.png,experiments/05_choropleth_reliability_benchmark/outputs/runs_iterative_repair/qwen2.5-coder_7b/basic/qwen2.5-coder_7b_basic_C003_static_full_layout_iter02_20260624_044846/time_series.png,False,0,,,,False,,,,,2,,time_series_png,,basic,,,C003_static_full_layout,missing_or_empty,False,qwen2.5-coder_32b,1,experiments/05_choropleth_reliability_benchmark/outputs/runs_iterative_repair/qwen2.5-coder_7b/basic/qwen2.5-coder_7b_basic_C003_static_full_layout_iter02_20260624_044846,,experiments/05_choropleth_reliability_benchmark/outputs/generated_code_iterative_repair/qwen2.5-coder_32b/qwen2.5-coder_7b/basic/C003_static_full_layout_basic_iter02.py,qwen2.5-coder_7b,False,,,,,
map_interactive.html,experiments/05_choropleth_reliability_benchmark/outputs/runs_iterative_repair/qwen2.5-coder_7b/basic/qwen2.5-coder_7b_basic_C003_static_full_layout_iter02_20260624_044846/map_interactive.html,False,0,,,,False,,,,,2,,interactive_html,,basic,,,C003_static_full_layout,,,qwen2.5-coder_32b,1,experiments/05_choropleth_reliability_benchmark/outputs/runs_iterative_repair/qwen2.5-coder_7b/basic/qwen2.5-coder_7b_basic_C003_static_full_layout_iter02_20260624_044846,,experiments/05_choropleth_reliability_benchmark/outputs/generated_code_iterative_repair/qwen2.5-coder_32b/qwen2.5-coder_7b/basic/C003_static_full_layout_basic_iter02.py,qwen2.5-coder_7b,False,,,False,,
diagnostics.json,experiments/05_choropleth_reliability_benchmark/outputs/runs_iterative_repair/qwen2.5-coder_7b/basic/qwen2.5-coder_7b_basic_C003_static_full_layout_iter02_20260624_044846/diagnostics.json,False,0,,,,False,,,,,2,,diagnostic_json,,basic,,,C003_static_full_layout,,,qwen2.5-coder_32b,1,experiments/05_choropleth_reliability_benchmark/outputs/runs_iterative_repair/qwen2.5-coder_7b/basic/qwen2.5-coder_7b_basic_C003_static_full_layout_iter02_20260624_044846,,experiments/05_choropleth_reliability_benchmark/outputs/generated_code_iterative_repair/qwen2.5-coder_32b/qwen2.5-coder_7b/basic/C003_static_full_layout_basic_iter02.py,qwen2.5-coder_7b,False,,,,False,
map_static.png,experiments/05_choropleth_reliability_benchmark/outputs/runs_iterative_repair/qwen2.5-coder_7b/basic/qwen2.5-coder_7b_basic_C003_static_full_layout_iter02_20260624_231819/map_static.png,False,0,,,,False,,,,,2,,static_png,,basic,,,C003_static_full_layout,missing_or_empty,False,qwen2.5-coder_7b,1,experiments/05_choropleth_reliability_benchmark/outputs/runs_iterative_repair/qwen2.5-coder_7b/basic/qwen2.5-coder_7b_basic_C003_static_full_layout_iter02_20260624_231819,,experiments/05_choropleth_reliability_benchmark/outputs/generated_code_iterative_repair/qwen2.5-coder_7b/qwen2.5-coder_7b/basic/C003_static_full_layout_basic_iter02.py,qwen2.5-coder_7b,False,,,,,
time_series.png,experiments/05_choropleth_reliability_benchmark/outputs/runs_iterative_repair/qwen2.5-coder_7b/basic/qwen2.5-coder_7b_basic_C003_static_full_layout_iter02_20260624_231819/time_series.png,False,0,,,,False,,,,,2,,time_series_png,,basic,,,C003_static_full_layout,missing_or_empty,False,qwen2.5-coder_7b,1,experiments/05_choropleth_reliability_benchmark/outputs/runs_iterative_repair/qwen2.5-coder_7b/basic/qwen2.5-coder_7b_basic_C003_static_full_layout_iter02_20260624_231819,,experiments/05_choropleth_reliability_benchmark/outputs/generated_code_iterative_repair/qwen2.5-coder_7b/qwen2.5-coder_7b/basic/C003_static_full_layout_basic_iter02.py,qwen2.5-coder_7b,False,,,,,
map_interactive.html,experiments/05_choropleth_reliability_benchmark/outputs/runs_iterative_repair/qwen2.5-coder_7b/basic/qwen2.5-coder_7b_basic_C003_static_full_layout_iter02_20260624_231819/map_interactive.html,False,0,,,,False,,,,,2,,interactive_html,,basic,,,C003_static_full_layout,,,qwen2.5-coder_7b,1,experiments/05_choropleth_reliability_benchmark/outputs/runs_iterative_repair/qwen2.5-coder_7b/basic/qwen2.5-coder_7b_basic_C003_static_full_layout_iter02_20260624_231819,,experiments/05_choropleth_reliability_benchmark/outputs/generated_code_iterative_repair/qwen2.5-coder_7b/qwen2.5-coder_7b/basic/C003_static_full_layout_basic_iter02.py,qwen2.5-coder_7b,False,,,False,,
diagnostics.json,experiments/05_choropleth_reliability_benchmark/outputs/runs_iterative_repair/qwen2.5-coder_7b/basic/qwen2.5-coder_7b_basic_C003_static_full_layout_iter02_20260624_231819/diagnostics.json,False,0,,,,False,,,,,2,,diagnostic_json,,basic,,,C003_static_full_layout,,,qwen2.5-coder_7b,1,experiments/05_choropleth_reliability_benchmark/outputs/runs_iterative_repair/qwen2.5-coder_7b/basic/qwen2.5-coder_7b_basic_C003_static_full_layout_iter02_20260624_231819,,experiments/05_choropleth_reliability_benchmark/outputs/generated_code_iterative_repair/qwen2.5-coder_7b/qwen2.5-coder_7b/basic/C003_static_full_layout_basic_iter02.py,qwen2.5-coder_7b,False,,,,False,
map_static.png,experiments/05_choropleth_reliability_benchmark/outputs/runs_iterative_repair/qwen2.5-coder_7b/basic/qwen2.5-coder_7b_basic_C003_static_full_layout_iter02_20260624_235027/map_static.png,True,94459,0.0106,255,7.253,True,,,,1000,2,,static_png,237.671,basic,0.9935,0.1788,C003_static_full_layout,,True,qwen2.5-coder_14b,0,experiments/05_choropleth_reliability_benchmark/outputs/runs_iterative_repair/qwen2.5-coder_7b/basic/qwen2.5-coder_7b_basic_C003_static_full_layout_iter02_20260624_235027,0.0445,experiments/05_choropleth_reliability_benchmark/outputs/generated_code_iterative_repair/qwen2.5-coder_14b/qwen2.5-coder_7b/basic/C003_static_full_layout_basic_iter02.py,qwen2.5-coder_7b,False,,57,,,1000
time_series.png,experiments/05_choropleth_reliability_benchmark/outputs/runs_iterative_repair/qwen2.5-coder_7b/basic/qwen2.5-coder_7b_basic_C003_static_full_layout_iter02_20260624_235027/time_series.png,False,0,,,,False,,,,,2,,time_series_png,,basic,,,C003_static_full_layout,missing_or_empty,False,qwen2.5-coder_14b,0,experiments/05_choropleth_reliability_benchmark/outputs/runs_iterative_repair/qwen2.5-coder_7b/basic/qwen2.5-coder_7b_basic_C003_static_full_layout_iter02_20260624_235027,,experiments/05_choropleth_reliability_benchmark/outputs/generated_code_iterative_repair/qwen2.5-coder_14b/qwen2.5-coder_7b/basic/C003_static_full_layout_basic_iter02.py,qwen2.5-coder_7b,False,,,,,
map_interactive.html,experiments/05_choropleth_reliability_benchmark/outputs/runs_iterative_repair/qwen2.5-coder_7b/basic/qwen2.5-coder_7b_basic_C003_static_full_layout_iter02_20260624_235027/map_interactive.html,False,0,,,,False,,,,,2,,interactive_html,,basic,,,C003_static_full_layout,,,qwen2.5-coder_14b,0,experiments/05_choropleth_reliability_benchmark/outputs/runs_iterative_repair/qwen2.5-coder_7b/basic/qwen2.5-coder_7b_basic_C003_static_full_layout_iter02_20260624_235027,,experiments/05_choropleth_reliability_benchmark/outputs/generated_code_iterative_repair/qwen2.5-coder_14b/qwen2.5-coder_7b/basic/C003_static_full_layout_basic_iter02.py,qwen2.5-coder_7b,False,,,False,,
diagnostics.json,experiments/05_choropleth_reliability_benchmark/outputs/runs_iterative_repair/qwen2.5-coder_7b/basic/qwen2.5-coder_7b_basic_C003_static_full_layout_iter02_20260624_235027/diagnostics.json,True,82,,,,True,,,,,2,,diagnostic_json,,basic,,,C003_static_full_layout,,,qwen2.5-coder_14b,0,experiments/05_choropleth_reliability_benchmark/outputs/runs_iterative_repair/qwen2.5-coder_7b/basic/qwen2.5-coder_7b_basic_C003_static_full_layout_iter02_20260624_235027,,experiments/05_choropleth_reliability_benchmark/outputs/generated_code_iterative_repair/qwen2.5-coder_14b/qwen2.5-coder_7b/basic/C003_static_full_layout_basic_iter02.py,qwen2.5-coder_7b,False,4,,,True,
map_static.png,experiments/05_choropleth_reliability_benchmark/outputs/runs_iterative_repair/qwen2.5-coder_7b/basic/qwen2.5-coder_7b_basic_C003_static_full_layout_iter03_20260624_062305/map_static.png,False,0,,,,False,,,,,3,,static_png,,basic,,,C003_static_full_layout,missing_or_empty,False,qwen2.5-coder_32b,1,experiments/05_choropleth_reliability_benchmark/outputs/runs_iterative_repair/qwen2.5-coder_7b/basic/qwen2.5-coder_7b_basic_C003_static_full_layout_iter03_20260624_062305,,experiments/05_choropleth_reliability_benchmark/outputs/generated_code_iterative_repair/qwen2.5-coder_32b/qwen2.5-coder_7b/basic/C003_static_full_layout_basic_iter03.py,qwen2.5-coder_7b,False,,,,,
time_series.png,experiments/05_choropleth_reliability_benchmark/outputs/runs_iterative_repair/qwen2.5-coder_7b/basic/qwen2.5-coder_7b_basic_C003_static_full_layout_iter03_20260624_062305/time_series.png,False,0,,,,False,,,,,3,,time_series_png,,basic,,,C003_static_full_layout,missing_or_empty,False,qwen2.5-coder_32b,1,experiments/05_choropleth_reliability_benchmark/outputs/runs_iterative_repair/qwen2.5-coder_7b/basic/qwen2.5-coder_7b_basic_C003_static_full_layout_iter03_20260624_062305,,experiments/05_choropleth_reliability_benchmark/outputs/generated_code_iterative_repair/qwen2.5-coder_32b/qwen2.5-coder_7b/basic/C003_static_full_layout_basic_iter03.py,qwen2.5-coder_7b,False,,,,,
map_interactive.html,experiments/05_choropleth_reliability_benchmark/outputs/runs_iterative_repair/qwen2.5-coder_7b/basic/qwen2.5-coder_7b_basic_C003_static_full_layout_iter03_20260624_062305/map_interactive.html,False,0,,,,False,,,,,3,,interactive_html,,basic,,,C003_static_full_layout,,,qwen2.5-coder_32b,1,experiments/05_choropleth_reliability_benchmark/outputs/runs_iterative_repair/qwen2.5-coder_7b/basic/qwen2.5-coder_7b_basic_C003_static_full_layout_iter03_20260624_062305,,experiments/05_choropleth_reliability_benchmark/outputs/generated_code_iterative_repair/qwen2.5-coder_32b/qwen2.5-coder_7b/basic/C003_static_full_layout_basic_iter03.py,qwen2.5-coder_7b,False,,,False,,
diagnostics.json,experiments/05_choropleth_reliability_benchmark/outputs/runs_iterative_repair/qwen2.5-coder_7b/basic/qwen2.5-coder_7b_basic_C003_static_full_layout_iter03_20260624_062305/diagnostics.json,False,0,,,,False,,,,,3,,diagnostic_json,,basic,,,C003_static_full_layout,,,qwen2.5-coder_32b,1,experiments/05_choropleth_reliability_benchmark/outputs/runs_iterative_repair/qwen2.5-coder_7b/basic/qwen2.5-coder_7b_basic_C003_static_full_layout_iter03_20260624_062305,,experiments/05_choropleth_reliability_benchmark/outputs/generated_code_iterative_repair/qwen2.5-coder_32b/qwen2.5-coder_7b/basic/C003_static_full_layout_basic_iter03.py,qwen2.5-coder_7b,False,,,,False,
map_static.png,experiments/05_choropleth_reliability_benchmark/outputs/runs_iterative_repair/qwen2.5-coder_7b/basic/qwen2.5-coder_7b_basic_C003_static_full_layout_iter03_20260624_231829/map_static.png,False,0,,,,False,,,,,3,,static_png,,basic,,,C003_static_full_layout,missing_or_empty,False,qwen2.5-coder_7b,1,experiments/05_choropleth_reliability_benchmark/outputs/runs_iterative_repair/qwen2.5-coder_7b/basic/qwen2.5-coder_7b_basic_C003_static_full_layout_iter03_20260624_231829,,experiments/05_choropleth_reliability_benchmark/outputs/generated_code_iterative_repair/qwen2.5-coder_7b/qwen2.5-coder_7b/basic/C003_static_full_layout_basic_iter03.py,qwen2.5-coder_7b,False,,,,,
time_series.png,experiments/05_choropleth_reliability_benchmark/outputs/runs_iterative_repair/qwen2.5-coder_7b/basic/qwen2.5-coder_7b_basic_C003_static_full_layout_iter03_20260624_231829/time_series.png,False,0,,,,False,,,,,3,,time_series_png,,basic,,,C003_static_full_layout,missing_or_empty,False,qwen2.5-coder_7b,1,experiments/05_choropleth_reliability_benchmark/outputs/runs_iterative_repair/qwen2.5-coder_7b/basic/qwen2.5-coder_7b_basic_C003_static_full_layout_iter03_20260624_231829,,experiments/05_choropleth_reliability_benchmark/outputs/generated_code_iterative_repair/qwen2.5-coder_7b/qwen2.5-coder_7b/basic/C003_static_full_layout_basic_iter03.py,qwen2.5-coder_7b,False,,,,,
map_interactive.html,experiments/05_choropleth_reliability_benchmark/outputs/runs_iterative_repair/qwen2.5-coder_7b/basic/qwen2.5-coder_7b_basic_C003_static_full_layout_iter03_20260624_231829/map_interactive.html,False,0,,,,False,,,,,3,,interactive_html,,basic,,,C003_static_full_layout,,,qwen2.5-coder_7b,1,experiments/05_choropleth_reliability_benchmark/outputs/runs_iterative_repair/qwen2.5-coder_7b/basic/qwen2.5-coder_7b_basic_C003_static_full_layout_iter03_20260624_231829,,experiments/05_choropleth_reliability_benchmark/outputs/generated_code_iterative_repair/qwen2.5-coder_7b/qwen2.5-coder_7b/basic/C003_static_full_layout_basic_iter03.py,qwen2.5-coder_7b,False,,,False,,
diagnostics.json,experiments/05_choropleth_reliability_benchmark/outputs/runs_iterative_repair/qwen2.5-coder_7b/basic/qwen2.5-coder_7b_basic_C003_static_full_layout_iter03_20260624_231829/diagnostics.json,False,0,,,,False,,,,,3,,diagnostic_json,,basic,,,C003_static_full_layout,,,qwen2.5-coder_7b,1,experiments/05_choropleth_reliability_benchmark/outputs/runs_iterative_repair/qwen2.5-coder_7b/basic/qwen2.5-coder_7b_basic_C003_static_full_layout_iter03_20260624_231829,,experiments/05_choropleth_reliability_benchmark/outputs/generated_code_iterative_repair/qwen2.5-coder_7b/qwen2.5-coder_7b/basic/C003_static_full_layout_basic_iter03.py,qwen2.5-coder_7b,False,,,,False,
map_static.png,experiments/05_choropleth_reliability_benchmark/outputs/runs_iterative_repair/qwen2.5-coder_7b/basic/qwen2.5-coder_7b_basic_C004_missing_crs_repair_iter01_20260624_042521/map_static.png,True,34761,0.0135,255,10.310,True,,,,480,1,,static_png,240.388,basic,0.9896,0.1494,C004_missing_crs_repair,,True,qwen2.5-coder_32b,0,experiments/05_choropleth_reliability_benchmark/outputs/runs_iterative_repair/qwen2.5-coder_7b/basic/qwen2.5-coder_7b_basic_C004_missing_crs_repair_iter01_20260624_042521,0.0333,experiments/05_choropleth_reliability_benchmark/outputs/generated_code_iterative_repair/qwen2.5-coder_32b/qwen2.5-coder_7b/basic/C004_missing_crs_repair_basic_iter01.py,qwen2.5-coder_7b,False,,40,,,640
time_series.png,experiments/05_choropleth_reliability_benchmark/outputs/runs_iterative_repair/qwen2.5-coder_7b/basic/qwen2.5-coder_7b_basic_C004_missing_crs_repair_iter01_20260624_042521/time_series.png,False,0,,,,False,,,,,1,,time_series_png,,basic,,,C004_missing_crs_repair,missing_or_empty,False,qwen2.5-coder_32b,0,experiments/05_choropleth_reliability_benchmark/outputs/runs_iterative_repair/qwen2.5-coder_7b/basic/qwen2.5-coder_7b_basic_C004_missing_crs_repair_iter01_20260624_042521,,experiments/05_choropleth_reliability_benchmark/outputs/generated_code_iterative_repair/qwen2.5-coder_32b/qwen2.5-coder_7b/basic/C004_missing_crs_repair_basic_iter01.py,qwen2.5-coder_7b,False,,,,,
map_interactive.html,experiments/05_choropleth_reliability_benchmark/outputs/runs_iterative_repair/qwen2.5-coder_7b/basic/qwen2.5-coder_7b_basic_C004_missing_crs_repair_iter01_20260624_042521/map_interactive.html,False,0,,,,False,,,,,1,,interactive_html,,basic,,,C004_missing_crs_repair,,,qwen2.5-coder_32b,0,experiments/05_choropleth_reliability_benchmark/outputs/runs_iterative_repair/qwen2.5-coder_7b/basic/qwen2.5-coder_7b_basic_C004_missing_crs_repair_iter01_20260624_042521,,experiments/05_choropleth_reliability_benchmark/outputs/generated_code_iterative_repair/qwen2.5-coder_32b/qwen2.5-coder_7b/basic/C004_missing_crs_repair_basic_iter01.py,qwen2.5-coder_7b,False,,,False,,
diagnostics.json,experiments/05_choropleth_reliability_benchmark/outputs/runs_iterative_repair/qwen2.5-coder_7b/basic/qwen2.5-coder_7b_basic_C004_missing_crs_repair_iter01_20260624_042521/diagnostics.json,True,66,,,,True,,,,,1,,diagnostic_json,,basic,,,C004_missing_crs_repair,,,qwen2.5-coder_32b,0,experiments/05_choropleth_reliability_benchmark/outputs/runs_iterative_repair/qwen2.5-coder_7b/basic/qwen2.5-coder_7b_basic_C004_missing_crs_repair_iter01_20260624_042521,,experiments/05_choropleth_reliability_benchmark/outputs/generated_code_iterative_repair/qwen2.5-coder_32b/qwen2.5-coder_7b/basic/C004_missing_crs_repair_basic_iter01.py,qwen2.5-coder_7b,False,3,,,True,
map_static.png,experiments/05_choropleth_reliability_benchmark/outputs/runs_iterative_repair/qwen2.5-coder_7b/basic/qwen2.5-coder_7b_basic_C004_missing_crs_repair_iter01_20260624_071341/map_static.png,False,0,,,,False,,,,,1,,static_png,,basic,,,C004_missing_crs_repair,missing_or_empty,False,qwen2.5-coder_14b,1,experiments/05_choropleth_reliability_benchmark/outputs/runs_iterative_repair/qwen2.5-coder_7b/basic/qwen2.5-coder_7b_basic_C004_missing_crs_repair_iter01_20260624_071341,,experiments/05_choropleth_reliability_benchmark/outputs/generated_code_iterative_repair/qwen2.5-coder_14b/qwen2.5-coder_7b/basic/C004_missing_crs_repair_basic_iter01.py,qwen2.5-coder_7b,False,,,,,
time_series.png,experiments/05_choropleth_reliability_benchmark/outputs/runs_iterative_repair/qwen2.5-coder_7b/basic/qwen2.5-coder_7b_basic_C004_missing_crs_repair_iter01_20260624_071341/time_series.png,False,0,,,,False,,,,,1,,time_series_png,,basic,,,C004_missing_crs_repair,missing_or_empty,False,qwen2.5-coder_14b,1,experiments/05_choropleth_reliability_benchmark/outputs/runs_iterative_repair/qwen2.5-coder_7b/basic/qwen2.5-coder_7b_basic_C004_missing_crs_repair_iter01_20260624_071341,,experiments/05_choropleth_reliability_benchmark/outputs/generated_code_iterative_repair/qwen2.5-coder_14b/qwen2.5-coder_7b/basic/C004_missing_crs_repair_basic_iter01.py,qwen2.5-coder_7b,False,,,,,
map_interactive.html,experiments/05_choropleth_reliability_benchmark/outputs/runs_iterative_repair/qwen2.5-coder_7b/basic/qwen2.5-coder_7b_basic_C004_missing_crs_repair_iter01_20260624_071341/map_interactive.html,False,0,,,,False,,,,,1,,interactive_html,,basic,,,C004_missing_crs_repair,,,qwen2.5-coder_14b,1,experiments/05_choropleth_reliability_benchmark/outputs/runs_iterative_repair/qwen2.5-coder_7b/basic/qwen2.5-coder_7b_basic_C004_missing_crs_repair_iter01_20260624_071341,,experiments/05_choropleth_reliability_benchmark/outputs/generated_code_iterative_repair/qwen2.5-coder_14b/qwen2.5-coder_7b/basic/C004_missing_crs_repair_basic_iter01.py,qwen2.5-coder_7b,False,,,False,,
diagnostics.json,experiments/05_choropleth_reliability_benchmark/outputs/runs_iterative_repair/qwen2.5-coder_7b/basic/qwen2.5-coder_7b_basic_C004_missing_crs_repair_iter01_20260624_071341/diagnostics.json,False,0,,,,False,,,,,1,,diagnostic_json,,basic,,,C004_missing_crs_repair,,,qwen2.5-coder_14b,1,experiments/05_choropleth_reliability_benchmark/outputs/runs_iterative_repair/qwen2.5-coder_7b/basic/qwen2.5-coder_7b_basic_C004_missing_crs_repair_iter01_20260624_071341,,experiments/05_choropleth_reliability_benchmark/outputs/generated_code_iterative_repair/qwen2.5-coder_14b/qwen2.5-coder_7b/basic/C004_missing_crs_repair_basic_iter01.py,qwen2.5-coder_7b,False,,,,False,
map_static.png,experiments/05_choropleth_reliability_benchmark/outputs/runs_iterative_repair/qwen2.5-coder_7b/basic/qwen2.5-coder_7b_basic_C004_missing_crs_repair_iter01_20260624_072444/map_static.png,False,0,,,,False,,,,,1,,static_png,,basic,,,C004_missing_crs_repair,missing_or_empty,False,qwen2.5-coder_7b,1,experiments/05_choropleth_reliability_benchmark/outputs/runs_iterative_repair/qwen2.5-coder_7b/basic/qwen2.5-coder_7b_basic_C004_missing_crs_repair_iter01_20260624_072444,,experiments/05_choropleth_reliability_benchmark/outputs/generated_code_iterative_repair/qwen2.5-coder_7b/qwen2.5-coder_7b/basic/C004_missing_crs_repair_basic_iter01.py,qwen2.5-coder_7b,False,,,,,
time_series.png,experiments/05_choropleth_reliability_benchmark/outputs/runs_iterative_repair/qwen2.5-coder_7b/basic/qwen2.5-coder_7b_basic_C004_missing_crs_repair_iter01_20260624_072444/time_series.png,False,0,,,,False,,,,,1,,time_series_png,,basic,,,C004_missing_crs_repair,missing_or_empty,False,qwen2.5-coder_7b,1,experiments/05_choropleth_reliability_benchmark/outputs/runs_iterative_repair/qwen2.5-coder_7b/basic/qwen2.5-coder_7b_basic_C004_missing_crs_repair_iter01_20260624_072444,,experiments/05_choropleth_reliability_benchmark/outputs/generated_code_iterative_repair/qwen2.5-coder_7b/qwen2.5-coder_7b/basic/C004_missing_crs_repair_basic_iter01.py,qwen2.5-coder_7b,False,,,,,
map_interactive.html,experiments/05_choropleth_reliability_benchmark/outputs/runs_iterative_repair/qwen2.5-coder_7b/basic/qwen2.5-coder_7b_basic_C004_missing_crs_repair_iter01_20260624_072444/map_interactive.html,False,0,,,,False,,,,,1,,interactive_html,,basic,,,C004_missing_crs_repair,,,qwen2.5-coder_7b,1,experiments/05_choropleth_reliability_benchmark/outputs/runs_iterative_repair/qwen2.5-coder_7b/basic/qwen2.5-coder_7b_basic_C004_missing_crs_repair_iter01_20260624_072444,,experiments/05_choropleth_reliability_benchmark/outputs/generated_code_iterative_repair/qwen2.5-coder_7b/qwen2.5-coder_7b/basic/C004_missing_crs_repair_basic_iter01.py,qwen2.5-coder_7b,False,,,False,,
diagnostics.json,experiments/05_choropleth_reliability_benchmark/outputs/runs_iterative_repair/qwen2.5-coder_7b/basic/qwen2.5-coder_7b_basic_C004_missing_crs_repair_iter01_20260624_072444/diagnostics.json,False,0,,,,False,,,,,1,,diagnostic_json,,basic,,,C004_missing_crs_repair,,,qwen2.5-coder_7b,1,experiments/05_choropleth_reliability_benchmark/outputs/runs_iterative_repair/qwen2.5-coder_7b/basic/qwen2.5-coder_7b_basic_C004_missing_crs_repair_iter01_20260624_072444,,experiments/05_choropleth_reliability_benchmark/outputs/generated_code_iterative_repair/qwen2.5-coder_7b/qwen2.5-coder_7b/basic/C004_missing_crs_repair_basic_iter01.py,qwen2.5-coder_7b,False,,,,False,
map_static.png,experiments/05_choropleth_reliability_benchmark/outputs/runs_iterative_repair/qwen2.5-coder_7b/basic/qwen2.5-coder_7b_basic_C004_missing_crs_repair_iter02_20260624_071401/map_static.png,False,0,,,,False,,,,,2,,static_png,,basic,,,C004_missing_crs_repair,missing_or_empty,False,qwen2.5-coder_14b,1,experiments/05_choropleth_reliability_benchmark/outputs/runs_iterative_repair/qwen2.5-coder_7b/basic/qwen2.5-coder_7b_basic_C004_missing_crs_repair_iter02_20260624_071401,,experiments/05_choropleth_reliability_benchmark/outputs/generated_code_iterative_repair/qwen2.5-coder_14b/qwen2.5-coder_7b/basic/C004_missing_crs_repair_basic_iter02.py,qwen2.5-coder_7b,False,,,,,
time_series.png,experiments/05_choropleth_reliability_benchmark/outputs/runs_iterative_repair/qwen2.5-coder_7b/basic/qwen2.5-coder_7b_basic_C004_missing_crs_repair_iter02_20260624_071401/time_series.png,False,0,,,,False,,,,,2,,time_series_png,,basic,,,C004_missing_crs_repair,missing_or_empty,False,qwen2.5-coder_14b,1,experiments/05_choropleth_reliability_benchmark/outputs/runs_iterative_repair/qwen2.5-coder_7b/basic/qwen2.5-coder_7b_basic_C004_missing_crs_repair_iter02_20260624_071401,,experiments/05_choropleth_reliability_benchmark/outputs/generated_code_iterative_repair/qwen2.5-coder_14b/qwen2.5-coder_7b/basic/C004_missing_crs_repair_basic_iter02.py,qwen2.5-coder_7b,False,,,,,
map_interactive.html,experiments/05_choropleth_reliability_benchmark/outputs/runs_iterative_repair/qwen2.5-coder_7b/basic/qwen2.5-coder_7b_basic_C004_missing_crs_repair_iter02_20260624_071401/map_interactive.html,False,0,,,,False,,,,,2,,interactive_html,,basic,,,C004_missing_crs_repair,,,qwen2.5-coder_14b,1,experiments/05_choropleth_reliability_benchmark/outputs/runs_iterative_repair/qwen2.5-coder_7b/basic/qwen2.5-coder_7b_basic_C004_missing_crs_repair_iter02_20260624_071401,,experiments/05_choropleth_reliability_benchmark/outputs/generated_code_iterative_repair/qwen2.5-coder_14b/qwen2.5-coder_7b/basic/C004_missing_crs_repair_basic_iter02.py,qwen2.5-coder_7b,False,,,False,,
diagnostics.json,experiments/05_choropleth_reliability_benchmark/outputs/runs_iterative_repair/qwen2.5-coder_7b/basic/qwen2.5-coder_7b_basic_C004_missing_crs_repair_iter02_20260624_071401/diagnostics.json,False,0,,,,False,,,,,2,,diagnostic_json,,basic,,,C004_missing_crs_repair,,,qwen2.5-coder_14b,1,experiments/05_choropleth_reliability_benchmark/outputs/runs_iterative_repair/qwen2.5-coder_7b/basic/qwen2.5-coder_7b_basic_C004_missing_crs_repair_iter02_20260624_071401,,experiments/05_choropleth_reliability_benchmark/outputs/generated_code_iterative_repair/qwen2.5-coder_14b/qwen2.5-coder_7b/basic/C004_missing_crs_repair_basic_iter02.py,qwen2.5-coder_7b,False,,,,False,
map_static.png,experiments/05_choropleth_reliability_benchmark/outputs/runs_iterative_repair/qwen2.5-coder_7b/basic/qwen2.5-coder_7b_basic_C004_missing_crs_repair_iter02_20260624_072452/map_static.png,True,34761,0.0135,255,10.310,True,,,,480,2,,static_png,240.388,basic,0.9896,0.1494,C004_missing_crs_repair,,True,qwen2.5-coder_7b,0,experiments/05_choropleth_reliability_benchmark/outputs/runs_iterative_repair/qwen2.5-coder_7b/basic/qwen2.5-coder_7b_basic_C004_missing_crs_repair_iter02_20260624_072452,0.0333,experiments/05_choropleth_reliability_benchmark/outputs/generated_code_iterative_repair/qwen2.5-coder_7b/qwen2.5-coder_7b/basic/C004_missing_crs_repair_basic_iter02.py,qwen2.5-coder_7b,False,,40,,,640
time_series.png,experiments/05_choropleth_reliability_benchmark/outputs/runs_iterative_repair/qwen2.5-coder_7b/basic/qwen2.5-coder_7b_basic_C004_missing_crs_repair_iter02_20260624_072452/time_series.png,False,0,,,,False,,,,,2,,time_series_png,,basic,,,C004_missing_crs_repair,missing_or_empty,False,qwen2.5-coder_7b,0,experiments/05_choropleth_reliability_benchmark/outputs/runs_iterative_repair/qwen2.5-coder_7b/basic/qwen2.5-coder_7b_basic_C004_missing_crs_repair_iter02_20260624_072452,,experiments/05_choropleth_reliability_benchmark/outputs/generated_code_iterative_repair/qwen2.5-coder_7b/qwen2.5-coder_7b/basic/C004_missing_crs_repair_basic_iter02.py,qwen2.5-coder_7b,False,,,,,
map_interactive.html,experiments/05_choropleth_reliability_benchmark/outputs/runs_iterative_repair/qwen2.5-coder_7b/basic/qwen2.5-coder_7b_basic_C004_missing_crs_repair_iter02_20260624_072452/map_interactive.html,False,0,,,,False,,,,,2,,interactive_html,,basic,,,C004_missing_crs_repair,,,qwen2.5-coder_7b,0,experiments/05_choropleth_reliability_benchmark/outputs/runs_iterative_repair/qwen2.5-coder_7b/basic/qwen2.5-coder_7b_basic_C004_missing_crs_repair_iter02_20260624_072452,,experiments/05_choropleth_reliability_benchmark/outputs/generated_code_iterative_repair/qwen2.5-coder_7b/qwen2.5-coder_7b/basic/C004_missing_crs_repair_basic_iter02.py,qwen2.5-coder_7b,False,,,False,,
diagnostics.json,experiments/05_choropleth_reliability_benchmark/outputs/runs_iterative_repair/qwen2.5-coder_7b/basic/qwen2.5-coder_7b_basic_C004_missing_crs_repair_iter02_20260624_072452/diagnostics.json,True,66,,,,True,,,,,2,,diagnostic_json,,basic,,,C004_missing_crs_repair,,,qwen2.5-coder_7b,0,experiments/05_choropleth_reliability_benchmark/outputs/runs_iterative_repair/qwen2.5-coder_7b/basic/qwen2.5-coder_7b_basic_C004_missing_crs_repair_iter02_20260624_072452,,experiments/05_choropleth_reliability_benchmark/outputs/generated_code_iterative_repair/qwen2.5-coder_7b/qwen2.5-coder_7b/basic/C004_missing_crs_repair_basic_iter02.py,qwen2.5-coder_7b,False,3,,,True,
map_static.png,experiments/05_choropleth_reliability_benchmark/outputs/runs_iterative_repair/qwen2.5-coder_7b/basic/qwen2.5-coder_7b_basic_C004_missing_crs_repair_iter02_20260625_001508/map_static.png,True,34460,0.0133,255,10.244,True,,,,480,2,,static_png,240.427,basic,0.9897,0.1492,C004_missing_crs_repair,,True,deepseek-coder_6.7b,0,experiments/05_choropleth_reliability_benchmark/outputs/runs_iterative_repair/qwen2.5-coder_7b/basic/qwen2.5-coder_7b_basic_C004_missing_crs_repair_iter02_20260625_001508,0.0333,experiments/05_choropleth_reliability_benchmark/outputs/generated_code_iterative_repair/deepseek-coder_6.7b/qwen2.5-coder_7b/basic/C004_missing_crs_repair_basic_iter02.py,qwen2.5-coder_7b,False,,40,,,640
time_series.png,experiments/05_choropleth_reliability_benchmark/outputs/runs_iterative_repair/qwen2.5-coder_7b/basic/qwen2.5-coder_7b_basic_C004_missing_crs_repair_iter02_20260625_001508/time_series.png,False,0,,,,False,,,,,2,,time_series_png,,basic,,,C004_missing_crs_repair,missing_or_empty,False,deepseek-coder_6.7b,0,experiments/05_choropleth_reliability_benchmark/outputs/runs_iterative_repair/qwen2.5-coder_7b/basic/qwen2.5-coder_7b_basic_C004_missing_crs_repair_iter02_20260625_001508,,experiments/05_choropleth_reliability_benchmark/outputs/generated_code_iterative_repair/deepseek-coder_6.7b/qwen2.5-coder_7b/basic/C004_missing_crs_repair_basic_iter02.py,qwen2.5-coder_7b,False,,,,,
map_interactive.html,experiments/05_choropleth_reliability_benchmark/outputs/runs_iterative_repair/qwen2.5-coder_7b/basic/qwen2.5-coder_7b_basic_C004_missing_crs_repair_iter02_20260625_001508/map_interactive.html,False,0,,,,False,,,,,2,,interactive_html,,basic,,,C004_missing_crs_repair,,,deepseek-coder_6.7b,0,experiments/05_choropleth_reliability_benchmark/outputs/runs_iterative_repair/qwen2.5-coder_7b/basic/qwen2.5-coder_7b_basic_C004_missing_crs_repair_iter02_20260625_001508,,experiments/05_choropleth_reliability_benchmark/outputs/generated_code_iterative_repair/deepseek-coder_6.7b/qwen2.5-coder_7b/basic/C004_missing_crs_repair_basic_iter02.py,qwen2.5-coder_7b,False,,,False,,
diagnostics.json,experiments/05_choropleth_reliability_benchmark/outputs/runs_iterative_repair/qwen2.5-coder_7b/basic/qwen2.5-coder_7b_basic_C004_missing_crs_repair_iter02_20260625_001508/diagnostics.json,True,66,,,,True,,,,,2,,diagnostic_json,,basic,,,C004_missing_crs_repair,,,deepseek-coder_6.7b,0,experiments/05_choropleth_reliability_benchmark/outputs/runs_iterative_repair/qwen2.5-coder_7b/basic/qwen2.5-coder_7b_basic_C004_missing_crs_repair_iter02_20260625_001508,,experiments/05_choropleth_reliability_benchmark/outputs/generated_code_iterative_repair/deepseek-coder_6.7b/qwen2.5-coder_7b/basic/C004_missing_crs_repair_basic_iter02.py,qwen2.5-coder_7b,False,3,,,True,
map_static.png,experiments/05_choropleth_reliability_benchmark/outputs/runs_iterative_repair/qwen2.5-coder_7b/basic/qwen2.5-coder_7b_basic_C004_missing_crs_repair_iter03_20260624_233410/map_static.png,False,0,,,,False,,,,,3,,static_png,,basic,,,C004_missing_crs_repair,missing_or_empty,False,qwen2.5-coder_14b,1,experiments/05_choropleth_reliability_benchmark/outputs/runs_iterative_repair/qwen2.5-coder_7b/basic/qwen2.5-coder_7b_basic_C004_missing_crs_repair_iter03_20260624_233410,,experiments/05_choropleth_reliability_benchmark/outputs/generated_code_iterative_repair/qwen2.5-coder_14b/qwen2.5-coder_7b/basic/C004_missing_crs_repair_basic_iter03.py,qwen2.5-coder_7b,False,,,,,
time_series.png,experiments/05_choropleth_reliability_benchmark/outputs/runs_iterative_repair/qwen2.5-coder_7b/basic/qwen2.5-coder_7b_basic_C004_missing_crs_repair_iter03_20260624_233410/time_series.png,False,0,,,,False,,,,,3,,time_series_png,,basic,,,C004_missing_crs_repair,missing_or_empty,False,qwen2.5-coder_14b,1,experiments/05_choropleth_reliability_benchmark/outputs/runs_iterative_repair/qwen2.5-coder_7b/basic/qwen2.5-coder_7b_basic_C004_missing_crs_repair_iter03_20260624_233410,,experiments/05_choropleth_reliability_benchmark/outputs/generated_code_iterative_repair/qwen2.5-coder_14b/qwen2.5-coder_7b/basic/C004_missing_crs_repair_basic_iter03.py,qwen2.5-coder_7b,False,,,,,
map_interactive.html,experiments/05_choropleth_reliability_benchmark/outputs/runs_iterative_repair/qwen2.5-coder_7b/basic/qwen2.5-coder_7b_basic_C004_missing_crs_repair_iter03_20260624_233410/map_interactive.html,False,0,,,,False,,,,,3,,interactive_html,,basic,,,C004_missing_crs_repair,,,qwen2.5-coder_14b,1,experiments/05_choropleth_reliability_benchmark/outputs/runs_iterative_repair/qwen2.5-coder_7b/basic/qwen2.5-coder_7b_basic_C004_missing_crs_repair_iter03_20260624_233410,,experiments/05_choropleth_reliability_benchmark/outputs/generated_code_iterative_repair/qwen2.5-coder_14b/qwen2.5-coder_7b/basic/C004_missing_crs_repair_basic_iter03.py,qwen2.5-coder_7b,False,,,False,,
diagnostics.json,experiments/05_choropleth_reliability_benchmark/outputs/runs_iterative_repair/qwen2.5-coder_7b/basic/qwen2.5-coder_7b_basic_C004_missing_crs_repair_iter03_20260624_233410/diagnostics.json,False,0,,,,False,,,,,3,,diagnostic_json,,basic,,,C004_missing_crs_repair,,,qwen2.5-coder_14b,1,experiments/05_choropleth_reliability_benchmark/outputs/runs_iterative_repair/qwen2.5-coder_7b/basic/qwen2.5-coder_7b_basic_C004_missing_crs_repair_iter03_20260624_233410,,experiments/05_choropleth_reliability_benchmark/outputs/generated_code_iterative_repair/qwen2.5-coder_14b/qwen2.5-coder_7b/basic/C004_missing_crs_repair_basic_iter03.py,qwen2.5-coder_7b,False,,,,False,
map_static.png,experiments/05_choropleth_reliability_benchmark/outputs/runs_iterative_repair/qwen2.5-coder_7b/basic/qwen2.5-coder_7b_basic_C005_geometry_repair_iter01_20260624_042553/map_static.png,True,39513,0.0427,255,11.304,True,,,,480,1,,static_png,230.762,basic,0.9778,0.1553,C005_geometry_repair,,True,qwen2.5-coder_32b,0,experiments/05_choropleth_reliability_benchmark/outputs/runs_iterative_repair/qwen2.5-coder_7b/basic/qwen2.5-coder_7b_basic_C005_geometry_repair_iter01_20260624_042553,0.1101,experiments/05_choropleth_reliability_benchmark/outputs/generated_code_iterative_repair/qwen2.5-coder_32b/qwen2.5-coder_7b/basic/C005_geometry_repair_basic_iter01.py,qwen2.5-coder_7b,False,,65,,,640
time_series.png,experiments/05_choropleth_reliability_benchmark/outputs/runs_iterative_repair/qwen2.5-coder_7b/basic/qwen2.5-coder_7b_basic_C005_geometry_repair_iter01_20260624_042553/time_series.png,False,0,,,,False,,,,,1,,time_series_png,,basic,,,C005_geometry_repair,missing_or_empty,False,qwen2.5-coder_32b,0,experiments/05_choropleth_reliability_benchmark/outputs/runs_iterative_repair/qwen2.5-coder_7b/basic/qwen2.5-coder_7b_basic_C005_geometry_repair_iter01_20260624_042553,,experiments/05_choropleth_reliability_benchmark/outputs/generated_code_iterative_repair/qwen2.5-coder_32b/qwen2.5-coder_7b/basic/C005_geometry_repair_basic_iter01.py,qwen2.5-coder_7b,False,,,,,
map_interactive.html,experiments/05_choropleth_reliability_benchmark/outputs/runs_iterative_repair/qwen2.5-coder_7b/basic/qwen2.5-coder_7b_basic_C005_geometry_repair_iter01_20260624_042553/map_interactive.html,False,0,,,,False,,,,,1,,interactive_html,,basic,,,C005_geometry_repair,,,qwen2.5-coder_32b,0,experiments/05_choropleth_reliability_benchmark/outputs/runs_iterative_repair/qwen2.5-coder_7b/basic/qwen2.5-coder_7b_basic_C005_geometry_repair_iter01_20260624_042553,,experiments/05_choropleth_reliability_benchmark/outputs/generated_code_iterative_repair/qwen2.5-coder_32b/qwen2.5-coder_7b/basic/C005_geometry_repair_basic_iter01.py,qwen2.5-coder_7b,False,,,False,,
diagnostics.json,experiments/05_choropleth_reliability_benchmark/outputs/runs_iterative_repair/qwen2.5-coder_7b/basic/qwen2.5-coder_7b_basic_C005_geometry_repair_iter01_20260624_042553/diagnostics.json,True,77,,,,True,,,,,1,,diagnostic_json,,basic,,,C005_geometry_repair,,,qwen2.5-coder_32b,0,experiments/05_choropleth_reliability_benchmark/outputs/runs_iterative_repair/qwen2.5-coder_7b/basic/qwen2.5-coder_7b_basic_C005_geometry_repair_iter01_20260624_042553,,experiments/05_choropleth_reliability_benchmark/outputs/generated_code_iterative_repair/qwen2.5-coder_32b/qwen2.5-coder_7b/basic/C005_geometry_repair_basic_iter01.py,qwen2.5-coder_7b,False,2,,,True,
map_static.png,experiments/05_choropleth_reliability_benchmark/outputs/runs_iterative_repair/qwen2.5-coder_7b/basic/qwen2.5-coder_7b_basic_C005_geometry_repair_iter01_20260624_230940/map_static.png,False,0,,,,False,,,,,1,,static_png,,basic,,,C005_geometry_repair,missing_or_empty,False,qwen2.5-coder_7b,1,experiments/05_choropleth_reliability_benchmark/outputs/runs_iterative_repair/qwen2.5-coder_7b/basic/qwen2.5-coder_7b_basic_C005_geometry_repair_iter01_20260624_230940,,experiments/05_choropleth_reliability_benchmark/outputs/generated_code_iterative_repair/qwen2.5-coder_7b/qwen2.5-coder_7b/basic/C005_geometry_repair_basic_iter01.py,qwen2.5-coder_7b,False,,,,,
time_series.png,experiments/05_choropleth_reliability_benchmark/outputs/runs_iterative_repair/qwen2.5-coder_7b/basic/qwen2.5-coder_7b_basic_C005_geometry_repair_iter01_20260624_230940/time_series.png,False,0,,,,False,,,,,1,,time_series_png,,basic,,,C005_geometry_repair,missing_or_empty,False,qwen2.5-coder_7b,1,experiments/05_choropleth_reliability_benchmark/outputs/runs_iterative_repair/qwen2.5-coder_7b/basic/qwen2.5-coder_7b_basic_C005_geometry_repair_iter01_20260624_230940,,experiments/05_choropleth_reliability_benchmark/outputs/generated_code_iterative_repair/qwen2.5-coder_7b/qwen2.5-coder_7b/basic/C005_geometry_repair_basic_iter01.py,qwen2.5-coder_7b,False,,,,,
map_interactive.html,experiments/05_choropleth_reliability_benchmark/outputs/runs_iterative_repair/qwen2.5-coder_7b/basic/qwen2.5-coder_7b_basic_C005_geometry_repair_iter01_20260624_230940/map_interactive.html,False,0,,,,False,,,,,1,,interactive_html,,basic,,,C005_geometry_repair,,,qwen2.5-coder_7b,1,experiments/05_choropleth_reliability_benchmark/outputs/runs_iterative_repair/qwen2.5-coder_7b/basic/qwen2.5-coder_7b_basic_C005_geometry_repair_iter01_20260624_230940,,experiments/05_choropleth_reliability_benchmark/outputs/generated_code_iterative_repair/qwen2.5-coder_7b/qwen2.5-coder_7b/basic/C005_geometry_repair_basic_iter01.py,qwen2.5-coder_7b,False,,,False,,
diagnostics.json,experiments/05_choropleth_reliability_benchmark/outputs/runs_iterative_repair/qwen2.5-coder_7b/basic/qwen2.5-coder_7b_basic_C005_geometry_repair_iter01_20260624_230940/diagnostics.json,False,0,,,,False,,,,,1,,diagnostic_json,,basic,,,C005_geometry_repair,,,qwen2.5-coder_7b,1,experiments/05_choropleth_reliability_benchmark/outputs/runs_iterative_repair/qwen2.5-coder_7b/basic/qwen2.5-coder_7b_basic_C005_geometry_repair_iter01_20260624_230940,,experiments/05_choropleth_reliability_benchmark/outputs/generated_code_iterative_repair/qwen2.5-coder_7b/qwen2.5-coder_7b/basic/C005_geometry_repair_basic_iter01.py,qwen2.5-coder_7b,False,,,,False,
map_static.png,experiments/05_choropleth_reliability_benchmark/outputs/runs_iterative_repair/qwen2.5-coder_7b/basic/qwen2.5-coder_7b_basic_C005_geometry_repair_iter01_20260624_233429/map_static.png,False,0,,,,False,,,,,1,,static_png,,basic,,,C005_geometry_repair,missing_or_empty,False,qwen2.5-coder_14b,1,experiments/05_choropleth_reliability_benchmark/outputs/runs_iterative_repair/qwen2.5-coder_7b/basic/qwen2.5-coder_7b_basic_C005_geometry_repair_iter01_20260624_233429,,experiments/05_choropleth_reliability_benchmark/outputs/generated_code_iterative_repair/qwen2.5-coder_14b/qwen2.5-coder_7b/basic/C005_geometry_repair_basic_iter01.py,qwen2.5-coder_7b,False,,,,,
time_series.png,experiments/05_choropleth_reliability_benchmark/outputs/runs_iterative_repair/qwen2.5-coder_7b/basic/qwen2.5-coder_7b_basic_C005_geometry_repair_iter01_20260624_233429/time_series.png,False,0,,,,False,,,,,1,,time_series_png,,basic,,,C005_geometry_repair,missing_or_empty,False,qwen2.5-coder_14b,1,experiments/05_choropleth_reliability_benchmark/outputs/runs_iterative_repair/qwen2.5-coder_7b/basic/qwen2.5-coder_7b_basic_C005_geometry_repair_iter01_20260624_233429,,experiments/05_choropleth_reliability_benchmark/outputs/generated_code_iterative_repair/qwen2.5-coder_14b/qwen2.5-coder_7b/basic/C005_geometry_repair_basic_iter01.py,qwen2.5-coder_7b,False,,,,,
map_interactive.html,experiments/05_choropleth_reliability_benchmark/outputs/runs_iterative_repair/qwen2.5-coder_7b/basic/qwen2.5-coder_7b_basic_C005_geometry_repair_iter01_20260624_233429/map_interactive.html,False,0,,,,False,,,,,1,,interactive_html,,basic,,,C005_geometry_repair,,,qwen2.5-coder_14b,1,experiments/05_choropleth_reliability_benchmark/outputs/runs_iterative_repair/qwen2.5-coder_7b/basic/qwen2.5-coder_7b_basic_C005_geometry_repair_iter01_20260624_233429,,experiments/05_choropleth_reliability_benchmark/outputs/generated_code_iterative_repair/qwen2.5-coder_14b/qwen2.5-coder_7b/basic/C005_geometry_repair_basic_iter01.py,qwen2.5-coder_7b,False,,,False,,
diagnostics.json,experiments/05_choropleth_reliability_benchmark/outputs/runs_iterative_repair/qwen2.5-coder_7b/basic/qwen2.5-coder_7b_basic_C005_geometry_repair_iter01_20260624_233429/diagnostics.json,False,0,,,,False,,,,,1,,diagnostic_json,,basic,,,C005_geometry_repair,,,qwen2.5-coder_14b,1,experiments/05_choropleth_reliability_benchmark/outputs/runs_iterative_repair/qwen2.5-coder_7b/basic/qwen2.5-coder_7b_basic_C005_geometry_repair_iter01_20260624_233429,,experiments/05_choropleth_reliability_benchmark/outputs/generated_code_iterative_repair/qwen2.5-coder_14b/qwen2.5-coder_7b/basic/C005_geometry_repair_basic_iter01.py,qwen2.5-coder_7b,False,,,,False,
map_static.png,experiments/05_choropleth_reliability_benchmark/outputs/runs_iterative_repair/qwen2.5-coder_7b/basic/qwen2.5-coder_7b_basic_C005_geometry_repair_iter02_20260624_230949/map_static.png,False,0,,,,False,,,,,2,,static_png,,basic,,,C005_geometry_repair,missing_or_empty,False,qwen2.5-coder_7b,1,experiments/05_choropleth_reliability_benchmark/outputs/runs_iterative_repair/qwen2.5-coder_7b/basic/qwen2.5-coder_7b_basic_C005_geometry_repair_iter02_20260624_230949,,experiments/05_choropleth_reliability_benchmark/outputs/generated_code_iterative_repair/qwen2.5-coder_7b/qwen2.5-coder_7b/basic/C005_geometry_repair_basic_iter02.py,qwen2.5-coder_7b,False,,,,,
time_series.png,experiments/05_choropleth_reliability_benchmark/outputs/runs_iterative_repair/qwen2.5-coder_7b/basic/qwen2.5-coder_7b_basic_C005_geometry_repair_iter02_20260624_230949/time_series.png,False,0,,,,False,,,,,2,,time_series_png,,basic,,,C005_geometry_repair,missing_or_empty,False,qwen2.5-coder_7b,1,experiments/05_choropleth_reliability_benchmark/outputs/runs_iterative_repair/qwen2.5-coder_7b/basic/qwen2.5-coder_7b_basic_C005_geometry_repair_iter02_20260624_230949,,experiments/05_choropleth_reliability_benchmark/outputs/generated_code_iterative_repair/qwen2.5-coder_7b/qwen2.5-coder_7b/basic/C005_geometry_repair_basic_iter02.py,qwen2.5-coder_7b,False,,,,,
map_interactive.html,experiments/05_choropleth_reliability_benchmark/outputs/runs_iterative_repair/qwen2.5-coder_7b/basic/qwen2.5-coder_7b_basic_C005_geometry_repair_iter02_20260624_230949/map_interactive.html,False,0,,,,False,,,,,2,,interactive_html,,basic,,,C005_geometry_repair,,,qwen2.5-coder_7b,1,experiments/05_choropleth_reliability_benchmark/outputs/runs_iterative_repair/qwen2.5-coder_7b/basic/qwen2.5-coder_7b_basic_C005_geometry_repair_iter02_20260624_230949,,experiments/05_choropleth_reliability_benchmark/outputs/generated_code_iterative_repair/qwen2.5-coder_7b/qwen2.5-coder_7b/basic/C005_geometry_repair_basic_iter02.py,qwen2.5-coder_7b,False,,,False,,
diagnostics.json,experiments/05_choropleth_reliability_benchmark/outputs/runs_iterative_repair/qwen2.5-coder_7b/basic/qwen2.5-coder_7b_basic_C005_geometry_repair_iter02_20260624_230949/diagnostics.json,False,0,,,,False,,,,,2,,diagnostic_json,,basic,,,C005_geometry_repair,,,qwen2.5-coder_7b,1,experiments/05_choropleth_reliability_benchmark/outputs/runs_iterative_repair/qwen2.5-coder_7b/basic/qwen2.5-coder_7b_basic_C005_geometry_repair_iter02_20260624_230949,,experiments/05_choropleth_reliability_benchmark/outputs/generated_code_iterative_repair/qwen2.5-coder_7b/qwen2.5-coder_7b/basic/C005_geometry_repair_basic_iter02.py,qwen2.5-coder_7b,False,,,,False,
map_static.png,experiments/05_choropleth_reliability_benchmark/outputs/runs_iterative_repair/qwen2.5-coder_7b/basic/qwen2.5-coder_7b_basic_C005_geometry_repair_iter02_20260624_233450/map_static.png,False,0,,,,False,,,,,2,,static_png,,basic,,,C005_geometry_repair,missing_or_empty,False,qwen2.5-coder_14b,1,experiments/05_choropleth_reliability_benchmark/outputs/runs_iterative_repair/qwen2.5-coder_7b/basic/qwen2.5-coder_7b_basic_C005_geometry_repair_iter02_20260624_233450,,experiments/05_choropleth_reliability_benchmark/outputs/generated_code_iterative_repair/qwen2.5-coder_14b/qwen2.5-coder_7b/basic/C005_geometry_repair_basic_iter02.py,qwen2.5-coder_7b,False,,,,,
time_series.png,experiments/05_choropleth_reliability_benchmark/outputs/runs_iterative_repair/qwen2.5-coder_7b/basic/qwen2.5-coder_7b_basic_C005_geometry_repair_iter02_20260624_233450/time_series.png,False,0,,,,False,,,,,2,,time_series_png,,basic,,,C005_geometry_repair,missing_or_empty,False,qwen2.5-coder_14b,1,experiments/05_choropleth_reliability_benchmark/outputs/runs_iterative_repair/qwen2.5-coder_7b/basic/qwen2.5-coder_7b_basic_C005_geometry_repair_iter02_20260624_233450,,experiments/05_choropleth_reliability_benchmark/outputs/generated_code_iterative_repair/qwen2.5-coder_14b/qwen2.5-coder_7b/basic/C005_geometry_repair_basic_iter02.py,qwen2.5-coder_7b,False,,,,,
map_interactive.html,experiments/05_choropleth_reliability_benchmark/outputs/runs_iterative_repair/qwen2.5-coder_7b/basic/qwen2.5-coder_7b_basic_C005_geometry_repair_iter02_20260624_233450/map_interactive.html,False,0,,,,False,,,,,2,,interactive_html,,basic,,,C005_geometry_repair,,,qwen2.5-coder_14b,1,experiments/05_choropleth_reliability_benchmark/outputs/runs_iterative_repair/qwen2.5-coder_7b/basic/qwen2.5-coder_7b_basic_C005_geometry_repair_iter02_20260624_233450,,experiments/05_choropleth_reliability_benchmark/outputs/generated_code_iterative_repair/qwen2.5-coder_14b/qwen2.5-coder_7b/basic/C005_geometry_repair_basic_iter02.py,qwen2.5-coder_7b,False,,,False,,
diagnostics.json,experiments/05_choropleth_reliability_benchmark/outputs/runs_iterative_repair/qwen2.5-coder_7b/basic/qwen2.5-coder_7b_basic_C005_geometry_repair_iter02_20260624_233450/diagnostics.json,False,0,,,,False,,,,,2,,diagnostic_json,,basic,,,C005_geometry_repair,,,qwen2.5-coder_14b,1,experiments/05_choropleth_reliability_benchmark/outputs/runs_iterative_repair/qwen2.5-coder_7b/basic/qwen2.5-coder_7b_basic_C005_geometry_repair_iter02_20260624_233450,,experiments/05_choropleth_reliability_benchmark/outputs/generated_code_iterative_repair/qwen2.5-coder_14b/qwen2.5-coder_7b/basic/C005_geometry_repair_basic_iter02.py,qwen2.5-coder_7b,False,,,,False,
map_static.png,experiments/05_choropleth_reliability_benchmark/outputs/runs_iterative_repair/qwen2.5-coder_7b/basic/qwen2.5-coder_7b_basic_C005_geometry_repair_iter03_20260624_230957/map_static.png,False,0,,,,False,,,,,3,,static_png,,basic,,,C005_geometry_repair,missing_or_empty,False,qwen2.5-coder_7b,1,experiments/05_choropleth_reliability_benchmark/outputs/runs_iterative_repair/qwen2.5-coder_7b/basic/qwen2.5-coder_7b_basic_C005_geometry_repair_iter03_20260624_230957,,experiments/05_choropleth_reliability_benchmark/outputs/generated_code_iterative_repair/qwen2.5-coder_7b/qwen2.5-coder_7b/basic/C005_geometry_repair_basic_iter03.py,qwen2.5-coder_7b,False,,,,,
time_series.png,experiments/05_choropleth_reliability_benchmark/outputs/runs_iterative_repair/qwen2.5-coder_7b/basic/qwen2.5-coder_7b_basic_C005_geometry_repair_iter03_20260624_230957/time_series.png,False,0,,,,False,,,,,3,,time_series_png,,basic,,,C005_geometry_repair,missing_or_empty,False,qwen2.5-coder_7b,1,experiments/05_choropleth_reliability_benchmark/outputs/runs_iterative_repair/qwen2.5-coder_7b/basic/qwen2.5-coder_7b_basic_C005_geometry_repair_iter03_20260624_230957,,experiments/05_choropleth_reliability_benchmark/outputs/generated_code_iterative_repair/qwen2.5-coder_7b/qwen2.5-coder_7b/basic/C005_geometry_repair_basic_iter03.py,qwen2.5-coder_7b,False,,,,,
map_interactive.html,experiments/05_choropleth_reliability_benchmark/outputs/runs_iterative_repair/qwen2.5-coder_7b/basic/qwen2.5-coder_7b_basic_C005_geometry_repair_iter03_20260624_230957/map_interactive.html,False,0,,,,False,,,,,3,,interactive_html,,basic,,,C005_geometry_repair,,,qwen2.5-coder_7b,1,experiments/05_choropleth_reliability_benchmark/outputs/runs_iterative_repair/qwen2.5-coder_7b/basic/qwen2.5-coder_7b_basic_C005_geometry_repair_iter03_20260624_230957,,experiments/05_choropleth_reliability_benchmark/outputs/generated_code_iterative_repair/qwen2.5-coder_7b/qwen2.5-coder_7b/basic/C005_geometry_repair_basic_iter03.py,qwen2.5-coder_7b,False,,,False,,
diagnostics.json,experiments/05_choropleth_reliability_benchmark/outputs/runs_iterative_repair/qwen2.5-coder_7b/basic/qwen2.5-coder_7b_basic_C005_geometry_repair_iter03_20260624_230957/diagnostics.json,False,0,,,,False,,,,,3,,diagnostic_json,,basic,,,C005_geometry_repair,,,qwen2.5-coder_7b,1,experiments/05_choropleth_reliability_benchmark/outputs/runs_iterative_repair/qwen2.5-coder_7b/basic/qwen2.5-coder_7b_basic_C005_geometry_repair_iter03_20260624_230957,,experiments/05_choropleth_reliability_benchmark/outputs/generated_code_iterative_repair/qwen2.5-coder_7b/qwen2.5-coder_7b/basic/C005_geometry_repair_basic_iter03.py,qwen2.5-coder_7b,False,,,,False,
map_static.png,experiments/05_choropleth_reliability_benchmark/outputs/runs_iterative_repair/qwen2.5-coder_7b/basic/qwen2.5-coder_7b_basic_C005_geometry_repair_iter03_20260624_233511/map_static.png,False,0,,,,False,,,,,3,,static_png,,basic,,,C005_geometry_repair,missing_or_empty,False,qwen2.5-coder_14b,1,experiments/05_choropleth_reliability_benchmark/outputs/runs_iterative_repair/qwen2.5-coder_7b/basic/qwen2.5-coder_7b_basic_C005_geometry_repair_iter03_20260624_233511,,experiments/05_choropleth_reliability_benchmark/outputs/generated_code_iterative_repair/qwen2.5-coder_14b/qwen2.5-coder_7b/basic/C005_geometry_repair_basic_iter03.py,qwen2.5-coder_7b,False,,,,,
time_series.png,experiments/05_choropleth_reliability_benchmark/outputs/runs_iterative_repair/qwen2.5-coder_7b/basic/qwen2.5-coder_7b_basic_C005_geometry_repair_iter03_20260624_233511/time_series.png,False,0,,,,False,,,,,3,,time_series_png,,basic,,,C005_geometry_repair,missing_or_empty,False,qwen2.5-coder_14b,1,experiments/05_choropleth_reliability_benchmark/outputs/runs_iterative_repair/qwen2.5-coder_7b/basic/qwen2.5-coder_7b_basic_C005_geometry_repair_iter03_20260624_233511,,experiments/05_choropleth_reliability_benchmark/outputs/generated_code_iterative_repair/qwen2.5-coder_14b/qwen2.5-coder_7b/basic/C005_geometry_repair_basic_iter03.py,qwen2.5-coder_7b,False,,,,,
map_interactive.html,experiments/05_choropleth_reliability_benchmark/outputs/runs_iterative_repair/qwen2.5-coder_7b/basic/qwen2.5-coder_7b_basic_C005_geometry_repair_iter03_20260624_233511/map_interactive.html,False,0,,,,False,,,,,3,,interactive_html,,basic,,,C005_geometry_repair,,,qwen2.5-coder_14b,1,experiments/05_choropleth_reliability_benchmark/outputs/runs_iterative_repair/qwen2.5-coder_7b/basic/qwen2.5-coder_7b_basic_C005_geometry_repair_iter03_20260624_233511,,experiments/05_choropleth_reliability_benchmark/outputs/generated_code_iterative_repair/qwen2.5-coder_14b/qwen2.5-coder_7b/basic/C005_geometry_repair_basic_iter03.py,qwen2.5-coder_7b,False,,,False,,
diagnostics.json,experiments/05_choropleth_reliability_benchmark/outputs/runs_iterative_repair/qwen2.5-coder_7b/basic/qwen2.5-coder_7b_basic_C005_geometry_repair_iter03_20260624_233511/diagnostics.json,False,0,,,,False,,,,,3,,diagnostic_json,,basic,,,C005_geometry_repair,,,qwen2.5-coder_14b,1,experiments/05_choropleth_reliability_benchmark/outputs/runs_iterative_repair/qwen2.5-coder_7b/basic/qwen2.5-coder_7b_basic_C005_geometry_repair_iter03_20260624_233511,,experiments/05_choropleth_reliability_benchmark/outputs/generated_code_iterative_repair/qwen2.5-coder_14b/qwen2.5-coder_7b/basic/C005_geometry_repair_basic_iter03.py,qwen2.5-coder_7b,False,,,,False,
map_static.png,experiments/05_choropleth_reliability_benchmark/outputs/runs_iterative_repair/qwen2.5-coder_7b/basic/qwen2.5-coder_7b_basic_C006_join_diagnostics_iter01_20260624_045203/map_static.png,False,0,,,,False,,,,,1,,static_png,,basic,,,C006_join_diagnostics,missing_or_empty,False,qwen2.5-coder_32b,1,experiments/05_choropleth_reliability_benchmark/outputs/runs_iterative_repair/qwen2.5-coder_7b/basic/qwen2.5-coder_7b_basic_C006_join_diagnostics_iter01_20260624_045203,,experiments/05_choropleth_reliability_benchmark/outputs/generated_code_iterative_repair/qwen2.5-coder_32b/qwen2.5-coder_7b/basic/C006_join_diagnostics_basic_iter01.py,qwen2.5-coder_7b,False,,,,,
time_series.png,experiments/05_choropleth_reliability_benchmark/outputs/runs_iterative_repair/qwen2.5-coder_7b/basic/qwen2.5-coder_7b_basic_C006_join_diagnostics_iter01_20260624_045203/time_series.png,False,0,,,,False,,,,,1,,time_series_png,,basic,,,C006_join_diagnostics,missing_or_empty,False,qwen2.5-coder_32b,1,experiments/05_choropleth_reliability_benchmark/outputs/runs_iterative_repair/qwen2.5-coder_7b/basic/qwen2.5-coder_7b_basic_C006_join_diagnostics_iter01_20260624_045203,,experiments/05_choropleth_reliability_benchmark/outputs/generated_code_iterative_repair/qwen2.5-coder_32b/qwen2.5-coder_7b/basic/C006_join_diagnostics_basic_iter01.py,qwen2.5-coder_7b,False,,,,,
map_interactive.html,experiments/05_choropleth_reliability_benchmark/outputs/runs_iterative_repair/qwen2.5-coder_7b/basic/qwen2.5-coder_7b_basic_C006_join_diagnostics_iter01_20260624_045203/map_interactive.html,False,0,,,,False,,,,,1,,interactive_html,,basic,,,C006_join_diagnostics,,,qwen2.5-coder_32b,1,experiments/05_choropleth_reliability_benchmark/outputs/runs_iterative_repair/qwen2.5-coder_7b/basic/qwen2.5-coder_7b_basic_C006_join_diagnostics_iter01_20260624_045203,,experiments/05_choropleth_reliability_benchmark/outputs/generated_code_iterative_repair/qwen2.5-coder_32b/qwen2.5-coder_7b/basic/C006_join_diagnostics_basic_iter01.py,qwen2.5-coder_7b,False,,,False,,
diagnostics.json,experiments/05_choropleth_reliability_benchmark/outputs/runs_iterative_repair/qwen2.5-coder_7b/basic/qwen2.5-coder_7b_basic_C006_join_diagnostics_iter01_20260624_045203/diagnostics.json,False,0,,,,False,,,,,1,,diagnostic_json,,basic,,,C006_join_diagnostics,,,qwen2.5-coder_32b,1,experiments/05_choropleth_reliability_benchmark/outputs/runs_iterative_repair/qwen2.5-coder_7b/basic/qwen2.5-coder_7b_basic_C006_join_diagnostics_iter01_20260624_045203,,experiments/05_choropleth_reliability_benchmark/outputs/generated_code_iterative_repair/qwen2.5-coder_32b/qwen2.5-coder_7b/basic/C006_join_diagnostics_basic_iter01.py,qwen2.5-coder_7b,False,,,,False,
map_static.png,experiments/05_choropleth_reliability_benchmark/outputs/runs_iterative_repair/qwen2.5-coder_7b/basic/qwen2.5-coder_7b_basic_C006_join_diagnostics_iter01_20260624_231840/map_static.png,False,0,,,,False,,,,,1,,static_png,,basic,,,C006_join_diagnostics,missing_or_empty,False,qwen2.5-coder_7b,1,experiments/05_choropleth_reliability_benchmark/outputs/runs_iterative_repair/qwen2.5-coder_7b/basic/qwen2.5-coder_7b_basic_C006_join_diagnostics_iter01_20260624_231840,,experiments/05_choropleth_reliability_benchmark/outputs/generated_code_iterative_repair/qwen2.5-coder_7b/qwen2.5-coder_7b/basic/C006_join_diagnostics_basic_iter01.py,qwen2.5-coder_7b,False,,,,,
time_series.png,experiments/05_choropleth_reliability_benchmark/outputs/runs_iterative_repair/qwen2.5-coder_7b/basic/qwen2.5-coder_7b_basic_C006_join_diagnostics_iter01_20260624_231840/time_series.png,False,0,,,,False,,,,,1,,time_series_png,,basic,,,C006_join_diagnostics,missing_or_empty,False,qwen2.5-coder_7b,1,experiments/05_choropleth_reliability_benchmark/outputs/runs_iterative_repair/qwen2.5-coder_7b/basic/qwen2.5-coder_7b_basic_C006_join_diagnostics_iter01_20260624_231840,,experiments/05_choropleth_reliability_benchmark/outputs/generated_code_iterative_repair/qwen2.5-coder_7b/qwen2.5-coder_7b/basic/C006_join_diagnostics_basic_iter01.py,qwen2.5-coder_7b,False,,,,,
map_interactive.html,experiments/05_choropleth_reliability_benchmark/outputs/runs_iterative_repair/qwen2.5-coder_7b/basic/qwen2.5-coder_7b_basic_C006_join_diagnostics_iter01_20260624_231840/map_interactive.html,False,0,,,,False,,,,,1,,interactive_html,,basic,,,C006_join_diagnostics,,,qwen2.5-coder_7b,1,experiments/05_choropleth_reliability_benchmark/outputs/runs_iterative_repair/qwen2.5-coder_7b/basic/qwen2.5-coder_7b_basic_C006_join_diagnostics_iter01_20260624_231840,,experiments/05_choropleth_reliability_benchmark/outputs/generated_code_iterative_repair/qwen2.5-coder_7b/qwen2.5-coder_7b/basic/C006_join_diagnostics_basic_iter01.py,qwen2.5-coder_7b,False,,,False,,
diagnostics.json,experiments/05_choropleth_reliability_benchmark/outputs/runs_iterative_repair/qwen2.5-coder_7b/basic/qwen2.5-coder_7b_basic_C006_join_diagnostics_iter01_20260624_231840/diagnostics.json,False,0,,,,False,,,,,1,,diagnostic_json,,basic,,,C006_join_diagnostics,,,qwen2.5-coder_7b,1,experiments/05_choropleth_reliability_benchmark/outputs/runs_iterative_repair/qwen2.5-coder_7b/basic/qwen2.5-coder_7b_basic_C006_join_diagnostics_iter01_20260624_231840,,experiments/05_choropleth_reliability_benchmark/outputs/generated_code_iterative_repair/qwen2.5-coder_7b/qwen2.5-coder_7b/basic/C006_join_diagnostics_basic_iter01.py,qwen2.5-coder_7b,False,,,,False,
map_static.png,experiments/05_choropleth_reliability_benchmark/outputs/runs_iterative_repair/qwen2.5-coder_7b/basic/qwen2.5-coder_7b_basic_C006_join_diagnostics_iter01_20260624_235047/map_static.png,False,0,,,,False,,,,,1,,static_png,,basic,,,C006_join_diagnostics,missing_or_empty,False,qwen2.5-coder_14b,1,experiments/05_choropleth_reliability_benchmark/outputs/runs_iterative_repair/qwen2.5-coder_7b/basic/qwen2.5-coder_7b_basic_C006_join_diagnostics_iter01_20260624_235047,,experiments/05_choropleth_reliability_benchmark/outputs/generated_code_iterative_repair/qwen2.5-coder_14b/qwen2.5-coder_7b/basic/C006_join_diagnostics_basic_iter01.py,qwen2.5-coder_7b,False,,,,,
time_series.png,experiments/05_choropleth_reliability_benchmark/outputs/runs_iterative_repair/qwen2.5-coder_7b/basic/qwen2.5-coder_7b_basic_C006_join_diagnostics_iter01_20260624_235047/time_series.png,False,0,,,,False,,,,,1,,time_series_png,,basic,,,C006_join_diagnostics,missing_or_empty,False,qwen2.5-coder_14b,1,experiments/05_choropleth_reliability_benchmark/outputs/runs_iterative_repair/qwen2.5-coder_7b/basic/qwen2.5-coder_7b_basic_C006_join_diagnostics_iter01_20260624_235047,,experiments/05_choropleth_reliability_benchmark/outputs/generated_code_iterative_repair/qwen2.5-coder_14b/qwen2.5-coder_7b/basic/C006_join_diagnostics_basic_iter01.py,qwen2.5-coder_7b,False,,,,,
map_interactive.html,experiments/05_choropleth_reliability_benchmark/outputs/runs_iterative_repair/qwen2.5-coder_7b/basic/qwen2.5-coder_7b_basic_C006_join_diagnostics_iter01_20260624_235047/map_interactive.html,False,0,,,,False,,,,,1,,interactive_html,,basic,,,C006_join_diagnostics,,,qwen2.5-coder_14b,1,experiments/05_choropleth_reliability_benchmark/outputs/runs_iterative_repair/qwen2.5-coder_7b/basic/qwen2.5-coder_7b_basic_C006_join_diagnostics_iter01_20260624_235047,,experiments/05_choropleth_reliability_benchmark/outputs/generated_code_iterative_repair/qwen2.5-coder_14b/qwen2.5-coder_7b/basic/C006_join_diagnostics_basic_iter01.py,qwen2.5-coder_7b,False,,,False,,
diagnostics.json,experiments/05_choropleth_reliability_benchmark/outputs/runs_iterative_repair/qwen2.5-coder_7b/basic/qwen2.5-coder_7b_basic_C006_join_diagnostics_iter01_20260624_235047/diagnostics.json,False,0,,,,False,,,,,1,,diagnostic_json,,basic,,,C006_join_diagnostics,,,qwen2.5-coder_14b,1,experiments/05_choropleth_reliability_benchmark/outputs/runs_iterative_repair/qwen2.5-coder_7b/basic/qwen2.5-coder_7b_basic_C006_join_diagnostics_iter01_20260624_235047,,experiments/05_choropleth_reliability_benchmark/outputs/generated_code_iterative_repair/qwen2.5-coder_14b/qwen2.5-coder_7b/basic/C006_join_diagnostics_basic_iter01.py,qwen2.5-coder_7b,False,,,,False,
map_static.png,experiments/05_choropleth_reliability_benchmark/outputs/runs_iterative_repair/qwen2.5-coder_7b/basic/qwen2.5-coder_7b_basic_C006_join_diagnostics_iter02_20260624_045242/map_static.png,False,0,,,,False,,,,,2,,static_png,,basic,,,C006_join_diagnostics,missing_or_empty,False,qwen2.5-coder_32b,1,experiments/05_choropleth_reliability_benchmark/outputs/runs_iterative_repair/qwen2.5-coder_7b/basic/qwen2.5-coder_7b_basic_C006_join_diagnostics_iter02_20260624_045242,,experiments/05_choropleth_reliability_benchmark/outputs/generated_code_iterative_repair/qwen2.5-coder_32b/qwen2.5-coder_7b/basic/C006_join_diagnostics_basic_iter02.py,qwen2.5-coder_7b,False,,,,,
time_series.png,experiments/05_choropleth_reliability_benchmark/outputs/runs_iterative_repair/qwen2.5-coder_7b/basic/qwen2.5-coder_7b_basic_C006_join_diagnostics_iter02_20260624_045242/time_series.png,False,0,,,,False,,,,,2,,time_series_png,,basic,,,C006_join_diagnostics,missing_or_empty,False,qwen2.5-coder_32b,1,experiments/05_choropleth_reliability_benchmark/outputs/runs_iterative_repair/qwen2.5-coder_7b/basic/qwen2.5-coder_7b_basic_C006_join_diagnostics_iter02_20260624_045242,,experiments/05_choropleth_reliability_benchmark/outputs/generated_code_iterative_repair/qwen2.5-coder_32b/qwen2.5-coder_7b/basic/C006_join_diagnostics_basic_iter02.py,qwen2.5-coder_7b,False,,,,,
map_interactive.html,experiments/05_choropleth_reliability_benchmark/outputs/runs_iterative_repair/qwen2.5-coder_7b/basic/qwen2.5-coder_7b_basic_C006_join_diagnostics_iter02_20260624_045242/map_interactive.html,False,0,,,,False,,,,,2,,interactive_html,,basic,,,C006_join_diagnostics,,,qwen2.5-coder_32b,1,experiments/05_choropleth_reliability_benchmark/outputs/runs_iterative_repair/qwen2.5-coder_7b/basic/qwen2.5-coder_7b_basic_C006_join_diagnostics_iter02_20260624_045242,,experiments/05_choropleth_reliability_benchmark/outputs/generated_code_iterative_repair/qwen2.5-coder_32b/qwen2.5-coder_7b/basic/C006_join_diagnostics_basic_iter02.py,qwen2.5-coder_7b,False,,,False,,
diagnostics.json,experiments/05_choropleth_reliability_benchmark/outputs/runs_iterative_repair/qwen2.5-coder_7b/basic/qwen2.5-coder_7b_basic_C006_join_diagnostics_iter02_20260624_045242/diagnostics.json,False,0,,,,False,,,,,2,,diagnostic_json,,basic,,,C006_join_diagnostics,,,qwen2.5-coder_32b,1,experiments/05_choropleth_reliability_benchmark/outputs/runs_iterative_repair/qwen2.5-coder_7b/basic/qwen2.5-coder_7b_basic_C006_join_diagnostics_iter02_20260624_045242,,experiments/05_choropleth_reliability_benchmark/outputs/generated_code_iterative_repair/qwen2.5-coder_32b/qwen2.5-coder_7b/basic/C006_join_diagnostics_basic_iter02.py,qwen2.5-coder_7b,False,,,,False,
map_static.png,experiments/05_choropleth_reliability_benchmark/outputs/runs_iterative_repair/qwen2.5-coder_7b/basic/qwen2.5-coder_7b_basic_C006_join_diagnostics_iter02_20260624_231850/map_static.png,False,0,,,,False,,,,,2,,static_png,,basic,,,C006_join_diagnostics,missing_or_empty,False,qwen2.5-coder_7b,1,experiments/05_choropleth_reliability_benchmark/outputs/runs_iterative_repair/qwen2.5-coder_7b/basic/qwen2.5-coder_7b_basic_C006_join_diagnostics_iter02_20260624_231850,,experiments/05_choropleth_reliability_benchmark/outputs/generated_code_iterative_repair/qwen2.5-coder_7b/qwen2.5-coder_7b/basic/C006_join_diagnostics_basic_iter02.py,qwen2.5-coder_7b,False,,,,,
time_series.png,experiments/05_choropleth_reliability_benchmark/outputs/runs_iterative_repair/qwen2.5-coder_7b/basic/qwen2.5-coder_7b_basic_C006_join_diagnostics_iter02_20260624_231850/time_series.png,False,0,,,,False,,,,,2,,time_series_png,,basic,,,C006_join_diagnostics,missing_or_empty,False,qwen2.5-coder_7b,1,experiments/05_choropleth_reliability_benchmark/outputs/runs_iterative_repair/qwen2.5-coder_7b/basic/qwen2.5-coder_7b_basic_C006_join_diagnostics_iter02_20260624_231850,,experiments/05_choropleth_reliability_benchmark/outputs/generated_code_iterative_repair/qwen2.5-coder_7b/qwen2.5-coder_7b/basic/C006_join_diagnostics_basic_iter02.py,qwen2.5-coder_7b,False,,,,,
map_interactive.html,experiments/05_choropleth_reliability_benchmark/outputs/runs_iterative_repair/qwen2.5-coder_7b/basic/qwen2.5-coder_7b_basic_C006_join_diagnostics_iter02_20260624_231850/map_interactive.html,False,0,,,,False,,,,,2,,interactive_html,,basic,,,C006_join_diagnostics,,,qwen2.5-coder_7b,1,experiments/05_choropleth_reliability_benchmark/outputs/runs_iterative_repair/qwen2.5-coder_7b/basic/qwen2.5-coder_7b_basic_C006_join_diagnostics_iter02_20260624_231850,,experiments/05_choropleth_reliability_benchmark/outputs/generated_code_iterative_repair/qwen2.5-coder_7b/qwen2.5-coder_7b/basic/C006_join_diagnostics_basic_iter02.py,qwen2.5-coder_7b,False,,,False,,
diagnostics.json,experiments/05_choropleth_reliability_benchmark/outputs/runs_iterative_repair/qwen2.5-coder_7b/basic/qwen2.5-coder_7b_basic_C006_join_diagnostics_iter02_20260624_231850/diagnostics.json,False,0,,,,False,,,,,2,,diagnostic_json,,basic,,,C006_join_diagnostics,,,qwen2.5-coder_7b,1,experiments/05_choropleth_reliability_benchmark/outputs/runs_iterative_repair/qwen2.5-coder_7b/basic/qwen2.5-coder_7b_basic_C006_join_diagnostics_iter02_20260624_231850,,experiments/05_choropleth_reliability_benchmark/outputs/generated_code_iterative_repair/qwen2.5-coder_7b/qwen2.5-coder_7b/basic/C006_join_diagnostics_basic_iter02.py,qwen2.5-coder_7b,False,,,,False,
map_static.png,experiments/05_choropleth_reliability_benchmark/outputs/runs_iterative_repair/qwen2.5-coder_7b/basic/qwen2.5-coder_7b_basic_C006_join_diagnostics_iter02_20260624_235108/map_static.png,False,0,,,,False,,,,,2,,static_png,,basic,,,C006_join_diagnostics,missing_or_empty,False,qwen2.5-coder_14b,1,experiments/05_choropleth_reliability_benchmark/outputs/runs_iterative_repair/qwen2.5-coder_7b/basic/qwen2.5-coder_7b_basic_C006_join_diagnostics_iter02_20260624_235108,,experiments/05_choropleth_reliability_benchmark/outputs/generated_code_iterative_repair/qwen2.5-coder_14b/qwen2.5-coder_7b/basic/C006_join_diagnostics_basic_iter02.py,qwen2.5-coder_7b,False,,,,,
time_series.png,experiments/05_choropleth_reliability_benchmark/outputs/runs_iterative_repair/qwen2.5-coder_7b/basic/qwen2.5-coder_7b_basic_C006_join_diagnostics_iter02_20260624_235108/time_series.png,False,0,,,,False,,,,,2,,time_series_png,,basic,,,C006_join_diagnostics,missing_or_empty,False,qwen2.5-coder_14b,1,experiments/05_choropleth_reliability_benchmark/outputs/runs_iterative_repair/qwen2.5-coder_7b/basic/qwen2.5-coder_7b_basic_C006_join_diagnostics_iter02_20260624_235108,,experiments/05_choropleth_reliability_benchmark/outputs/generated_code_iterative_repair/qwen2.5-coder_14b/qwen2.5-coder_7b/basic/C006_join_diagnostics_basic_iter02.py,qwen2.5-coder_7b,False,,,,,
map_interactive.html,experiments/05_choropleth_reliability_benchmark/outputs/runs_iterative_repair/qwen2.5-coder_7b/basic/qwen2.5-coder_7b_basic_C006_join_diagnostics_iter02_20260624_235108/map_interactive.html,False,0,,,,False,,,,,2,,interactive_html,,basic,,,C006_join_diagnostics,,,qwen2.5-coder_14b,1,experiments/05_choropleth_reliability_benchmark/outputs/runs_iterative_repair/qwen2.5-coder_7b/basic/qwen2.5-coder_7b_basic_C006_join_diagnostics_iter02_20260624_235108,,experiments/05_choropleth_reliability_benchmark/outputs/generated_code_iterative_repair/qwen2.5-coder_14b/qwen2.5-coder_7b/basic/C006_join_diagnostics_basic_iter02.py,qwen2.5-coder_7b,False,,,False,,
diagnostics.json,experiments/05_choropleth_reliability_benchmark/outputs/runs_iterative_repair/qwen2.5-coder_7b/basic/qwen2.5-coder_7b_basic_C006_join_diagnostics_iter02_20260624_235108/diagnostics.json,False,0,,,,False,,,,,2,,diagnostic_json,,basic,,,C006_join_diagnostics,,,qwen2.5-coder_14b,1,experiments/05_choropleth_reliability_benchmark/outputs/runs_iterative_repair/qwen2.5-coder_7b/basic/qwen2.5-coder_7b_basic_C006_join_diagnostics_iter02_20260624_235108,,experiments/05_choropleth_reliability_benchmark/outputs/generated_code_iterative_repair/qwen2.5-coder_14b/qwen2.5-coder_7b/basic/C006_join_diagnostics_basic_iter02.py,qwen2.5-coder_7b,False,,,,False,
map_static.png,experiments/05_choropleth_reliability_benchmark/outputs/runs_iterative_repair/qwen2.5-coder_7b/basic/qwen2.5-coder_7b_basic_C006_join_diagnostics_iter03_20260624_062356/map_static.png,False,0,,,,False,,,,,3,,static_png,,basic,,,C006_join_diagnostics,missing_or_empty,False,qwen2.5-coder_32b,1,experiments/05_choropleth_reliability_benchmark/outputs/runs_iterative_repair/qwen2.5-coder_7b/basic/qwen2.5-coder_7b_basic_C006_join_diagnostics_iter03_20260624_062356,,experiments/05_choropleth_reliability_benchmark/outputs/generated_code_iterative_repair/qwen2.5-coder_32b/qwen2.5-coder_7b/basic/C006_join_diagnostics_basic_iter03.py,qwen2.5-coder_7b,False,,,,,
time_series.png,experiments/05_choropleth_reliability_benchmark/outputs/runs_iterative_repair/qwen2.5-coder_7b/basic/qwen2.5-coder_7b_basic_C006_join_diagnostics_iter03_20260624_062356/time_series.png,False,0,,,,False,,,,,3,,time_series_png,,basic,,,C006_join_diagnostics,missing_or_empty,False,qwen2.5-coder_32b,1,experiments/05_choropleth_reliability_benchmark/outputs/runs_iterative_repair/qwen2.5-coder_7b/basic/qwen2.5-coder_7b_basic_C006_join_diagnostics_iter03_20260624_062356,,experiments/05_choropleth_reliability_benchmark/outputs/generated_code_iterative_repair/qwen2.5-coder_32b/qwen2.5-coder_7b/basic/C006_join_diagnostics_basic_iter03.py,qwen2.5-coder_7b,False,,,,,
map_interactive.html,experiments/05_choropleth_reliability_benchmark/outputs/runs_iterative_repair/qwen2.5-coder_7b/basic/qwen2.5-coder_7b_basic_C006_join_diagnostics_iter03_20260624_062356/map_interactive.html,False,0,,,,False,,,,,3,,interactive_html,,basic,,,C006_join_diagnostics,,,qwen2.5-coder_32b,1,experiments/05_choropleth_reliability_benchmark/outputs/runs_iterative_repair/qwen2.5-coder_7b/basic/qwen2.5-coder_7b_basic_C006_join_diagnostics_iter03_20260624_062356,,experiments/05_choropleth_reliability_benchmark/outputs/generated_code_iterative_repair/qwen2.5-coder_32b/qwen2.5-coder_7b/basic/C006_join_diagnostics_basic_iter03.py,qwen2.5-coder_7b,False,,,False,,
diagnostics.json,experiments/05_choropleth_reliability_benchmark/outputs/runs_iterative_repair/qwen2.5-coder_7b/basic/qwen2.5-coder_7b_basic_C006_join_diagnostics_iter03_20260624_062356/diagnostics.json,False,0,,,,False,,,,,3,,diagnostic_json,,basic,,,C006_join_diagnostics,,,qwen2.5-coder_32b,1,experiments/05_choropleth_reliability_benchmark/outputs/runs_iterative_repair/qwen2.5-coder_7b/basic/qwen2.5-coder_7b_basic_C006_join_diagnostics_iter03_20260624_062356,,experiments/05_choropleth_reliability_benchmark/outputs/generated_code_iterative_repair/qwen2.5-coder_32b/qwen2.5-coder_7b/basic/C006_join_diagnostics_basic_iter03.py,qwen2.5-coder_7b,False,,,,False,
map_static.png,experiments/05_choropleth_reliability_benchmark/outputs/runs_iterative_repair/qwen2.5-coder_7b/basic/qwen2.5-coder_7b_basic_C006_join_diagnostics_iter03_20260624_231901/map_static.png,False,0,,,,False,,,,,3,,static_png,,basic,,,C006_join_diagnostics,missing_or_empty,False,qwen2.5-coder_7b,1,experiments/05_choropleth_reliability_benchmark/outputs/runs_iterative_repair/qwen2.5-coder_7b/basic/qwen2.5-coder_7b_basic_C006_join_diagnostics_iter03_20260624_231901,,experiments/05_choropleth_reliability_benchmark/outputs/generated_code_iterative_repair/qwen2.5-coder_7b/qwen2.5-coder_7b/basic/C006_join_diagnostics_basic_iter03.py,qwen2.5-coder_7b,False,,,,,
time_series.png,experiments/05_choropleth_reliability_benchmark/outputs/runs_iterative_repair/qwen2.5-coder_7b/basic/qwen2.5-coder_7b_basic_C006_join_diagnostics_iter03_20260624_231901/time_series.png,False,0,,,,False,,,,,3,,time_series_png,,basic,,,C006_join_diagnostics,missing_or_empty,False,qwen2.5-coder_7b,1,experiments/05_choropleth_reliability_benchmark/outputs/runs_iterative_repair/qwen2.5-coder_7b/basic/qwen2.5-coder_7b_basic_C006_join_diagnostics_iter03_20260624_231901,,experiments/05_choropleth_reliability_benchmark/outputs/generated_code_iterative_repair/qwen2.5-coder_7b/qwen2.5-coder_7b/basic/C006_join_diagnostics_basic_iter03.py,qwen2.5-coder_7b,False,,,,,
map_interactive.html,experiments/05_choropleth_reliability_benchmark/outputs/runs_iterative_repair/qwen2.5-coder_7b/basic/qwen2.5-coder_7b_basic_C006_join_diagnostics_iter03_20260624_231901/map_interactive.html,False,0,,,,False,,,,,3,,interactive_html,,basic,,,C006_join_diagnostics,,,qwen2.5-coder_7b,1,experiments/05_choropleth_reliability_benchmark/outputs/runs_iterative_repair/qwen2.5-coder_7b/basic/qwen2.5-coder_7b_basic_C006_join_diagnostics_iter03_20260624_231901,,experiments/05_choropleth_reliability_benchmark/outputs/generated_code_iterative_repair/qwen2.5-coder_7b/qwen2.5-coder_7b/basic/C006_join_diagnostics_basic_iter03.py,qwen2.5-coder_7b,False,,,False,,
diagnostics.json,experiments/05_choropleth_reliability_benchmark/outputs/runs_iterative_repair/qwen2.5-coder_7b/basic/qwen2.5-coder_7b_basic_C006_join_diagnostics_iter03_20260624_231901/diagnostics.json,False,0,,,,False,,,,,3,,diagnostic_json,,basic,,,C006_join_diagnostics,,,qwen2.5-coder_7b,1,experiments/05_choropleth_reliability_benchmark/outputs/runs_iterative_repair/qwen2.5-coder_7b/basic/qwen2.5-coder_7b_basic_C006_join_diagnostics_iter03_20260624_231901,,experiments/05_choropleth_reliability_benchmark/outputs/generated_code_iterative_repair/qwen2.5-coder_7b/qwen2.5-coder_7b/basic/C006_join_diagnostics_basic_iter03.py,qwen2.5-coder_7b,False,,,,False,
map_static.png,experiments/05_choropleth_reliability_benchmark/outputs/runs_iterative_repair/qwen2.5-coder_7b/basic/qwen2.5-coder_7b_basic_C006_join_diagnostics_iter03_20260624_235127/map_static.png,False,0,,,,False,,,,,3,,static_png,,basic,,,C006_join_diagnostics,missing_or_empty,False,qwen2.5-coder_14b,1,experiments/05_choropleth_reliability_benchmark/outputs/runs_iterative_repair/qwen2.5-coder_7b/basic/qwen2.5-coder_7b_basic_C006_join_diagnostics_iter03_20260624_235127,,experiments/05_choropleth_reliability_benchmark/outputs/generated_code_iterative_repair/qwen2.5-coder_14b/qwen2.5-coder_7b/basic/C006_join_diagnostics_basic_iter03.py,qwen2.5-coder_7b,False,,,,,
time_series.png,experiments/05_choropleth_reliability_benchmark/outputs/runs_iterative_repair/qwen2.5-coder_7b/basic/qwen2.5-coder_7b_basic_C006_join_diagnostics_iter03_20260624_235127/time_series.png,False,0,,,,False,,,,,3,,time_series_png,,basic,,,C006_join_diagnostics,missing_or_empty,False,qwen2.5-coder_14b,1,experiments/05_choropleth_reliability_benchmark/outputs/runs_iterative_repair/qwen2.5-coder_7b/basic/qwen2.5-coder_7b_basic_C006_join_diagnostics_iter03_20260624_235127,,experiments/05_choropleth_reliability_benchmark/outputs/generated_code_iterative_repair/qwen2.5-coder_14b/qwen2.5-coder_7b/basic/C006_join_diagnostics_basic_iter03.py,qwen2.5-coder_7b,False,,,,,
map_interactive.html,experiments/05_choropleth_reliability_benchmark/outputs/runs_iterative_repair/qwen2.5-coder_7b/basic/qwen2.5-coder_7b_basic_C006_join_diagnostics_iter03_20260624_235127/map_interactive.html,False,0,,,,False,,,,,3,,interactive_html,,basic,,,C006_join_diagnostics,,,qwen2.5-coder_14b,1,experiments/05_choropleth_reliability_benchmark/outputs/runs_iterative_repair/qwen2.5-coder_7b/basic/qwen2.5-coder_7b_basic_C006_join_diagnostics_iter03_20260624_235127,,experiments/05_choropleth_reliability_benchmark/outputs/generated_code_iterative_repair/qwen2.5-coder_14b/qwen2.5-coder_7b/basic/C006_join_diagnostics_basic_iter03.py,qwen2.5-coder_7b,False,,,False,,
diagnostics.json,experiments/05_choropleth_reliability_benchmark/outputs/runs_iterative_repair/qwen2.5-coder_7b/basic/qwen2.5-coder_7b_basic_C006_join_diagnostics_iter03_20260624_235127/diagnostics.json,False,0,,,,False,,,,,3,,diagnostic_json,,basic,,,C006_join_diagnostics,,,qwen2.5-coder_14b,1,experiments/05_choropleth_reliability_benchmark/outputs/runs_iterative_repair/qwen2.5-coder_7b/basic/qwen2.5-coder_7b_basic_C006_join_diagnostics_iter03_20260624_235127,,experiments/05_choropleth_reliability_benchmark/outputs/generated_code_iterative_repair/qwen2.5-coder_14b/qwen2.5-coder_7b/basic/C006_join_diagnostics_basic_iter03.py,qwen2.5-coder_7b,False,,,,False,
map_static.png,experiments/05_choropleth_reliability_benchmark/outputs/runs_iterative_repair/qwen2.5-coder_7b/basic/qwen2.5-coder_7b_basic_C007_wrong_column_guard_iter01_20260624_041241/map_static.png,False,0,,,,False,,,,,1,,static_png,,basic,,,C007_wrong_column_guard,missing_or_empty,False,qwen2.5-coder_32b,1,experiments/05_choropleth_reliability_benchmark/outputs/runs_iterative_repair/qwen2.5-coder_7b/basic/qwen2.5-coder_7b_basic_C007_wrong_column_guard_iter01_20260624_041241,,experiments/05_choropleth_reliability_benchmark/outputs/generated_code_iterative_repair/qwen2.5-coder_32b/qwen2.5-coder_7b/basic/C007_wrong_column_guard_basic_iter01.py,qwen2.5-coder_7b,False,,,,,
time_series.png,experiments/05_choropleth_reliability_benchmark/outputs/runs_iterative_repair/qwen2.5-coder_7b/basic/qwen2.5-coder_7b_basic_C007_wrong_column_guard_iter01_20260624_041241/time_series.png,False,0,,,,False,,,,,1,,time_series_png,,basic,,,C007_wrong_column_guard,missing_or_empty,False,qwen2.5-coder_32b,1,experiments/05_choropleth_reliability_benchmark/outputs/runs_iterative_repair/qwen2.5-coder_7b/basic/qwen2.5-coder_7b_basic_C007_wrong_column_guard_iter01_20260624_041241,,experiments/05_choropleth_reliability_benchmark/outputs/generated_code_iterative_repair/qwen2.5-coder_32b/qwen2.5-coder_7b/basic/C007_wrong_column_guard_basic_iter01.py,qwen2.5-coder_7b,False,,,,,
map_interactive.html,experiments/05_choropleth_reliability_benchmark/outputs/runs_iterative_repair/qwen2.5-coder_7b/basic/qwen2.5-coder_7b_basic_C007_wrong_column_guard_iter01_20260624_041241/map_interactive.html,False,0,,,,False,,,,,1,,interactive_html,,basic,,,C007_wrong_column_guard,,,qwen2.5-coder_32b,1,experiments/05_choropleth_reliability_benchmark/outputs/runs_iterative_repair/qwen2.5-coder_7b/basic/qwen2.5-coder_7b_basic_C007_wrong_column_guard_iter01_20260624_041241,,experiments/05_choropleth_reliability_benchmark/outputs/generated_code_iterative_repair/qwen2.5-coder_32b/qwen2.5-coder_7b/basic/C007_wrong_column_guard_basic_iter01.py,qwen2.5-coder_7b,False,,,False,,
diagnostics.json,experiments/05_choropleth_reliability_benchmark/outputs/runs_iterative_repair/qwen2.5-coder_7b/basic/qwen2.5-coder_7b_basic_C007_wrong_column_guard_iter01_20260624_041241/diagnostics.json,False,0,,,,False,,,,,1,,diagnostic_json,,basic,,,C007_wrong_column_guard,,,qwen2.5-coder_32b,1,experiments/05_choropleth_reliability_benchmark/outputs/runs_iterative_repair/qwen2.5-coder_7b/basic/qwen2.5-coder_7b_basic_C007_wrong_column_guard_iter01_20260624_041241,,experiments/05_choropleth_reliability_benchmark/outputs/generated_code_iterative_repair/qwen2.5-coder_32b/qwen2.5-coder_7b/basic/C007_wrong_column_guard_basic_iter01.py,qwen2.5-coder_7b,False,,,,False,
map_static.png,experiments/05_choropleth_reliability_benchmark/outputs/runs_iterative_repair/qwen2.5-coder_7b/basic/qwen2.5-coder_7b_basic_C007_wrong_column_guard_iter01_20260624_071057/map_static.png,False,0,,,,False,,,,,1,,static_png,,basic,,,C007_wrong_column_guard,missing_or_empty,False,qwen2.5-coder_14b,0,experiments/05_choropleth_reliability_benchmark/outputs/runs_iterative_repair/qwen2.5-coder_7b/basic/qwen2.5-coder_7b_basic_C007_wrong_column_guard_iter01_20260624_071057,,experiments/05_choropleth_reliability_benchmark/outputs/generated_code_iterative_repair/qwen2.5-coder_14b/qwen2.5-coder_7b/basic/C007_wrong_column_guard_basic_iter01.py,qwen2.5-coder_7b,False,,,,,
time_series.png,experiments/05_choropleth_reliability_benchmark/outputs/runs_iterative_repair/qwen2.5-coder_7b/basic/qwen2.5-coder_7b_basic_C007_wrong_column_guard_iter01_20260624_071057/time_series.png,False,0,,,,False,,,,,1,,time_series_png,,basic,,,C007_wrong_column_guard,missing_or_empty,False,qwen2.5-coder_14b,0,experiments/05_choropleth_reliability_benchmark/outputs/runs_iterative_repair/qwen2.5-coder_7b/basic/qwen2.5-coder_7b_basic_C007_wrong_column_guard_iter01_20260624_071057,,experiments/05_choropleth_reliability_benchmark/outputs/generated_code_iterative_repair/qwen2.5-coder_14b/qwen2.5-coder_7b/basic/C007_wrong_column_guard_basic_iter01.py,qwen2.5-coder_7b,False,,,,,
map_interactive.html,experiments/05_choropleth_reliability_benchmark/outputs/runs_iterative_repair/qwen2.5-coder_7b/basic/qwen2.5-coder_7b_basic_C007_wrong_column_guard_iter01_20260624_071057/map_interactive.html,False,0,,,,False,,,,,1,,interactive_html,,basic,,,C007_wrong_column_guard,,,qwen2.5-coder_14b,0,experiments/05_choropleth_reliability_benchmark/outputs/runs_iterative_repair/qwen2.5-coder_7b/basic/qwen2.5-coder_7b_basic_C007_wrong_column_guard_iter01_20260624_071057,,experiments/05_choropleth_reliability_benchmark/outputs/generated_code_iterative_repair/qwen2.5-coder_14b/qwen2.5-coder_7b/basic/C007_wrong_column_guard_basic_iter01.py,qwen2.5-coder_7b,False,,,False,,
diagnostics.json,experiments/05_choropleth_reliability_benchmark/outputs/runs_iterative_repair/qwen2.5-coder_7b/basic/qwen2.5-coder_7b_basic_C007_wrong_column_guard_iter01_20260624_071057/diagnostics.json,True,104,,,,True,,,,,1,,diagnostic_json,,basic,,,C007_wrong_column_guard,,,qwen2.5-coder_14b,0,experiments/05_choropleth_reliability_benchmark/outputs/runs_iterative_repair/qwen2.5-coder_7b/basic/qwen2.5-coder_7b_basic_C007_wrong_column_guard_iter01_20260624_071057,,experiments/05_choropleth_reliability_benchmark/outputs/generated_code_iterative_repair/qwen2.5-coder_14b/qwen2.5-coder_7b/basic/C007_wrong_column_guard_basic_iter01.py,qwen2.5-coder_7b,False,2,,,True,
map_static.png,experiments/05_choropleth_reliability_benchmark/outputs/runs_iterative_repair/qwen2.5-coder_7b/basic/qwen2.5-coder_7b_basic_C007_wrong_column_guard_iter01_20260624_072340/map_static.png,False,0,,,,False,,,,,1,,static_png,,basic,,,C007_wrong_column_guard,missing_or_empty,False,qwen2.5-coder_7b,0,experiments/05_choropleth_reliability_benchmark/outputs/runs_iterative_repair/qwen2.5-coder_7b/basic/qwen2.5-coder_7b_basic_C007_wrong_column_guard_iter01_20260624_072340,,experiments/05_choropleth_reliability_benchmark/outputs/generated_code_iterative_repair/qwen2.5-coder_7b/qwen2.5-coder_7b/basic/C007_wrong_column_guard_basic_iter01.py,qwen2.5-coder_7b,False,,,,,
time_series.png,experiments/05_choropleth_reliability_benchmark/outputs/runs_iterative_repair/qwen2.5-coder_7b/basic/qwen2.5-coder_7b_basic_C007_wrong_column_guard_iter01_20260624_072340/time_series.png,False,0,,,,False,,,,,1,,time_series_png,,basic,,,C007_wrong_column_guard,missing_or_empty,False,qwen2.5-coder_7b,0,experiments/05_choropleth_reliability_benchmark/outputs/runs_iterative_repair/qwen2.5-coder_7b/basic/qwen2.5-coder_7b_basic_C007_wrong_column_guard_iter01_20260624_072340,,experiments/05_choropleth_reliability_benchmark/outputs/generated_code_iterative_repair/qwen2.5-coder_7b/qwen2.5-coder_7b/basic/C007_wrong_column_guard_basic_iter01.py,qwen2.5-coder_7b,False,,,,,
map_interactive.html,experiments/05_choropleth_reliability_benchmark/outputs/runs_iterative_repair/qwen2.5-coder_7b/basic/qwen2.5-coder_7b_basic_C007_wrong_column_guard_iter01_20260624_072340/map_interactive.html,False,0,,,,False,,,,,1,,interactive_html,,basic,,,C007_wrong_column_guard,,,qwen2.5-coder_7b,0,experiments/05_choropleth_reliability_benchmark/outputs/runs_iterative_repair/qwen2.5-coder_7b/basic/qwen2.5-coder_7b_basic_C007_wrong_column_guard_iter01_20260624_072340,,experiments/05_choropleth_reliability_benchmark/outputs/generated_code_iterative_repair/qwen2.5-coder_7b/qwen2.5-coder_7b/basic/C007_wrong_column_guard_basic_iter01.py,qwen2.5-coder_7b,False,,,False,,
diagnostics.json,experiments/05_choropleth_reliability_benchmark/outputs/runs_iterative_repair/qwen2.5-coder_7b/basic/qwen2.5-coder_7b_basic_C007_wrong_column_guard_iter01_20260624_072340/diagnostics.json,True,104,,,,True,,,,,1,,diagnostic_json,,basic,,,C007_wrong_column_guard,,,qwen2.5-coder_7b,0,experiments/05_choropleth_reliability_benchmark/outputs/runs_iterative_repair/qwen2.5-coder_7b/basic/qwen2.5-coder_7b_basic_C007_wrong_column_guard_iter01_20260624_072340,,experiments/05_choropleth_reliability_benchmark/outputs/generated_code_iterative_repair/qwen2.5-coder_7b/qwen2.5-coder_7b/basic/C007_wrong_column_guard_basic_iter01.py,qwen2.5-coder_7b,False,2,,,True,
map_static.png,experiments/05_choropleth_reliability_benchmark/outputs/runs_iterative_repair/qwen2.5-coder_7b/basic/qwen2.5-coder_7b_basic_C007_wrong_column_guard_iter02_20260624_041333/map_static.png,False,0,,,,False,,,,,2,,static_png,,basic,,,C007_wrong_column_guard,missing_or_empty,False,qwen2.5-coder_32b,0,experiments/05_choropleth_reliability_benchmark/outputs/runs_iterative_repair/qwen2.5-coder_7b/basic/qwen2.5-coder_7b_basic_C007_wrong_column_guard_iter02_20260624_041333,,experiments/05_choropleth_reliability_benchmark/outputs/generated_code_iterative_repair/qwen2.5-coder_32b/qwen2.5-coder_7b/basic/C007_wrong_column_guard_basic_iter02.py,qwen2.5-coder_7b,False,,,,,
time_series.png,experiments/05_choropleth_reliability_benchmark/outputs/runs_iterative_repair/qwen2.5-coder_7b/basic/qwen2.5-coder_7b_basic_C007_wrong_column_guard_iter02_20260624_041333/time_series.png,False,0,,,,False,,,,,2,,time_series_png,,basic,,,C007_wrong_column_guard,missing_or_empty,False,qwen2.5-coder_32b,0,experiments/05_choropleth_reliability_benchmark/outputs/runs_iterative_repair/qwen2.5-coder_7b/basic/qwen2.5-coder_7b_basic_C007_wrong_column_guard_iter02_20260624_041333,,experiments/05_choropleth_reliability_benchmark/outputs/generated_code_iterative_repair/qwen2.5-coder_32b/qwen2.5-coder_7b/basic/C007_wrong_column_guard_basic_iter02.py,qwen2.5-coder_7b,False,,,,,
map_interactive.html,experiments/05_choropleth_reliability_benchmark/outputs/runs_iterative_repair/qwen2.5-coder_7b/basic/qwen2.5-coder_7b_basic_C007_wrong_column_guard_iter02_20260624_041333/map_interactive.html,False,0,,,,False,,,,,2,,interactive_html,,basic,,,C007_wrong_column_guard,,,qwen2.5-coder_32b,0,experiments/05_choropleth_reliability_benchmark/outputs/runs_iterative_repair/qwen2.5-coder_7b/basic/qwen2.5-coder_7b_basic_C007_wrong_column_guard_iter02_20260624_041333,,experiments/05_choropleth_reliability_benchmark/outputs/generated_code_iterative_repair/qwen2.5-coder_32b/qwen2.5-coder_7b/basic/C007_wrong_column_guard_basic_iter02.py,qwen2.5-coder_7b,False,,,False,,
diagnostics.json,experiments/05_choropleth_reliability_benchmark/outputs/runs_iterative_repair/qwen2.5-coder_7b/basic/qwen2.5-coder_7b_basic_C007_wrong_column_guard_iter02_20260624_041333/diagnostics.json,True,104,,,,True,,,,,2,,diagnostic_json,,basic,,,C007_wrong_column_guard,,,qwen2.5-coder_32b,0,experiments/05_choropleth_reliability_benchmark/outputs/runs_iterative_repair/qwen2.5-coder_7b/basic/qwen2.5-coder_7b_basic_C007_wrong_column_guard_iter02_20260624_041333,,experiments/05_choropleth_reliability_benchmark/outputs/generated_code_iterative_repair/qwen2.5-coder_32b/qwen2.5-coder_7b/basic/C007_wrong_column_guard_basic_iter02.py,qwen2.5-coder_7b,False,2,,,True,
map_static.png,experiments/05_choropleth_reliability_benchmark/outputs/runs_iterative_repair/qwen2.5-coder_7b/basic/qwen2.5-coder_7b_basic_C007_wrong_column_guard_iter02_20260625_001359/map_static.png,False,0,,,,False,,,,,2,,static_png,,basic,,,C007_wrong_column_guard,missing_or_empty,False,deepseek-coder_6.7b,1,experiments/05_choropleth_reliability_benchmark/outputs/runs_iterative_repair/qwen2.5-coder_7b/basic/qwen2.5-coder_7b_basic_C007_wrong_column_guard_iter02_20260625_001359,,experiments/05_choropleth_reliability_benchmark/outputs/generated_code_iterative_repair/deepseek-coder_6.7b/qwen2.5-coder_7b/basic/C007_wrong_column_guard_basic_iter02.py,qwen2.5-coder_7b,False,,,,,
time_series.png,experiments/05_choropleth_reliability_benchmark/outputs/runs_iterative_repair/qwen2.5-coder_7b/basic/qwen2.5-coder_7b_basic_C007_wrong_column_guard_iter02_20260625_001359/time_series.png,False,0,,,,False,,,,,2,,time_series_png,,basic,,,C007_wrong_column_guard,missing_or_empty,False,deepseek-coder_6.7b,1,experiments/05_choropleth_reliability_benchmark/outputs/runs_iterative_repair/qwen2.5-coder_7b/basic/qwen2.5-coder_7b_basic_C007_wrong_column_guard_iter02_20260625_001359,,experiments/05_choropleth_reliability_benchmark/outputs/generated_code_iterative_repair/deepseek-coder_6.7b/qwen2.5-coder_7b/basic/C007_wrong_column_guard_basic_iter02.py,qwen2.5-coder_7b,False,,,,,
map_interactive.html,experiments/05_choropleth_reliability_benchmark/outputs/runs_iterative_repair/qwen2.5-coder_7b/basic/qwen2.5-coder_7b_basic_C007_wrong_column_guard_iter02_20260625_001359/map_interactive.html,False,0,,,,False,,,,,2,,interactive_html,,basic,,,C007_wrong_column_guard,,,deepseek-coder_6.7b,1,experiments/05_choropleth_reliability_benchmark/outputs/runs_iterative_repair/qwen2.5-coder_7b/basic/qwen2.5-coder_7b_basic_C007_wrong_column_guard_iter02_20260625_001359,,experiments/05_choropleth_reliability_benchmark/outputs/generated_code_iterative_repair/deepseek-coder_6.7b/qwen2.5-coder_7b/basic/C007_wrong_column_guard_basic_iter02.py,qwen2.5-coder_7b,False,,,False,,
diagnostics.json,experiments/05_choropleth_reliability_benchmark/outputs/runs_iterative_repair/qwen2.5-coder_7b/basic/qwen2.5-coder_7b_basic_C007_wrong_column_guard_iter02_20260625_001359/diagnostics.json,False,0,,,,False,,,,,2,,diagnostic_json,,basic,,,C007_wrong_column_guard,,,deepseek-coder_6.7b,1,experiments/05_choropleth_reliability_benchmark/outputs/runs_iterative_repair/qwen2.5-coder_7b/basic/qwen2.5-coder_7b_basic_C007_wrong_column_guard_iter02_20260625_001359,,experiments/05_choropleth_reliability_benchmark/outputs/generated_code_iterative_repair/deepseek-coder_6.7b/qwen2.5-coder_7b/basic/C007_wrong_column_guard_basic_iter02.py,qwen2.5-coder_7b,False,,,,False,
map_static.png,experiments/05_choropleth_reliability_benchmark/outputs/runs_iterative_repair/qwen2.5-coder_7b/basic/qwen2.5-coder_7b_basic_C008_quantile_classes_iter01_20260624_051423/map_static.png,True,53363,0.0000,255,2.523,True,,,,800,1,,static_png,245.749,basic,1.0000,0.1015,C008_quantile_classes,,True,qwen2.5-coder_32b,0,experiments/05_choropleth_reliability_benchmark/outputs/runs_iterative_repair/qwen2.5-coder_7b/basic/qwen2.5-coder_7b_basic_C008_quantile_classes_iter01_20260624_051423,0.0355,experiments/05_choropleth_reliability_benchmark/outputs/generated_code_iterative_repair/qwen2.5-coder_32b/qwen2.5-coder_7b/basic/C008_quantile_classes_basic_iter01.py,qwen2.5-coder_7b,False,,33,,,1000
time_series.png,experiments/05_choropleth_reliability_benchmark/outputs/runs_iterative_repair/qwen2.5-coder_7b/basic/qwen2.5-coder_7b_basic_C008_quantile_classes_iter01_20260624_051423/time_series.png,False,0,,,,False,,,,,1,,time_series_png,,basic,,,C008_quantile_classes,missing_or_empty,False,qwen2.5-coder_32b,0,experiments/05_choropleth_reliability_benchmark/outputs/runs_iterative_repair/qwen2.5-coder_7b/basic/qwen2.5-coder_7b_basic_C008_quantile_classes_iter01_20260624_051423,,experiments/05_choropleth_reliability_benchmark/outputs/generated_code_iterative_repair/qwen2.5-coder_32b/qwen2.5-coder_7b/basic/C008_quantile_classes_basic_iter01.py,qwen2.5-coder_7b,False,,,,,
map_interactive.html,experiments/05_choropleth_reliability_benchmark/outputs/runs_iterative_repair/qwen2.5-coder_7b/basic/qwen2.5-coder_7b_basic_C008_quantile_classes_iter01_20260624_051423/map_interactive.html,False,0,,,,False,,,,,1,,interactive_html,,basic,,,C008_quantile_classes,,,qwen2.5-coder_32b,0,experiments/05_choropleth_reliability_benchmark/outputs/runs_iterative_repair/qwen2.5-coder_7b/basic/qwen2.5-coder_7b_basic_C008_quantile_classes_iter01_20260624_051423,,experiments/05_choropleth_reliability_benchmark/outputs/generated_code_iterative_repair/qwen2.5-coder_32b/qwen2.5-coder_7b/basic/C008_quantile_classes_basic_iter01.py,qwen2.5-coder_7b,False,,,False,,
diagnostics.json,experiments/05_choropleth_reliability_benchmark/outputs/runs_iterative_repair/qwen2.5-coder_7b/basic/qwen2.5-coder_7b_basic_C008_quantile_classes_iter01_20260624_051423/diagnostics.json,True,52,,,,True,,,,,1,,diagnostic_json,,basic,,,C008_quantile_classes,,,qwen2.5-coder_32b,0,experiments/05_choropleth_reliability_benchmark/outputs/runs_iterative_repair/qwen2.5-coder_7b/basic/qwen2.5-coder_7b_basic_C008_quantile_classes_iter01_20260624_051423,,experiments/05_choropleth_reliability_benchmark/outputs/generated_code_iterative_repair/qwen2.5-coder_32b/qwen2.5-coder_7b/basic/C008_quantile_classes_basic_iter01.py,qwen2.5-coder_7b,False,1,,,True,
map_static.png,experiments/05_choropleth_reliability_benchmark/outputs/runs_iterative_repair/qwen2.5-coder_7b/basic/qwen2.5-coder_7b_basic_C008_quantile_classes_iter01_20260624_232716/map_static.png,False,0,,,,False,,,,,1,,static_png,,basic,,,C008_quantile_classes,missing_or_empty,False,qwen2.5-coder_7b,1,experiments/05_choropleth_reliability_benchmark/outputs/runs_iterative_repair/qwen2.5-coder_7b/basic/qwen2.5-coder_7b_basic_C008_quantile_classes_iter01_20260624_232716,,experiments/05_choropleth_reliability_benchmark/outputs/generated_code_iterative_repair/qwen2.5-coder_7b/qwen2.5-coder_7b/basic/C008_quantile_classes_basic_iter01.py,qwen2.5-coder_7b,False,,,,,
time_series.png,experiments/05_choropleth_reliability_benchmark/outputs/runs_iterative_repair/qwen2.5-coder_7b/basic/qwen2.5-coder_7b_basic_C008_quantile_classes_iter01_20260624_232716/time_series.png,False,0,,,,False,,,,,1,,time_series_png,,basic,,,C008_quantile_classes,missing_or_empty,False,qwen2.5-coder_7b,1,experiments/05_choropleth_reliability_benchmark/outputs/runs_iterative_repair/qwen2.5-coder_7b/basic/qwen2.5-coder_7b_basic_C008_quantile_classes_iter01_20260624_232716,,experiments/05_choropleth_reliability_benchmark/outputs/generated_code_iterative_repair/qwen2.5-coder_7b/qwen2.5-coder_7b/basic/C008_quantile_classes_basic_iter01.py,qwen2.5-coder_7b,False,,,,,
map_interactive.html,experiments/05_choropleth_reliability_benchmark/outputs/runs_iterative_repair/qwen2.5-coder_7b/basic/qwen2.5-coder_7b_basic_C008_quantile_classes_iter01_20260624_232716/map_interactive.html,False,0,,,,False,,,,,1,,interactive_html,,basic,,,C008_quantile_classes,,,qwen2.5-coder_7b,1,experiments/05_choropleth_reliability_benchmark/outputs/runs_iterative_repair/qwen2.5-coder_7b/basic/qwen2.5-coder_7b_basic_C008_quantile_classes_iter01_20260624_232716,,experiments/05_choropleth_reliability_benchmark/outputs/generated_code_iterative_repair/qwen2.5-coder_7b/qwen2.5-coder_7b/basic/C008_quantile_classes_basic_iter01.py,qwen2.5-coder_7b,False,,,False,,
diagnostics.json,experiments/05_choropleth_reliability_benchmark/outputs/runs_iterative_repair/qwen2.5-coder_7b/basic/qwen2.5-coder_7b_basic_C008_quantile_classes_iter01_20260624_232716/diagnostics.json,False,0,,,,False,,,,,1,,diagnostic_json,,basic,,,C008_quantile_classes,,,qwen2.5-coder_7b,1,experiments/05_choropleth_reliability_benchmark/outputs/runs_iterative_repair/qwen2.5-coder_7b/basic/qwen2.5-coder_7b_basic_C008_quantile_classes_iter01_20260624_232716,,experiments/05_choropleth_reliability_benchmark/outputs/generated_code_iterative_repair/qwen2.5-coder_7b/qwen2.5-coder_7b/basic/C008_quantile_classes_basic_iter01.py,qwen2.5-coder_7b,False,,,,False,
map_static.png,experiments/05_choropleth_reliability_benchmark/outputs/runs_iterative_repair/qwen2.5-coder_7b/basic/qwen2.5-coder_7b_basic_C008_quantile_classes_iter01_20260625_000422/map_static.png,False,0,,,,False,,,,,1,,static_png,,basic,,,C008_quantile_classes,missing_or_empty,False,qwen2.5-coder_14b,1,experiments/05_choropleth_reliability_benchmark/outputs/runs_iterative_repair/qwen2.5-coder_7b/basic/qwen2.5-coder_7b_basic_C008_quantile_classes_iter01_20260625_000422,,experiments/05_choropleth_reliability_benchmark/outputs/generated_code_iterative_repair/qwen2.5-coder_14b/qwen2.5-coder_7b/basic/C008_quantile_classes_basic_iter01.py,qwen2.5-coder_7b,False,,,,,
time_series.png,experiments/05_choropleth_reliability_benchmark/outputs/runs_iterative_repair/qwen2.5-coder_7b/basic/qwen2.5-coder_7b_basic_C008_quantile_classes_iter01_20260625_000422/time_series.png,False,0,,,,False,,,,,1,,time_series_png,,basic,,,C008_quantile_classes,missing_or_empty,False,qwen2.5-coder_14b,1,experiments/05_choropleth_reliability_benchmark/outputs/runs_iterative_repair/qwen2.5-coder_7b/basic/qwen2.5-coder_7b_basic_C008_quantile_classes_iter01_20260625_000422,,experiments/05_choropleth_reliability_benchmark/outputs/generated_code_iterative_repair/qwen2.5-coder_14b/qwen2.5-coder_7b/basic/C008_quantile_classes_basic_iter01.py,qwen2.5-coder_7b,False,,,,,
map_interactive.html,experiments/05_choropleth_reliability_benchmark/outputs/runs_iterative_repair/qwen2.5-coder_7b/basic/qwen2.5-coder_7b_basic_C008_quantile_classes_iter01_20260625_000422/map_interactive.html,False,0,,,,False,,,,,1,,interactive_html,,basic,,,C008_quantile_classes,,,qwen2.5-coder_14b,1,experiments/05_choropleth_reliability_benchmark/outputs/runs_iterative_repair/qwen2.5-coder_7b/basic/qwen2.5-coder_7b_basic_C008_quantile_classes_iter01_20260625_000422,,experiments/05_choropleth_reliability_benchmark/outputs/generated_code_iterative_repair/qwen2.5-coder_14b/qwen2.5-coder_7b/basic/C008_quantile_classes_basic_iter01.py,qwen2.5-coder_7b,False,,,False,,
diagnostics.json,experiments/05_choropleth_reliability_benchmark/outputs/runs_iterative_repair/qwen2.5-coder_7b/basic/qwen2.5-coder_7b_basic_C008_quantile_classes_iter01_20260625_000422/diagnostics.json,False,0,,,,False,,,,,1,,diagnostic_json,,basic,,,C008_quantile_classes,,,qwen2.5-coder_14b,1,experiments/05_choropleth_reliability_benchmark/outputs/runs_iterative_repair/qwen2.5-coder_7b/basic/qwen2.5-coder_7b_basic_C008_quantile_classes_iter01_20260625_000422,,experiments/05_choropleth_reliability_benchmark/outputs/generated_code_iterative_repair/qwen2.5-coder_14b/qwen2.5-coder_7b/basic/C008_quantile_classes_basic_iter01.py,qwen2.5-coder_7b,False,,,,False,
map_static.png,experiments/05_choropleth_reliability_benchmark/outputs/runs_iterative_repair/qwen2.5-coder_7b/basic/qwen2.5-coder_7b_basic_C008_quantile_classes_iter02_20260624_232728/map_static.png,False,0,,,,False,,,,,2,,static_png,,basic,,,C008_quantile_classes,missing_or_empty,False,qwen2.5-coder_7b,1,experiments/05_choropleth_reliability_benchmark/outputs/runs_iterative_repair/qwen2.5-coder_7b/basic/qwen2.5-coder_7b_basic_C008_quantile_classes_iter02_20260624_232728,,experiments/05_choropleth_reliability_benchmark/outputs/generated_code_iterative_repair/qwen2.5-coder_7b/qwen2.5-coder_7b/basic/C008_quantile_classes_basic_iter02.py,qwen2.5-coder_7b,False,,,,,
time_series.png,experiments/05_choropleth_reliability_benchmark/outputs/runs_iterative_repair/qwen2.5-coder_7b/basic/qwen2.5-coder_7b_basic_C008_quantile_classes_iter02_20260624_232728/time_series.png,False,0,,,,False,,,,,2,,time_series_png,,basic,,,C008_quantile_classes,missing_or_empty,False,qwen2.5-coder_7b,1,experiments/05_choropleth_reliability_benchmark/outputs/runs_iterative_repair/qwen2.5-coder_7b/basic/qwen2.5-coder_7b_basic_C008_quantile_classes_iter02_20260624_232728,,experiments/05_choropleth_reliability_benchmark/outputs/generated_code_iterative_repair/qwen2.5-coder_7b/qwen2.5-coder_7b/basic/C008_quantile_classes_basic_iter02.py,qwen2.5-coder_7b,False,,,,,
map_interactive.html,experiments/05_choropleth_reliability_benchmark/outputs/runs_iterative_repair/qwen2.5-coder_7b/basic/qwen2.5-coder_7b_basic_C008_quantile_classes_iter02_20260624_232728/map_interactive.html,False,0,,,,False,,,,,2,,interactive_html,,basic,,,C008_quantile_classes,,,qwen2.5-coder_7b,1,experiments/05_choropleth_reliability_benchmark/outputs/runs_iterative_repair/qwen2.5-coder_7b/basic/qwen2.5-coder_7b_basic_C008_quantile_classes_iter02_20260624_232728,,experiments/05_choropleth_reliability_benchmark/outputs/generated_code_iterative_repair/qwen2.5-coder_7b/qwen2.5-coder_7b/basic/C008_quantile_classes_basic_iter02.py,qwen2.5-coder_7b,False,,,False,,
diagnostics.json,experiments/05_choropleth_reliability_benchmark/outputs/runs_iterative_repair/qwen2.5-coder_7b/basic/qwen2.5-coder_7b_basic_C008_quantile_classes_iter02_20260624_232728/diagnostics.json,False,0,,,,False,,,,,2,,diagnostic_json,,basic,,,C008_quantile_classes,,,qwen2.5-coder_7b,1,experiments/05_choropleth_reliability_benchmark/outputs/runs_iterative_repair/qwen2.5-coder_7b/basic/qwen2.5-coder_7b_basic_C008_quantile_classes_iter02_20260624_232728,,experiments/05_choropleth_reliability_benchmark/outputs/generated_code_iterative_repair/qwen2.5-coder_7b/qwen2.5-coder_7b/basic/C008_quantile_classes_basic_iter02.py,qwen2.5-coder_7b,False,,,,False,
map_static.png,experiments/05_choropleth_reliability_benchmark/outputs/runs_iterative_repair/qwen2.5-coder_7b/basic/qwen2.5-coder_7b_basic_C008_quantile_classes_iter02_20260625_000446/map_static.png,False,0,,,,False,,,,,2,,static_png,,basic,,,C008_quantile_classes,missing_or_empty,False,qwen2.5-coder_14b,1,experiments/05_choropleth_reliability_benchmark/outputs/runs_iterative_repair/qwen2.5-coder_7b/basic/qwen2.5-coder_7b_basic_C008_quantile_classes_iter02_20260625_000446,,experiments/05_choropleth_reliability_benchmark/outputs/generated_code_iterative_repair/qwen2.5-coder_14b/qwen2.5-coder_7b/basic/C008_quantile_classes_basic_iter02.py,qwen2.5-coder_7b,False,,,,,
time_series.png,experiments/05_choropleth_reliability_benchmark/outputs/runs_iterative_repair/qwen2.5-coder_7b/basic/qwen2.5-coder_7b_basic_C008_quantile_classes_iter02_20260625_000446/time_series.png,False,0,,,,False,,,,,2,,time_series_png,,basic,,,C008_quantile_classes,missing_or_empty,False,qwen2.5-coder_14b,1,experiments/05_choropleth_reliability_benchmark/outputs/runs_iterative_repair/qwen2.5-coder_7b/basic/qwen2.5-coder_7b_basic_C008_quantile_classes_iter02_20260625_000446,,experiments/05_choropleth_reliability_benchmark/outputs/generated_code_iterative_repair/qwen2.5-coder_14b/qwen2.5-coder_7b/basic/C008_quantile_classes_basic_iter02.py,qwen2.5-coder_7b,False,,,,,
map_interactive.html,experiments/05_choropleth_reliability_benchmark/outputs/runs_iterative_repair/qwen2.5-coder_7b/basic/qwen2.5-coder_7b_basic_C008_quantile_classes_iter02_20260625_000446/map_interactive.html,False,0,,,,False,,,,,2,,interactive_html,,basic,,,C008_quantile_classes,,,qwen2.5-coder_14b,1,experiments/05_choropleth_reliability_benchmark/outputs/runs_iterative_repair/qwen2.5-coder_7b/basic/qwen2.5-coder_7b_basic_C008_quantile_classes_iter02_20260625_000446,,experiments/05_choropleth_reliability_benchmark/outputs/generated_code_iterative_repair/qwen2.5-coder_14b/qwen2.5-coder_7b/basic/C008_quantile_classes_basic_iter02.py,qwen2.5-coder_7b,False,,,False,,
diagnostics.json,experiments/05_choropleth_reliability_benchmark/outputs/runs_iterative_repair/qwen2.5-coder_7b/basic/qwen2.5-coder_7b_basic_C008_quantile_classes_iter02_20260625_000446/diagnostics.json,False,0,,,,False,,,,,2,,diagnostic_json,,basic,,,C008_quantile_classes,,,qwen2.5-coder_14b,1,experiments/05_choropleth_reliability_benchmark/outputs/runs_iterative_repair/qwen2.5-coder_7b/basic/qwen2.5-coder_7b_basic_C008_quantile_classes_iter02_20260625_000446,,experiments/05_choropleth_reliability_benchmark/outputs/generated_code_iterative_repair/qwen2.5-coder_14b/qwen2.5-coder_7b/basic/C008_quantile_classes_basic_iter02.py,qwen2.5-coder_7b,False,,,,False,
map_static.png,experiments/05_choropleth_reliability_benchmark/outputs/runs_iterative_repair/qwen2.5-coder_7b/basic/qwen2.5-coder_7b_basic_C008_quantile_classes_iter03_20260624_232740/map_static.png,False,0,,,,False,,,,,3,,static_png,,basic,,,C008_quantile_classes,missing_or_empty,False,qwen2.5-coder_7b,1,experiments/05_choropleth_reliability_benchmark/outputs/runs_iterative_repair/qwen2.5-coder_7b/basic/qwen2.5-coder_7b_basic_C008_quantile_classes_iter03_20260624_232740,,experiments/05_choropleth_reliability_benchmark/outputs/generated_code_iterative_repair/qwen2.5-coder_7b/qwen2.5-coder_7b/basic/C008_quantile_classes_basic_iter03.py,qwen2.5-coder_7b,False,,,,,
time_series.png,experiments/05_choropleth_reliability_benchmark/outputs/runs_iterative_repair/qwen2.5-coder_7b/basic/qwen2.5-coder_7b_basic_C008_quantile_classes_iter03_20260624_232740/time_series.png,False,0,,,,False,,,,,3,,time_series_png,,basic,,,C008_quantile_classes,missing_or_empty,False,qwen2.5-coder_7b,1,experiments/05_choropleth_reliability_benchmark/outputs/runs_iterative_repair/qwen2.5-coder_7b/basic/qwen2.5-coder_7b_basic_C008_quantile_classes_iter03_20260624_232740,,experiments/05_choropleth_reliability_benchmark/outputs/generated_code_iterative_repair/qwen2.5-coder_7b/qwen2.5-coder_7b/basic/C008_quantile_classes_basic_iter03.py,qwen2.5-coder_7b,False,,,,,
map_interactive.html,experiments/05_choropleth_reliability_benchmark/outputs/runs_iterative_repair/qwen2.5-coder_7b/basic/qwen2.5-coder_7b_basic_C008_quantile_classes_iter03_20260624_232740/map_interactive.html,False,0,,,,False,,,,,3,,interactive_html,,basic,,,C008_quantile_classes,,,qwen2.5-coder_7b,1,experiments/05_choropleth_reliability_benchmark/outputs/runs_iterative_repair/qwen2.5-coder_7b/basic/qwen2.5-coder_7b_basic_C008_quantile_classes_iter03_20260624_232740,,experiments/05_choropleth_reliability_benchmark/outputs/generated_code_iterative_repair/qwen2.5-coder_7b/qwen2.5-coder_7b/basic/C008_quantile_classes_basic_iter03.py,qwen2.5-coder_7b,False,,,False,,
diagnostics.json,experiments/05_choropleth_reliability_benchmark/outputs/runs_iterative_repair/qwen2.5-coder_7b/basic/qwen2.5-coder_7b_basic_C008_quantile_classes_iter03_20260624_232740/diagnostics.json,False,0,,,,False,,,,,3,,diagnostic_json,,basic,,,C008_quantile_classes,,,qwen2.5-coder_7b,1,experiments/05_choropleth_reliability_benchmark/outputs/runs_iterative_repair/qwen2.5-coder_7b/basic/qwen2.5-coder_7b_basic_C008_quantile_classes_iter03_20260624_232740,,experiments/05_choropleth_reliability_benchmark/outputs/generated_code_iterative_repair/qwen2.5-coder_7b/qwen2.5-coder_7b/basic/C008_quantile_classes_basic_iter03.py,qwen2.5-coder_7b,False,,,,False,
map_static.png,experiments/05_choropleth_reliability_benchmark/outputs/runs_iterative_repair/qwen2.5-coder_7b/basic/qwen2.5-coder_7b_basic_C008_quantile_classes_iter03_20260625_000508/map_static.png,False,0,,,,False,,,,,3,,static_png,,basic,,,C008_quantile_classes,missing_or_empty,False,qwen2.5-coder_14b,1,experiments/05_choropleth_reliability_benchmark/outputs/runs_iterative_repair/qwen2.5-coder_7b/basic/qwen2.5-coder_7b_basic_C008_quantile_classes_iter03_20260625_000508,,experiments/05_choropleth_reliability_benchmark/outputs/generated_code_iterative_repair/qwen2.5-coder_14b/qwen2.5-coder_7b/basic/C008_quantile_classes_basic_iter03.py,qwen2.5-coder_7b,False,,,,,
time_series.png,experiments/05_choropleth_reliability_benchmark/outputs/runs_iterative_repair/qwen2.5-coder_7b/basic/qwen2.5-coder_7b_basic_C008_quantile_classes_iter03_20260625_000508/time_series.png,False,0,,,,False,,,,,3,,time_series_png,,basic,,,C008_quantile_classes,missing_or_empty,False,qwen2.5-coder_14b,1,experiments/05_choropleth_reliability_benchmark/outputs/runs_iterative_repair/qwen2.5-coder_7b/basic/qwen2.5-coder_7b_basic_C008_quantile_classes_iter03_20260625_000508,,experiments/05_choropleth_reliability_benchmark/outputs/generated_code_iterative_repair/qwen2.5-coder_14b/qwen2.5-coder_7b/basic/C008_quantile_classes_basic_iter03.py,qwen2.5-coder_7b,False,,,,,
map_interactive.html,experiments/05_choropleth_reliability_benchmark/outputs/runs_iterative_repair/qwen2.5-coder_7b/basic/qwen2.5-coder_7b_basic_C008_quantile_classes_iter03_20260625_000508/map_interactive.html,False,0,,,,False,,,,,3,,interactive_html,,basic,,,C008_quantile_classes,,,qwen2.5-coder_14b,1,experiments/05_choropleth_reliability_benchmark/outputs/runs_iterative_repair/qwen2.5-coder_7b/basic/qwen2.5-coder_7b_basic_C008_quantile_classes_iter03_20260625_000508,,experiments/05_choropleth_reliability_benchmark/outputs/generated_code_iterative_repair/qwen2.5-coder_14b/qwen2.5-coder_7b/basic/C008_quantile_classes_basic_iter03.py,qwen2.5-coder_7b,False,,,False,,
diagnostics.json,experiments/05_choropleth_reliability_benchmark/outputs/runs_iterative_repair/qwen2.5-coder_7b/basic/qwen2.5-coder_7b_basic_C008_quantile_classes_iter03_20260625_000508/diagnostics.json,False,0,,,,False,,,,,3,,diagnostic_json,,basic,,,C008_quantile_classes,,,qwen2.5-coder_14b,1,experiments/05_choropleth_reliability_benchmark/outputs/runs_iterative_repair/qwen2.5-coder_7b/basic/qwen2.5-coder_7b_basic_C008_quantile_classes_iter03_20260625_000508,,experiments/05_choropleth_reliability_benchmark/outputs/generated_code_iterative_repair/qwen2.5-coder_14b/qwen2.5-coder_7b/basic/C008_quantile_classes_basic_iter03.py,qwen2.5-coder_7b,False,,,,False,
map_static.png,experiments/05_choropleth_reliability_benchmark/outputs/runs_iterative_repair/qwen2.5-coder_7b/basic/qwen2.5-coder_7b_basic_C009_colorblind_safe_iter01_20260624_045318/map_static.png,False,0,,,,False,,,,,1,,static_png,,basic,,,C009_colorblind_safe,missing_or_empty,False,qwen2.5-coder_32b,1,experiments/05_choropleth_reliability_benchmark/outputs/runs_iterative_repair/qwen2.5-coder_7b/basic/qwen2.5-coder_7b_basic_C009_colorblind_safe_iter01_20260624_045318,,experiments/05_choropleth_reliability_benchmark/outputs/generated_code_iterative_repair/qwen2.5-coder_32b/qwen2.5-coder_7b/basic/C009_colorblind_safe_basic_iter01.py,qwen2.5-coder_7b,False,,,,,
time_series.png,experiments/05_choropleth_reliability_benchmark/outputs/runs_iterative_repair/qwen2.5-coder_7b/basic/qwen2.5-coder_7b_basic_C009_colorblind_safe_iter01_20260624_045318/time_series.png,False,0,,,,False,,,,,1,,time_series_png,,basic,,,C009_colorblind_safe,missing_or_empty,False,qwen2.5-coder_32b,1,experiments/05_choropleth_reliability_benchmark/outputs/runs_iterative_repair/qwen2.5-coder_7b/basic/qwen2.5-coder_7b_basic_C009_colorblind_safe_iter01_20260624_045318,,experiments/05_choropleth_reliability_benchmark/outputs/generated_code_iterative_repair/qwen2.5-coder_32b/qwen2.5-coder_7b/basic/C009_colorblind_safe_basic_iter01.py,qwen2.5-coder_7b,False,,,,,
map_interactive.html,experiments/05_choropleth_reliability_benchmark/outputs/runs_iterative_repair/qwen2.5-coder_7b/basic/qwen2.5-coder_7b_basic_C009_colorblind_safe_iter01_20260624_045318/map_interactive.html,False,0,,,,False,,,,,1,,interactive_html,,basic,,,C009_colorblind_safe,,,qwen2.5-coder_32b,1,experiments/05_choropleth_reliability_benchmark/outputs/runs_iterative_repair/qwen2.5-coder_7b/basic/qwen2.5-coder_7b_basic_C009_colorblind_safe_iter01_20260624_045318,,experiments/05_choropleth_reliability_benchmark/outputs/generated_code_iterative_repair/qwen2.5-coder_32b/qwen2.5-coder_7b/basic/C009_colorblind_safe_basic_iter01.py,qwen2.5-coder_7b,False,,,False,,
diagnostics.json,experiments/05_choropleth_reliability_benchmark/outputs/runs_iterative_repair/qwen2.5-coder_7b/basic/qwen2.5-coder_7b_basic_C009_colorblind_safe_iter01_20260624_045318/diagnostics.json,False,0,,,,False,,,,,1,,diagnostic_json,,basic,,,C009_colorblind_safe,,,qwen2.5-coder_32b,1,experiments/05_choropleth_reliability_benchmark/outputs/runs_iterative_repair/qwen2.5-coder_7b/basic/qwen2.5-coder_7b_basic_C009_colorblind_safe_iter01_20260624_045318,,experiments/05_choropleth_reliability_benchmark/outputs/generated_code_iterative_repair/qwen2.5-coder_32b/qwen2.5-coder_7b/basic/C009_colorblind_safe_basic_iter01.py,qwen2.5-coder_7b,False,,,,False,
map_static.png,experiments/05_choropleth_reliability_benchmark/outputs/runs_iterative_repair/qwen2.5-coder_7b/basic/qwen2.5-coder_7b_basic_C009_colorblind_safe_iter01_20260624_231912/map_static.png,False,0,,,,False,,,,,1,,static_png,,basic,,,C009_colorblind_safe,missing_or_empty,False,qwen2.5-coder_7b,1,experiments/05_choropleth_reliability_benchmark/outputs/runs_iterative_repair/qwen2.5-coder_7b/basic/qwen2.5-coder_7b_basic_C009_colorblind_safe_iter01_20260624_231912,,experiments/05_choropleth_reliability_benchmark/outputs/generated_code_iterative_repair/qwen2.5-coder_7b/qwen2.5-coder_7b/basic/C009_colorblind_safe_basic_iter01.py,qwen2.5-coder_7b,False,,,,,
time_series.png,experiments/05_choropleth_reliability_benchmark/outputs/runs_iterative_repair/qwen2.5-coder_7b/basic/qwen2.5-coder_7b_basic_C009_colorblind_safe_iter01_20260624_231912/time_series.png,False,0,,,,False,,,,,1,,time_series_png,,basic,,,C009_colorblind_safe,missing_or_empty,False,qwen2.5-coder_7b,1,experiments/05_choropleth_reliability_benchmark/outputs/runs_iterative_repair/qwen2.5-coder_7b/basic/qwen2.5-coder_7b_basic_C009_colorblind_safe_iter01_20260624_231912,,experiments/05_choropleth_reliability_benchmark/outputs/generated_code_iterative_repair/qwen2.5-coder_7b/qwen2.5-coder_7b/basic/C009_colorblind_safe_basic_iter01.py,qwen2.5-coder_7b,False,,,,,
map_interactive.html,experiments/05_choropleth_reliability_benchmark/outputs/runs_iterative_repair/qwen2.5-coder_7b/basic/qwen2.5-coder_7b_basic_C009_colorblind_safe_iter01_20260624_231912/map_interactive.html,False,0,,,,False,,,,,1,,interactive_html,,basic,,,C009_colorblind_safe,,,qwen2.5-coder_7b,1,experiments/05_choropleth_reliability_benchmark/outputs/runs_iterative_repair/qwen2.5-coder_7b/basic/qwen2.5-coder_7b_basic_C009_colorblind_safe_iter01_20260624_231912,,experiments/05_choropleth_reliability_benchmark/outputs/generated_code_iterative_repair/qwen2.5-coder_7b/qwen2.5-coder_7b/basic/C009_colorblind_safe_basic_iter01.py,qwen2.5-coder_7b,False,,,False,,
diagnostics.json,experiments/05_choropleth_reliability_benchmark/outputs/runs_iterative_repair/qwen2.5-coder_7b/basic/qwen2.5-coder_7b_basic_C009_colorblind_safe_iter01_20260624_231912/diagnostics.json,False,0,,,,False,,,,,1,,diagnostic_json,,basic,,,C009_colorblind_safe,,,qwen2.5-coder_7b,1,experiments/05_choropleth_reliability_benchmark/outputs/runs_iterative_repair/qwen2.5-coder_7b/basic/qwen2.5-coder_7b_basic_C009_colorblind_safe_iter01_20260624_231912,,experiments/05_choropleth_reliability_benchmark/outputs/generated_code_iterative_repair/qwen2.5-coder_7b/qwen2.5-coder_7b/basic/C009_colorblind_safe_basic_iter01.py,qwen2.5-coder_7b,False,,,,False,
map_static.png,experiments/05_choropleth_reliability_benchmark/outputs/runs_iterative_repair/qwen2.5-coder_7b/basic/qwen2.5-coder_7b_basic_C009_colorblind_safe_iter01_20260624_235149/map_static.png,False,0,,,,False,,,,,1,,static_png,,basic,,,C009_colorblind_safe,missing_or_empty,False,qwen2.5-coder_14b,1,experiments/05_choropleth_reliability_benchmark/outputs/runs_iterative_repair/qwen2.5-coder_7b/basic/qwen2.5-coder_7b_basic_C009_colorblind_safe_iter01_20260624_235149,,experiments/05_choropleth_reliability_benchmark/outputs/generated_code_iterative_repair/qwen2.5-coder_14b/qwen2.5-coder_7b/basic/C009_colorblind_safe_basic_iter01.py,qwen2.5-coder_7b,False,,,,,
time_series.png,experiments/05_choropleth_reliability_benchmark/outputs/runs_iterative_repair/qwen2.5-coder_7b/basic/qwen2.5-coder_7b_basic_C009_colorblind_safe_iter01_20260624_235149/time_series.png,False,0,,,,False,,,,,1,,time_series_png,,basic,,,C009_colorblind_safe,missing_or_empty,False,qwen2.5-coder_14b,1,experiments/05_choropleth_reliability_benchmark/outputs/runs_iterative_repair/qwen2.5-coder_7b/basic/qwen2.5-coder_7b_basic_C009_colorblind_safe_iter01_20260624_235149,,experiments/05_choropleth_reliability_benchmark/outputs/generated_code_iterative_repair/qwen2.5-coder_14b/qwen2.5-coder_7b/basic/C009_colorblind_safe_basic_iter01.py,qwen2.5-coder_7b,False,,,,,
map_interactive.html,experiments/05_choropleth_reliability_benchmark/outputs/runs_iterative_repair/qwen2.5-coder_7b/basic/qwen2.5-coder_7b_basic_C009_colorblind_safe_iter01_20260624_235149/map_interactive.html,False,0,,,,False,,,,,1,,interactive_html,,basic,,,C009_colorblind_safe,,,qwen2.5-coder_14b,1,experiments/05_choropleth_reliability_benchmark/outputs/runs_iterative_repair/qwen2.5-coder_7b/basic/qwen2.5-coder_7b_basic_C009_colorblind_safe_iter01_20260624_235149,,experiments/05_choropleth_reliability_benchmark/outputs/generated_code_iterative_repair/qwen2.5-coder_14b/qwen2.5-coder_7b/basic/C009_colorblind_safe_basic_iter01.py,qwen2.5-coder_7b,False,,,False,,
diagnostics.json,experiments/05_choropleth_reliability_benchmark/outputs/runs_iterative_repair/qwen2.5-coder_7b/basic/qwen2.5-coder_7b_basic_C009_colorblind_safe_iter01_20260624_235149/diagnostics.json,False,0,,,,False,,,,,1,,diagnostic_json,,basic,,,C009_colorblind_safe,,,qwen2.5-coder_14b,1,experiments/05_choropleth_reliability_benchmark/outputs/runs_iterative_repair/qwen2.5-coder_7b/basic/qwen2.5-coder_7b_basic_C009_colorblind_safe_iter01_20260624_235149,,experiments/05_choropleth_reliability_benchmark/outputs/generated_code_iterative_repair/qwen2.5-coder_14b/qwen2.5-coder_7b/basic/C009_colorblind_safe_basic_iter01.py,qwen2.5-coder_7b,False,,,,False,
map_static.png,experiments/05_choropleth_reliability_benchmark/outputs/runs_iterative_repair/qwen2.5-coder_7b/basic/qwen2.5-coder_7b_basic_C009_colorblind_safe_iter02_20260624_045358/map_static.png,True,71720,0.0047,255,4.951,True,,,,800,2,,static_png,243.074,basic,0.9966,0.0959,C009_colorblind_safe,,True,qwen2.5-coder_32b,0,experiments/05_choropleth_reliability_benchmark/outputs/runs_iterative_repair/qwen2.5-coder_7b/basic/qwen2.5-coder_7b_basic_C009_colorblind_safe_iter02_20260624_045358,0.0773,experiments/05_choropleth_reliability_benchmark/outputs/generated_code_iterative_repair/qwen2.5-coder_32b/qwen2.5-coder_7b/basic/C009_colorblind_safe_basic_iter02.py,qwen2.5-coder_7b,False,,50,,,1200
time_series.png,experiments/05_choropleth_reliability_benchmark/outputs/runs_iterative_repair/qwen2.5-coder_7b/basic/qwen2.5-coder_7b_basic_C009_colorblind_safe_iter02_20260624_045358/time_series.png,False,0,,,,False,,,,,2,,time_series_png,,basic,,,C009_colorblind_safe,missing_or_empty,False,qwen2.5-coder_32b,0,experiments/05_choropleth_reliability_benchmark/outputs/runs_iterative_repair/qwen2.5-coder_7b/basic/qwen2.5-coder_7b_basic_C009_colorblind_safe_iter02_20260624_045358,,experiments/05_choropleth_reliability_benchmark/outputs/generated_code_iterative_repair/qwen2.5-coder_32b/qwen2.5-coder_7b/basic/C009_colorblind_safe_basic_iter02.py,qwen2.5-coder_7b,False,,,,,
map_interactive.html,experiments/05_choropleth_reliability_benchmark/outputs/runs_iterative_repair/qwen2.5-coder_7b/basic/qwen2.5-coder_7b_basic_C009_colorblind_safe_iter02_20260624_045358/map_interactive.html,False,0,,,,False,,,,,2,,interactive_html,,basic,,,C009_colorblind_safe,,,qwen2.5-coder_32b,0,experiments/05_choropleth_reliability_benchmark/outputs/runs_iterative_repair/qwen2.5-coder_7b/basic/qwen2.5-coder_7b_basic_C009_colorblind_safe_iter02_20260624_045358,,experiments/05_choropleth_reliability_benchmark/outputs/generated_code_iterative_repair/qwen2.5-coder_32b/qwen2.5-coder_7b/basic/C009_colorblind_safe_basic_iter02.py,qwen2.5-coder_7b,False,,,False,,
diagnostics.json,experiments/05_choropleth_reliability_benchmark/outputs/runs_iterative_repair/qwen2.5-coder_7b/basic/qwen2.5-coder_7b_basic_C009_colorblind_safe_iter02_20260624_045358/diagnostics.json,True,71,,,,True,,,,,2,,diagnostic_json,,basic,,,C009_colorblind_safe,,,qwen2.5-coder_32b,0,experiments/05_choropleth_reliability_benchmark/outputs/runs_iterative_repair/qwen2.5-coder_7b/basic/qwen2.5-coder_7b_basic_C009_colorblind_safe_iter02_20260624_045358,,experiments/05_choropleth_reliability_benchmark/outputs/generated_code_iterative_repair/qwen2.5-coder_32b/qwen2.5-coder_7b/basic/C009_colorblind_safe_basic_iter02.py,qwen2.5-coder_7b,False,1,,,True,
map_static.png,experiments/05_choropleth_reliability_benchmark/outputs/runs_iterative_repair/qwen2.5-coder_7b/basic/qwen2.5-coder_7b_basic_C009_colorblind_safe_iter02_20260624_231922/map_static.png,True,65954,0.0035,255,4.262,True,,,,800,2,,static_png,243.421,basic,0.9972,0.0935,C009_colorblind_safe,,True,qwen2.5-coder_7b,0,experiments/05_choropleth_reliability_benchmark/outputs/runs_iterative_repair/qwen2.5-coder_7b/basic/qwen2.5-coder_7b_basic_C009_colorblind_safe_iter02_20260624_231922,0.0773,experiments/05_choropleth_reliability_benchmark/outputs/generated_code_iterative_repair/qwen2.5-coder_7b/qwen2.5-coder_7b/basic/C009_colorblind_safe_basic_iter02.py,qwen2.5-coder_7b,False,,50,,,1200
time_series.png,experiments/05_choropleth_reliability_benchmark/outputs/runs_iterative_repair/qwen2.5-coder_7b/basic/qwen2.5-coder_7b_basic_C009_colorblind_safe_iter02_20260624_231922/time_series.png,False,0,,,,False,,,,,2,,time_series_png,,basic,,,C009_colorblind_safe,missing_or_empty,False,qwen2.5-coder_7b,0,experiments/05_choropleth_reliability_benchmark/outputs/runs_iterative_repair/qwen2.5-coder_7b/basic/qwen2.5-coder_7b_basic_C009_colorblind_safe_iter02_20260624_231922,,experiments/05_choropleth_reliability_benchmark/outputs/generated_code_iterative_repair/qwen2.5-coder_7b/qwen2.5-coder_7b/basic/C009_colorblind_safe_basic_iter02.py,qwen2.5-coder_7b,False,,,,,
map_interactive.html,experiments/05_choropleth_reliability_benchmark/outputs/runs_iterative_repair/qwen2.5-coder_7b/basic/qwen2.5-coder_7b_basic_C009_colorblind_safe_iter02_20260624_231922/map_interactive.html,False,0,,,,False,,,,,2,,interactive_html,,basic,,,C009_colorblind_safe,,,qwen2.5-coder_7b,0,experiments/05_choropleth_reliability_benchmark/outputs/runs_iterative_repair/qwen2.5-coder_7b/basic/qwen2.5-coder_7b_basic_C009_colorblind_safe_iter02_20260624_231922,,experiments/05_choropleth_reliability_benchmark/outputs/generated_code_iterative_repair/qwen2.5-coder_7b/qwen2.5-coder_7b/basic/C009_colorblind_safe_basic_iter02.py,qwen2.5-coder_7b,False,,,False,,
diagnostics.json,experiments/05_choropleth_reliability_benchmark/outputs/runs_iterative_repair/qwen2.5-coder_7b/basic/qwen2.5-coder_7b_basic_C009_colorblind_safe_iter02_20260624_231922/diagnostics.json,True,71,,,,True,,,,,2,,diagnostic_json,,basic,,,C009_colorblind_safe,,,qwen2.5-coder_7b,0,experiments/05_choropleth_reliability_benchmark/outputs/runs_iterative_repair/qwen2.5-coder_7b/basic/qwen2.5-coder_7b_basic_C009_colorblind_safe_iter02_20260624_231922,,experiments/05_choropleth_reliability_benchmark/outputs/generated_code_iterative_repair/qwen2.5-coder_7b/qwen2.5-coder_7b/basic/C009_colorblind_safe_basic_iter02.py,qwen2.5-coder_7b,False,1,,,True,
map_static.png,experiments/05_choropleth_reliability_benchmark/outputs/runs_iterative_repair/qwen2.5-coder_7b/basic/qwen2.5-coder_7b_basic_C009_colorblind_safe_iter02_20260624_235210/map_static.png,True,71621,0.0047,255,4.956,True,,,,800,2,,static_png,243.071,basic,0.9966,0.0959,C009_colorblind_safe,,True,qwen2.5-coder_14b,0,experiments/05_choropleth_reliability_benchmark/outputs/runs_iterative_repair/qwen2.5-coder_7b/basic/qwen2.5-coder_7b_basic_C009_colorblind_safe_iter02_20260624_235210,0.0773,experiments/05_choropleth_reliability_benchmark/outputs/generated_code_iterative_repair/qwen2.5-coder_14b/qwen2.5-coder_7b/basic/C009_colorblind_safe_basic_iter02.py,qwen2.5-coder_7b,False,,50,,,1200
time_series.png,experiments/05_choropleth_reliability_benchmark/outputs/runs_iterative_repair/qwen2.5-coder_7b/basic/qwen2.5-coder_7b_basic_C009_colorblind_safe_iter02_20260624_235210/time_series.png,False,0,,,,False,,,,,2,,time_series_png,,basic,,,C009_colorblind_safe,missing_or_empty,False,qwen2.5-coder_14b,0,experiments/05_choropleth_reliability_benchmark/outputs/runs_iterative_repair/qwen2.5-coder_7b/basic/qwen2.5-coder_7b_basic_C009_colorblind_safe_iter02_20260624_235210,,experiments/05_choropleth_reliability_benchmark/outputs/generated_code_iterative_repair/qwen2.5-coder_14b/qwen2.5-coder_7b/basic/C009_colorblind_safe_basic_iter02.py,qwen2.5-coder_7b,False,,,,,
map_interactive.html,experiments/05_choropleth_reliability_benchmark/outputs/runs_iterative_repair/qwen2.5-coder_7b/basic/qwen2.5-coder_7b_basic_C009_colorblind_safe_iter02_20260624_235210/map_interactive.html,False,0,,,,False,,,,,2,,interactive_html,,basic,,,C009_colorblind_safe,,,qwen2.5-coder_14b,0,experiments/05_choropleth_reliability_benchmark/outputs/runs_iterative_repair/qwen2.5-coder_7b/basic/qwen2.5-coder_7b_basic_C009_colorblind_safe_iter02_20260624_235210,,experiments/05_choropleth_reliability_benchmark/outputs/generated_code_iterative_repair/qwen2.5-coder_14b/qwen2.5-coder_7b/basic/C009_colorblind_safe_basic_iter02.py,qwen2.5-coder_7b,False,,,False,,
diagnostics.json,experiments/05_choropleth_reliability_benchmark/outputs/runs_iterative_repair/qwen2.5-coder_7b/basic/qwen2.5-coder_7b_basic_C009_colorblind_safe_iter02_20260624_235210/diagnostics.json,True,71,,,,True,,,,,2,,diagnostic_json,,basic,,,C009_colorblind_safe,,,qwen2.5-coder_14b,0,experiments/05_choropleth_reliability_benchmark/outputs/runs_iterative_repair/qwen2.5-coder_7b/basic/qwen2.5-coder_7b_basic_C009_colorblind_safe_iter02_20260624_235210,,experiments/05_choropleth_reliability_benchmark/outputs/generated_code_iterative_repair/qwen2.5-coder_14b/qwen2.5-coder_7b/basic/C009_colorblind_safe_basic_iter02.py,qwen2.5-coder_7b,False,1,,,True,
map_static.png,experiments/05_choropleth_reliability_benchmark/outputs/runs_iterative_repair/qwen2.5-coder_7b/basic/qwen2.5-coder_7b_basic_C010_interactive_tooltips_iter01_20260624_045448/map_static.png,False,0,,,,False,,,,,1,,static_png,,basic,,,C010_interactive_tooltips,missing_or_empty,False,qwen2.5-coder_32b,0,experiments/05_choropleth_reliability_benchmark/outputs/runs_iterative_repair/qwen2.5-coder_7b/basic/qwen2.5-coder_7b_basic_C010_interactive_tooltips_iter01_20260624_045448,,experiments/05_choropleth_reliability_benchmark/outputs/generated_code_iterative_repair/qwen2.5-coder_32b/qwen2.5-coder_7b/basic/C010_interactive_tooltips_basic_iter01.py,qwen2.5-coder_7b,False,,,,,
time_series.png,experiments/05_choropleth_reliability_benchmark/outputs/runs_iterative_repair/qwen2.5-coder_7b/basic/qwen2.5-coder_7b_basic_C010_interactive_tooltips_iter01_20260624_045448/time_series.png,False,0,,,,False,,,,,1,,time_series_png,,basic,,,C010_interactive_tooltips,missing_or_empty,False,qwen2.5-coder_32b,0,experiments/05_choropleth_reliability_benchmark/outputs/runs_iterative_repair/qwen2.5-coder_7b/basic/qwen2.5-coder_7b_basic_C010_interactive_tooltips_iter01_20260624_045448,,experiments/05_choropleth_reliability_benchmark/outputs/generated_code_iterative_repair/qwen2.5-coder_32b/qwen2.5-coder_7b/basic/C010_interactive_tooltips_basic_iter01.py,qwen2.5-coder_7b,False,,,,,
map_interactive.html,experiments/05_choropleth_reliability_benchmark/outputs/runs_iterative_repair/qwen2.5-coder_7b/basic/qwen2.5-coder_7b_basic_C010_interactive_tooltips_iter01_20260624_045448/map_interactive.html,True,26687088,,,,True,True,True,True,,1,,interactive_html,,basic,,,C010_interactive_tooltips,,,qwen2.5-coder_32b,0,experiments/05_choropleth_reliability_benchmark/outputs/runs_iterative_repair/qwen2.5-coder_7b/basic/qwen2.5-coder_7b_basic_C010_interactive_tooltips_iter01_20260624_045448,,experiments/05_choropleth_reliability_benchmark/outputs/generated_code_iterative_repair/qwen2.5-coder_32b/qwen2.5-coder_7b/basic/C010_interactive_tooltips_basic_iter01.py,qwen2.5-coder_7b,False,,,True,,
diagnostics.json,experiments/05_choropleth_reliability_benchmark/outputs/runs_iterative_repair/qwen2.5-coder_7b/basic/qwen2.5-coder_7b_basic_C010_interactive_tooltips_iter01_20260624_045448/diagnostics.json,False,0,,,,False,,,,,1,,diagnostic_json,,basic,,,C010_interactive_tooltips,,,qwen2.5-coder_32b,0,experiments/05_choropleth_reliability_benchmark/outputs/runs_iterative_repair/qwen2.5-coder_7b/basic/qwen2.5-coder_7b_basic_C010_interactive_tooltips_iter01_20260624_045448,,experiments/05_choropleth_reliability_benchmark/outputs/generated_code_iterative_repair/qwen2.5-coder_32b/qwen2.5-coder_7b/basic/C010_interactive_tooltips_basic_iter01.py,qwen2.5-coder_7b,False,,,,False,
map_static.png,experiments/05_choropleth_reliability_benchmark/outputs/runs_iterative_repair/qwen2.5-coder_7b/basic/qwen2.5-coder_7b_basic_C010_interactive_tooltips_iter01_20260624_231937/map_static.png,False,0,,,,False,,,,,1,,static_png,,basic,,,C010_interactive_tooltips,missing_or_empty,False,qwen2.5-coder_7b,1,experiments/05_choropleth_reliability_benchmark/outputs/runs_iterative_repair/qwen2.5-coder_7b/basic/qwen2.5-coder_7b_basic_C010_interactive_tooltips_iter01_20260624_231937,,experiments/05_choropleth_reliability_benchmark/outputs/generated_code_iterative_repair/qwen2.5-coder_7b/qwen2.5-coder_7b/basic/C010_interactive_tooltips_basic_iter01.py,qwen2.5-coder_7b,False,,,,,
time_series.png,experiments/05_choropleth_reliability_benchmark/outputs/runs_iterative_repair/qwen2.5-coder_7b/basic/qwen2.5-coder_7b_basic_C010_interactive_tooltips_iter01_20260624_231937/time_series.png,False,0,,,,False,,,,,1,,time_series_png,,basic,,,C010_interactive_tooltips,missing_or_empty,False,qwen2.5-coder_7b,1,experiments/05_choropleth_reliability_benchmark/outputs/runs_iterative_repair/qwen2.5-coder_7b/basic/qwen2.5-coder_7b_basic_C010_interactive_tooltips_iter01_20260624_231937,,experiments/05_choropleth_reliability_benchmark/outputs/generated_code_iterative_repair/qwen2.5-coder_7b/qwen2.5-coder_7b/basic/C010_interactive_tooltips_basic_iter01.py,qwen2.5-coder_7b,False,,,,,
map_interactive.html,experiments/05_choropleth_reliability_benchmark/outputs/runs_iterative_repair/qwen2.5-coder_7b/basic/qwen2.5-coder_7b_basic_C010_interactive_tooltips_iter01_20260624_231937/map_interactive.html,False,0,,,,True,,,,,1,,interactive_html,,basic,,,C010_interactive_tooltips,,,qwen2.5-coder_7b,1,experiments/05_choropleth_reliability_benchmark/outputs/runs_iterative_repair/qwen2.5-coder_7b/basic/qwen2.5-coder_7b_basic_C010_interactive_tooltips_iter01_20260624_231937,,experiments/05_choropleth_reliability_benchmark/outputs/generated_code_iterative_repair/qwen2.5-coder_7b/qwen2.5-coder_7b/basic/C010_interactive_tooltips_basic_iter01.py,qwen2.5-coder_7b,False,,,False,,
diagnostics.json,experiments/05_choropleth_reliability_benchmark/outputs/runs_iterative_repair/qwen2.5-coder_7b/basic/qwen2.5-coder_7b_basic_C010_interactive_tooltips_iter01_20260624_231937/diagnostics.json,False,0,,,,False,,,,,1,,diagnostic_json,,basic,,,C010_interactive_tooltips,,,qwen2.5-coder_7b,1,experiments/05_choropleth_reliability_benchmark/outputs/runs_iterative_repair/qwen2.5-coder_7b/basic/qwen2.5-coder_7b_basic_C010_interactive_tooltips_iter01_20260624_231937,,experiments/05_choropleth_reliability_benchmark/outputs/generated_code_iterative_repair/qwen2.5-coder_7b/qwen2.5-coder_7b/basic/C010_interactive_tooltips_basic_iter01.py,qwen2.5-coder_7b,False,,,,False,
map_static.png,experiments/05_choropleth_reliability_benchmark/outputs/runs_iterative_repair/qwen2.5-coder_7b/basic/qwen2.5-coder_7b_basic_C010_interactive_tooltips_iter01_20260624_235237/map_static.png,False,0,,,,False,,,,,1,,static_png,,basic,,,C010_interactive_tooltips,missing_or_empty,False,qwen2.5-coder_14b,1,experiments/05_choropleth_reliability_benchmark/outputs/runs_iterative_repair/qwen2.5-coder_7b/basic/qwen2.5-coder_7b_basic_C010_interactive_tooltips_iter01_20260624_235237,,experiments/05_choropleth_reliability_benchmark/outputs/generated_code_iterative_repair/qwen2.5-coder_14b/qwen2.5-coder_7b/basic/C010_interactive_tooltips_basic_iter01.py,qwen2.5-coder_7b,False,,,,,
time_series.png,experiments/05_choropleth_reliability_benchmark/outputs/runs_iterative_repair/qwen2.5-coder_7b/basic/qwen2.5-coder_7b_basic_C010_interactive_tooltips_iter01_20260624_235237/time_series.png,False,0,,,,False,,,,,1,,time_series_png,,basic,,,C010_interactive_tooltips,missing_or_empty,False,qwen2.5-coder_14b,1,experiments/05_choropleth_reliability_benchmark/outputs/runs_iterative_repair/qwen2.5-coder_7b/basic/qwen2.5-coder_7b_basic_C010_interactive_tooltips_iter01_20260624_235237,,experiments/05_choropleth_reliability_benchmark/outputs/generated_code_iterative_repair/qwen2.5-coder_14b/qwen2.5-coder_7b/basic/C010_interactive_tooltips_basic_iter01.py,qwen2.5-coder_7b,False,,,,,
map_interactive.html,experiments/05_choropleth_reliability_benchmark/outputs/runs_iterative_repair/qwen2.5-coder_7b/basic/qwen2.5-coder_7b_basic_C010_interactive_tooltips_iter01_20260624_235237/map_interactive.html,False,0,,,,False,,,,,1,,interactive_html,,basic,,,C010_interactive_tooltips,,,qwen2.5-coder_14b,1,experiments/05_choropleth_reliability_benchmark/outputs/runs_iterative_repair/qwen2.5-coder_7b/basic/qwen2.5-coder_7b_basic_C010_interactive_tooltips_iter01_20260624_235237,,experiments/05_choropleth_reliability_benchmark/outputs/generated_code_iterative_repair/qwen2.5-coder_14b/qwen2.5-coder_7b/basic/C010_interactive_tooltips_basic_iter01.py,qwen2.5-coder_7b,False,,,False,,
diagnostics.json,experiments/05_choropleth_reliability_benchmark/outputs/runs_iterative_repair/qwen2.5-coder_7b/basic/qwen2.5-coder_7b_basic_C010_interactive_tooltips_iter01_20260624_235237/diagnostics.json,False,0,,,,False,,,,,1,,diagnostic_json,,basic,,,C010_interactive_tooltips,,,qwen2.5-coder_14b,1,experiments/05_choropleth_reliability_benchmark/outputs/runs_iterative_repair/qwen2.5-coder_7b/basic/qwen2.5-coder_7b_basic_C010_interactive_tooltips_iter01_20260624_235237,,experiments/05_choropleth_reliability_benchmark/outputs/generated_code_iterative_repair/qwen2.5-coder_14b/qwen2.5-coder_7b/basic/C010_interactive_tooltips_basic_iter01.py,qwen2.5-coder_7b,False,,,,False,
map_static.png,experiments/05_choropleth_reliability_benchmark/outputs/runs_iterative_repair/qwen2.5-coder_7b/basic/qwen2.5-coder_7b_basic_C010_interactive_tooltips_iter02_20260624_231955/map_static.png,False,0,,,,False,,,,,2,,static_png,,basic,,,C010_interactive_tooltips,missing_or_empty,False,qwen2.5-coder_7b,1,experiments/05_choropleth_reliability_benchmark/outputs/runs_iterative_repair/qwen2.5-coder_7b/basic/qwen2.5-coder_7b_basic_C010_interactive_tooltips_iter02_20260624_231955,,experiments/05_choropleth_reliability_benchmark/outputs/generated_code_iterative_repair/qwen2.5-coder_7b/qwen2.5-coder_7b/basic/C010_interactive_tooltips_basic_iter02.py,qwen2.5-coder_7b,False,,,,,
time_series.png,experiments/05_choropleth_reliability_benchmark/outputs/runs_iterative_repair/qwen2.5-coder_7b/basic/qwen2.5-coder_7b_basic_C010_interactive_tooltips_iter02_20260624_231955/time_series.png,False,0,,,,False,,,,,2,,time_series_png,,basic,,,C010_interactive_tooltips,missing_or_empty,False,qwen2.5-coder_7b,1,experiments/05_choropleth_reliability_benchmark/outputs/runs_iterative_repair/qwen2.5-coder_7b/basic/qwen2.5-coder_7b_basic_C010_interactive_tooltips_iter02_20260624_231955,,experiments/05_choropleth_reliability_benchmark/outputs/generated_code_iterative_repair/qwen2.5-coder_7b/qwen2.5-coder_7b/basic/C010_interactive_tooltips_basic_iter02.py,qwen2.5-coder_7b,False,,,,,
map_interactive.html,experiments/05_choropleth_reliability_benchmark/outputs/runs_iterative_repair/qwen2.5-coder_7b/basic/qwen2.5-coder_7b_basic_C010_interactive_tooltips_iter02_20260624_231955/map_interactive.html,False,0,,,,True,,,,,2,,interactive_html,,basic,,,C010_interactive_tooltips,,,qwen2.5-coder_7b,1,experiments/05_choropleth_reliability_benchmark/outputs/runs_iterative_repair/qwen2.5-coder_7b/basic/qwen2.5-coder_7b_basic_C010_interactive_tooltips_iter02_20260624_231955,,experiments/05_choropleth_reliability_benchmark/outputs/generated_code_iterative_repair/qwen2.5-coder_7b/qwen2.5-coder_7b/basic/C010_interactive_tooltips_basic_iter02.py,qwen2.5-coder_7b,False,,,False,,
diagnostics.json,experiments/05_choropleth_reliability_benchmark/outputs/runs_iterative_repair/qwen2.5-coder_7b/basic/qwen2.5-coder_7b_basic_C010_interactive_tooltips_iter02_20260624_231955/diagnostics.json,False,0,,,,False,,,,,2,,diagnostic_json,,basic,,,C010_interactive_tooltips,,,qwen2.5-coder_7b,1,experiments/05_choropleth_reliability_benchmark/outputs/runs_iterative_repair/qwen2.5-coder_7b/basic/qwen2.5-coder_7b_basic_C010_interactive_tooltips_iter02_20260624_231955,,experiments/05_choropleth_reliability_benchmark/outputs/generated_code_iterative_repair/qwen2.5-coder_7b/qwen2.5-coder_7b/basic/C010_interactive_tooltips_basic_iter02.py,qwen2.5-coder_7b,False,,,,False,
map_static.png,experiments/05_choropleth_reliability_benchmark/outputs/runs_iterative_repair/qwen2.5-coder_7b/basic/qwen2.5-coder_7b_basic_C010_interactive_tooltips_iter02_20260624_235302/map_static.png,False,0,,,,False,,,,,2,,static_png,,basic,,,C010_interactive_tooltips,missing_or_empty,False,qwen2.5-coder_14b,1,experiments/05_choropleth_reliability_benchmark/outputs/runs_iterative_repair/qwen2.5-coder_7b/basic/qwen2.5-coder_7b_basic_C010_interactive_tooltips_iter02_20260624_235302,,experiments/05_choropleth_reliability_benchmark/outputs/generated_code_iterative_repair/qwen2.5-coder_14b/qwen2.5-coder_7b/basic/C010_interactive_tooltips_basic_iter02.py,qwen2.5-coder_7b,False,,,,,
time_series.png,experiments/05_choropleth_reliability_benchmark/outputs/runs_iterative_repair/qwen2.5-coder_7b/basic/qwen2.5-coder_7b_basic_C010_interactive_tooltips_iter02_20260624_235302/time_series.png,False,0,,,,False,,,,,2,,time_series_png,,basic,,,C010_interactive_tooltips,missing_or_empty,False,qwen2.5-coder_14b,1,experiments/05_choropleth_reliability_benchmark/outputs/runs_iterative_repair/qwen2.5-coder_7b/basic/qwen2.5-coder_7b_basic_C010_interactive_tooltips_iter02_20260624_235302,,experiments/05_choropleth_reliability_benchmark/outputs/generated_code_iterative_repair/qwen2.5-coder_14b/qwen2.5-coder_7b/basic/C010_interactive_tooltips_basic_iter02.py,qwen2.5-coder_7b,False,,,,,
map_interactive.html,experiments/05_choropleth_reliability_benchmark/outputs/runs_iterative_repair/qwen2.5-coder_7b/basic/qwen2.5-coder_7b_basic_C010_interactive_tooltips_iter02_20260624_235302/map_interactive.html,False,0,,,,False,,,,,2,,interactive_html,,basic,,,C010_interactive_tooltips,,,qwen2.5-coder_14b,1,experiments/05_choropleth_reliability_benchmark/outputs/runs_iterative_repair/qwen2.5-coder_7b/basic/qwen2.5-coder_7b_basic_C010_interactive_tooltips_iter02_20260624_235302,,experiments/05_choropleth_reliability_benchmark/outputs/generated_code_iterative_repair/qwen2.5-coder_14b/qwen2.5-coder_7b/basic/C010_interactive_tooltips_basic_iter02.py,qwen2.5-coder_7b,False,,,False,,
diagnostics.json,experiments/05_choropleth_reliability_benchmark/outputs/runs_iterative_repair/qwen2.5-coder_7b/basic/qwen2.5-coder_7b_basic_C010_interactive_tooltips_iter02_20260624_235302/diagnostics.json,False,0,,,,False,,,,,2,,diagnostic_json,,basic,,,C010_interactive_tooltips,,,qwen2.5-coder_14b,1,experiments/05_choropleth_reliability_benchmark/outputs/runs_iterative_repair/qwen2.5-coder_7b/basic/qwen2.5-coder_7b_basic_C010_interactive_tooltips_iter02_20260624_235302,,experiments/05_choropleth_reliability_benchmark/outputs/generated_code_iterative_repair/qwen2.5-coder_14b/qwen2.5-coder_7b/basic/C010_interactive_tooltips_basic_iter02.py,qwen2.5-coder_7b,False,,,,False,
map_static.png,experiments/05_choropleth_reliability_benchmark/outputs/runs_iterative_repair/qwen2.5-coder_7b/basic/qwen2.5-coder_7b_basic_C010_interactive_tooltips_iter03_20260624_232012/map_static.png,False,0,,,,False,,,,,3,,static_png,,basic,,,C010_interactive_tooltips,missing_or_empty,False,qwen2.5-coder_7b,1,experiments/05_choropleth_reliability_benchmark/outputs/runs_iterative_repair/qwen2.5-coder_7b/basic/qwen2.5-coder_7b_basic_C010_interactive_tooltips_iter03_20260624_232012,,experiments/05_choropleth_reliability_benchmark/outputs/generated_code_iterative_repair/qwen2.5-coder_7b/qwen2.5-coder_7b/basic/C010_interactive_tooltips_basic_iter03.py,qwen2.5-coder_7b,False,,,,,
time_series.png,experiments/05_choropleth_reliability_benchmark/outputs/runs_iterative_repair/qwen2.5-coder_7b/basic/qwen2.5-coder_7b_basic_C010_interactive_tooltips_iter03_20260624_232012/time_series.png,False,0,,,,False,,,,,3,,time_series_png,,basic,,,C010_interactive_tooltips,missing_or_empty,False,qwen2.5-coder_7b,1,experiments/05_choropleth_reliability_benchmark/outputs/runs_iterative_repair/qwen2.5-coder_7b/basic/qwen2.5-coder_7b_basic_C010_interactive_tooltips_iter03_20260624_232012,,experiments/05_choropleth_reliability_benchmark/outputs/generated_code_iterative_repair/qwen2.5-coder_7b/qwen2.5-coder_7b/basic/C010_interactive_tooltips_basic_iter03.py,qwen2.5-coder_7b,False,,,,,
map_interactive.html,experiments/05_choropleth_reliability_benchmark/outputs/runs_iterative_repair/qwen2.5-coder_7b/basic/qwen2.5-coder_7b_basic_C010_interactive_tooltips_iter03_20260624_232012/map_interactive.html,False,0,,,,True,,,,,3,,interactive_html,,basic,,,C010_interactive_tooltips,,,qwen2.5-coder_7b,1,experiments/05_choropleth_reliability_benchmark/outputs/runs_iterative_repair/qwen2.5-coder_7b/basic/qwen2.5-coder_7b_basic_C010_interactive_tooltips_iter03_20260624_232012,,experiments/05_choropleth_reliability_benchmark/outputs/generated_code_iterative_repair/qwen2.5-coder_7b/qwen2.5-coder_7b/basic/C010_interactive_tooltips_basic_iter03.py,qwen2.5-coder_7b,False,,,False,,
diagnostics.json,experiments/05_choropleth_reliability_benchmark/outputs/runs_iterative_repair/qwen2.5-coder_7b/basic/qwen2.5-coder_7b_basic_C010_interactive_tooltips_iter03_20260624_232012/diagnostics.json,False,0,,,,False,,,,,3,,diagnostic_json,,basic,,,C010_interactive_tooltips,,,qwen2.5-coder_7b,1,experiments/05_choropleth_reliability_benchmark/outputs/runs_iterative_repair/qwen2.5-coder_7b/basic/qwen2.5-coder_7b_basic_C010_interactive_tooltips_iter03_20260624_232012,,experiments/05_choropleth_reliability_benchmark/outputs/generated_code_iterative_repair/qwen2.5-coder_7b/qwen2.5-coder_7b/basic/C010_interactive_tooltips_basic_iter03.py,qwen2.5-coder_7b,False,,,,False,
map_static.png,experiments/05_choropleth_reliability_benchmark/outputs/runs_iterative_repair/qwen2.5-coder_7b/basic/qwen2.5-coder_7b_basic_C010_interactive_tooltips_iter03_20260624_235328/map_static.png,False,0,,,,False,,,,,3,,static_png,,basic,,,C010_interactive_tooltips,missing_or_empty,False,qwen2.5-coder_14b,1,experiments/05_choropleth_reliability_benchmark/outputs/runs_iterative_repair/qwen2.5-coder_7b/basic/qwen2.5-coder_7b_basic_C010_interactive_tooltips_iter03_20260624_235328,,experiments/05_choropleth_reliability_benchmark/outputs/generated_code_iterative_repair/qwen2.5-coder_14b/qwen2.5-coder_7b/basic/C010_interactive_tooltips_basic_iter03.py,qwen2.5-coder_7b,False,,,,,
time_series.png,experiments/05_choropleth_reliability_benchmark/outputs/runs_iterative_repair/qwen2.5-coder_7b/basic/qwen2.5-coder_7b_basic_C010_interactive_tooltips_iter03_20260624_235328/time_series.png,False,0,,,,False,,,,,3,,time_series_png,,basic,,,C010_interactive_tooltips,missing_or_empty,False,qwen2.5-coder_14b,1,experiments/05_choropleth_reliability_benchmark/outputs/runs_iterative_repair/qwen2.5-coder_7b/basic/qwen2.5-coder_7b_basic_C010_interactive_tooltips_iter03_20260624_235328,,experiments/05_choropleth_reliability_benchmark/outputs/generated_code_iterative_repair/qwen2.5-coder_14b/qwen2.5-coder_7b/basic/C010_interactive_tooltips_basic_iter03.py,qwen2.5-coder_7b,False,,,,,
map_interactive.html,experiments/05_choropleth_reliability_benchmark/outputs/runs_iterative_repair/qwen2.5-coder_7b/basic/qwen2.5-coder_7b_basic_C010_interactive_tooltips_iter03_20260624_235328/map_interactive.html,False,0,,,,False,,,,,3,,interactive_html,,basic,,,C010_interactive_tooltips,,,qwen2.5-coder_14b,1,experiments/05_choropleth_reliability_benchmark/outputs/runs_iterative_repair/qwen2.5-coder_7b/basic/qwen2.5-coder_7b_basic_C010_interactive_tooltips_iter03_20260624_235328,,experiments/05_choropleth_reliability_benchmark/outputs/generated_code_iterative_repair/qwen2.5-coder_14b/qwen2.5-coder_7b/basic/C010_interactive_tooltips_basic_iter03.py,qwen2.5-coder_7b,False,,,False,,
diagnostics.json,experiments/05_choropleth_reliability_benchmark/outputs/runs_iterative_repair/qwen2.5-coder_7b/basic/qwen2.5-coder_7b_basic_C010_interactive_tooltips_iter03_20260624_235328/diagnostics.json,False,0,,,,False,,,,,3,,diagnostic_json,,basic,,,C010_interactive_tooltips,,,qwen2.5-coder_14b,1,experiments/05_choropleth_reliability_benchmark/outputs/runs_iterative_repair/qwen2.5-coder_7b/basic/qwen2.5-coder_7b_basic_C010_interactive_tooltips_iter03_20260624_235328,,experiments/05_choropleth_reliability_benchmark/outputs/generated_code_iterative_repair/qwen2.5-coder_14b/qwen2.5-coder_7b/basic/C010_interactive_tooltips_basic_iter03.py,qwen2.5-coder_7b,False,,,,False,
map_static.png,experiments/05_choropleth_reliability_benchmark/outputs/runs_iterative_repair/qwen2.5-coder_7b/basic/qwen2.5-coder_7b_basic_C011_static_and_interactive_iter01_20260624_052056/map_static.png,False,0,,,,False,,,,,1,,static_png,,basic,,,C011_static_and_interactive,missing_or_empty,False,qwen2.5-coder_32b,1,experiments/05_choropleth_reliability_benchmark/outputs/runs_iterative_repair/qwen2.5-coder_7b/basic/qwen2.5-coder_7b_basic_C011_static_and_interactive_iter01_20260624_052056,,experiments/05_choropleth_reliability_benchmark/outputs/generated_code_iterative_repair/qwen2.5-coder_32b/qwen2.5-coder_7b/basic/C011_static_and_interactive_basic_iter01.py,qwen2.5-coder_7b,False,,,,,
time_series.png,experiments/05_choropleth_reliability_benchmark/outputs/runs_iterative_repair/qwen2.5-coder_7b/basic/qwen2.5-coder_7b_basic_C011_static_and_interactive_iter01_20260624_052056/time_series.png,False,0,,,,False,,,,,1,,time_series_png,,basic,,,C011_static_and_interactive,missing_or_empty,False,qwen2.5-coder_32b,1,experiments/05_choropleth_reliability_benchmark/outputs/runs_iterative_repair/qwen2.5-coder_7b/basic/qwen2.5-coder_7b_basic_C011_static_and_interactive_iter01_20260624_052056,,experiments/05_choropleth_reliability_benchmark/outputs/generated_code_iterative_repair/qwen2.5-coder_32b/qwen2.5-coder_7b/basic/C011_static_and_interactive_basic_iter01.py,qwen2.5-coder_7b,False,,,,,
map_interactive.html,experiments/05_choropleth_reliability_benchmark/outputs/runs_iterative_repair/qwen2.5-coder_7b/basic/qwen2.5-coder_7b_basic_C011_static_and_interactive_iter01_20260624_052056/map_interactive.html,False,0,,,,False,,,,,1,,interactive_html,,basic,,,C011_static_and_interactive,,,qwen2.5-coder_32b,1,experiments/05_choropleth_reliability_benchmark/outputs/runs_iterative_repair/qwen2.5-coder_7b/basic/qwen2.5-coder_7b_basic_C011_static_and_interactive_iter01_20260624_052056,,experiments/05_choropleth_reliability_benchmark/outputs/generated_code_iterative_repair/qwen2.5-coder_32b/qwen2.5-coder_7b/basic/C011_static_and_interactive_basic_iter01.py,qwen2.5-coder_7b,False,,,False,,
diagnostics.json,experiments/05_choropleth_reliability_benchmark/outputs/runs_iterative_repair/qwen2.5-coder_7b/basic/qwen2.5-coder_7b_basic_C011_static_and_interactive_iter01_20260624_052056/diagnostics.json,True,19,,,,True,,,,,1,,diagnostic_json,,basic,,,C011_static_and_interactive,,,qwen2.5-coder_32b,1,experiments/05_choropleth_reliability_benchmark/outputs/runs_iterative_repair/qwen2.5-coder_7b/basic/qwen2.5-coder_7b_basic_C011_static_and_interactive_iter01_20260624_052056,,experiments/05_choropleth_reliability_benchmark/outputs/generated_code_iterative_repair/qwen2.5-coder_32b/qwen2.5-coder_7b/basic/C011_static_and_interactive_basic_iter01.py,qwen2.5-coder_7b,False,1,,,True,
map_static.png,experiments/05_choropleth_reliability_benchmark/outputs/runs_iterative_repair/qwen2.5-coder_7b/basic/qwen2.5-coder_7b_basic_C011_static_and_interactive_iter01_20260624_233021/map_static.png,False,0,,,,False,,,,,1,,static_png,,basic,,,C011_static_and_interactive,missing_or_empty,False,qwen2.5-coder_7b,1,experiments/05_choropleth_reliability_benchmark/outputs/runs_iterative_repair/qwen2.5-coder_7b/basic/qwen2.5-coder_7b_basic_C011_static_and_interactive_iter01_20260624_233021,,experiments/05_choropleth_reliability_benchmark/outputs/generated_code_iterative_repair/qwen2.5-coder_7b/qwen2.5-coder_7b/basic/C011_static_and_interactive_basic_iter01.py,qwen2.5-coder_7b,False,,,,,
time_series.png,experiments/05_choropleth_reliability_benchmark/outputs/runs_iterative_repair/qwen2.5-coder_7b/basic/qwen2.5-coder_7b_basic_C011_static_and_interactive_iter01_20260624_233021/time_series.png,False,0,,,,False,,,,,1,,time_series_png,,basic,,,C011_static_and_interactive,missing_or_empty,False,qwen2.5-coder_7b,1,experiments/05_choropleth_reliability_benchmark/outputs/runs_iterative_repair/qwen2.5-coder_7b/basic/qwen2.5-coder_7b_basic_C011_static_and_interactive_iter01_20260624_233021,,experiments/05_choropleth_reliability_benchmark/outputs/generated_code_iterative_repair/qwen2.5-coder_7b/qwen2.5-coder_7b/basic/C011_static_and_interactive_basic_iter01.py,qwen2.5-coder_7b,False,,,,,
map_interactive.html,experiments/05_choropleth_reliability_benchmark/outputs/runs_iterative_repair/qwen2.5-coder_7b/basic/qwen2.5-coder_7b_basic_C011_static_and_interactive_iter01_20260624_233021/map_interactive.html,False,0,,,,False,,,,,1,,interactive_html,,basic,,,C011_static_and_interactive,,,qwen2.5-coder_7b,1,experiments/05_choropleth_reliability_benchmark/outputs/runs_iterative_repair/qwen2.5-coder_7b/basic/qwen2.5-coder_7b_basic_C011_static_and_interactive_iter01_20260624_233021,,experiments/05_choropleth_reliability_benchmark/outputs/generated_code_iterative_repair/qwen2.5-coder_7b/qwen2.5-coder_7b/basic/C011_static_and_interactive_basic_iter01.py,qwen2.5-coder_7b,False,,,False,,
diagnostics.json,experiments/05_choropleth_reliability_benchmark/outputs/runs_iterative_repair/qwen2.5-coder_7b/basic/qwen2.5-coder_7b_basic_C011_static_and_interactive_iter01_20260624_233021/diagnostics.json,True,19,,,,True,,,,,1,,diagnostic_json,,basic,,,C011_static_and_interactive,,,qwen2.5-coder_7b,1,experiments/05_choropleth_reliability_benchmark/outputs/runs_iterative_repair/qwen2.5-coder_7b/basic/qwen2.5-coder_7b_basic_C011_static_and_interactive_iter01_20260624_233021,,experiments/05_choropleth_reliability_benchmark/outputs/generated_code_iterative_repair/qwen2.5-coder_7b/qwen2.5-coder_7b/basic/C011_static_and_interactive_basic_iter01.py,qwen2.5-coder_7b,False,1,,,True,
map_static.png,experiments/05_choropleth_reliability_benchmark/outputs/runs_iterative_repair/qwen2.5-coder_7b/basic/qwen2.5-coder_7b_basic_C011_static_and_interactive_iter01_20260625_001008/map_static.png,False,0,,,,False,,,,,1,,static_png,,basic,,,C011_static_and_interactive,missing_or_empty,False,qwen2.5-coder_14b,1,experiments/05_choropleth_reliability_benchmark/outputs/runs_iterative_repair/qwen2.5-coder_7b/basic/qwen2.5-coder_7b_basic_C011_static_and_interactive_iter01_20260625_001008,,experiments/05_choropleth_reliability_benchmark/outputs/generated_code_iterative_repair/qwen2.5-coder_14b/qwen2.5-coder_7b/basic/C011_static_and_interactive_basic_iter01.py,qwen2.5-coder_7b,False,,,,,
time_series.png,experiments/05_choropleth_reliability_benchmark/outputs/runs_iterative_repair/qwen2.5-coder_7b/basic/qwen2.5-coder_7b_basic_C011_static_and_interactive_iter01_20260625_001008/time_series.png,False,0,,,,False,,,,,1,,time_series_png,,basic,,,C011_static_and_interactive,missing_or_empty,False,qwen2.5-coder_14b,1,experiments/05_choropleth_reliability_benchmark/outputs/runs_iterative_repair/qwen2.5-coder_7b/basic/qwen2.5-coder_7b_basic_C011_static_and_interactive_iter01_20260625_001008,,experiments/05_choropleth_reliability_benchmark/outputs/generated_code_iterative_repair/qwen2.5-coder_14b/qwen2.5-coder_7b/basic/C011_static_and_interactive_basic_iter01.py,qwen2.5-coder_7b,False,,,,,
map_interactive.html,experiments/05_choropleth_reliability_benchmark/outputs/runs_iterative_repair/qwen2.5-coder_7b/basic/qwen2.5-coder_7b_basic_C011_static_and_interactive_iter01_20260625_001008/map_interactive.html,False,0,,,,False,,,,,1,,interactive_html,,basic,,,C011_static_and_interactive,,,qwen2.5-coder_14b,1,experiments/05_choropleth_reliability_benchmark/outputs/runs_iterative_repair/qwen2.5-coder_7b/basic/qwen2.5-coder_7b_basic_C011_static_and_interactive_iter01_20260625_001008,,experiments/05_choropleth_reliability_benchmark/outputs/generated_code_iterative_repair/qwen2.5-coder_14b/qwen2.5-coder_7b/basic/C011_static_and_interactive_basic_iter01.py,qwen2.5-coder_7b,False,,,False,,
diagnostics.json,experiments/05_choropleth_reliability_benchmark/outputs/runs_iterative_repair/qwen2.5-coder_7b/basic/qwen2.5-coder_7b_basic_C011_static_and_interactive_iter01_20260625_001008/diagnostics.json,True,19,,,,True,,,,,1,,diagnostic_json,,basic,,,C011_static_and_interactive,,,qwen2.5-coder_14b,1,experiments/05_choropleth_reliability_benchmark/outputs/runs_iterative_repair/qwen2.5-coder_7b/basic/qwen2.5-coder_7b_basic_C011_static_and_interactive_iter01_20260625_001008,,experiments/05_choropleth_reliability_benchmark/outputs/generated_code_iterative_repair/qwen2.5-coder_14b/qwen2.5-coder_7b/basic/C011_static_and_interactive_basic_iter01.py,qwen2.5-coder_7b,False,1,,,True,
map_static.png,experiments/05_choropleth_reliability_benchmark/outputs/runs_iterative_repair/qwen2.5-coder_7b/basic/qwen2.5-coder_7b_basic_C011_static_and_interactive_iter02_20260624_052152/map_static.png,False,0,,,,False,,,,,2,,static_png,,basic,,,C011_static_and_interactive,missing_or_empty,False,qwen2.5-coder_32b,1,experiments/05_choropleth_reliability_benchmark/outputs/runs_iterative_repair/qwen2.5-coder_7b/basic/qwen2.5-coder_7b_basic_C011_static_and_interactive_iter02_20260624_052152,,experiments/05_choropleth_reliability_benchmark/outputs/generated_code_iterative_repair/qwen2.5-coder_32b/qwen2.5-coder_7b/basic/C011_static_and_interactive_basic_iter02.py,qwen2.5-coder_7b,False,,,,,
time_series.png,experiments/05_choropleth_reliability_benchmark/outputs/runs_iterative_repair/qwen2.5-coder_7b/basic/qwen2.5-coder_7b_basic_C011_static_and_interactive_iter02_20260624_052152/time_series.png,False,0,,,,False,,,,,2,,time_series_png,,basic,,,C011_static_and_interactive,missing_or_empty,False,qwen2.5-coder_32b,1,experiments/05_choropleth_reliability_benchmark/outputs/runs_iterative_repair/qwen2.5-coder_7b/basic/qwen2.5-coder_7b_basic_C011_static_and_interactive_iter02_20260624_052152,,experiments/05_choropleth_reliability_benchmark/outputs/generated_code_iterative_repair/qwen2.5-coder_32b/qwen2.5-coder_7b/basic/C011_static_and_interactive_basic_iter02.py,qwen2.5-coder_7b,False,,,,,
map_interactive.html,experiments/05_choropleth_reliability_benchmark/outputs/runs_iterative_repair/qwen2.5-coder_7b/basic/qwen2.5-coder_7b_basic_C011_static_and_interactive_iter02_20260624_052152/map_interactive.html,False,0,,,,False,,,,,2,,interactive_html,,basic,,,C011_static_and_interactive,,,qwen2.5-coder_32b,1,experiments/05_choropleth_reliability_benchmark/outputs/runs_iterative_repair/qwen2.5-coder_7b/basic/qwen2.5-coder_7b_basic_C011_static_and_interactive_iter02_20260624_052152,,experiments/05_choropleth_reliability_benchmark/outputs/generated_code_iterative_repair/qwen2.5-coder_32b/qwen2.5-coder_7b/basic/C011_static_and_interactive_basic_iter02.py,qwen2.5-coder_7b,False,,,False,,
diagnostics.json,experiments/05_choropleth_reliability_benchmark/outputs/runs_iterative_repair/qwen2.5-coder_7b/basic/qwen2.5-coder_7b_basic_C011_static_and_interactive_iter02_20260624_052152/diagnostics.json,True,19,,,,True,,,,,2,,diagnostic_json,,basic,,,C011_static_and_interactive,,,qwen2.5-coder_32b,1,experiments/05_choropleth_reliability_benchmark/outputs/runs_iterative_repair/qwen2.5-coder_7b/basic/qwen2.5-coder_7b_basic_C011_static_and_interactive_iter02_20260624_052152,,experiments/05_choropleth_reliability_benchmark/outputs/generated_code_iterative_repair/qwen2.5-coder_32b/qwen2.5-coder_7b/basic/C011_static_and_interactive_basic_iter02.py,qwen2.5-coder_7b,False,1,,,True,
map_static.png,experiments/05_choropleth_reliability_benchmark/outputs/runs_iterative_repair/qwen2.5-coder_7b/basic/qwen2.5-coder_7b_basic_C011_static_and_interactive_iter02_20260624_233035/map_static.png,False,0,,,,False,,,,,2,,static_png,,basic,,,C011_static_and_interactive,missing_or_empty,False,qwen2.5-coder_7b,1,experiments/05_choropleth_reliability_benchmark/outputs/runs_iterative_repair/qwen2.5-coder_7b/basic/qwen2.5-coder_7b_basic_C011_static_and_interactive_iter02_20260624_233035,,experiments/05_choropleth_reliability_benchmark/outputs/generated_code_iterative_repair/qwen2.5-coder_7b/qwen2.5-coder_7b/basic/C011_static_and_interactive_basic_iter02.py,qwen2.5-coder_7b,False,,,,,
time_series.png,experiments/05_choropleth_reliability_benchmark/outputs/runs_iterative_repair/qwen2.5-coder_7b/basic/qwen2.5-coder_7b_basic_C011_static_and_interactive_iter02_20260624_233035/time_series.png,False,0,,,,False,,,,,2,,time_series_png,,basic,,,C011_static_and_interactive,missing_or_empty,False,qwen2.5-coder_7b,1,experiments/05_choropleth_reliability_benchmark/outputs/runs_iterative_repair/qwen2.5-coder_7b/basic/qwen2.5-coder_7b_basic_C011_static_and_interactive_iter02_20260624_233035,,experiments/05_choropleth_reliability_benchmark/outputs/generated_code_iterative_repair/qwen2.5-coder_7b/qwen2.5-coder_7b/basic/C011_static_and_interactive_basic_iter02.py,qwen2.5-coder_7b,False,,,,,
map_interactive.html,experiments/05_choropleth_reliability_benchmark/outputs/runs_iterative_repair/qwen2.5-coder_7b/basic/qwen2.5-coder_7b_basic_C011_static_and_interactive_iter02_20260624_233035/map_interactive.html,False,0,,,,False,,,,,2,,interactive_html,,basic,,,C011_static_and_interactive,,,qwen2.5-coder_7b,1,experiments/05_choropleth_reliability_benchmark/outputs/runs_iterative_repair/qwen2.5-coder_7b/basic/qwen2.5-coder_7b_basic_C011_static_and_interactive_iter02_20260624_233035,,experiments/05_choropleth_reliability_benchmark/outputs/generated_code_iterative_repair/qwen2.5-coder_7b/qwen2.5-coder_7b/basic/C011_static_and_interactive_basic_iter02.py,qwen2.5-coder_7b,False,,,False,,
diagnostics.json,experiments/05_choropleth_reliability_benchmark/outputs/runs_iterative_repair/qwen2.5-coder_7b/basic/qwen2.5-coder_7b_basic_C011_static_and_interactive_iter02_20260624_233035/diagnostics.json,True,19,,,,True,,,,,2,,diagnostic_json,,basic,,,C011_static_and_interactive,,,qwen2.5-coder_7b,1,experiments/05_choropleth_reliability_benchmark/outputs/runs_iterative_repair/qwen2.5-coder_7b/basic/qwen2.5-coder_7b_basic_C011_static_and_interactive_iter02_20260624_233035,,experiments/05_choropleth_reliability_benchmark/outputs/generated_code_iterative_repair/qwen2.5-coder_7b/qwen2.5-coder_7b/basic/C011_static_and_interactive_basic_iter02.py,qwen2.5-coder_7b,False,1,,,True,
map_static.png,experiments/05_choropleth_reliability_benchmark/outputs/runs_iterative_repair/qwen2.5-coder_7b/basic/qwen2.5-coder_7b_basic_C011_static_and_interactive_iter02_20260625_001034/map_static.png,False,0,,,,False,,,,,2,,static_png,,basic,,,C011_static_and_interactive,missing_or_empty,False,qwen2.5-coder_14b,1,experiments/05_choropleth_reliability_benchmark/outputs/runs_iterative_repair/qwen2.5-coder_7b/basic/qwen2.5-coder_7b_basic_C011_static_and_interactive_iter02_20260625_001034,,experiments/05_choropleth_reliability_benchmark/outputs/generated_code_iterative_repair/qwen2.5-coder_14b/qwen2.5-coder_7b/basic/C011_static_and_interactive_basic_iter02.py,qwen2.5-coder_7b,False,,,,,
time_series.png,experiments/05_choropleth_reliability_benchmark/outputs/runs_iterative_repair/qwen2.5-coder_7b/basic/qwen2.5-coder_7b_basic_C011_static_and_interactive_iter02_20260625_001034/time_series.png,False,0,,,,False,,,,,2,,time_series_png,,basic,,,C011_static_and_interactive,missing_or_empty,False,qwen2.5-coder_14b,1,experiments/05_choropleth_reliability_benchmark/outputs/runs_iterative_repair/qwen2.5-coder_7b/basic/qwen2.5-coder_7b_basic_C011_static_and_interactive_iter02_20260625_001034,,experiments/05_choropleth_reliability_benchmark/outputs/generated_code_iterative_repair/qwen2.5-coder_14b/qwen2.5-coder_7b/basic/C011_static_and_interactive_basic_iter02.py,qwen2.5-coder_7b,False,,,,,
map_interactive.html,experiments/05_choropleth_reliability_benchmark/outputs/runs_iterative_repair/qwen2.5-coder_7b/basic/qwen2.5-coder_7b_basic_C011_static_and_interactive_iter02_20260625_001034/map_interactive.html,False,0,,,,False,,,,,2,,interactive_html,,basic,,,C011_static_and_interactive,,,qwen2.5-coder_14b,1,experiments/05_choropleth_reliability_benchmark/outputs/runs_iterative_repair/qwen2.5-coder_7b/basic/qwen2.5-coder_7b_basic_C011_static_and_interactive_iter02_20260625_001034,,experiments/05_choropleth_reliability_benchmark/outputs/generated_code_iterative_repair/qwen2.5-coder_14b/qwen2.5-coder_7b/basic/C011_static_and_interactive_basic_iter02.py,qwen2.5-coder_7b,False,,,False,,
diagnostics.json,experiments/05_choropleth_reliability_benchmark/outputs/runs_iterative_repair/qwen2.5-coder_7b/basic/qwen2.5-coder_7b_basic_C011_static_and_interactive_iter02_20260625_001034/diagnostics.json,True,19,,,,True,,,,,2,,diagnostic_json,,basic,,,C011_static_and_interactive,,,qwen2.5-coder_14b,1,experiments/05_choropleth_reliability_benchmark/outputs/runs_iterative_repair/qwen2.5-coder_7b/basic/qwen2.5-coder_7b_basic_C011_static_and_interactive_iter02_20260625_001034,,experiments/05_choropleth_reliability_benchmark/outputs/generated_code_iterative_repair/qwen2.5-coder_14b/qwen2.5-coder_7b/basic/C011_static_and_interactive_basic_iter02.py,qwen2.5-coder_7b,False,1,,,True,
map_static.png,experiments/05_choropleth_reliability_benchmark/outputs/runs_iterative_repair/qwen2.5-coder_7b/basic/qwen2.5-coder_7b_basic_C011_static_and_interactive_iter03_20260624_063207/map_static.png,False,0,,,,False,,,,,3,,static_png,,basic,,,C011_static_and_interactive,missing_or_empty,False,qwen2.5-coder_32b,1,experiments/05_choropleth_reliability_benchmark/outputs/runs_iterative_repair/qwen2.5-coder_7b/basic/qwen2.5-coder_7b_basic_C011_static_and_interactive_iter03_20260624_063207,,experiments/05_choropleth_reliability_benchmark/outputs/generated_code_iterative_repair/qwen2.5-coder_32b/qwen2.5-coder_7b/basic/C011_static_and_interactive_basic_iter03.py,qwen2.5-coder_7b,False,,,,,
time_series.png,experiments/05_choropleth_reliability_benchmark/outputs/runs_iterative_repair/qwen2.5-coder_7b/basic/qwen2.5-coder_7b_basic_C011_static_and_interactive_iter03_20260624_063207/time_series.png,False,0,,,,False,,,,,3,,time_series_png,,basic,,,C011_static_and_interactive,missing_or_empty,False,qwen2.5-coder_32b,1,experiments/05_choropleth_reliability_benchmark/outputs/runs_iterative_repair/qwen2.5-coder_7b/basic/qwen2.5-coder_7b_basic_C011_static_and_interactive_iter03_20260624_063207,,experiments/05_choropleth_reliability_benchmark/outputs/generated_code_iterative_repair/qwen2.5-coder_32b/qwen2.5-coder_7b/basic/C011_static_and_interactive_basic_iter03.py,qwen2.5-coder_7b,False,,,,,
map_interactive.html,experiments/05_choropleth_reliability_benchmark/outputs/runs_iterative_repair/qwen2.5-coder_7b/basic/qwen2.5-coder_7b_basic_C011_static_and_interactive_iter03_20260624_063207/map_interactive.html,False,0,,,,False,,,,,3,,interactive_html,,basic,,,C011_static_and_interactive,,,qwen2.5-coder_32b,1,experiments/05_choropleth_reliability_benchmark/outputs/runs_iterative_repair/qwen2.5-coder_7b/basic/qwen2.5-coder_7b_basic_C011_static_and_interactive_iter03_20260624_063207,,experiments/05_choropleth_reliability_benchmark/outputs/generated_code_iterative_repair/qwen2.5-coder_32b/qwen2.5-coder_7b/basic/C011_static_and_interactive_basic_iter03.py,qwen2.5-coder_7b,False,,,False,,
diagnostics.json,experiments/05_choropleth_reliability_benchmark/outputs/runs_iterative_repair/qwen2.5-coder_7b/basic/qwen2.5-coder_7b_basic_C011_static_and_interactive_iter03_20260624_063207/diagnostics.json,True,19,,,,True,,,,,3,,diagnostic_json,,basic,,,C011_static_and_interactive,,,qwen2.5-coder_32b,1,experiments/05_choropleth_reliability_benchmark/outputs/runs_iterative_repair/qwen2.5-coder_7b/basic/qwen2.5-coder_7b_basic_C011_static_and_interactive_iter03_20260624_063207,,experiments/05_choropleth_reliability_benchmark/outputs/generated_code_iterative_repair/qwen2.5-coder_32b/qwen2.5-coder_7b/basic/C011_static_and_interactive_basic_iter03.py,qwen2.5-coder_7b,False,1,,,True,
map_static.png,experiments/05_choropleth_reliability_benchmark/outputs/runs_iterative_repair/qwen2.5-coder_7b/basic/qwen2.5-coder_7b_basic_C011_static_and_interactive_iter03_20260624_233048/map_static.png,False,0,,,,False,,,,,3,,static_png,,basic,,,C011_static_and_interactive,missing_or_empty,False,qwen2.5-coder_7b,1,experiments/05_choropleth_reliability_benchmark/outputs/runs_iterative_repair/qwen2.5-coder_7b/basic/qwen2.5-coder_7b_basic_C011_static_and_interactive_iter03_20260624_233048,,experiments/05_choropleth_reliability_benchmark/outputs/generated_code_iterative_repair/qwen2.5-coder_7b/qwen2.5-coder_7b/basic/C011_static_and_interactive_basic_iter03.py,qwen2.5-coder_7b,False,,,,,
time_series.png,experiments/05_choropleth_reliability_benchmark/outputs/runs_iterative_repair/qwen2.5-coder_7b/basic/qwen2.5-coder_7b_basic_C011_static_and_interactive_iter03_20260624_233048/time_series.png,False,0,,,,False,,,,,3,,time_series_png,,basic,,,C011_static_and_interactive,missing_or_empty,False,qwen2.5-coder_7b,1,experiments/05_choropleth_reliability_benchmark/outputs/runs_iterative_repair/qwen2.5-coder_7b/basic/qwen2.5-coder_7b_basic_C011_static_and_interactive_iter03_20260624_233048,,experiments/05_choropleth_reliability_benchmark/outputs/generated_code_iterative_repair/qwen2.5-coder_7b/qwen2.5-coder_7b/basic/C011_static_and_interactive_basic_iter03.py,qwen2.5-coder_7b,False,,,,,
map_interactive.html,experiments/05_choropleth_reliability_benchmark/outputs/runs_iterative_repair/qwen2.5-coder_7b/basic/qwen2.5-coder_7b_basic_C011_static_and_interactive_iter03_20260624_233048/map_interactive.html,False,0,,,,False,,,,,3,,interactive_html,,basic,,,C011_static_and_interactive,,,qwen2.5-coder_7b,1,experiments/05_choropleth_reliability_benchmark/outputs/runs_iterative_repair/qwen2.5-coder_7b/basic/qwen2.5-coder_7b_basic_C011_static_and_interactive_iter03_20260624_233048,,experiments/05_choropleth_reliability_benchmark/outputs/generated_code_iterative_repair/qwen2.5-coder_7b/qwen2.5-coder_7b/basic/C011_static_and_interactive_basic_iter03.py,qwen2.5-coder_7b,False,,,False,,
diagnostics.json,experiments/05_choropleth_reliability_benchmark/outputs/runs_iterative_repair/qwen2.5-coder_7b/basic/qwen2.5-coder_7b_basic_C011_static_and_interactive_iter03_20260624_233048/diagnostics.json,True,19,,,,True,,,,,3,,diagnostic_json,,basic,,,C011_static_and_interactive,,,qwen2.5-coder_7b,1,experiments/05_choropleth_reliability_benchmark/outputs/runs_iterative_repair/qwen2.5-coder_7b/basic/qwen2.5-coder_7b_basic_C011_static_and_interactive_iter03_20260624_233048,,experiments/05_choropleth_reliability_benchmark/outputs/generated_code_iterative_repair/qwen2.5-coder_7b/qwen2.5-coder_7b/basic/C011_static_and_interactive_basic_iter03.py,qwen2.5-coder_7b,False,1,,,True,
map_static.png,experiments/05_choropleth_reliability_benchmark/outputs/runs_iterative_repair/qwen2.5-coder_7b/basic/qwen2.5-coder_7b_basic_C011_static_and_interactive_iter03_20260625_001058/map_static.png,False,0,,,,False,,,,,3,,static_png,,basic,,,C011_static_and_interactive,missing_or_empty,False,qwen2.5-coder_14b,1,experiments/05_choropleth_reliability_benchmark/outputs/runs_iterative_repair/qwen2.5-coder_7b/basic/qwen2.5-coder_7b_basic_C011_static_and_interactive_iter03_20260625_001058,,experiments/05_choropleth_reliability_benchmark/outputs/generated_code_iterative_repair/qwen2.5-coder_14b/qwen2.5-coder_7b/basic/C011_static_and_interactive_basic_iter03.py,qwen2.5-coder_7b,False,,,,,
time_series.png,experiments/05_choropleth_reliability_benchmark/outputs/runs_iterative_repair/qwen2.5-coder_7b/basic/qwen2.5-coder_7b_basic_C011_static_and_interactive_iter03_20260625_001058/time_series.png,False,0,,,,False,,,,,3,,time_series_png,,basic,,,C011_static_and_interactive,missing_or_empty,False,qwen2.5-coder_14b,1,experiments/05_choropleth_reliability_benchmark/outputs/runs_iterative_repair/qwen2.5-coder_7b/basic/qwen2.5-coder_7b_basic_C011_static_and_interactive_iter03_20260625_001058,,experiments/05_choropleth_reliability_benchmark/outputs/generated_code_iterative_repair/qwen2.5-coder_14b/qwen2.5-coder_7b/basic/C011_static_and_interactive_basic_iter03.py,qwen2.5-coder_7b,False,,,,,
map_interactive.html,experiments/05_choropleth_reliability_benchmark/outputs/runs_iterative_repair/qwen2.5-coder_7b/basic/qwen2.5-coder_7b_basic_C011_static_and_interactive_iter03_20260625_001058/map_interactive.html,False,0,,,,False,,,,,3,,interactive_html,,basic,,,C011_static_and_interactive,,,qwen2.5-coder_14b,1,experiments/05_choropleth_reliability_benchmark/outputs/runs_iterative_repair/qwen2.5-coder_7b/basic/qwen2.5-coder_7b_basic_C011_static_and_interactive_iter03_20260625_001058,,experiments/05_choropleth_reliability_benchmark/outputs/generated_code_iterative_repair/qwen2.5-coder_14b/qwen2.5-coder_7b/basic/C011_static_and_interactive_basic_iter03.py,qwen2.5-coder_7b,False,,,False,,
diagnostics.json,experiments/05_choropleth_reliability_benchmark/outputs/runs_iterative_repair/qwen2.5-coder_7b/basic/qwen2.5-coder_7b_basic_C011_static_and_interactive_iter03_20260625_001058/diagnostics.json,True,19,,,,True,,,,,3,,diagnostic_json,,basic,,,C011_static_and_interactive,,,qwen2.5-coder_14b,1,experiments/05_choropleth_reliability_benchmark/outputs/runs_iterative_repair/qwen2.5-coder_7b/basic/qwen2.5-coder_7b_basic_C011_static_and_interactive_iter03_20260625_001058,,experiments/05_choropleth_reliability_benchmark/outputs/generated_code_iterative_repair/qwen2.5-coder_14b/qwen2.5-coder_7b/basic/C011_static_and_interactive_basic_iter03.py,qwen2.5-coder_7b,False,1,,,True,
map_static.png,experiments/05_choropleth_reliability_benchmark/outputs/runs_iterative_repair/qwen2.5-coder_7b/basic/qwen2.5-coder_7b_basic_C012_time_series_report_iter01_20260624_051512/map_static.png,False,0,,,,False,,,,,1,,static_png,,basic,,,C012_time_series_report,missing_or_empty,False,qwen2.5-coder_32b,0,experiments/05_choropleth_reliability_benchmark/outputs/runs_iterative_repair/qwen2.5-coder_7b/basic/qwen2.5-coder_7b_basic_C012_time_series_report_iter01_20260624_051512,,experiments/05_choropleth_reliability_benchmark/outputs/generated_code_iterative_repair/qwen2.5-coder_32b/qwen2.5-coder_7b/basic/C012_time_series_report_basic_iter01.py,qwen2.5-coder_7b,False,,,,,
time_series.png,experiments/05_choropleth_reliability_benchmark/outputs/runs_iterative_repair/qwen2.5-coder_7b/basic/qwen2.5-coder_7b_basic_C012_time_series_report_iter01_20260624_051512/time_series.png,True,32906,0.0133,255,12.818,True,,,,480,1,,time_series_png,249.206,basic,0.9901,0.0509,C012_time_series_report,,True,qwen2.5-coder_32b,0,experiments/05_choropleth_reliability_benchmark/outputs/runs_iterative_repair/qwen2.5-coder_7b/basic/qwen2.5-coder_7b_basic_C012_time_series_report_iter01_20260624_051512,0.0167,experiments/05_choropleth_reliability_benchmark/outputs/generated_code_iterative_repair/qwen2.5-coder_32b/qwen2.5-coder_7b/basic/C012_time_series_report_basic_iter01.py,qwen2.5-coder_7b,False,,21,,,640
map_interactive.html,experiments/05_choropleth_reliability_benchmark/outputs/runs_iterative_repair/qwen2.5-coder_7b/basic/qwen2.5-coder_7b_basic_C012_time_series_report_iter01_20260624_051512/map_interactive.html,False,0,,,,False,,,,,1,,interactive_html,,basic,,,C012_time_series_report,,,qwen2.5-coder_32b,0,experiments/05_choropleth_reliability_benchmark/outputs/runs_iterative_repair/qwen2.5-coder_7b/basic/qwen2.5-coder_7b_basic_C012_time_series_report_iter01_20260624_051512,,experiments/05_choropleth_reliability_benchmark/outputs/generated_code_iterative_repair/qwen2.5-coder_32b/qwen2.5-coder_7b/basic/C012_time_series_report_basic_iter01.py,qwen2.5-coder_7b,False,,,False,,
diagnostics.json,experiments/05_choropleth_reliability_benchmark/outputs/runs_iterative_repair/qwen2.5-coder_7b/basic/qwen2.5-coder_7b_basic_C012_time_series_report_iter01_20260624_051512/diagnostics.json,True,27,,,,True,,,,,1,,diagnostic_json,,basic,,,C012_time_series_report,,,qwen2.5-coder_32b,0,experiments/05_choropleth_reliability_benchmark/outputs/runs_iterative_repair/qwen2.5-coder_7b/basic/qwen2.5-coder_7b_basic_C012_time_series_report_iter01_20260624_051512,,experiments/05_choropleth_reliability_benchmark/outputs/generated_code_iterative_repair/qwen2.5-coder_32b/qwen2.5-coder_7b/basic/C012_time_series_report_basic_iter01.py,qwen2.5-coder_7b,False,1,,,True,
map_static.png,experiments/05_choropleth_reliability_benchmark/outputs/runs_iterative_repair/qwen2.5-coder_7b/basic/qwen2.5-coder_7b_basic_C012_time_series_report_iter01_20260624_232752/map_static.png,False,0,,,,False,,,,,1,,static_png,,basic,,,C012_time_series_report,missing_or_empty,False,qwen2.5-coder_7b,1,experiments/05_choropleth_reliability_benchmark/outputs/runs_iterative_repair/qwen2.5-coder_7b/basic/qwen2.5-coder_7b_basic_C012_time_series_report_iter01_20260624_232752,,experiments/05_choropleth_reliability_benchmark/outputs/generated_code_iterative_repair/qwen2.5-coder_7b/qwen2.5-coder_7b/basic/C012_time_series_report_basic_iter01.py,qwen2.5-coder_7b,False,,,,,
time_series.png,experiments/05_choropleth_reliability_benchmark/outputs/runs_iterative_repair/qwen2.5-coder_7b/basic/qwen2.5-coder_7b_basic_C012_time_series_report_iter01_20260624_232752/time_series.png,False,0,,,,False,,,,,1,,time_series_png,,basic,,,C012_time_series_report,missing_or_empty,False,qwen2.5-coder_7b,1,experiments/05_choropleth_reliability_benchmark/outputs/runs_iterative_repair/qwen2.5-coder_7b/basic/qwen2.5-coder_7b_basic_C012_time_series_report_iter01_20260624_232752,,experiments/05_choropleth_reliability_benchmark/outputs/generated_code_iterative_repair/qwen2.5-coder_7b/qwen2.5-coder_7b/basic/C012_time_series_report_basic_iter01.py,qwen2.5-coder_7b,False,,,,,
map_interactive.html,experiments/05_choropleth_reliability_benchmark/outputs/runs_iterative_repair/qwen2.5-coder_7b/basic/qwen2.5-coder_7b_basic_C012_time_series_report_iter01_20260624_232752/map_interactive.html,False,0,,,,False,,,,,1,,interactive_html,,basic,,,C012_time_series_report,,,qwen2.5-coder_7b,1,experiments/05_choropleth_reliability_benchmark/outputs/runs_iterative_repair/qwen2.5-coder_7b/basic/qwen2.5-coder_7b_basic_C012_time_series_report_iter01_20260624_232752,,experiments/05_choropleth_reliability_benchmark/outputs/generated_code_iterative_repair/qwen2.5-coder_7b/qwen2.5-coder_7b/basic/C012_time_series_report_basic_iter01.py,qwen2.5-coder_7b,False,,,False,,
diagnostics.json,experiments/05_choropleth_reliability_benchmark/outputs/runs_iterative_repair/qwen2.5-coder_7b/basic/qwen2.5-coder_7b_basic_C012_time_series_report_iter01_20260624_232752/diagnostics.json,False,0,,,,False,,,,,1,,diagnostic_json,,basic,,,C012_time_series_report,,,qwen2.5-coder_7b,1,experiments/05_choropleth_reliability_benchmark/outputs/runs_iterative_repair/qwen2.5-coder_7b/basic/qwen2.5-coder_7b_basic_C012_time_series_report_iter01_20260624_232752,,experiments/05_choropleth_reliability_benchmark/outputs/generated_code_iterative_repair/qwen2.5-coder_7b/qwen2.5-coder_7b/basic/C012_time_series_report_basic_iter01.py,qwen2.5-coder_7b,False,,,,False,
map_static.png,experiments/05_choropleth_reliability_benchmark/outputs/runs_iterative_repair/qwen2.5-coder_7b/basic/qwen2.5-coder_7b_basic_C012_time_series_report_iter01_20260625_000530/map_static.png,False,0,,,,False,,,,,1,,static_png,,basic,,,C012_time_series_report,missing_or_empty,False,qwen2.5-coder_14b,0,experiments/05_choropleth_reliability_benchmark/outputs/runs_iterative_repair/qwen2.5-coder_7b/basic/qwen2.5-coder_7b_basic_C012_time_series_report_iter01_20260625_000530,,experiments/05_choropleth_reliability_benchmark/outputs/generated_code_iterative_repair/qwen2.5-coder_14b/qwen2.5-coder_7b/basic/C012_time_series_report_basic_iter01.py,qwen2.5-coder_7b,False,,,,,
time_series.png,experiments/05_choropleth_reliability_benchmark/outputs/runs_iterative_repair/qwen2.5-coder_7b/basic/qwen2.5-coder_7b_basic_C012_time_series_report_iter01_20260625_000530/time_series.png,True,32906,0.0133,255,12.818,True,,,,480,1,,time_series_png,249.206,basic,0.9901,0.0509,C012_time_series_report,,True,qwen2.5-coder_14b,0,experiments/05_choropleth_reliability_benchmark/outputs/runs_iterative_repair/qwen2.5-coder_7b/basic/qwen2.5-coder_7b_basic_C012_time_series_report_iter01_20260625_000530,0.0167,experiments/05_choropleth_reliability_benchmark/outputs/generated_code_iterative_repair/qwen2.5-coder_14b/qwen2.5-coder_7b/basic/C012_time_series_report_basic_iter01.py,qwen2.5-coder_7b,False,,21,,,640
map_interactive.html,experiments/05_choropleth_reliability_benchmark/outputs/runs_iterative_repair/qwen2.5-coder_7b/basic/qwen2.5-coder_7b_basic_C012_time_series_report_iter01_20260625_000530/map_interactive.html,False,0,,,,False,,,,,1,,interactive_html,,basic,,,C012_time_series_report,,,qwen2.5-coder_14b,0,experiments/05_choropleth_reliability_benchmark/outputs/runs_iterative_repair/qwen2.5-coder_7b/basic/qwen2.5-coder_7b_basic_C012_time_series_report_iter01_20260625_000530,,experiments/05_choropleth_reliability_benchmark/outputs/generated_code_iterative_repair/qwen2.5-coder_14b/qwen2.5-coder_7b/basic/C012_time_series_report_basic_iter01.py,qwen2.5-coder_7b,False,,,False,,
diagnostics.json,experiments/05_choropleth_reliability_benchmark/outputs/runs_iterative_repair/qwen2.5-coder_7b/basic/qwen2.5-coder_7b_basic_C012_time_series_report_iter01_20260625_000530/diagnostics.json,True,27,,,,True,,,,,1,,diagnostic_json,,basic,,,C012_time_series_report,,,qwen2.5-coder_14b,0,experiments/05_choropleth_reliability_benchmark/outputs/runs_iterative_repair/qwen2.5-coder_7b/basic/qwen2.5-coder_7b_basic_C012_time_series_report_iter01_20260625_000530,,experiments/05_choropleth_reliability_benchmark/outputs/generated_code_iterative_repair/qwen2.5-coder_14b/qwen2.5-coder_7b/basic/C012_time_series_report_basic_iter01.py,qwen2.5-coder_7b,False,1,,,True,
map_static.png,experiments/05_choropleth_reliability_benchmark/outputs/runs_iterative_repair/qwen2.5-coder_7b/basic/qwen2.5-coder_7b_basic_C012_time_series_report_iter01_20260625_002522/map_static.png,False,0,,,,False,,,,,1,,static_png,,basic,,,C012_time_series_report,missing_or_empty,False,deepseek-coder_6.7b,1,experiments/05_choropleth_reliability_benchmark/outputs/runs_iterative_repair/qwen2.5-coder_7b/basic/qwen2.5-coder_7b_basic_C012_time_series_report_iter01_20260625_002522,,experiments/05_choropleth_reliability_benchmark/outputs/generated_code_iterative_repair/deepseek-coder_6.7b/qwen2.5-coder_7b/basic/C012_time_series_report_basic_iter01.py,qwen2.5-coder_7b,False,,,,,
time_series.png,experiments/05_choropleth_reliability_benchmark/outputs/runs_iterative_repair/qwen2.5-coder_7b/basic/qwen2.5-coder_7b_basic_C012_time_series_report_iter01_20260625_002522/time_series.png,False,0,,,,False,,,,,1,,time_series_png,,basic,,,C012_time_series_report,missing_or_empty,False,deepseek-coder_6.7b,1,experiments/05_choropleth_reliability_benchmark/outputs/runs_iterative_repair/qwen2.5-coder_7b/basic/qwen2.5-coder_7b_basic_C012_time_series_report_iter01_20260625_002522,,experiments/05_choropleth_reliability_benchmark/outputs/generated_code_iterative_repair/deepseek-coder_6.7b/qwen2.5-coder_7b/basic/C012_time_series_report_basic_iter01.py,qwen2.5-coder_7b,False,,,,,
map_interactive.html,experiments/05_choropleth_reliability_benchmark/outputs/runs_iterative_repair/qwen2.5-coder_7b/basic/qwen2.5-coder_7b_basic_C012_time_series_report_iter01_20260625_002522/map_interactive.html,False,0,,,,False,,,,,1,,interactive_html,,basic,,,C012_time_series_report,,,deepseek-coder_6.7b,1,experiments/05_choropleth_reliability_benchmark/outputs/runs_iterative_repair/qwen2.5-coder_7b/basic/qwen2.5-coder_7b_basic_C012_time_series_report_iter01_20260625_002522,,experiments/05_choropleth_reliability_benchmark/outputs/generated_code_iterative_repair/deepseek-coder_6.7b/qwen2.5-coder_7b/basic/C012_time_series_report_basic_iter01.py,qwen2.5-coder_7b,False,,,False,,
diagnostics.json,experiments/05_choropleth_reliability_benchmark/outputs/runs_iterative_repair/qwen2.5-coder_7b/basic/qwen2.5-coder_7b_basic_C012_time_series_report_iter01_20260625_002522/diagnostics.json,False,0,,,,False,,,,,1,,diagnostic_json,,basic,,,C012_time_series_report,,,deepseek-coder_6.7b,1,experiments/05_choropleth_reliability_benchmark/outputs/runs_iterative_repair/qwen2.5-coder_7b/basic/qwen2.5-coder_7b_basic_C012_time_series_report_iter01_20260625_002522,,experiments/05_choropleth_reliability_benchmark/outputs/generated_code_iterative_repair/deepseek-coder_6.7b/qwen2.5-coder_7b/basic/C012_time_series_report_basic_iter01.py,qwen2.5-coder_7b,False,,,,False,
map_static.png,experiments/05_choropleth_reliability_benchmark/outputs/runs_iterative_repair/qwen2.5-coder_7b/basic/qwen2.5-coder_7b_basic_C012_time_series_report_iter02_20260624_232805/map_static.png,False,0,,,,False,,,,,2,,static_png,,basic,,,C012_time_series_report,missing_or_empty,False,qwen2.5-coder_7b,1,experiments/05_choropleth_reliability_benchmark/outputs/runs_iterative_repair/qwen2.5-coder_7b/basic/qwen2.5-coder_7b_basic_C012_time_series_report_iter02_20260624_232805,,experiments/05_choropleth_reliability_benchmark/outputs/generated_code_iterative_repair/qwen2.5-coder_7b/qwen2.5-coder_7b/basic/C012_time_series_report_basic_iter02.py,qwen2.5-coder_7b,False,,,,,
time_series.png,experiments/05_choropleth_reliability_benchmark/outputs/runs_iterative_repair/qwen2.5-coder_7b/basic/qwen2.5-coder_7b_basic_C012_time_series_report_iter02_20260624_232805/time_series.png,False,0,,,,False,,,,,2,,time_series_png,,basic,,,C012_time_series_report,missing_or_empty,False,qwen2.5-coder_7b,1,experiments/05_choropleth_reliability_benchmark/outputs/runs_iterative_repair/qwen2.5-coder_7b/basic/qwen2.5-coder_7b_basic_C012_time_series_report_iter02_20260624_232805,,experiments/05_choropleth_reliability_benchmark/outputs/generated_code_iterative_repair/qwen2.5-coder_7b/qwen2.5-coder_7b/basic/C012_time_series_report_basic_iter02.py,qwen2.5-coder_7b,False,,,,,
map_interactive.html,experiments/05_choropleth_reliability_benchmark/outputs/runs_iterative_repair/qwen2.5-coder_7b/basic/qwen2.5-coder_7b_basic_C012_time_series_report_iter02_20260624_232805/map_interactive.html,False,0,,,,False,,,,,2,,interactive_html,,basic,,,C012_time_series_report,,,qwen2.5-coder_7b,1,experiments/05_choropleth_reliability_benchmark/outputs/runs_iterative_repair/qwen2.5-coder_7b/basic/qwen2.5-coder_7b_basic_C012_time_series_report_iter02_20260624_232805,,experiments/05_choropleth_reliability_benchmark/outputs/generated_code_iterative_repair/qwen2.5-coder_7b/qwen2.5-coder_7b/basic/C012_time_series_report_basic_iter02.py,qwen2.5-coder_7b,False,,,False,,
diagnostics.json,experiments/05_choropleth_reliability_benchmark/outputs/runs_iterative_repair/qwen2.5-coder_7b/basic/qwen2.5-coder_7b_basic_C012_time_series_report_iter02_20260624_232805/diagnostics.json,False,0,,,,False,,,,,2,,diagnostic_json,,basic,,,C012_time_series_report,,,qwen2.5-coder_7b,1,experiments/05_choropleth_reliability_benchmark/outputs/runs_iterative_repair/qwen2.5-coder_7b/basic/qwen2.5-coder_7b_basic_C012_time_series_report_iter02_20260624_232805,,experiments/05_choropleth_reliability_benchmark/outputs/generated_code_iterative_repair/qwen2.5-coder_7b/qwen2.5-coder_7b/basic/C012_time_series_report_basic_iter02.py,qwen2.5-coder_7b,False,,,,False,
map_static.png,experiments/05_choropleth_reliability_benchmark/outputs/runs_iterative_repair/qwen2.5-coder_7b/basic/qwen2.5-coder_7b_basic_C012_time_series_report_iter02_20260625_002540/map_static.png,False,0,,,,False,,,,,2,,static_png,,basic,,,C012_time_series_report,missing_or_empty,False,deepseek-coder_6.7b,0,experiments/05_choropleth_reliability_benchmark/outputs/runs_iterative_repair/qwen2.5-coder_7b/basic/qwen2.5-coder_7b_basic_C012_time_series_report_iter02_20260625_002540,,experiments/05_choropleth_reliability_benchmark/outputs/generated_code_iterative_repair/deepseek-coder_6.7b/qwen2.5-coder_7b/basic/C012_time_series_report_basic_iter02.py,qwen2.5-coder_7b,False,,,,,
time_series.png,experiments/05_choropleth_reliability_benchmark/outputs/runs_iterative_repair/qwen2.5-coder_7b/basic/qwen2.5-coder_7b_basic_C012_time_series_report_iter02_20260625_002540/time_series.png,True,32906,0.0133,255,12.818,True,,,,480,2,,time_series_png,249.206,basic,0.9901,0.0509,C012_time_series_report,,True,deepseek-coder_6.7b,0,experiments/05_choropleth_reliability_benchmark/outputs/runs_iterative_repair/qwen2.5-coder_7b/basic/qwen2.5-coder_7b_basic_C012_time_series_report_iter02_20260625_002540,0.0167,experiments/05_choropleth_reliability_benchmark/outputs/generated_code_iterative_repair/deepseek-coder_6.7b/qwen2.5-coder_7b/basic/C012_time_series_report_basic_iter02.py,qwen2.5-coder_7b,False,,21,,,640
map_interactive.html,experiments/05_choropleth_reliability_benchmark/outputs/runs_iterative_repair/qwen2.5-coder_7b/basic/qwen2.5-coder_7b_basic_C012_time_series_report_iter02_20260625_002540/map_interactive.html,False,0,,,,False,,,,,2,,interactive_html,,basic,,,C012_time_series_report,,,deepseek-coder_6.7b,0,experiments/05_choropleth_reliability_benchmark/outputs/runs_iterative_repair/qwen2.5-coder_7b/basic/qwen2.5-coder_7b_basic_C012_time_series_report_iter02_20260625_002540,,experiments/05_choropleth_reliability_benchmark/outputs/generated_code_iterative_repair/deepseek-coder_6.7b/qwen2.5-coder_7b/basic/C012_time_series_report_basic_iter02.py,qwen2.5-coder_7b,False,,,False,,
diagnostics.json,experiments/05_choropleth_reliability_benchmark/outputs/runs_iterative_repair/qwen2.5-coder_7b/basic/qwen2.5-coder_7b_basic_C012_time_series_report_iter02_20260625_002540/diagnostics.json,True,32,,,,True,,,,,2,,diagnostic_json,,basic,,,C012_time_series_report,,,deepseek-coder_6.7b,0,experiments/05_choropleth_reliability_benchmark/outputs/runs_iterative_repair/qwen2.5-coder_7b/basic/qwen2.5-coder_7b_basic_C012_time_series_report_iter02_20260625_002540,,experiments/05_choropleth_reliability_benchmark/outputs/generated_code_iterative_repair/deepseek-coder_6.7b/qwen2.5-coder_7b/basic/C012_time_series_report_basic_iter02.py,qwen2.5-coder_7b,False,1,,,True,
map_static.png,experiments/05_choropleth_reliability_benchmark/outputs/runs_iterative_repair/qwen2.5-coder_7b/basic/qwen2.5-coder_7b_basic_C012_time_series_report_iter03_20260624_232818/map_static.png,False,0,,,,False,,,,,3,,static_png,,basic,,,C012_time_series_report,missing_or_empty,False,qwen2.5-coder_7b,1,experiments/05_choropleth_reliability_benchmark/outputs/runs_iterative_repair/qwen2.5-coder_7b/basic/qwen2.5-coder_7b_basic_C012_time_series_report_iter03_20260624_232818,,experiments/05_choropleth_reliability_benchmark/outputs/generated_code_iterative_repair/qwen2.5-coder_7b/qwen2.5-coder_7b/basic/C012_time_series_report_basic_iter03.py,qwen2.5-coder_7b,False,,,,,
time_series.png,experiments/05_choropleth_reliability_benchmark/outputs/runs_iterative_repair/qwen2.5-coder_7b/basic/qwen2.5-coder_7b_basic_C012_time_series_report_iter03_20260624_232818/time_series.png,False,0,,,,False,,,,,3,,time_series_png,,basic,,,C012_time_series_report,missing_or_empty,False,qwen2.5-coder_7b,1,experiments/05_choropleth_reliability_benchmark/outputs/runs_iterative_repair/qwen2.5-coder_7b/basic/qwen2.5-coder_7b_basic_C012_time_series_report_iter03_20260624_232818,,experiments/05_choropleth_reliability_benchmark/outputs/generated_code_iterative_repair/qwen2.5-coder_7b/qwen2.5-coder_7b/basic/C012_time_series_report_basic_iter03.py,qwen2.5-coder_7b,False,,,,,
map_interactive.html,experiments/05_choropleth_reliability_benchmark/outputs/runs_iterative_repair/qwen2.5-coder_7b/basic/qwen2.5-coder_7b_basic_C012_time_series_report_iter03_20260624_232818/map_interactive.html,False,0,,,,False,,,,,3,,interactive_html,,basic,,,C012_time_series_report,,,qwen2.5-coder_7b,1,experiments/05_choropleth_reliability_benchmark/outputs/runs_iterative_repair/qwen2.5-coder_7b/basic/qwen2.5-coder_7b_basic_C012_time_series_report_iter03_20260624_232818,,experiments/05_choropleth_reliability_benchmark/outputs/generated_code_iterative_repair/qwen2.5-coder_7b/qwen2.5-coder_7b/basic/C012_time_series_report_basic_iter03.py,qwen2.5-coder_7b,False,,,False,,
diagnostics.json,experiments/05_choropleth_reliability_benchmark/outputs/runs_iterative_repair/qwen2.5-coder_7b/basic/qwen2.5-coder_7b_basic_C012_time_series_report_iter03_20260624_232818/diagnostics.json,False,0,,,,False,,,,,3,,diagnostic_json,,basic,,,C012_time_series_report,,,qwen2.5-coder_7b,1,experiments/05_choropleth_reliability_benchmark/outputs/runs_iterative_repair/qwen2.5-coder_7b/basic/qwen2.5-coder_7b_basic_C012_time_series_report_iter03_20260624_232818,,experiments/05_choropleth_reliability_benchmark/outputs/generated_code_iterative_repair/qwen2.5-coder_7b/qwen2.5-coder_7b/basic/C012_time_series_report_basic_iter03.py,qwen2.5-coder_7b,False,,,,False,
map_static.png,experiments/05_choropleth_reliability_benchmark/outputs/runs_iterative_repair/qwen2.5-coder_7b/rules/qwen2.5-coder_7b_rules_C001_static_burned_area_iter01_20260624_045604/map_static.png,True,272015,0.0174,255,5.075,True,,,,2042,1,,static_png,222.193,rules,0.9840,0.3013,C001_static_burned_area,,True,qwen2.5-coder_32b,0,experiments/05_choropleth_reliability_benchmark/outputs/runs_iterative_repair/qwen2.5-coder_7b/rules/qwen2.5-coder_7b_rules_C001_static_burned_area_iter01_20260624_045604,0.0226,experiments/05_choropleth_reliability_benchmark/outputs/generated_code_iterative_repair/qwen2.5-coder_32b/qwen2.5-coder_7b/rules/C001_static_burned_area_rules_iter01.py,qwen2.5-coder_7b,False,,44,,,1649
time_series.png,experiments/05_choropleth_reliability_benchmark/outputs/runs_iterative_repair/qwen2.5-coder_7b/rules/qwen2.5-coder_7b_rules_C001_static_burned_area_iter01_20260624_045604/time_series.png,False,0,,,,False,,,,,1,,time_series_png,,rules,,,C001_static_burned_area,missing_or_empty,False,qwen2.5-coder_32b,0,experiments/05_choropleth_reliability_benchmark/outputs/runs_iterative_repair/qwen2.5-coder_7b/rules/qwen2.5-coder_7b_rules_C001_static_burned_area_iter01_20260624_045604,,experiments/05_choropleth_reliability_benchmark/outputs/generated_code_iterative_repair/qwen2.5-coder_32b/qwen2.5-coder_7b/rules/C001_static_burned_area_rules_iter01.py,qwen2.5-coder_7b,False,,,,,
map_interactive.html,experiments/05_choropleth_reliability_benchmark/outputs/runs_iterative_repair/qwen2.5-coder_7b/rules/qwen2.5-coder_7b_rules_C001_static_burned_area_iter01_20260624_045604/map_interactive.html,False,0,,,,False,,,,,1,,interactive_html,,rules,,,C001_static_burned_area,,,qwen2.5-coder_32b,0,experiments/05_choropleth_reliability_benchmark/outputs/runs_iterative_repair/qwen2.5-coder_7b/rules/qwen2.5-coder_7b_rules_C001_static_burned_area_iter01_20260624_045604,,experiments/05_choropleth_reliability_benchmark/outputs/generated_code_iterative_repair/qwen2.5-coder_32b/qwen2.5-coder_7b/rules/C001_static_burned_area_rules_iter01.py,qwen2.5-coder_7b,False,,,False,,
diagnostics.json,experiments/05_choropleth_reliability_benchmark/outputs/runs_iterative_repair/qwen2.5-coder_7b/rules/qwen2.5-coder_7b_rules_C001_static_burned_area_iter01_20260624_045604/diagnostics.json,True,2,,,,True,,,,,1,,diagnostic_json,,rules,,,C001_static_burned_area,,,qwen2.5-coder_32b,0,experiments/05_choropleth_reliability_benchmark/outputs/runs_iterative_repair/qwen2.5-coder_7b/rules/qwen2.5-coder_7b_rules_C001_static_burned_area_iter01_20260624_045604,,experiments/05_choropleth_reliability_benchmark/outputs/generated_code_iterative_repair/qwen2.5-coder_32b/qwen2.5-coder_7b/rules/C001_static_burned_area_rules_iter01.py,qwen2.5-coder_7b,False,0,,,True,
map_static.png,experiments/05_choropleth_reliability_benchmark/outputs/runs_iterative_repair/qwen2.5-coder_7b/rules/qwen2.5-coder_7b_rules_C001_static_burned_area_iter01_20260624_232030/map_static.png,False,0,,,,False,,,,,1,,static_png,,rules,,,C001_static_burned_area,missing_or_empty,False,qwen2.5-coder_7b,1,experiments/05_choropleth_reliability_benchmark/outputs/runs_iterative_repair/qwen2.5-coder_7b/rules/qwen2.5-coder_7b_rules_C001_static_burned_area_iter01_20260624_232030,,experiments/05_choropleth_reliability_benchmark/outputs/generated_code_iterative_repair/qwen2.5-coder_7b/qwen2.5-coder_7b/rules/C001_static_burned_area_rules_iter01.py,qwen2.5-coder_7b,False,,,,,
time_series.png,experiments/05_choropleth_reliability_benchmark/outputs/runs_iterative_repair/qwen2.5-coder_7b/rules/qwen2.5-coder_7b_rules_C001_static_burned_area_iter01_20260624_232030/time_series.png,False,0,,,,False,,,,,1,,time_series_png,,rules,,,C001_static_burned_area,missing_or_empty,False,qwen2.5-coder_7b,1,experiments/05_choropleth_reliability_benchmark/outputs/runs_iterative_repair/qwen2.5-coder_7b/rules/qwen2.5-coder_7b_rules_C001_static_burned_area_iter01_20260624_232030,,experiments/05_choropleth_reliability_benchmark/outputs/generated_code_iterative_repair/qwen2.5-coder_7b/qwen2.5-coder_7b/rules/C001_static_burned_area_rules_iter01.py,qwen2.5-coder_7b,False,,,,,
map_interactive.html,experiments/05_choropleth_reliability_benchmark/outputs/runs_iterative_repair/qwen2.5-coder_7b/rules/qwen2.5-coder_7b_rules_C001_static_burned_area_iter01_20260624_232030/map_interactive.html,False,0,,,,False,,,,,1,,interactive_html,,rules,,,C001_static_burned_area,,,qwen2.5-coder_7b,1,experiments/05_choropleth_reliability_benchmark/outputs/runs_iterative_repair/qwen2.5-coder_7b/rules/qwen2.5-coder_7b_rules_C001_static_burned_area_iter01_20260624_232030,,experiments/05_choropleth_reliability_benchmark/outputs/generated_code_iterative_repair/qwen2.5-coder_7b/qwen2.5-coder_7b/rules/C001_static_burned_area_rules_iter01.py,qwen2.5-coder_7b,False,,,False,,
diagnostics.json,experiments/05_choropleth_reliability_benchmark/outputs/runs_iterative_repair/qwen2.5-coder_7b/rules/qwen2.5-coder_7b_rules_C001_static_burned_area_iter01_20260624_232030/diagnostics.json,False,0,,,,False,,,,,1,,diagnostic_json,,rules,,,C001_static_burned_area,,,qwen2.5-coder_7b,1,experiments/05_choropleth_reliability_benchmark/outputs/runs_iterative_repair/qwen2.5-coder_7b/rules/qwen2.5-coder_7b_rules_C001_static_burned_area_iter01_20260624_232030,,experiments/05_choropleth_reliability_benchmark/outputs/generated_code_iterative_repair/qwen2.5-coder_7b/qwen2.5-coder_7b/rules/C001_static_burned_area_rules_iter01.py,qwen2.5-coder_7b,False,,,,False,
map_static.png,experiments/05_choropleth_reliability_benchmark/outputs/runs_iterative_repair/qwen2.5-coder_7b/rules/qwen2.5-coder_7b_rules_C001_static_burned_area_iter01_20260624_235356/map_static.png,False,0,,,,False,,,,,1,,static_png,,rules,,,C001_static_burned_area,missing_or_empty,False,qwen2.5-coder_14b,1,experiments/05_choropleth_reliability_benchmark/outputs/runs_iterative_repair/qwen2.5-coder_7b/rules/qwen2.5-coder_7b_rules_C001_static_burned_area_iter01_20260624_235356,,experiments/05_choropleth_reliability_benchmark/outputs/generated_code_iterative_repair/qwen2.5-coder_14b/qwen2.5-coder_7b/rules/C001_static_burned_area_rules_iter01.py,qwen2.5-coder_7b,False,,,,,
time_series.png,experiments/05_choropleth_reliability_benchmark/outputs/runs_iterative_repair/qwen2.5-coder_7b/rules/qwen2.5-coder_7b_rules_C001_static_burned_area_iter01_20260624_235356/time_series.png,False,0,,,,False,,,,,1,,time_series_png,,rules,,,C001_static_burned_area,missing_or_empty,False,qwen2.5-coder_14b,1,experiments/05_choropleth_reliability_benchmark/outputs/runs_iterative_repair/qwen2.5-coder_7b/rules/qwen2.5-coder_7b_rules_C001_static_burned_area_iter01_20260624_235356,,experiments/05_choropleth_reliability_benchmark/outputs/generated_code_iterative_repair/qwen2.5-coder_14b/qwen2.5-coder_7b/rules/C001_static_burned_area_rules_iter01.py,qwen2.5-coder_7b,False,,,,,
map_interactive.html,experiments/05_choropleth_reliability_benchmark/outputs/runs_iterative_repair/qwen2.5-coder_7b/rules/qwen2.5-coder_7b_rules_C001_static_burned_area_iter01_20260624_235356/map_interactive.html,False,0,,,,False,,,,,1,,interactive_html,,rules,,,C001_static_burned_area,,,qwen2.5-coder_14b,1,experiments/05_choropleth_reliability_benchmark/outputs/runs_iterative_repair/qwen2.5-coder_7b/rules/qwen2.5-coder_7b_rules_C001_static_burned_area_iter01_20260624_235356,,experiments/05_choropleth_reliability_benchmark/outputs/generated_code_iterative_repair/qwen2.5-coder_14b/qwen2.5-coder_7b/rules/C001_static_burned_area_rules_iter01.py,qwen2.5-coder_7b,False,,,False,,
diagnostics.json,experiments/05_choropleth_reliability_benchmark/outputs/runs_iterative_repair/qwen2.5-coder_7b/rules/qwen2.5-coder_7b_rules_C001_static_burned_area_iter01_20260624_235356/diagnostics.json,False,0,,,,False,,,,,1,,diagnostic_json,,rules,,,C001_static_burned_area,,,qwen2.5-coder_14b,1,experiments/05_choropleth_reliability_benchmark/outputs/runs_iterative_repair/qwen2.5-coder_7b/rules/qwen2.5-coder_7b_rules_C001_static_burned_area_iter01_20260624_235356,,experiments/05_choropleth_reliability_benchmark/outputs/generated_code_iterative_repair/qwen2.5-coder_14b/qwen2.5-coder_7b/rules/C001_static_burned_area_rules_iter01.py,qwen2.5-coder_7b,False,,,,False,
map_static.png,experiments/05_choropleth_reliability_benchmark/outputs/runs_iterative_repair/qwen2.5-coder_7b/rules/qwen2.5-coder_7b_rules_C001_static_burned_area_iter02_20260624_232045/map_static.png,False,0,,,,False,,,,,2,,static_png,,rules,,,C001_static_burned_area,missing_or_empty,False,qwen2.5-coder_7b,1,experiments/05_choropleth_reliability_benchmark/outputs/runs_iterative_repair/qwen2.5-coder_7b/rules/qwen2.5-coder_7b_rules_C001_static_burned_area_iter02_20260624_232045,,experiments/05_choropleth_reliability_benchmark/outputs/generated_code_iterative_repair/qwen2.5-coder_7b/qwen2.5-coder_7b/rules/C001_static_burned_area_rules_iter02.py,qwen2.5-coder_7b,False,,,,,
time_series.png,experiments/05_choropleth_reliability_benchmark/outputs/runs_iterative_repair/qwen2.5-coder_7b/rules/qwen2.5-coder_7b_rules_C001_static_burned_area_iter02_20260624_232045/time_series.png,False,0,,,,False,,,,,2,,time_series_png,,rules,,,C001_static_burned_area,missing_or_empty,False,qwen2.5-coder_7b,1,experiments/05_choropleth_reliability_benchmark/outputs/runs_iterative_repair/qwen2.5-coder_7b/rules/qwen2.5-coder_7b_rules_C001_static_burned_area_iter02_20260624_232045,,experiments/05_choropleth_reliability_benchmark/outputs/generated_code_iterative_repair/qwen2.5-coder_7b/qwen2.5-coder_7b/rules/C001_static_burned_area_rules_iter02.py,qwen2.5-coder_7b,False,,,,,
map_interactive.html,experiments/05_choropleth_reliability_benchmark/outputs/runs_iterative_repair/qwen2.5-coder_7b/rules/qwen2.5-coder_7b_rules_C001_static_burned_area_iter02_20260624_232045/map_interactive.html,False,0,,,,False,,,,,2,,interactive_html,,rules,,,C001_static_burned_area,,,qwen2.5-coder_7b,1,experiments/05_choropleth_reliability_benchmark/outputs/runs_iterative_repair/qwen2.5-coder_7b/rules/qwen2.5-coder_7b_rules_C001_static_burned_area_iter02_20260624_232045,,experiments/05_choropleth_reliability_benchmark/outputs/generated_code_iterative_repair/qwen2.5-coder_7b/qwen2.5-coder_7b/rules/C001_static_burned_area_rules_iter02.py,qwen2.5-coder_7b,False,,,False,,
diagnostics.json,experiments/05_choropleth_reliability_benchmark/outputs/runs_iterative_repair/qwen2.5-coder_7b/rules/qwen2.5-coder_7b_rules_C001_static_burned_area_iter02_20260624_232045/diagnostics.json,False,0,,,,False,,,,,2,,diagnostic_json,,rules,,,C001_static_burned_area,,,qwen2.5-coder_7b,1,experiments/05_choropleth_reliability_benchmark/outputs/runs_iterative_repair/qwen2.5-coder_7b/rules/qwen2.5-coder_7b_rules_C001_static_burned_area_iter02_20260624_232045,,experiments/05_choropleth_reliability_benchmark/outputs/generated_code_iterative_repair/qwen2.5-coder_7b/qwen2.5-coder_7b/rules/C001_static_burned_area_rules_iter02.py,qwen2.5-coder_7b,False,,,,False,
map_static.png,experiments/05_choropleth_reliability_benchmark/outputs/runs_iterative_repair/qwen2.5-coder_7b/rules/qwen2.5-coder_7b_rules_C001_static_burned_area_iter02_20260624_235424/map_static.png,False,0,,,,False,,,,,2,,static_png,,rules,,,C001_static_burned_area,missing_or_empty,False,qwen2.5-coder_14b,1,experiments/05_choropleth_reliability_benchmark/outputs/runs_iterative_repair/qwen2.5-coder_7b/rules/qwen2.5-coder_7b_rules_C001_static_burned_area_iter02_20260624_235424,,experiments/05_choropleth_reliability_benchmark/outputs/generated_code_iterative_repair/qwen2.5-coder_14b/qwen2.5-coder_7b/rules/C001_static_burned_area_rules_iter02.py,qwen2.5-coder_7b,False,,,,,
time_series.png,experiments/05_choropleth_reliability_benchmark/outputs/runs_iterative_repair/qwen2.5-coder_7b/rules/qwen2.5-coder_7b_rules_C001_static_burned_area_iter02_20260624_235424/time_series.png,False,0,,,,False,,,,,2,,time_series_png,,rules,,,C001_static_burned_area,missing_or_empty,False,qwen2.5-coder_14b,1,experiments/05_choropleth_reliability_benchmark/outputs/runs_iterative_repair/qwen2.5-coder_7b/rules/qwen2.5-coder_7b_rules_C001_static_burned_area_iter02_20260624_235424,,experiments/05_choropleth_reliability_benchmark/outputs/generated_code_iterative_repair/qwen2.5-coder_14b/qwen2.5-coder_7b/rules/C001_static_burned_area_rules_iter02.py,qwen2.5-coder_7b,False,,,,,
map_interactive.html,experiments/05_choropleth_reliability_benchmark/outputs/runs_iterative_repair/qwen2.5-coder_7b/rules/qwen2.5-coder_7b_rules_C001_static_burned_area_iter02_20260624_235424/map_interactive.html,False,0,,,,False,,,,,2,,interactive_html,,rules,,,C001_static_burned_area,,,qwen2.5-coder_14b,1,experiments/05_choropleth_reliability_benchmark/outputs/runs_iterative_repair/qwen2.5-coder_7b/rules/qwen2.5-coder_7b_rules_C001_static_burned_area_iter02_20260624_235424,,experiments/05_choropleth_reliability_benchmark/outputs/generated_code_iterative_repair/qwen2.5-coder_14b/qwen2.5-coder_7b/rules/C001_static_burned_area_rules_iter02.py,qwen2.5-coder_7b,False,,,False,,
diagnostics.json,experiments/05_choropleth_reliability_benchmark/outputs/runs_iterative_repair/qwen2.5-coder_7b/rules/qwen2.5-coder_7b_rules_C001_static_burned_area_iter02_20260624_235424/diagnostics.json,False,0,,,,False,,,,,2,,diagnostic_json,,rules,,,C001_static_burned_area,,,qwen2.5-coder_14b,1,experiments/05_choropleth_reliability_benchmark/outputs/runs_iterative_repair/qwen2.5-coder_7b/rules/qwen2.5-coder_7b_rules_C001_static_burned_area_iter02_20260624_235424,,experiments/05_choropleth_reliability_benchmark/outputs/generated_code_iterative_repair/qwen2.5-coder_14b/qwen2.5-coder_7b/rules/C001_static_burned_area_rules_iter02.py,qwen2.5-coder_7b,False,,,,False,
map_static.png,experiments/05_choropleth_reliability_benchmark/outputs/runs_iterative_repair/qwen2.5-coder_7b/rules/qwen2.5-coder_7b_rules_C001_static_burned_area_iter03_20260624_232101/map_static.png,False,0,,,,False,,,,,3,,static_png,,rules,,,C001_static_burned_area,missing_or_empty,False,qwen2.5-coder_7b,1,experiments/05_choropleth_reliability_benchmark/outputs/runs_iterative_repair/qwen2.5-coder_7b/rules/qwen2.5-coder_7b_rules_C001_static_burned_area_iter03_20260624_232101,,experiments/05_choropleth_reliability_benchmark/outputs/generated_code_iterative_repair/qwen2.5-coder_7b/qwen2.5-coder_7b/rules/C001_static_burned_area_rules_iter03.py,qwen2.5-coder_7b,False,,,,,
time_series.png,experiments/05_choropleth_reliability_benchmark/outputs/runs_iterative_repair/qwen2.5-coder_7b/rules/qwen2.5-coder_7b_rules_C001_static_burned_area_iter03_20260624_232101/time_series.png,False,0,,,,False,,,,,3,,time_series_png,,rules,,,C001_static_burned_area,missing_or_empty,False,qwen2.5-coder_7b,1,experiments/05_choropleth_reliability_benchmark/outputs/runs_iterative_repair/qwen2.5-coder_7b/rules/qwen2.5-coder_7b_rules_C001_static_burned_area_iter03_20260624_232101,,experiments/05_choropleth_reliability_benchmark/outputs/generated_code_iterative_repair/qwen2.5-coder_7b/qwen2.5-coder_7b/rules/C001_static_burned_area_rules_iter03.py,qwen2.5-coder_7b,False,,,,,
map_interactive.html,experiments/05_choropleth_reliability_benchmark/outputs/runs_iterative_repair/qwen2.5-coder_7b/rules/qwen2.5-coder_7b_rules_C001_static_burned_area_iter03_20260624_232101/map_interactive.html,False,0,,,,False,,,,,3,,interactive_html,,rules,,,C001_static_burned_area,,,qwen2.5-coder_7b,1,experiments/05_choropleth_reliability_benchmark/outputs/runs_iterative_repair/qwen2.5-coder_7b/rules/qwen2.5-coder_7b_rules_C001_static_burned_area_iter03_20260624_232101,,experiments/05_choropleth_reliability_benchmark/outputs/generated_code_iterative_repair/qwen2.5-coder_7b/qwen2.5-coder_7b/rules/C001_static_burned_area_rules_iter03.py,qwen2.5-coder_7b,False,,,False,,
diagnostics.json,experiments/05_choropleth_reliability_benchmark/outputs/runs_iterative_repair/qwen2.5-coder_7b/rules/qwen2.5-coder_7b_rules_C001_static_burned_area_iter03_20260624_232101/diagnostics.json,False,0,,,,False,,,,,3,,diagnostic_json,,rules,,,C001_static_burned_area,,,qwen2.5-coder_7b,1,experiments/05_choropleth_reliability_benchmark/outputs/runs_iterative_repair/qwen2.5-coder_7b/rules/qwen2.5-coder_7b_rules_C001_static_burned_area_iter03_20260624_232101,,experiments/05_choropleth_reliability_benchmark/outputs/generated_code_iterative_repair/qwen2.5-coder_7b/qwen2.5-coder_7b/rules/C001_static_burned_area_rules_iter03.py,qwen2.5-coder_7b,False,,,,False,
map_static.png,experiments/05_choropleth_reliability_benchmark/outputs/runs_iterative_repair/qwen2.5-coder_7b/rules/qwen2.5-coder_7b_rules_C001_static_burned_area_iter03_20260624_235450/map_static.png,False,0,,,,False,,,,,3,,static_png,,rules,,,C001_static_burned_area,missing_or_empty,False,qwen2.5-coder_14b,1,experiments/05_choropleth_reliability_benchmark/outputs/runs_iterative_repair/qwen2.5-coder_7b/rules/qwen2.5-coder_7b_rules_C001_static_burned_area_iter03_20260624_235450,,experiments/05_choropleth_reliability_benchmark/outputs/generated_code_iterative_repair/qwen2.5-coder_14b/qwen2.5-coder_7b/rules/C001_static_burned_area_rules_iter03.py,qwen2.5-coder_7b,False,,,,,
time_series.png,experiments/05_choropleth_reliability_benchmark/outputs/runs_iterative_repair/qwen2.5-coder_7b/rules/qwen2.5-coder_7b_rules_C001_static_burned_area_iter03_20260624_235450/time_series.png,False,0,,,,False,,,,,3,,time_series_png,,rules,,,C001_static_burned_area,missing_or_empty,False,qwen2.5-coder_14b,1,experiments/05_choropleth_reliability_benchmark/outputs/runs_iterative_repair/qwen2.5-coder_7b/rules/qwen2.5-coder_7b_rules_C001_static_burned_area_iter03_20260624_235450,,experiments/05_choropleth_reliability_benchmark/outputs/generated_code_iterative_repair/qwen2.5-coder_14b/qwen2.5-coder_7b/rules/C001_static_burned_area_rules_iter03.py,qwen2.5-coder_7b,False,,,,,
map_interactive.html,experiments/05_choropleth_reliability_benchmark/outputs/runs_iterative_repair/qwen2.5-coder_7b/rules/qwen2.5-coder_7b_rules_C001_static_burned_area_iter03_20260624_235450/map_interactive.html,False,0,,,,False,,,,,3,,interactive_html,,rules,,,C001_static_burned_area,,,qwen2.5-coder_14b,1,experiments/05_choropleth_reliability_benchmark/outputs/runs_iterative_repair/qwen2.5-coder_7b/rules/qwen2.5-coder_7b_rules_C001_static_burned_area_iter03_20260624_235450,,experiments/05_choropleth_reliability_benchmark/outputs/generated_code_iterative_repair/qwen2.5-coder_14b/qwen2.5-coder_7b/rules/C001_static_burned_area_rules_iter03.py,qwen2.5-coder_7b,False,,,False,,
diagnostics.json,experiments/05_choropleth_reliability_benchmark/outputs/runs_iterative_repair/qwen2.5-coder_7b/rules/qwen2.5-coder_7b_rules_C001_static_burned_area_iter03_20260624_235450/diagnostics.json,False,0,,,,False,,,,,3,,diagnostic_json,,rules,,,C001_static_burned_area,,,qwen2.5-coder_14b,1,experiments/05_choropleth_reliability_benchmark/outputs/runs_iterative_repair/qwen2.5-coder_7b/rules/qwen2.5-coder_7b_rules_C001_static_burned_area_iter03_20260624_235450,,experiments/05_choropleth_reliability_benchmark/outputs/generated_code_iterative_repair/qwen2.5-coder_14b/qwen2.5-coder_7b/rules/C001_static_burned_area_rules_iter03.py,qwen2.5-coder_7b,False,,,,False,
map_static.png,experiments/05_choropleth_reliability_benchmark/outputs/runs_iterative_repair/qwen2.5-coder_7b/rules/qwen2.5-coder_7b_rules_C002_static_number_fires_iter01_20260624_045707/map_static.png,False,0,,,,False,,,,,1,,static_png,,rules,,,C002_static_number_fires,missing_or_empty,False,qwen2.5-coder_32b,1,experiments/05_choropleth_reliability_benchmark/outputs/runs_iterative_repair/qwen2.5-coder_7b/rules/qwen2.5-coder_7b_rules_C002_static_number_fires_iter01_20260624_045707,,experiments/05_choropleth_reliability_benchmark/outputs/generated_code_iterative_repair/qwen2.5-coder_32b/qwen2.5-coder_7b/rules/C002_static_number_fires_rules_iter01.py,qwen2.5-coder_7b,False,,,,,
time_series.png,experiments/05_choropleth_reliability_benchmark/outputs/runs_iterative_repair/qwen2.5-coder_7b/rules/qwen2.5-coder_7b_rules_C002_static_number_fires_iter01_20260624_045707/time_series.png,False,0,,,,False,,,,,1,,time_series_png,,rules,,,C002_static_number_fires,missing_or_empty,False,qwen2.5-coder_32b,1,experiments/05_choropleth_reliability_benchmark/outputs/runs_iterative_repair/qwen2.5-coder_7b/rules/qwen2.5-coder_7b_rules_C002_static_number_fires_iter01_20260624_045707,,experiments/05_choropleth_reliability_benchmark/outputs/generated_code_iterative_repair/qwen2.5-coder_32b/qwen2.5-coder_7b/rules/C002_static_number_fires_rules_iter01.py,qwen2.5-coder_7b,False,,,,,
map_interactive.html,experiments/05_choropleth_reliability_benchmark/outputs/runs_iterative_repair/qwen2.5-coder_7b/rules/qwen2.5-coder_7b_rules_C002_static_number_fires_iter01_20260624_045707/map_interactive.html,False,0,,,,False,,,,,1,,interactive_html,,rules,,,C002_static_number_fires,,,qwen2.5-coder_32b,1,experiments/05_choropleth_reliability_benchmark/outputs/runs_iterative_repair/qwen2.5-coder_7b/rules/qwen2.5-coder_7b_rules_C002_static_number_fires_iter01_20260624_045707,,experiments/05_choropleth_reliability_benchmark/outputs/generated_code_iterative_repair/qwen2.5-coder_32b/qwen2.5-coder_7b/rules/C002_static_number_fires_rules_iter01.py,qwen2.5-coder_7b,False,,,False,,
diagnostics.json,experiments/05_choropleth_reliability_benchmark/outputs/runs_iterative_repair/qwen2.5-coder_7b/rules/qwen2.5-coder_7b_rules_C002_static_number_fires_iter01_20260624_045707/diagnostics.json,False,0,,,,False,,,,,1,,diagnostic_json,,rules,,,C002_static_number_fires,,,qwen2.5-coder_32b,1,experiments/05_choropleth_reliability_benchmark/outputs/runs_iterative_repair/qwen2.5-coder_7b/rules/qwen2.5-coder_7b_rules_C002_static_number_fires_iter01_20260624_045707,,experiments/05_choropleth_reliability_benchmark/outputs/generated_code_iterative_repair/qwen2.5-coder_32b/qwen2.5-coder_7b/rules/C002_static_number_fires_rules_iter01.py,qwen2.5-coder_7b,False,,,,False,
map_static.png,experiments/05_choropleth_reliability_benchmark/outputs/runs_iterative_repair/qwen2.5-coder_7b/rules/qwen2.5-coder_7b_rules_C002_static_number_fires_iter01_20260624_232116/map_static.png,False,0,,,,False,,,,,1,,static_png,,rules,,,C002_static_number_fires,missing_or_empty,False,qwen2.5-coder_7b,1,experiments/05_choropleth_reliability_benchmark/outputs/runs_iterative_repair/qwen2.5-coder_7b/rules/qwen2.5-coder_7b_rules_C002_static_number_fires_iter01_20260624_232116,,experiments/05_choropleth_reliability_benchmark/outputs/generated_code_iterative_repair/qwen2.5-coder_7b/qwen2.5-coder_7b/rules/C002_static_number_fires_rules_iter01.py,qwen2.5-coder_7b,False,,,,,
time_series.png,experiments/05_choropleth_reliability_benchmark/outputs/runs_iterative_repair/qwen2.5-coder_7b/rules/qwen2.5-coder_7b_rules_C002_static_number_fires_iter01_20260624_232116/time_series.png,False,0,,,,False,,,,,1,,time_series_png,,rules,,,C002_static_number_fires,missing_or_empty,False,qwen2.5-coder_7b,1,experiments/05_choropleth_reliability_benchmark/outputs/runs_iterative_repair/qwen2.5-coder_7b/rules/qwen2.5-coder_7b_rules_C002_static_number_fires_iter01_20260624_232116,,experiments/05_choropleth_reliability_benchmark/outputs/generated_code_iterative_repair/qwen2.5-coder_7b/qwen2.5-coder_7b/rules/C002_static_number_fires_rules_iter01.py,qwen2.5-coder_7b,False,,,,,
map_interactive.html,experiments/05_choropleth_reliability_benchmark/outputs/runs_iterative_repair/qwen2.5-coder_7b/rules/qwen2.5-coder_7b_rules_C002_static_number_fires_iter01_20260624_232116/map_interactive.html,False,0,,,,False,,,,,1,,interactive_html,,rules,,,C002_static_number_fires,,,qwen2.5-coder_7b,1,experiments/05_choropleth_reliability_benchmark/outputs/runs_iterative_repair/qwen2.5-coder_7b/rules/qwen2.5-coder_7b_rules_C002_static_number_fires_iter01_20260624_232116,,experiments/05_choropleth_reliability_benchmark/outputs/generated_code_iterative_repair/qwen2.5-coder_7b/qwen2.5-coder_7b/rules/C002_static_number_fires_rules_iter01.py,qwen2.5-coder_7b,False,,,False,,
diagnostics.json,experiments/05_choropleth_reliability_benchmark/outputs/runs_iterative_repair/qwen2.5-coder_7b/rules/qwen2.5-coder_7b_rules_C002_static_number_fires_iter01_20260624_232116/diagnostics.json,False,0,,,,False,,,,,1,,diagnostic_json,,rules,,,C002_static_number_fires,,,qwen2.5-coder_7b,1,experiments/05_choropleth_reliability_benchmark/outputs/runs_iterative_repair/qwen2.5-coder_7b/rules/qwen2.5-coder_7b_rules_C002_static_number_fires_iter01_20260624_232116,,experiments/05_choropleth_reliability_benchmark/outputs/generated_code_iterative_repair/qwen2.5-coder_7b/qwen2.5-coder_7b/rules/C002_static_number_fires_rules_iter01.py,qwen2.5-coder_7b,False,,,,False,
map_static.png,experiments/05_choropleth_reliability_benchmark/outputs/runs_iterative_repair/qwen2.5-coder_7b/rules/qwen2.5-coder_7b_rules_C002_static_number_fires_iter01_20260624_235514/map_static.png,False,0,,,,False,,,,,1,,static_png,,rules,,,C002_static_number_fires,missing_or_empty,False,qwen2.5-coder_14b,1,experiments/05_choropleth_reliability_benchmark/outputs/runs_iterative_repair/qwen2.5-coder_7b/rules/qwen2.5-coder_7b_rules_C002_static_number_fires_iter01_20260624_235514,,experiments/05_choropleth_reliability_benchmark/outputs/generated_code_iterative_repair/qwen2.5-coder_14b/qwen2.5-coder_7b/rules/C002_static_number_fires_rules_iter01.py,qwen2.5-coder_7b,False,,,,,
time_series.png,experiments/05_choropleth_reliability_benchmark/outputs/runs_iterative_repair/qwen2.5-coder_7b/rules/qwen2.5-coder_7b_rules_C002_static_number_fires_iter01_20260624_235514/time_series.png,False,0,,,,False,,,,,1,,time_series_png,,rules,,,C002_static_number_fires,missing_or_empty,False,qwen2.5-coder_14b,1,experiments/05_choropleth_reliability_benchmark/outputs/runs_iterative_repair/qwen2.5-coder_7b/rules/qwen2.5-coder_7b_rules_C002_static_number_fires_iter01_20260624_235514,,experiments/05_choropleth_reliability_benchmark/outputs/generated_code_iterative_repair/qwen2.5-coder_14b/qwen2.5-coder_7b/rules/C002_static_number_fires_rules_iter01.py,qwen2.5-coder_7b,False,,,,,
map_interactive.html,experiments/05_choropleth_reliability_benchmark/outputs/runs_iterative_repair/qwen2.5-coder_7b/rules/qwen2.5-coder_7b_rules_C002_static_number_fires_iter01_20260624_235514/map_interactive.html,False,0,,,,False,,,,,1,,interactive_html,,rules,,,C002_static_number_fires,,,qwen2.5-coder_14b,1,experiments/05_choropleth_reliability_benchmark/outputs/runs_iterative_repair/qwen2.5-coder_7b/rules/qwen2.5-coder_7b_rules_C002_static_number_fires_iter01_20260624_235514,,experiments/05_choropleth_reliability_benchmark/outputs/generated_code_iterative_repair/qwen2.5-coder_14b/qwen2.5-coder_7b/rules/C002_static_number_fires_rules_iter01.py,qwen2.5-coder_7b,False,,,False,,
diagnostics.json,experiments/05_choropleth_reliability_benchmark/outputs/runs_iterative_repair/qwen2.5-coder_7b/rules/qwen2.5-coder_7b_rules_C002_static_number_fires_iter01_20260624_235514/diagnostics.json,False,0,,,,False,,,,,1,,diagnostic_json,,rules,,,C002_static_number_fires,,,qwen2.5-coder_14b,1,experiments/05_choropleth_reliability_benchmark/outputs/runs_iterative_repair/qwen2.5-coder_7b/rules/qwen2.5-coder_7b_rules_C002_static_number_fires_iter01_20260624_235514,,experiments/05_choropleth_reliability_benchmark/outputs/generated_code_iterative_repair/qwen2.5-coder_14b/qwen2.5-coder_7b/rules/C002_static_number_fires_rules_iter01.py,qwen2.5-coder_7b,False,,,,False,
map_static.png,experiments/05_choropleth_reliability_benchmark/outputs/runs_iterative_repair/qwen2.5-coder_7b/rules/qwen2.5-coder_7b_rules_C002_static_number_fires_iter02_20260624_045809/map_static.png,False,0,,,,False,,,,,2,,static_png,,rules,,,C002_static_number_fires,missing_or_empty,False,qwen2.5-coder_32b,1,experiments/05_choropleth_reliability_benchmark/outputs/runs_iterative_repair/qwen2.5-coder_7b/rules/qwen2.5-coder_7b_rules_C002_static_number_fires_iter02_20260624_045809,,experiments/05_choropleth_reliability_benchmark/outputs/generated_code_iterative_repair/qwen2.5-coder_32b/qwen2.5-coder_7b/rules/C002_static_number_fires_rules_iter02.py,qwen2.5-coder_7b,False,,,,,
time_series.png,experiments/05_choropleth_reliability_benchmark/outputs/runs_iterative_repair/qwen2.5-coder_7b/rules/qwen2.5-coder_7b_rules_C002_static_number_fires_iter02_20260624_045809/time_series.png,False,0,,,,False,,,,,2,,time_series_png,,rules,,,C002_static_number_fires,missing_or_empty,False,qwen2.5-coder_32b,1,experiments/05_choropleth_reliability_benchmark/outputs/runs_iterative_repair/qwen2.5-coder_7b/rules/qwen2.5-coder_7b_rules_C002_static_number_fires_iter02_20260624_045809,,experiments/05_choropleth_reliability_benchmark/outputs/generated_code_iterative_repair/qwen2.5-coder_32b/qwen2.5-coder_7b/rules/C002_static_number_fires_rules_iter02.py,qwen2.5-coder_7b,False,,,,,
map_interactive.html,experiments/05_choropleth_reliability_benchmark/outputs/runs_iterative_repair/qwen2.5-coder_7b/rules/qwen2.5-coder_7b_rules_C002_static_number_fires_iter02_20260624_045809/map_interactive.html,False,0,,,,False,,,,,2,,interactive_html,,rules,,,C002_static_number_fires,,,qwen2.5-coder_32b,1,experiments/05_choropleth_reliability_benchmark/outputs/runs_iterative_repair/qwen2.5-coder_7b/rules/qwen2.5-coder_7b_rules_C002_static_number_fires_iter02_20260624_045809,,experiments/05_choropleth_reliability_benchmark/outputs/generated_code_iterative_repair/qwen2.5-coder_32b/qwen2.5-coder_7b/rules/C002_static_number_fires_rules_iter02.py,qwen2.5-coder_7b,False,,,False,,
diagnostics.json,experiments/05_choropleth_reliability_benchmark/outputs/runs_iterative_repair/qwen2.5-coder_7b/rules/qwen2.5-coder_7b_rules_C002_static_number_fires_iter02_20260624_045809/diagnostics.json,False,0,,,,False,,,,,2,,diagnostic_json,,rules,,,C002_static_number_fires,,,qwen2.5-coder_32b,1,experiments/05_choropleth_reliability_benchmark/outputs/runs_iterative_repair/qwen2.5-coder_7b/rules/qwen2.5-coder_7b_rules_C002_static_number_fires_iter02_20260624_045809,,experiments/05_choropleth_reliability_benchmark/outputs/generated_code_iterative_repair/qwen2.5-coder_32b/qwen2.5-coder_7b/rules/C002_static_number_fires_rules_iter02.py,qwen2.5-coder_7b,False,,,,False,
map_static.png,experiments/05_choropleth_reliability_benchmark/outputs/runs_iterative_repair/qwen2.5-coder_7b/rules/qwen2.5-coder_7b_rules_C002_static_number_fires_iter02_20260624_232132/map_static.png,False,0,,,,False,,,,,2,,static_png,,rules,,,C002_static_number_fires,missing_or_empty,False,qwen2.5-coder_7b,1,experiments/05_choropleth_reliability_benchmark/outputs/runs_iterative_repair/qwen2.5-coder_7b/rules/qwen2.5-coder_7b_rules_C002_static_number_fires_iter02_20260624_232132,,experiments/05_choropleth_reliability_benchmark/outputs/generated_code_iterative_repair/qwen2.5-coder_7b/qwen2.5-coder_7b/rules/C002_static_number_fires_rules_iter02.py,qwen2.5-coder_7b,False,,,,,
time_series.png,experiments/05_choropleth_reliability_benchmark/outputs/runs_iterative_repair/qwen2.5-coder_7b/rules/qwen2.5-coder_7b_rules_C002_static_number_fires_iter02_20260624_232132/time_series.png,False,0,,,,False,,,,,2,,time_series_png,,rules,,,C002_static_number_fires,missing_or_empty,False,qwen2.5-coder_7b,1,experiments/05_choropleth_reliability_benchmark/outputs/runs_iterative_repair/qwen2.5-coder_7b/rules/qwen2.5-coder_7b_rules_C002_static_number_fires_iter02_20260624_232132,,experiments/05_choropleth_reliability_benchmark/outputs/generated_code_iterative_repair/qwen2.5-coder_7b/qwen2.5-coder_7b/rules/C002_static_number_fires_rules_iter02.py,qwen2.5-coder_7b,False,,,,,
map_interactive.html,experiments/05_choropleth_reliability_benchmark/outputs/runs_iterative_repair/qwen2.5-coder_7b/rules/qwen2.5-coder_7b_rules_C002_static_number_fires_iter02_20260624_232132/map_interactive.html,False,0,,,,False,,,,,2,,interactive_html,,rules,,,C002_static_number_fires,,,qwen2.5-coder_7b,1,experiments/05_choropleth_reliability_benchmark/outputs/runs_iterative_repair/qwen2.5-coder_7b/rules/qwen2.5-coder_7b_rules_C002_static_number_fires_iter02_20260624_232132,,experiments/05_choropleth_reliability_benchmark/outputs/generated_code_iterative_repair/qwen2.5-coder_7b/qwen2.5-coder_7b/rules/C002_static_number_fires_rules_iter02.py,qwen2.5-coder_7b,False,,,False,,
diagnostics.json,experiments/05_choropleth_reliability_benchmark/outputs/runs_iterative_repair/qwen2.5-coder_7b/rules/qwen2.5-coder_7b_rules_C002_static_number_fires_iter02_20260624_232132/diagnostics.json,False,0,,,,False,,,,,2,,diagnostic_json,,rules,,,C002_static_number_fires,,,qwen2.5-coder_7b,1,experiments/05_choropleth_reliability_benchmark/outputs/runs_iterative_repair/qwen2.5-coder_7b/rules/qwen2.5-coder_7b_rules_C002_static_number_fires_iter02_20260624_232132,,experiments/05_choropleth_reliability_benchmark/outputs/generated_code_iterative_repair/qwen2.5-coder_7b/qwen2.5-coder_7b/rules/C002_static_number_fires_rules_iter02.py,qwen2.5-coder_7b,False,,,,False,
map_static.png,experiments/05_choropleth_reliability_benchmark/outputs/runs_iterative_repair/qwen2.5-coder_7b/rules/qwen2.5-coder_7b_rules_C002_static_number_fires_iter02_20260624_235540/map_static.png,False,0,,,,False,,,,,2,,static_png,,rules,,,C002_static_number_fires,missing_or_empty,False,qwen2.5-coder_14b,1,experiments/05_choropleth_reliability_benchmark/outputs/runs_iterative_repair/qwen2.5-coder_7b/rules/qwen2.5-coder_7b_rules_C002_static_number_fires_iter02_20260624_235540,,experiments/05_choropleth_reliability_benchmark/outputs/generated_code_iterative_repair/qwen2.5-coder_14b/qwen2.5-coder_7b/rules/C002_static_number_fires_rules_iter02.py,qwen2.5-coder_7b,False,,,,,
time_series.png,experiments/05_choropleth_reliability_benchmark/outputs/runs_iterative_repair/qwen2.5-coder_7b/rules/qwen2.5-coder_7b_rules_C002_static_number_fires_iter02_20260624_235540/time_series.png,False,0,,,,False,,,,,2,,time_series_png,,rules,,,C002_static_number_fires,missing_or_empty,False,qwen2.5-coder_14b,1,experiments/05_choropleth_reliability_benchmark/outputs/runs_iterative_repair/qwen2.5-coder_7b/rules/qwen2.5-coder_7b_rules_C002_static_number_fires_iter02_20260624_235540,,experiments/05_choropleth_reliability_benchmark/outputs/generated_code_iterative_repair/qwen2.5-coder_14b/qwen2.5-coder_7b/rules/C002_static_number_fires_rules_iter02.py,qwen2.5-coder_7b,False,,,,,
map_interactive.html,experiments/05_choropleth_reliability_benchmark/outputs/runs_iterative_repair/qwen2.5-coder_7b/rules/qwen2.5-coder_7b_rules_C002_static_number_fires_iter02_20260624_235540/map_interactive.html,False,0,,,,False,,,,,2,,interactive_html,,rules,,,C002_static_number_fires,,,qwen2.5-coder_14b,1,experiments/05_choropleth_reliability_benchmark/outputs/runs_iterative_repair/qwen2.5-coder_7b/rules/qwen2.5-coder_7b_rules_C002_static_number_fires_iter02_20260624_235540,,experiments/05_choropleth_reliability_benchmark/outputs/generated_code_iterative_repair/qwen2.5-coder_14b/qwen2.5-coder_7b/rules/C002_static_number_fires_rules_iter02.py,qwen2.5-coder_7b,False,,,False,,
diagnostics.json,experiments/05_choropleth_reliability_benchmark/outputs/runs_iterative_repair/qwen2.5-coder_7b/rules/qwen2.5-coder_7b_rules_C002_static_number_fires_iter02_20260624_235540/diagnostics.json,False,0,,,,False,,,,,2,,diagnostic_json,,rules,,,C002_static_number_fires,,,qwen2.5-coder_14b,1,experiments/05_choropleth_reliability_benchmark/outputs/runs_iterative_repair/qwen2.5-coder_7b/rules/qwen2.5-coder_7b_rules_C002_static_number_fires_iter02_20260624_235540,,experiments/05_choropleth_reliability_benchmark/outputs/generated_code_iterative_repair/qwen2.5-coder_14b/qwen2.5-coder_7b/rules/C002_static_number_fires_rules_iter02.py,qwen2.5-coder_7b,False,,,,False,
map_static.png,experiments/05_choropleth_reliability_benchmark/outputs/runs_iterative_repair/qwen2.5-coder_7b/rules/qwen2.5-coder_7b_rules_C002_static_number_fires_iter03_20260624_062457/map_static.png,False,0,,,,False,,,,,3,,static_png,,rules,,,C002_static_number_fires,missing_or_empty,False,qwen2.5-coder_32b,1,experiments/05_choropleth_reliability_benchmark/outputs/runs_iterative_repair/qwen2.5-coder_7b/rules/qwen2.5-coder_7b_rules_C002_static_number_fires_iter03_20260624_062457,,experiments/05_choropleth_reliability_benchmark/outputs/generated_code_iterative_repair/qwen2.5-coder_32b/qwen2.5-coder_7b/rules/C002_static_number_fires_rules_iter03.py,qwen2.5-coder_7b,False,,,,,
time_series.png,experiments/05_choropleth_reliability_benchmark/outputs/runs_iterative_repair/qwen2.5-coder_7b/rules/qwen2.5-coder_7b_rules_C002_static_number_fires_iter03_20260624_062457/time_series.png,False,0,,,,False,,,,,3,,time_series_png,,rules,,,C002_static_number_fires,missing_or_empty,False,qwen2.5-coder_32b,1,experiments/05_choropleth_reliability_benchmark/outputs/runs_iterative_repair/qwen2.5-coder_7b/rules/qwen2.5-coder_7b_rules_C002_static_number_fires_iter03_20260624_062457,,experiments/05_choropleth_reliability_benchmark/outputs/generated_code_iterative_repair/qwen2.5-coder_32b/qwen2.5-coder_7b/rules/C002_static_number_fires_rules_iter03.py,qwen2.5-coder_7b,False,,,,,
map_interactive.html,experiments/05_choropleth_reliability_benchmark/outputs/runs_iterative_repair/qwen2.5-coder_7b/rules/qwen2.5-coder_7b_rules_C002_static_number_fires_iter03_20260624_062457/map_interactive.html,False,0,,,,False,,,,,3,,interactive_html,,rules,,,C002_static_number_fires,,,qwen2.5-coder_32b,1,experiments/05_choropleth_reliability_benchmark/outputs/runs_iterative_repair/qwen2.5-coder_7b/rules/qwen2.5-coder_7b_rules_C002_static_number_fires_iter03_20260624_062457,,experiments/05_choropleth_reliability_benchmark/outputs/generated_code_iterative_repair/qwen2.5-coder_32b/qwen2.5-coder_7b/rules/C002_static_number_fires_rules_iter03.py,qwen2.5-coder_7b,False,,,False,,
diagnostics.json,experiments/05_choropleth_reliability_benchmark/outputs/runs_iterative_repair/qwen2.5-coder_7b/rules/qwen2.5-coder_7b_rules_C002_static_number_fires_iter03_20260624_062457/diagnostics.json,False,0,,,,False,,,,,3,,diagnostic_json,,rules,,,C002_static_number_fires,,,qwen2.5-coder_32b,1,experiments/05_choropleth_reliability_benchmark/outputs/runs_iterative_repair/qwen2.5-coder_7b/rules/qwen2.5-coder_7b_rules_C002_static_number_fires_iter03_20260624_062457,,experiments/05_choropleth_reliability_benchmark/outputs/generated_code_iterative_repair/qwen2.5-coder_32b/qwen2.5-coder_7b/rules/C002_static_number_fires_rules_iter03.py,qwen2.5-coder_7b,False,,,,False,
map_static.png,experiments/05_choropleth_reliability_benchmark/outputs/runs_iterative_repair/qwen2.5-coder_7b/rules/qwen2.5-coder_7b_rules_C002_static_number_fires_iter03_20260624_232148/map_static.png,False,0,,,,False,,,,,3,,static_png,,rules,,,C002_static_number_fires,missing_or_empty,False,qwen2.5-coder_7b,1,experiments/05_choropleth_reliability_benchmark/outputs/runs_iterative_repair/qwen2.5-coder_7b/rules/qwen2.5-coder_7b_rules_C002_static_number_fires_iter03_20260624_232148,,experiments/05_choropleth_reliability_benchmark/outputs/generated_code_iterative_repair/qwen2.5-coder_7b/qwen2.5-coder_7b/rules/C002_static_number_fires_rules_iter03.py,qwen2.5-coder_7b,False,,,,,
time_series.png,experiments/05_choropleth_reliability_benchmark/outputs/runs_iterative_repair/qwen2.5-coder_7b/rules/qwen2.5-coder_7b_rules_C002_static_number_fires_iter03_20260624_232148/time_series.png,False,0,,,,False,,,,,3,,time_series_png,,rules,,,C002_static_number_fires,missing_or_empty,False,qwen2.5-coder_7b,1,experiments/05_choropleth_reliability_benchmark/outputs/runs_iterative_repair/qwen2.5-coder_7b/rules/qwen2.5-coder_7b_rules_C002_static_number_fires_iter03_20260624_232148,,experiments/05_choropleth_reliability_benchmark/outputs/generated_code_iterative_repair/qwen2.5-coder_7b/qwen2.5-coder_7b/rules/C002_static_number_fires_rules_iter03.py,qwen2.5-coder_7b,False,,,,,
map_interactive.html,experiments/05_choropleth_reliability_benchmark/outputs/runs_iterative_repair/qwen2.5-coder_7b/rules/qwen2.5-coder_7b_rules_C002_static_number_fires_iter03_20260624_232148/map_interactive.html,False,0,,,,False,,,,,3,,interactive_html,,rules,,,C002_static_number_fires,,,qwen2.5-coder_7b,1,experiments/05_choropleth_reliability_benchmark/outputs/runs_iterative_repair/qwen2.5-coder_7b/rules/qwen2.5-coder_7b_rules_C002_static_number_fires_iter03_20260624_232148,,experiments/05_choropleth_reliability_benchmark/outputs/generated_code_iterative_repair/qwen2.5-coder_7b/qwen2.5-coder_7b/rules/C002_static_number_fires_rules_iter03.py,qwen2.5-coder_7b,False,,,False,,
diagnostics.json,experiments/05_choropleth_reliability_benchmark/outputs/runs_iterative_repair/qwen2.5-coder_7b/rules/qwen2.5-coder_7b_rules_C002_static_number_fires_iter03_20260624_232148/diagnostics.json,False,0,,,,False,,,,,3,,diagnostic_json,,rules,,,C002_static_number_fires,,,qwen2.5-coder_7b,1,experiments/05_choropleth_reliability_benchmark/outputs/runs_iterative_repair/qwen2.5-coder_7b/rules/qwen2.5-coder_7b_rules_C002_static_number_fires_iter03_20260624_232148,,experiments/05_choropleth_reliability_benchmark/outputs/generated_code_iterative_repair/qwen2.5-coder_7b/qwen2.5-coder_7b/rules/C002_static_number_fires_rules_iter03.py,qwen2.5-coder_7b,False,,,,False,
map_static.png,experiments/05_choropleth_reliability_benchmark/outputs/runs_iterative_repair/qwen2.5-coder_7b/rules/qwen2.5-coder_7b_rules_C002_static_number_fires_iter03_20260624_235605/map_static.png,False,0,,,,False,,,,,3,,static_png,,rules,,,C002_static_number_fires,missing_or_empty,False,qwen2.5-coder_14b,1,experiments/05_choropleth_reliability_benchmark/outputs/runs_iterative_repair/qwen2.5-coder_7b/rules/qwen2.5-coder_7b_rules_C002_static_number_fires_iter03_20260624_235605,,experiments/05_choropleth_reliability_benchmark/outputs/generated_code_iterative_repair/qwen2.5-coder_14b/qwen2.5-coder_7b/rules/C002_static_number_fires_rules_iter03.py,qwen2.5-coder_7b,False,,,,,
time_series.png,experiments/05_choropleth_reliability_benchmark/outputs/runs_iterative_repair/qwen2.5-coder_7b/rules/qwen2.5-coder_7b_rules_C002_static_number_fires_iter03_20260624_235605/time_series.png,False,0,,,,False,,,,,3,,time_series_png,,rules,,,C002_static_number_fires,missing_or_empty,False,qwen2.5-coder_14b,1,experiments/05_choropleth_reliability_benchmark/outputs/runs_iterative_repair/qwen2.5-coder_7b/rules/qwen2.5-coder_7b_rules_C002_static_number_fires_iter03_20260624_235605,,experiments/05_choropleth_reliability_benchmark/outputs/generated_code_iterative_repair/qwen2.5-coder_14b/qwen2.5-coder_7b/rules/C002_static_number_fires_rules_iter03.py,qwen2.5-coder_7b,False,,,,,
map_interactive.html,experiments/05_choropleth_reliability_benchmark/outputs/runs_iterative_repair/qwen2.5-coder_7b/rules/qwen2.5-coder_7b_rules_C002_static_number_fires_iter03_20260624_235605/map_interactive.html,False,0,,,,False,,,,,3,,interactive_html,,rules,,,C002_static_number_fires,,,qwen2.5-coder_14b,1,experiments/05_choropleth_reliability_benchmark/outputs/runs_iterative_repair/qwen2.5-coder_7b/rules/qwen2.5-coder_7b_rules_C002_static_number_fires_iter03_20260624_235605,,experiments/05_choropleth_reliability_benchmark/outputs/generated_code_iterative_repair/qwen2.5-coder_14b/qwen2.5-coder_7b/rules/C002_static_number_fires_rules_iter03.py,qwen2.5-coder_7b,False,,,False,,
diagnostics.json,experiments/05_choropleth_reliability_benchmark/outputs/runs_iterative_repair/qwen2.5-coder_7b/rules/qwen2.5-coder_7b_rules_C002_static_number_fires_iter03_20260624_235605/diagnostics.json,False,0,,,,False,,,,,3,,diagnostic_json,,rules,,,C002_static_number_fires,,,qwen2.5-coder_14b,1,experiments/05_choropleth_reliability_benchmark/outputs/runs_iterative_repair/qwen2.5-coder_7b/rules/qwen2.5-coder_7b_rules_C002_static_number_fires_iter03_20260624_235605,,experiments/05_choropleth_reliability_benchmark/outputs/generated_code_iterative_repair/qwen2.5-coder_14b/qwen2.5-coder_7b/rules/C002_static_number_fires_rules_iter03.py,qwen2.5-coder_7b,False,,,,False,
map_static.png,experiments/05_choropleth_reliability_benchmark/outputs/runs_iterative_repair/qwen2.5-coder_7b/rules/qwen2.5-coder_7b_rules_C004_missing_crs_repair_iter01_20260624_042632/map_static.png,False,0,,,,False,,,,,1,,static_png,,rules,,,C004_missing_crs_repair,missing_or_empty,False,qwen2.5-coder_32b,1,experiments/05_choropleth_reliability_benchmark/outputs/runs_iterative_repair/qwen2.5-coder_7b/rules/qwen2.5-coder_7b_rules_C004_missing_crs_repair_iter01_20260624_042632,,experiments/05_choropleth_reliability_benchmark/outputs/generated_code_iterative_repair/qwen2.5-coder_32b/qwen2.5-coder_7b/rules/C004_missing_crs_repair_rules_iter01.py,qwen2.5-coder_7b,False,,,,,
time_series.png,experiments/05_choropleth_reliability_benchmark/outputs/runs_iterative_repair/qwen2.5-coder_7b/rules/qwen2.5-coder_7b_rules_C004_missing_crs_repair_iter01_20260624_042632/time_series.png,False,0,,,,False,,,,,1,,time_series_png,,rules,,,C004_missing_crs_repair,missing_or_empty,False,qwen2.5-coder_32b,1,experiments/05_choropleth_reliability_benchmark/outputs/runs_iterative_repair/qwen2.5-coder_7b/rules/qwen2.5-coder_7b_rules_C004_missing_crs_repair_iter01_20260624_042632,,experiments/05_choropleth_reliability_benchmark/outputs/generated_code_iterative_repair/qwen2.5-coder_32b/qwen2.5-coder_7b/rules/C004_missing_crs_repair_rules_iter01.py,qwen2.5-coder_7b,False,,,,,
map_interactive.html,experiments/05_choropleth_reliability_benchmark/outputs/runs_iterative_repair/qwen2.5-coder_7b/rules/qwen2.5-coder_7b_rules_C004_missing_crs_repair_iter01_20260624_042632/map_interactive.html,False,0,,,,False,,,,,1,,interactive_html,,rules,,,C004_missing_crs_repair,,,qwen2.5-coder_32b,1,experiments/05_choropleth_reliability_benchmark/outputs/runs_iterative_repair/qwen2.5-coder_7b/rules/qwen2.5-coder_7b_rules_C004_missing_crs_repair_iter01_20260624_042632,,experiments/05_choropleth_reliability_benchmark/outputs/generated_code_iterative_repair/qwen2.5-coder_32b/qwen2.5-coder_7b/rules/C004_missing_crs_repair_rules_iter01.py,qwen2.5-coder_7b,False,,,False,,
diagnostics.json,experiments/05_choropleth_reliability_benchmark/outputs/runs_iterative_repair/qwen2.5-coder_7b/rules/qwen2.5-coder_7b_rules_C004_missing_crs_repair_iter01_20260624_042632/diagnostics.json,False,0,,,,False,,,,,1,,diagnostic_json,,rules,,,C004_missing_crs_repair,,,qwen2.5-coder_32b,1,experiments/05_choropleth_reliability_benchmark/outputs/runs_iterative_repair/qwen2.5-coder_7b/rules/qwen2.5-coder_7b_rules_C004_missing_crs_repair_iter01_20260624_042632,,experiments/05_choropleth_reliability_benchmark/outputs/generated_code_iterative_repair/qwen2.5-coder_32b/qwen2.5-coder_7b/rules/C004_missing_crs_repair_rules_iter01.py,qwen2.5-coder_7b,False,,,,False,
map_static.png,experiments/05_choropleth_reliability_benchmark/outputs/runs_iterative_repair/qwen2.5-coder_7b/rules/qwen2.5-coder_7b_rules_C004_missing_crs_repair_iter01_20260624_231006/map_static.png,False,0,,,,False,,,,,1,,static_png,,rules,,,C004_missing_crs_repair,missing_or_empty,False,qwen2.5-coder_7b,1,experiments/05_choropleth_reliability_benchmark/outputs/runs_iterative_repair/qwen2.5-coder_7b/rules/qwen2.5-coder_7b_rules_C004_missing_crs_repair_iter01_20260624_231006,,experiments/05_choropleth_reliability_benchmark/outputs/generated_code_iterative_repair/qwen2.5-coder_7b/qwen2.5-coder_7b/rules/C004_missing_crs_repair_rules_iter01.py,qwen2.5-coder_7b,False,,,,,
time_series.png,experiments/05_choropleth_reliability_benchmark/outputs/runs_iterative_repair/qwen2.5-coder_7b/rules/qwen2.5-coder_7b_rules_C004_missing_crs_repair_iter01_20260624_231006/time_series.png,False,0,,,,False,,,,,1,,time_series_png,,rules,,,C004_missing_crs_repair,missing_or_empty,False,qwen2.5-coder_7b,1,experiments/05_choropleth_reliability_benchmark/outputs/runs_iterative_repair/qwen2.5-coder_7b/rules/qwen2.5-coder_7b_rules_C004_missing_crs_repair_iter01_20260624_231006,,experiments/05_choropleth_reliability_benchmark/outputs/generated_code_iterative_repair/qwen2.5-coder_7b/qwen2.5-coder_7b/rules/C004_missing_crs_repair_rules_iter01.py,qwen2.5-coder_7b,False,,,,,
map_interactive.html,experiments/05_choropleth_reliability_benchmark/outputs/runs_iterative_repair/qwen2.5-coder_7b/rules/qwen2.5-coder_7b_rules_C004_missing_crs_repair_iter01_20260624_231006/map_interactive.html,False,0,,,,False,,,,,1,,interactive_html,,rules,,,C004_missing_crs_repair,,,qwen2.5-coder_7b,1,experiments/05_choropleth_reliability_benchmark/outputs/runs_iterative_repair/qwen2.5-coder_7b/rules/qwen2.5-coder_7b_rules_C004_missing_crs_repair_iter01_20260624_231006,,experiments/05_choropleth_reliability_benchmark/outputs/generated_code_iterative_repair/qwen2.5-coder_7b/qwen2.5-coder_7b/rules/C004_missing_crs_repair_rules_iter01.py,qwen2.5-coder_7b,False,,,False,,
diagnostics.json,experiments/05_choropleth_reliability_benchmark/outputs/runs_iterative_repair/qwen2.5-coder_7b/rules/qwen2.5-coder_7b_rules_C004_missing_crs_repair_iter01_20260624_231006/diagnostics.json,False,0,,,,False,,,,,1,,diagnostic_json,,rules,,,C004_missing_crs_repair,,,qwen2.5-coder_7b,1,experiments/05_choropleth_reliability_benchmark/outputs/runs_iterative_repair/qwen2.5-coder_7b/rules/qwen2.5-coder_7b_rules_C004_missing_crs_repair_iter01_20260624_231006,,experiments/05_choropleth_reliability_benchmark/outputs/generated_code_iterative_repair/qwen2.5-coder_7b/qwen2.5-coder_7b/rules/C004_missing_crs_repair_rules_iter01.py,qwen2.5-coder_7b,False,,,,False,
map_static.png,experiments/05_choropleth_reliability_benchmark/outputs/runs_iterative_repair/qwen2.5-coder_7b/rules/qwen2.5-coder_7b_rules_C004_missing_crs_repair_iter01_20260624_233533/map_static.png,False,0,,,,False,,,,,1,,static_png,,rules,,,C004_missing_crs_repair,missing_or_empty,False,qwen2.5-coder_14b,1,experiments/05_choropleth_reliability_benchmark/outputs/runs_iterative_repair/qwen2.5-coder_7b/rules/qwen2.5-coder_7b_rules_C004_missing_crs_repair_iter01_20260624_233533,,experiments/05_choropleth_reliability_benchmark/outputs/generated_code_iterative_repair/qwen2.5-coder_14b/qwen2.5-coder_7b/rules/C004_missing_crs_repair_rules_iter01.py,qwen2.5-coder_7b,False,,,,,
time_series.png,experiments/05_choropleth_reliability_benchmark/outputs/runs_iterative_repair/qwen2.5-coder_7b/rules/qwen2.5-coder_7b_rules_C004_missing_crs_repair_iter01_20260624_233533/time_series.png,False,0,,,,False,,,,,1,,time_series_png,,rules,,,C004_missing_crs_repair,missing_or_empty,False,qwen2.5-coder_14b,1,experiments/05_choropleth_reliability_benchmark/outputs/runs_iterative_repair/qwen2.5-coder_7b/rules/qwen2.5-coder_7b_rules_C004_missing_crs_repair_iter01_20260624_233533,,experiments/05_choropleth_reliability_benchmark/outputs/generated_code_iterative_repair/qwen2.5-coder_14b/qwen2.5-coder_7b/rules/C004_missing_crs_repair_rules_iter01.py,qwen2.5-coder_7b,False,,,,,
map_interactive.html,experiments/05_choropleth_reliability_benchmark/outputs/runs_iterative_repair/qwen2.5-coder_7b/rules/qwen2.5-coder_7b_rules_C004_missing_crs_repair_iter01_20260624_233533/map_interactive.html,False,0,,,,False,,,,,1,,interactive_html,,rules,,,C004_missing_crs_repair,,,qwen2.5-coder_14b,1,experiments/05_choropleth_reliability_benchmark/outputs/runs_iterative_repair/qwen2.5-coder_7b/rules/qwen2.5-coder_7b_rules_C004_missing_crs_repair_iter01_20260624_233533,,experiments/05_choropleth_reliability_benchmark/outputs/generated_code_iterative_repair/qwen2.5-coder_14b/qwen2.5-coder_7b/rules/C004_missing_crs_repair_rules_iter01.py,qwen2.5-coder_7b,False,,,False,,
diagnostics.json,experiments/05_choropleth_reliability_benchmark/outputs/runs_iterative_repair/qwen2.5-coder_7b/rules/qwen2.5-coder_7b_rules_C004_missing_crs_repair_iter01_20260624_233533/diagnostics.json,False,223,,,,True,,,,,1,JSONDecodeError,diagnostic_json,,rules,,,C004_missing_crs_repair,,,qwen2.5-coder_14b,1,experiments/05_choropleth_reliability_benchmark/outputs/runs_iterative_repair/qwen2.5-coder_7b/rules/qwen2.5-coder_7b_rules_C004_missing_crs_repair_iter01_20260624_233533,,experiments/05_choropleth_reliability_benchmark/outputs/generated_code_iterative_repair/qwen2.5-coder_14b/qwen2.5-coder_7b/rules/C004_missing_crs_repair_rules_iter01.py,qwen2.5-coder_7b,False,,,,False,
map_static.png,experiments/05_choropleth_reliability_benchmark/outputs/runs_iterative_repair/qwen2.5-coder_7b/rules/qwen2.5-coder_7b_rules_C004_missing_crs_repair_iter02_20260624_042715/map_static.png,False,0,,,,False,,,,,2,,static_png,,rules,,,C004_missing_crs_repair,missing_or_empty,False,qwen2.5-coder_32b,1,experiments/05_choropleth_reliability_benchmark/outputs/runs_iterative_repair/qwen2.5-coder_7b/rules/qwen2.5-coder_7b_rules_C004_missing_crs_repair_iter02_20260624_042715,,experiments/05_choropleth_reliability_benchmark/outputs/generated_code_iterative_repair/qwen2.5-coder_32b/qwen2.5-coder_7b/rules/C004_missing_crs_repair_rules_iter02.py,qwen2.5-coder_7b,False,,,,,
time_series.png,experiments/05_choropleth_reliability_benchmark/outputs/runs_iterative_repair/qwen2.5-coder_7b/rules/qwen2.5-coder_7b_rules_C004_missing_crs_repair_iter02_20260624_042715/time_series.png,False,0,,,,False,,,,,2,,time_series_png,,rules,,,C004_missing_crs_repair,missing_or_empty,False,qwen2.5-coder_32b,1,experiments/05_choropleth_reliability_benchmark/outputs/runs_iterative_repair/qwen2.5-coder_7b/rules/qwen2.5-coder_7b_rules_C004_missing_crs_repair_iter02_20260624_042715,,experiments/05_choropleth_reliability_benchmark/outputs/generated_code_iterative_repair/qwen2.5-coder_32b/qwen2.5-coder_7b/rules/C004_missing_crs_repair_rules_iter02.py,qwen2.5-coder_7b,False,,,,,
map_interactive.html,experiments/05_choropleth_reliability_benchmark/outputs/runs_iterative_repair/qwen2.5-coder_7b/rules/qwen2.5-coder_7b_rules_C004_missing_crs_repair_iter02_20260624_042715/map_interactive.html,False,0,,,,False,,,,,2,,interactive_html,,rules,,,C004_missing_crs_repair,,,qwen2.5-coder_32b,1,experiments/05_choropleth_reliability_benchmark/outputs/runs_iterative_repair/qwen2.5-coder_7b/rules/qwen2.5-coder_7b_rules_C004_missing_crs_repair_iter02_20260624_042715,,experiments/05_choropleth_reliability_benchmark/outputs/generated_code_iterative_repair/qwen2.5-coder_32b/qwen2.5-coder_7b/rules/C004_missing_crs_repair_rules_iter02.py,qwen2.5-coder_7b,False,,,False,,
diagnostics.json,experiments/05_choropleth_reliability_benchmark/outputs/runs_iterative_repair/qwen2.5-coder_7b/rules/qwen2.5-coder_7b_rules_C004_missing_crs_repair_iter02_20260624_042715/diagnostics.json,False,216,,,,True,,,,,2,JSONDecodeError,diagnostic_json,,rules,,,C004_missing_crs_repair,,,qwen2.5-coder_32b,1,experiments/05_choropleth_reliability_benchmark/outputs/runs_iterative_repair/qwen2.5-coder_7b/rules/qwen2.5-coder_7b_rules_C004_missing_crs_repair_iter02_20260624_042715,,experiments/05_choropleth_reliability_benchmark/outputs/generated_code_iterative_repair/qwen2.5-coder_32b/qwen2.5-coder_7b/rules/C004_missing_crs_repair_rules_iter02.py,qwen2.5-coder_7b,False,,,,False,
map_static.png,experiments/05_choropleth_reliability_benchmark/outputs/runs_iterative_repair/qwen2.5-coder_7b/rules/qwen2.5-coder_7b_rules_C004_missing_crs_repair_iter02_20260624_231014/map_static.png,False,0,,,,False,,,,,2,,static_png,,rules,,,C004_missing_crs_repair,missing_or_empty,False,qwen2.5-coder_7b,1,experiments/05_choropleth_reliability_benchmark/outputs/runs_iterative_repair/qwen2.5-coder_7b/rules/qwen2.5-coder_7b_rules_C004_missing_crs_repair_iter02_20260624_231014,,experiments/05_choropleth_reliability_benchmark/outputs/generated_code_iterative_repair/qwen2.5-coder_7b/qwen2.5-coder_7b/rules/C004_missing_crs_repair_rules_iter02.py,qwen2.5-coder_7b,False,,,,,
time_series.png,experiments/05_choropleth_reliability_benchmark/outputs/runs_iterative_repair/qwen2.5-coder_7b/rules/qwen2.5-coder_7b_rules_C004_missing_crs_repair_iter02_20260624_231014/time_series.png,False,0,,,,False,,,,,2,,time_series_png,,rules,,,C004_missing_crs_repair,missing_or_empty,False,qwen2.5-coder_7b,1,experiments/05_choropleth_reliability_benchmark/outputs/runs_iterative_repair/qwen2.5-coder_7b/rules/qwen2.5-coder_7b_rules_C004_missing_crs_repair_iter02_20260624_231014,,experiments/05_choropleth_reliability_benchmark/outputs/generated_code_iterative_repair/qwen2.5-coder_7b/qwen2.5-coder_7b/rules/C004_missing_crs_repair_rules_iter02.py,qwen2.5-coder_7b,False,,,,,
map_interactive.html,experiments/05_choropleth_reliability_benchmark/outputs/runs_iterative_repair/qwen2.5-coder_7b/rules/qwen2.5-coder_7b_rules_C004_missing_crs_repair_iter02_20260624_231014/map_interactive.html,False,0,,,,False,,,,,2,,interactive_html,,rules,,,C004_missing_crs_repair,,,qwen2.5-coder_7b,1,experiments/05_choropleth_reliability_benchmark/outputs/runs_iterative_repair/qwen2.5-coder_7b/rules/qwen2.5-coder_7b_rules_C004_missing_crs_repair_iter02_20260624_231014,,experiments/05_choropleth_reliability_benchmark/outputs/generated_code_iterative_repair/qwen2.5-coder_7b/qwen2.5-coder_7b/rules/C004_missing_crs_repair_rules_iter02.py,qwen2.5-coder_7b,False,,,False,,
diagnostics.json,experiments/05_choropleth_reliability_benchmark/outputs/runs_iterative_repair/qwen2.5-coder_7b/rules/qwen2.5-coder_7b_rules_C004_missing_crs_repair_iter02_20260624_231014/diagnostics.json,False,0,,,,False,,,,,2,,diagnostic_json,,rules,,,C004_missing_crs_repair,,,qwen2.5-coder_7b,1,experiments/05_choropleth_reliability_benchmark/outputs/runs_iterative_repair/qwen2.5-coder_7b/rules/qwen2.5-coder_7b_rules_C004_missing_crs_repair_iter02_20260624_231014,,experiments/05_choropleth_reliability_benchmark/outputs/generated_code_iterative_repair/qwen2.5-coder_7b/qwen2.5-coder_7b/rules/C004_missing_crs_repair_rules_iter02.py,qwen2.5-coder_7b,False,,,,False,
map_static.png,experiments/05_choropleth_reliability_benchmark/outputs/runs_iterative_repair/qwen2.5-coder_7b/rules/qwen2.5-coder_7b_rules_C004_missing_crs_repair_iter02_20260624_233556/map_static.png,False,0,,,,False,,,,,2,,static_png,,rules,,,C004_missing_crs_repair,missing_or_empty,False,qwen2.5-coder_14b,1,experiments/05_choropleth_reliability_benchmark/outputs/runs_iterative_repair/qwen2.5-coder_7b/rules/qwen2.5-coder_7b_rules_C004_missing_crs_repair_iter02_20260624_233556,,experiments/05_choropleth_reliability_benchmark/outputs/generated_code_iterative_repair/qwen2.5-coder_14b/qwen2.5-coder_7b/rules/C004_missing_crs_repair_rules_iter02.py,qwen2.5-coder_7b,False,,,,,
time_series.png,experiments/05_choropleth_reliability_benchmark/outputs/runs_iterative_repair/qwen2.5-coder_7b/rules/qwen2.5-coder_7b_rules_C004_missing_crs_repair_iter02_20260624_233556/time_series.png,False,0,,,,False,,,,,2,,time_series_png,,rules,,,C004_missing_crs_repair,missing_or_empty,False,qwen2.5-coder_14b,1,experiments/05_choropleth_reliability_benchmark/outputs/runs_iterative_repair/qwen2.5-coder_7b/rules/qwen2.5-coder_7b_rules_C004_missing_crs_repair_iter02_20260624_233556,,experiments/05_choropleth_reliability_benchmark/outputs/generated_code_iterative_repair/qwen2.5-coder_14b/qwen2.5-coder_7b/rules/C004_missing_crs_repair_rules_iter02.py,qwen2.5-coder_7b,False,,,,,
map_interactive.html,experiments/05_choropleth_reliability_benchmark/outputs/runs_iterative_repair/qwen2.5-coder_7b/rules/qwen2.5-coder_7b_rules_C004_missing_crs_repair_iter02_20260624_233556/map_interactive.html,False,0,,,,False,,,,,2,,interactive_html,,rules,,,C004_missing_crs_repair,,,qwen2.5-coder_14b,1,experiments/05_choropleth_reliability_benchmark/outputs/runs_iterative_repair/qwen2.5-coder_7b/rules/qwen2.5-coder_7b_rules_C004_missing_crs_repair_iter02_20260624_233556,,experiments/05_choropleth_reliability_benchmark/outputs/generated_code_iterative_repair/qwen2.5-coder_14b/qwen2.5-coder_7b/rules/C004_missing_crs_repair_rules_iter02.py,qwen2.5-coder_7b,False,,,False,,
diagnostics.json,experiments/05_choropleth_reliability_benchmark/outputs/runs_iterative_repair/qwen2.5-coder_7b/rules/qwen2.5-coder_7b_rules_C004_missing_crs_repair_iter02_20260624_233556/diagnostics.json,False,223,,,,True,,,,,2,JSONDecodeError,diagnostic_json,,rules,,,C004_missing_crs_repair,,,qwen2.5-coder_14b,1,experiments/05_choropleth_reliability_benchmark/outputs/runs_iterative_repair/qwen2.5-coder_7b/rules/qwen2.5-coder_7b_rules_C004_missing_crs_repair_iter02_20260624_233556,,experiments/05_choropleth_reliability_benchmark/outputs/generated_code_iterative_repair/qwen2.5-coder_14b/qwen2.5-coder_7b/rules/C004_missing_crs_repair_rules_iter02.py,qwen2.5-coder_7b,False,,,,False,
map_static.png,experiments/05_choropleth_reliability_benchmark/outputs/runs_iterative_repair/qwen2.5-coder_7b/rules/qwen2.5-coder_7b_rules_C004_missing_crs_repair_iter03_20260624_061856/map_static.png,True,54267,0.0065,255,5.579,True,,,,800,3,,static_png,241.469,rules,0.9946,0.1437,C004_missing_crs_repair,,True,qwen2.5-coder_32b,0,experiments/05_choropleth_reliability_benchmark/outputs/runs_iterative_repair/qwen2.5-coder_7b/rules/qwen2.5-coder_7b_rules_C004_missing_crs_repair_iter03_20260624_061856,0.0351,experiments/05_choropleth_reliability_benchmark/outputs/generated_code_iterative_repair/qwen2.5-coder_32b/qwen2.5-coder_7b/rules/C004_missing_crs_repair_rules_iter03.py,qwen2.5-coder_7b,False,,37,,,1000
time_series.png,experiments/05_choropleth_reliability_benchmark/outputs/runs_iterative_repair/qwen2.5-coder_7b/rules/qwen2.5-coder_7b_rules_C004_missing_crs_repair_iter03_20260624_061856/time_series.png,False,0,,,,False,,,,,3,,time_series_png,,rules,,,C004_missing_crs_repair,missing_or_empty,False,qwen2.5-coder_32b,0,experiments/05_choropleth_reliability_benchmark/outputs/runs_iterative_repair/qwen2.5-coder_7b/rules/qwen2.5-coder_7b_rules_C004_missing_crs_repair_iter03_20260624_061856,,experiments/05_choropleth_reliability_benchmark/outputs/generated_code_iterative_repair/qwen2.5-coder_32b/qwen2.5-coder_7b/rules/C004_missing_crs_repair_rules_iter03.py,qwen2.5-coder_7b,False,,,,,
map_interactive.html,experiments/05_choropleth_reliability_benchmark/outputs/runs_iterative_repair/qwen2.5-coder_7b/rules/qwen2.5-coder_7b_rules_C004_missing_crs_repair_iter03_20260624_061856/map_interactive.html,False,0,,,,False,,,,,3,,interactive_html,,rules,,,C004_missing_crs_repair,,,qwen2.5-coder_32b,0,experiments/05_choropleth_reliability_benchmark/outputs/runs_iterative_repair/qwen2.5-coder_7b/rules/qwen2.5-coder_7b_rules_C004_missing_crs_repair_iter03_20260624_061856,,experiments/05_choropleth_reliability_benchmark/outputs/generated_code_iterative_repair/qwen2.5-coder_32b/qwen2.5-coder_7b/rules/C004_missing_crs_repair_rules_iter03.py,qwen2.5-coder_7b,False,,,False,,
diagnostics.json,experiments/05_choropleth_reliability_benchmark/outputs/runs_iterative_repair/qwen2.5-coder_7b/rules/qwen2.5-coder_7b_rules_C004_missing_crs_repair_iter03_20260624_061856/diagnostics.json,True,225,,,,True,,,,,3,,diagnostic_json,,rules,,,C004_missing_crs_repair,,,qwen2.5-coder_32b,0,experiments/05_choropleth_reliability_benchmark/outputs/runs_iterative_repair/qwen2.5-coder_7b/rules/qwen2.5-coder_7b_rules_C004_missing_crs_repair_iter03_20260624_061856,,experiments/05_choropleth_reliability_benchmark/outputs/generated_code_iterative_repair/qwen2.5-coder_32b/qwen2.5-coder_7b/rules/C004_missing_crs_repair_rules_iter03.py,qwen2.5-coder_7b,False,2,,,True,
map_static.png,experiments/05_choropleth_reliability_benchmark/outputs/runs_iterative_repair/qwen2.5-coder_7b/rules/qwen2.5-coder_7b_rules_C004_missing_crs_repair_iter03_20260624_231023/map_static.png,False,0,,,,False,,,,,3,,static_png,,rules,,,C004_missing_crs_repair,missing_or_empty,False,qwen2.5-coder_7b,1,experiments/05_choropleth_reliability_benchmark/outputs/runs_iterative_repair/qwen2.5-coder_7b/rules/qwen2.5-coder_7b_rules_C004_missing_crs_repair_iter03_20260624_231023,,experiments/05_choropleth_reliability_benchmark/outputs/generated_code_iterative_repair/qwen2.5-coder_7b/qwen2.5-coder_7b/rules/C004_missing_crs_repair_rules_iter03.py,qwen2.5-coder_7b,False,,,,,
time_series.png,experiments/05_choropleth_reliability_benchmark/outputs/runs_iterative_repair/qwen2.5-coder_7b/rules/qwen2.5-coder_7b_rules_C004_missing_crs_repair_iter03_20260624_231023/time_series.png,False,0,,,,False,,,,,3,,time_series_png,,rules,,,C004_missing_crs_repair,missing_or_empty,False,qwen2.5-coder_7b,1,experiments/05_choropleth_reliability_benchmark/outputs/runs_iterative_repair/qwen2.5-coder_7b/rules/qwen2.5-coder_7b_rules_C004_missing_crs_repair_iter03_20260624_231023,,experiments/05_choropleth_reliability_benchmark/outputs/generated_code_iterative_repair/qwen2.5-coder_7b/qwen2.5-coder_7b/rules/C004_missing_crs_repair_rules_iter03.py,qwen2.5-coder_7b,False,,,,,
map_interactive.html,experiments/05_choropleth_reliability_benchmark/outputs/runs_iterative_repair/qwen2.5-coder_7b/rules/qwen2.5-coder_7b_rules_C004_missing_crs_repair_iter03_20260624_231023/map_interactive.html,False,0,,,,False,,,,,3,,interactive_html,,rules,,,C004_missing_crs_repair,,,qwen2.5-coder_7b,1,experiments/05_choropleth_reliability_benchmark/outputs/runs_iterative_repair/qwen2.5-coder_7b/rules/qwen2.5-coder_7b_rules_C004_missing_crs_repair_iter03_20260624_231023,,experiments/05_choropleth_reliability_benchmark/outputs/generated_code_iterative_repair/qwen2.5-coder_7b/qwen2.5-coder_7b/rules/C004_missing_crs_repair_rules_iter03.py,qwen2.5-coder_7b,False,,,False,,
diagnostics.json,experiments/05_choropleth_reliability_benchmark/outputs/runs_iterative_repair/qwen2.5-coder_7b/rules/qwen2.5-coder_7b_rules_C004_missing_crs_repair_iter03_20260624_231023/diagnostics.json,False,0,,,,False,,,,,3,,diagnostic_json,,rules,,,C004_missing_crs_repair,,,qwen2.5-coder_7b,1,experiments/05_choropleth_reliability_benchmark/outputs/runs_iterative_repair/qwen2.5-coder_7b/rules/qwen2.5-coder_7b_rules_C004_missing_crs_repair_iter03_20260624_231023,,experiments/05_choropleth_reliability_benchmark/outputs/generated_code_iterative_repair/qwen2.5-coder_7b/qwen2.5-coder_7b/rules/C004_missing_crs_repair_rules_iter03.py,qwen2.5-coder_7b,False,,,,False,
map_static.png,experiments/05_choropleth_reliability_benchmark/outputs/runs_iterative_repair/qwen2.5-coder_7b/rules/qwen2.5-coder_7b_rules_C004_missing_crs_repair_iter03_20260624_233618/map_static.png,False,0,,,,False,,,,,3,,static_png,,rules,,,C004_missing_crs_repair,missing_or_empty,False,qwen2.5-coder_14b,1,experiments/05_choropleth_reliability_benchmark/outputs/runs_iterative_repair/qwen2.5-coder_7b/rules/qwen2.5-coder_7b_rules_C004_missing_crs_repair_iter03_20260624_233618,,experiments/05_choropleth_reliability_benchmark/outputs/generated_code_iterative_repair/qwen2.5-coder_14b/qwen2.5-coder_7b/rules/C004_missing_crs_repair_rules_iter03.py,qwen2.5-coder_7b,False,,,,,
time_series.png,experiments/05_choropleth_reliability_benchmark/outputs/runs_iterative_repair/qwen2.5-coder_7b/rules/qwen2.5-coder_7b_rules_C004_missing_crs_repair_iter03_20260624_233618/time_series.png,False,0,,,,False,,,,,3,,time_series_png,,rules,,,C004_missing_crs_repair,missing_or_empty,False,qwen2.5-coder_14b,1,experiments/05_choropleth_reliability_benchmark/outputs/runs_iterative_repair/qwen2.5-coder_7b/rules/qwen2.5-coder_7b_rules_C004_missing_crs_repair_iter03_20260624_233618,,experiments/05_choropleth_reliability_benchmark/outputs/generated_code_iterative_repair/qwen2.5-coder_14b/qwen2.5-coder_7b/rules/C004_missing_crs_repair_rules_iter03.py,qwen2.5-coder_7b,False,,,,,
map_interactive.html,experiments/05_choropleth_reliability_benchmark/outputs/runs_iterative_repair/qwen2.5-coder_7b/rules/qwen2.5-coder_7b_rules_C004_missing_crs_repair_iter03_20260624_233618/map_interactive.html,False,0,,,,False,,,,,3,,interactive_html,,rules,,,C004_missing_crs_repair,,,qwen2.5-coder_14b,1,experiments/05_choropleth_reliability_benchmark/outputs/runs_iterative_repair/qwen2.5-coder_7b/rules/qwen2.5-coder_7b_rules_C004_missing_crs_repair_iter03_20260624_233618,,experiments/05_choropleth_reliability_benchmark/outputs/generated_code_iterative_repair/qwen2.5-coder_14b/qwen2.5-coder_7b/rules/C004_missing_crs_repair_rules_iter03.py,qwen2.5-coder_7b,False,,,False,,
diagnostics.json,experiments/05_choropleth_reliability_benchmark/outputs/runs_iterative_repair/qwen2.5-coder_7b/rules/qwen2.5-coder_7b_rules_C004_missing_crs_repair_iter03_20260624_233618/diagnostics.json,False,223,,,,True,,,,,3,JSONDecodeError,diagnostic_json,,rules,,,C004_missing_crs_repair,,,qwen2.5-coder_14b,1,experiments/05_choropleth_reliability_benchmark/outputs/runs_iterative_repair/qwen2.5-coder_7b/rules/qwen2.5-coder_7b_rules_C004_missing_crs_repair_iter03_20260624_233618,,experiments/05_choropleth_reliability_benchmark/outputs/generated_code_iterative_repair/qwen2.5-coder_14b/qwen2.5-coder_7b/rules/C004_missing_crs_repair_rules_iter03.py,qwen2.5-coder_7b,False,,,,False,
map_static.png,experiments/05_choropleth_reliability_benchmark/outputs/runs_iterative_repair/qwen2.5-coder_7b/rules/qwen2.5-coder_7b_rules_C005_geometry_repair_iter01_20260624_042802/map_static.png,False,0,,,,False,,,,,1,,static_png,,rules,,,C005_geometry_repair,missing_or_empty,False,qwen2.5-coder_32b,1,experiments/05_choropleth_reliability_benchmark/outputs/runs_iterative_repair/qwen2.5-coder_7b/rules/qwen2.5-coder_7b_rules_C005_geometry_repair_iter01_20260624_042802,,experiments/05_choropleth_reliability_benchmark/outputs/generated_code_iterative_repair/qwen2.5-coder_32b/qwen2.5-coder_7b/rules/C005_geometry_repair_rules_iter01.py,qwen2.5-coder_7b,False,,,,,
time_series.png,experiments/05_choropleth_reliability_benchmark/outputs/runs_iterative_repair/qwen2.5-coder_7b/rules/qwen2.5-coder_7b_rules_C005_geometry_repair_iter01_20260624_042802/time_series.png,False,0,,,,False,,,,,1,,time_series_png,,rules,,,C005_geometry_repair,missing_or_empty,False,qwen2.5-coder_32b,1,experiments/05_choropleth_reliability_benchmark/outputs/runs_iterative_repair/qwen2.5-coder_7b/rules/qwen2.5-coder_7b_rules_C005_geometry_repair_iter01_20260624_042802,,experiments/05_choropleth_reliability_benchmark/outputs/generated_code_iterative_repair/qwen2.5-coder_32b/qwen2.5-coder_7b/rules/C005_geometry_repair_rules_iter01.py,qwen2.5-coder_7b,False,,,,,
map_interactive.html,experiments/05_choropleth_reliability_benchmark/outputs/runs_iterative_repair/qwen2.5-coder_7b/rules/qwen2.5-coder_7b_rules_C005_geometry_repair_iter01_20260624_042802/map_interactive.html,False,0,,,,False,,,,,1,,interactive_html,,rules,,,C005_geometry_repair,,,qwen2.5-coder_32b,1,experiments/05_choropleth_reliability_benchmark/outputs/runs_iterative_repair/qwen2.5-coder_7b/rules/qwen2.5-coder_7b_rules_C005_geometry_repair_iter01_20260624_042802,,experiments/05_choropleth_reliability_benchmark/outputs/generated_code_iterative_repair/qwen2.5-coder_32b/qwen2.5-coder_7b/rules/C005_geometry_repair_rules_iter01.py,qwen2.5-coder_7b,False,,,False,,
diagnostics.json,experiments/05_choropleth_reliability_benchmark/outputs/runs_iterative_repair/qwen2.5-coder_7b/rules/qwen2.5-coder_7b_rules_C005_geometry_repair_iter01_20260624_042802/diagnostics.json,False,0,,,,False,,,,,1,,diagnostic_json,,rules,,,C005_geometry_repair,,,qwen2.5-coder_32b,1,experiments/05_choropleth_reliability_benchmark/outputs/runs_iterative_repair/qwen2.5-coder_7b/rules/qwen2.5-coder_7b_rules_C005_geometry_repair_iter01_20260624_042802,,experiments/05_choropleth_reliability_benchmark/outputs/generated_code_iterative_repair/qwen2.5-coder_32b/qwen2.5-coder_7b/rules/C005_geometry_repair_rules_iter01.py,qwen2.5-coder_7b,False,,,,False,
map_static.png,experiments/05_choropleth_reliability_benchmark/outputs/runs_iterative_repair/qwen2.5-coder_7b/rules/qwen2.5-coder_7b_rules_C005_geometry_repair_iter01_20260624_231034/map_static.png,False,0,,,,False,,,,,1,,static_png,,rules,,,C005_geometry_repair,missing_or_empty,False,qwen2.5-coder_7b,1,experiments/05_choropleth_reliability_benchmark/outputs/runs_iterative_repair/qwen2.5-coder_7b/rules/qwen2.5-coder_7b_rules_C005_geometry_repair_iter01_20260624_231034,,experiments/05_choropleth_reliability_benchmark/outputs/generated_code_iterative_repair/qwen2.5-coder_7b/qwen2.5-coder_7b/rules/C005_geometry_repair_rules_iter01.py,qwen2.5-coder_7b,False,,,,,
time_series.png,experiments/05_choropleth_reliability_benchmark/outputs/runs_iterative_repair/qwen2.5-coder_7b/rules/qwen2.5-coder_7b_rules_C005_geometry_repair_iter01_20260624_231034/time_series.png,False,0,,,,False,,,,,1,,time_series_png,,rules,,,C005_geometry_repair,missing_or_empty,False,qwen2.5-coder_7b,1,experiments/05_choropleth_reliability_benchmark/outputs/runs_iterative_repair/qwen2.5-coder_7b/rules/qwen2.5-coder_7b_rules_C005_geometry_repair_iter01_20260624_231034,,experiments/05_choropleth_reliability_benchmark/outputs/generated_code_iterative_repair/qwen2.5-coder_7b/qwen2.5-coder_7b/rules/C005_geometry_repair_rules_iter01.py,qwen2.5-coder_7b,False,,,,,
map_interactive.html,experiments/05_choropleth_reliability_benchmark/outputs/runs_iterative_repair/qwen2.5-coder_7b/rules/qwen2.5-coder_7b_rules_C005_geometry_repair_iter01_20260624_231034/map_interactive.html,False,0,,,,False,,,,,1,,interactive_html,,rules,,,C005_geometry_repair,,,qwen2.5-coder_7b,1,experiments/05_choropleth_reliability_benchmark/outputs/runs_iterative_repair/qwen2.5-coder_7b/rules/qwen2.5-coder_7b_rules_C005_geometry_repair_iter01_20260624_231034,,experiments/05_choropleth_reliability_benchmark/outputs/generated_code_iterative_repair/qwen2.5-coder_7b/qwen2.5-coder_7b/rules/C005_geometry_repair_rules_iter01.py,qwen2.5-coder_7b,False,,,False,,
diagnostics.json,experiments/05_choropleth_reliability_benchmark/outputs/runs_iterative_repair/qwen2.5-coder_7b/rules/qwen2.5-coder_7b_rules_C005_geometry_repair_iter01_20260624_231034/diagnostics.json,False,0,,,,False,,,,,1,,diagnostic_json,,rules,,,C005_geometry_repair,,,qwen2.5-coder_7b,1,experiments/05_choropleth_reliability_benchmark/outputs/runs_iterative_repair/qwen2.5-coder_7b/rules/qwen2.5-coder_7b_rules_C005_geometry_repair_iter01_20260624_231034,,experiments/05_choropleth_reliability_benchmark/outputs/generated_code_iterative_repair/qwen2.5-coder_7b/qwen2.5-coder_7b/rules/C005_geometry_repair_rules_iter01.py,qwen2.5-coder_7b,False,,,,False,
map_static.png,experiments/05_choropleth_reliability_benchmark/outputs/runs_iterative_repair/qwen2.5-coder_7b/rules/qwen2.5-coder_7b_rules_C005_geometry_repair_iter01_20260624_233643/map_static.png,False,0,,,,False,,,,,1,,static_png,,rules,,,C005_geometry_repair,missing_or_empty,False,qwen2.5-coder_14b,1,experiments/05_choropleth_reliability_benchmark/outputs/runs_iterative_repair/qwen2.5-coder_7b/rules/qwen2.5-coder_7b_rules_C005_geometry_repair_iter01_20260624_233643,,experiments/05_choropleth_reliability_benchmark/outputs/generated_code_iterative_repair/qwen2.5-coder_14b/qwen2.5-coder_7b/rules/C005_geometry_repair_rules_iter01.py,qwen2.5-coder_7b,False,,,,,
time_series.png,experiments/05_choropleth_reliability_benchmark/outputs/runs_iterative_repair/qwen2.5-coder_7b/rules/qwen2.5-coder_7b_rules_C005_geometry_repair_iter01_20260624_233643/time_series.png,False,0,,,,False,,,,,1,,time_series_png,,rules,,,C005_geometry_repair,missing_or_empty,False,qwen2.5-coder_14b,1,experiments/05_choropleth_reliability_benchmark/outputs/runs_iterative_repair/qwen2.5-coder_7b/rules/qwen2.5-coder_7b_rules_C005_geometry_repair_iter01_20260624_233643,,experiments/05_choropleth_reliability_benchmark/outputs/generated_code_iterative_repair/qwen2.5-coder_14b/qwen2.5-coder_7b/rules/C005_geometry_repair_rules_iter01.py,qwen2.5-coder_7b,False,,,,,
map_interactive.html,experiments/05_choropleth_reliability_benchmark/outputs/runs_iterative_repair/qwen2.5-coder_7b/rules/qwen2.5-coder_7b_rules_C005_geometry_repair_iter01_20260624_233643/map_interactive.html,False,0,,,,False,,,,,1,,interactive_html,,rules,,,C005_geometry_repair,,,qwen2.5-coder_14b,1,experiments/05_choropleth_reliability_benchmark/outputs/runs_iterative_repair/qwen2.5-coder_7b/rules/qwen2.5-coder_7b_rules_C005_geometry_repair_iter01_20260624_233643,,experiments/05_choropleth_reliability_benchmark/outputs/generated_code_iterative_repair/qwen2.5-coder_14b/qwen2.5-coder_7b/rules/C005_geometry_repair_rules_iter01.py,qwen2.5-coder_7b,False,,,False,,
diagnostics.json,experiments/05_choropleth_reliability_benchmark/outputs/runs_iterative_repair/qwen2.5-coder_7b/rules/qwen2.5-coder_7b_rules_C005_geometry_repair_iter01_20260624_233643/diagnostics.json,False,0,,,,False,,,,,1,,diagnostic_json,,rules,,,C005_geometry_repair,,,qwen2.5-coder_14b,1,experiments/05_choropleth_reliability_benchmark/outputs/runs_iterative_repair/qwen2.5-coder_7b/rules/qwen2.5-coder_7b_rules_C005_geometry_repair_iter01_20260624_233643,,experiments/05_choropleth_reliability_benchmark/outputs/generated_code_iterative_repair/qwen2.5-coder_14b/qwen2.5-coder_7b/rules/C005_geometry_repair_rules_iter01.py,qwen2.5-coder_7b,False,,,,False,
map_static.png,experiments/05_choropleth_reliability_benchmark/outputs/runs_iterative_repair/qwen2.5-coder_7b/rules/qwen2.5-coder_7b_rules_C005_geometry_repair_iter02_20260624_042845/map_static.png,True,31406,0.0106,255,8.975,True,,,,480,2,,static_png,241.185,rules,0.9912,0.1445,C005_geometry_repair,,True,qwen2.5-coder_32b,0,experiments/05_choropleth_reliability_benchmark/outputs/runs_iterative_repair/qwen2.5-coder_7b/rules/qwen2.5-coder_7b_rules_C005_geometry_repair_iter02_20260624_042845,0.0333,experiments/05_choropleth_reliability_benchmark/outputs/generated_code_iterative_repair/qwen2.5-coder_32b/qwen2.5-coder_7b/rules/C005_geometry_repair_rules_iter02.py,qwen2.5-coder_7b,False,,40,,,640
time_series.png,experiments/05_choropleth_reliability_benchmark/outputs/runs_iterative_repair/qwen2.5-coder_7b/rules/qwen2.5-coder_7b_rules_C005_geometry_repair_iter02_20260624_042845/time_series.png,False,0,,,,False,,,,,2,,time_series_png,,rules,,,C005_geometry_repair,missing_or_empty,False,qwen2.5-coder_32b,0,experiments/05_choropleth_reliability_benchmark/outputs/runs_iterative_repair/qwen2.5-coder_7b/rules/qwen2.5-coder_7b_rules_C005_geometry_repair_iter02_20260624_042845,,experiments/05_choropleth_reliability_benchmark/outputs/generated_code_iterative_repair/qwen2.5-coder_32b/qwen2.5-coder_7b/rules/C005_geometry_repair_rules_iter02.py,qwen2.5-coder_7b,False,,,,,
map_interactive.html,experiments/05_choropleth_reliability_benchmark/outputs/runs_iterative_repair/qwen2.5-coder_7b/rules/qwen2.5-coder_7b_rules_C005_geometry_repair_iter02_20260624_042845/map_interactive.html,False,0,,,,False,,,,,2,,interactive_html,,rules,,,C005_geometry_repair,,,qwen2.5-coder_32b,0,experiments/05_choropleth_reliability_benchmark/outputs/runs_iterative_repair/qwen2.5-coder_7b/rules/qwen2.5-coder_7b_rules_C005_geometry_repair_iter02_20260624_042845,,experiments/05_choropleth_reliability_benchmark/outputs/generated_code_iterative_repair/qwen2.5-coder_32b/qwen2.5-coder_7b/rules/C005_geometry_repair_rules_iter02.py,qwen2.5-coder_7b,False,,,False,,
diagnostics.json,experiments/05_choropleth_reliability_benchmark/outputs/runs_iterative_repair/qwen2.5-coder_7b/rules/qwen2.5-coder_7b_rules_C005_geometry_repair_iter02_20260624_042845/diagnostics.json,True,71,,,,True,,,,,2,,diagnostic_json,,rules,,,C005_geometry_repair,,,qwen2.5-coder_32b,0,experiments/05_choropleth_reliability_benchmark/outputs/runs_iterative_repair/qwen2.5-coder_7b/rules/qwen2.5-coder_7b_rules_C005_geometry_repair_iter02_20260624_042845,,experiments/05_choropleth_reliability_benchmark/outputs/generated_code_iterative_repair/qwen2.5-coder_32b/qwen2.5-coder_7b/rules/C005_geometry_repair_rules_iter02.py,qwen2.5-coder_7b,False,2,,,True,
map_static.png,experiments/05_choropleth_reliability_benchmark/outputs/runs_iterative_repair/qwen2.5-coder_7b/rules/qwen2.5-coder_7b_rules_C005_geometry_repair_iter02_20260624_231045/map_static.png,False,0,,,,False,,,,,2,,static_png,,rules,,,C005_geometry_repair,missing_or_empty,False,qwen2.5-coder_7b,1,experiments/05_choropleth_reliability_benchmark/outputs/runs_iterative_repair/qwen2.5-coder_7b/rules/qwen2.5-coder_7b_rules_C005_geometry_repair_iter02_20260624_231045,,experiments/05_choropleth_reliability_benchmark/outputs/generated_code_iterative_repair/qwen2.5-coder_7b/qwen2.5-coder_7b/rules/C005_geometry_repair_rules_iter02.py,qwen2.5-coder_7b,False,,,,,
time_series.png,experiments/05_choropleth_reliability_benchmark/outputs/runs_iterative_repair/qwen2.5-coder_7b/rules/qwen2.5-coder_7b_rules_C005_geometry_repair_iter02_20260624_231045/time_series.png,False,0,,,,False,,,,,2,,time_series_png,,rules,,,C005_geometry_repair,missing_or_empty,False,qwen2.5-coder_7b,1,experiments/05_choropleth_reliability_benchmark/outputs/runs_iterative_repair/qwen2.5-coder_7b/rules/qwen2.5-coder_7b_rules_C005_geometry_repair_iter02_20260624_231045,,experiments/05_choropleth_reliability_benchmark/outputs/generated_code_iterative_repair/qwen2.5-coder_7b/qwen2.5-coder_7b/rules/C005_geometry_repair_rules_iter02.py,qwen2.5-coder_7b,False,,,,,
map_interactive.html,experiments/05_choropleth_reliability_benchmark/outputs/runs_iterative_repair/qwen2.5-coder_7b/rules/qwen2.5-coder_7b_rules_C005_geometry_repair_iter02_20260624_231045/map_interactive.html,False,0,,,,False,,,,,2,,interactive_html,,rules,,,C005_geometry_repair,,,qwen2.5-coder_7b,1,experiments/05_choropleth_reliability_benchmark/outputs/runs_iterative_repair/qwen2.5-coder_7b/rules/qwen2.5-coder_7b_rules_C005_geometry_repair_iter02_20260624_231045,,experiments/05_choropleth_reliability_benchmark/outputs/generated_code_iterative_repair/qwen2.5-coder_7b/qwen2.5-coder_7b/rules/C005_geometry_repair_rules_iter02.py,qwen2.5-coder_7b,False,,,False,,
diagnostics.json,experiments/05_choropleth_reliability_benchmark/outputs/runs_iterative_repair/qwen2.5-coder_7b/rules/qwen2.5-coder_7b_rules_C005_geometry_repair_iter02_20260624_231045/diagnostics.json,False,0,,,,False,,,,,2,,diagnostic_json,,rules,,,C005_geometry_repair,,,qwen2.5-coder_7b,1,experiments/05_choropleth_reliability_benchmark/outputs/runs_iterative_repair/qwen2.5-coder_7b/rules/qwen2.5-coder_7b_rules_C005_geometry_repair_iter02_20260624_231045,,experiments/05_choropleth_reliability_benchmark/outputs/generated_code_iterative_repair/qwen2.5-coder_7b/qwen2.5-coder_7b/rules/C005_geometry_repair_rules_iter02.py,qwen2.5-coder_7b,False,,,,False,
map_static.png,experiments/05_choropleth_reliability_benchmark/outputs/runs_iterative_repair/qwen2.5-coder_7b/rules/qwen2.5-coder_7b_rules_C005_geometry_repair_iter02_20260624_233709/map_static.png,False,0,,,,False,,,,,2,,static_png,,rules,,,C005_geometry_repair,missing_or_empty,False,qwen2.5-coder_14b,1,experiments/05_choropleth_reliability_benchmark/outputs/runs_iterative_repair/qwen2.5-coder_7b/rules/qwen2.5-coder_7b_rules_C005_geometry_repair_iter02_20260624_233709,,experiments/05_choropleth_reliability_benchmark/outputs/generated_code_iterative_repair/qwen2.5-coder_14b/qwen2.5-coder_7b/rules/C005_geometry_repair_rules_iter02.py,qwen2.5-coder_7b,False,,,,,
time_series.png,experiments/05_choropleth_reliability_benchmark/outputs/runs_iterative_repair/qwen2.5-coder_7b/rules/qwen2.5-coder_7b_rules_C005_geometry_repair_iter02_20260624_233709/time_series.png,False,0,,,,False,,,,,2,,time_series_png,,rules,,,C005_geometry_repair,missing_or_empty,False,qwen2.5-coder_14b,1,experiments/05_choropleth_reliability_benchmark/outputs/runs_iterative_repair/qwen2.5-coder_7b/rules/qwen2.5-coder_7b_rules_C005_geometry_repair_iter02_20260624_233709,,experiments/05_choropleth_reliability_benchmark/outputs/generated_code_iterative_repair/qwen2.5-coder_14b/qwen2.5-coder_7b/rules/C005_geometry_repair_rules_iter02.py,qwen2.5-coder_7b,False,,,,,
map_interactive.html,experiments/05_choropleth_reliability_benchmark/outputs/runs_iterative_repair/qwen2.5-coder_7b/rules/qwen2.5-coder_7b_rules_C005_geometry_repair_iter02_20260624_233709/map_interactive.html,False,0,,,,False,,,,,2,,interactive_html,,rules,,,C005_geometry_repair,,,qwen2.5-coder_14b,1,experiments/05_choropleth_reliability_benchmark/outputs/runs_iterative_repair/qwen2.5-coder_7b/rules/qwen2.5-coder_7b_rules_C005_geometry_repair_iter02_20260624_233709,,experiments/05_choropleth_reliability_benchmark/outputs/generated_code_iterative_repair/qwen2.5-coder_14b/qwen2.5-coder_7b/rules/C005_geometry_repair_rules_iter02.py,qwen2.5-coder_7b,False,,,False,,
diagnostics.json,experiments/05_choropleth_reliability_benchmark/outputs/runs_iterative_repair/qwen2.5-coder_7b/rules/qwen2.5-coder_7b_rules_C005_geometry_repair_iter02_20260624_233709/diagnostics.json,False,0,,,,False,,,,,2,,diagnostic_json,,rules,,,C005_geometry_repair,,,qwen2.5-coder_14b,1,experiments/05_choropleth_reliability_benchmark/outputs/runs_iterative_repair/qwen2.5-coder_7b/rules/qwen2.5-coder_7b_rules_C005_geometry_repair_iter02_20260624_233709,,experiments/05_choropleth_reliability_benchmark/outputs/generated_code_iterative_repair/qwen2.5-coder_14b/qwen2.5-coder_7b/rules/C005_geometry_repair_rules_iter02.py,qwen2.5-coder_7b,False,,,,False,
map_static.png,experiments/05_choropleth_reliability_benchmark/outputs/runs_iterative_repair/qwen2.5-coder_7b/rules/qwen2.5-coder_7b_rules_C005_geometry_repair_iter03_20260624_231056/map_static.png,False,0,,,,False,,,,,3,,static_png,,rules,,,C005_geometry_repair,missing_or_empty,False,qwen2.5-coder_7b,1,experiments/05_choropleth_reliability_benchmark/outputs/runs_iterative_repair/qwen2.5-coder_7b/rules/qwen2.5-coder_7b_rules_C005_geometry_repair_iter03_20260624_231056,,experiments/05_choropleth_reliability_benchmark/outputs/generated_code_iterative_repair/qwen2.5-coder_7b/qwen2.5-coder_7b/rules/C005_geometry_repair_rules_iter03.py,qwen2.5-coder_7b,False,,,,,
time_series.png,experiments/05_choropleth_reliability_benchmark/outputs/runs_iterative_repair/qwen2.5-coder_7b/rules/qwen2.5-coder_7b_rules_C005_geometry_repair_iter03_20260624_231056/time_series.png,False,0,,,,False,,,,,3,,time_series_png,,rules,,,C005_geometry_repair,missing_or_empty,False,qwen2.5-coder_7b,1,experiments/05_choropleth_reliability_benchmark/outputs/runs_iterative_repair/qwen2.5-coder_7b/rules/qwen2.5-coder_7b_rules_C005_geometry_repair_iter03_20260624_231056,,experiments/05_choropleth_reliability_benchmark/outputs/generated_code_iterative_repair/qwen2.5-coder_7b/qwen2.5-coder_7b/rules/C005_geometry_repair_rules_iter03.py,qwen2.5-coder_7b,False,,,,,
map_interactive.html,experiments/05_choropleth_reliability_benchmark/outputs/runs_iterative_repair/qwen2.5-coder_7b/rules/qwen2.5-coder_7b_rules_C005_geometry_repair_iter03_20260624_231056/map_interactive.html,False,0,,,,False,,,,,3,,interactive_html,,rules,,,C005_geometry_repair,,,qwen2.5-coder_7b,1,experiments/05_choropleth_reliability_benchmark/outputs/runs_iterative_repair/qwen2.5-coder_7b/rules/qwen2.5-coder_7b_rules_C005_geometry_repair_iter03_20260624_231056,,experiments/05_choropleth_reliability_benchmark/outputs/generated_code_iterative_repair/qwen2.5-coder_7b/qwen2.5-coder_7b/rules/C005_geometry_repair_rules_iter03.py,qwen2.5-coder_7b,False,,,False,,
diagnostics.json,experiments/05_choropleth_reliability_benchmark/outputs/runs_iterative_repair/qwen2.5-coder_7b/rules/qwen2.5-coder_7b_rules_C005_geometry_repair_iter03_20260624_231056/diagnostics.json,False,0,,,,False,,,,,3,,diagnostic_json,,rules,,,C005_geometry_repair,,,qwen2.5-coder_7b,1,experiments/05_choropleth_reliability_benchmark/outputs/runs_iterative_repair/qwen2.5-coder_7b/rules/qwen2.5-coder_7b_rules_C005_geometry_repair_iter03_20260624_231056,,experiments/05_choropleth_reliability_benchmark/outputs/generated_code_iterative_repair/qwen2.5-coder_7b/qwen2.5-coder_7b/rules/C005_geometry_repair_rules_iter03.py,qwen2.5-coder_7b,False,,,,False,
map_static.png,experiments/05_choropleth_reliability_benchmark/outputs/runs_iterative_repair/qwen2.5-coder_7b/rules/qwen2.5-coder_7b_rules_C005_geometry_repair_iter03_20260624_233734/map_static.png,False,0,,,,False,,,,,3,,static_png,,rules,,,C005_geometry_repair,missing_or_empty,False,qwen2.5-coder_14b,1,experiments/05_choropleth_reliability_benchmark/outputs/runs_iterative_repair/qwen2.5-coder_7b/rules/qwen2.5-coder_7b_rules_C005_geometry_repair_iter03_20260624_233734,,experiments/05_choropleth_reliability_benchmark/outputs/generated_code_iterative_repair/qwen2.5-coder_14b/qwen2.5-coder_7b/rules/C005_geometry_repair_rules_iter03.py,qwen2.5-coder_7b,False,,,,,
time_series.png,experiments/05_choropleth_reliability_benchmark/outputs/runs_iterative_repair/qwen2.5-coder_7b/rules/qwen2.5-coder_7b_rules_C005_geometry_repair_iter03_20260624_233734/time_series.png,False,0,,,,False,,,,,3,,time_series_png,,rules,,,C005_geometry_repair,missing_or_empty,False,qwen2.5-coder_14b,1,experiments/05_choropleth_reliability_benchmark/outputs/runs_iterative_repair/qwen2.5-coder_7b/rules/qwen2.5-coder_7b_rules_C005_geometry_repair_iter03_20260624_233734,,experiments/05_choropleth_reliability_benchmark/outputs/generated_code_iterative_repair/qwen2.5-coder_14b/qwen2.5-coder_7b/rules/C005_geometry_repair_rules_iter03.py,qwen2.5-coder_7b,False,,,,,
map_interactive.html,experiments/05_choropleth_reliability_benchmark/outputs/runs_iterative_repair/qwen2.5-coder_7b/rules/qwen2.5-coder_7b_rules_C005_geometry_repair_iter03_20260624_233734/map_interactive.html,False,0,,,,False,,,,,3,,interactive_html,,rules,,,C005_geometry_repair,,,qwen2.5-coder_14b,1,experiments/05_choropleth_reliability_benchmark/outputs/runs_iterative_repair/qwen2.5-coder_7b/rules/qwen2.5-coder_7b_rules_C005_geometry_repair_iter03_20260624_233734,,experiments/05_choropleth_reliability_benchmark/outputs/generated_code_iterative_repair/qwen2.5-coder_14b/qwen2.5-coder_7b/rules/C005_geometry_repair_rules_iter03.py,qwen2.5-coder_7b,False,,,False,,
diagnostics.json,experiments/05_choropleth_reliability_benchmark/outputs/runs_iterative_repair/qwen2.5-coder_7b/rules/qwen2.5-coder_7b_rules_C005_geometry_repair_iter03_20260624_233734/diagnostics.json,False,0,,,,False,,,,,3,,diagnostic_json,,rules,,,C005_geometry_repair,,,qwen2.5-coder_14b,1,experiments/05_choropleth_reliability_benchmark/outputs/runs_iterative_repair/qwen2.5-coder_7b/rules/qwen2.5-coder_7b_rules_C005_geometry_repair_iter03_20260624_233734,,experiments/05_choropleth_reliability_benchmark/outputs/generated_code_iterative_repair/qwen2.5-coder_14b/qwen2.5-coder_7b/rules/C005_geometry_repair_rules_iter03.py,qwen2.5-coder_7b,False,,,,False,
map_static.png,experiments/05_choropleth_reliability_benchmark/outputs/runs_iterative_repair/qwen2.5-coder_7b/rules/qwen2.5-coder_7b_rules_C006_join_diagnostics_iter01_20260624_045912/map_static.png,False,0,,,,False,,,,,1,,static_png,,rules,,,C006_join_diagnostics,missing_or_empty,False,qwen2.5-coder_32b,1,experiments/05_choropleth_reliability_benchmark/outputs/runs_iterative_repair/qwen2.5-coder_7b/rules/qwen2.5-coder_7b_rules_C006_join_diagnostics_iter01_20260624_045912,,experiments/05_choropleth_reliability_benchmark/outputs/generated_code_iterative_repair/qwen2.5-coder_32b/qwen2.5-coder_7b/rules/C006_join_diagnostics_rules_iter01.py,qwen2.5-coder_7b,False,,,,,
time_series.png,experiments/05_choropleth_reliability_benchmark/outputs/runs_iterative_repair/qwen2.5-coder_7b/rules/qwen2.5-coder_7b_rules_C006_join_diagnostics_iter01_20260624_045912/time_series.png,False,0,,,,False,,,,,1,,time_series_png,,rules,,,C006_join_diagnostics,missing_or_empty,False,qwen2.5-coder_32b,1,experiments/05_choropleth_reliability_benchmark/outputs/runs_iterative_repair/qwen2.5-coder_7b/rules/qwen2.5-coder_7b_rules_C006_join_diagnostics_iter01_20260624_045912,,experiments/05_choropleth_reliability_benchmark/outputs/generated_code_iterative_repair/qwen2.5-coder_32b/qwen2.5-coder_7b/rules/C006_join_diagnostics_rules_iter01.py,qwen2.5-coder_7b,False,,,,,
map_interactive.html,experiments/05_choropleth_reliability_benchmark/outputs/runs_iterative_repair/qwen2.5-coder_7b/rules/qwen2.5-coder_7b_rules_C006_join_diagnostics_iter01_20260624_045912/map_interactive.html,False,0,,,,False,,,,,1,,interactive_html,,rules,,,C006_join_diagnostics,,,qwen2.5-coder_32b,1,experiments/05_choropleth_reliability_benchmark/outputs/runs_iterative_repair/qwen2.5-coder_7b/rules/qwen2.5-coder_7b_rules_C006_join_diagnostics_iter01_20260624_045912,,experiments/05_choropleth_reliability_benchmark/outputs/generated_code_iterative_repair/qwen2.5-coder_32b/qwen2.5-coder_7b/rules/C006_join_diagnostics_rules_iter01.py,qwen2.5-coder_7b,False,,,False,,
diagnostics.json,experiments/05_choropleth_reliability_benchmark/outputs/runs_iterative_repair/qwen2.5-coder_7b/rules/qwen2.5-coder_7b_rules_C006_join_diagnostics_iter01_20260624_045912/diagnostics.json,False,0,,,,False,,,,,1,,diagnostic_json,,rules,,,C006_join_diagnostics,,,qwen2.5-coder_32b,1,experiments/05_choropleth_reliability_benchmark/outputs/runs_iterative_repair/qwen2.5-coder_7b/rules/qwen2.5-coder_7b_rules_C006_join_diagnostics_iter01_20260624_045912,,experiments/05_choropleth_reliability_benchmark/outputs/generated_code_iterative_repair/qwen2.5-coder_32b/qwen2.5-coder_7b/rules/C006_join_diagnostics_rules_iter01.py,qwen2.5-coder_7b,False,,,,False,
map_static.png,experiments/05_choropleth_reliability_benchmark/outputs/runs_iterative_repair/qwen2.5-coder_7b/rules/qwen2.5-coder_7b_rules_C006_join_diagnostics_iter01_20260624_232207/map_static.png,False,0,,,,False,,,,,1,,static_png,,rules,,,C006_join_diagnostics,missing_or_empty,False,qwen2.5-coder_7b,1,experiments/05_choropleth_reliability_benchmark/outputs/runs_iterative_repair/qwen2.5-coder_7b/rules/qwen2.5-coder_7b_rules_C006_join_diagnostics_iter01_20260624_232207,,experiments/05_choropleth_reliability_benchmark/outputs/generated_code_iterative_repair/qwen2.5-coder_7b/qwen2.5-coder_7b/rules/C006_join_diagnostics_rules_iter01.py,qwen2.5-coder_7b,False,,,,,
time_series.png,experiments/05_choropleth_reliability_benchmark/outputs/runs_iterative_repair/qwen2.5-coder_7b/rules/qwen2.5-coder_7b_rules_C006_join_diagnostics_iter01_20260624_232207/time_series.png,False,0,,,,False,,,,,1,,time_series_png,,rules,,,C006_join_diagnostics,missing_or_empty,False,qwen2.5-coder_7b,1,experiments/05_choropleth_reliability_benchmark/outputs/runs_iterative_repair/qwen2.5-coder_7b/rules/qwen2.5-coder_7b_rules_C006_join_diagnostics_iter01_20260624_232207,,experiments/05_choropleth_reliability_benchmark/outputs/generated_code_iterative_repair/qwen2.5-coder_7b/qwen2.5-coder_7b/rules/C006_join_diagnostics_rules_iter01.py,qwen2.5-coder_7b,False,,,,,
map_interactive.html,experiments/05_choropleth_reliability_benchmark/outputs/runs_iterative_repair/qwen2.5-coder_7b/rules/qwen2.5-coder_7b_rules_C006_join_diagnostics_iter01_20260624_232207/map_interactive.html,False,0,,,,False,,,,,1,,interactive_html,,rules,,,C006_join_diagnostics,,,qwen2.5-coder_7b,1,experiments/05_choropleth_reliability_benchmark/outputs/runs_iterative_repair/qwen2.5-coder_7b/rules/qwen2.5-coder_7b_rules_C006_join_diagnostics_iter01_20260624_232207,,experiments/05_choropleth_reliability_benchmark/outputs/generated_code_iterative_repair/qwen2.5-coder_7b/qwen2.5-coder_7b/rules/C006_join_diagnostics_rules_iter01.py,qwen2.5-coder_7b,False,,,False,,
diagnostics.json,experiments/05_choropleth_reliability_benchmark/outputs/runs_iterative_repair/qwen2.5-coder_7b/rules/qwen2.5-coder_7b_rules_C006_join_diagnostics_iter01_20260624_232207/diagnostics.json,False,0,,,,False,,,,,1,,diagnostic_json,,rules,,,C006_join_diagnostics,,,qwen2.5-coder_7b,1,experiments/05_choropleth_reliability_benchmark/outputs/runs_iterative_repair/qwen2.5-coder_7b/rules/qwen2.5-coder_7b_rules_C006_join_diagnostics_iter01_20260624_232207,,experiments/05_choropleth_reliability_benchmark/outputs/generated_code_iterative_repair/qwen2.5-coder_7b/qwen2.5-coder_7b/rules/C006_join_diagnostics_rules_iter01.py,qwen2.5-coder_7b,False,,,,False,
map_static.png,experiments/05_choropleth_reliability_benchmark/outputs/runs_iterative_repair/qwen2.5-coder_7b/rules/qwen2.5-coder_7b_rules_C006_join_diagnostics_iter01_20260624_235636/map_static.png,False,0,,,,False,,,,,1,,static_png,,rules,,,C006_join_diagnostics,missing_or_empty,False,qwen2.5-coder_14b,1,experiments/05_choropleth_reliability_benchmark/outputs/runs_iterative_repair/qwen2.5-coder_7b/rules/qwen2.5-coder_7b_rules_C006_join_diagnostics_iter01_20260624_235636,,experiments/05_choropleth_reliability_benchmark/outputs/generated_code_iterative_repair/qwen2.5-coder_14b/qwen2.5-coder_7b/rules/C006_join_diagnostics_rules_iter01.py,qwen2.5-coder_7b,False,,,,,
time_series.png,experiments/05_choropleth_reliability_benchmark/outputs/runs_iterative_repair/qwen2.5-coder_7b/rules/qwen2.5-coder_7b_rules_C006_join_diagnostics_iter01_20260624_235636/time_series.png,False,0,,,,False,,,,,1,,time_series_png,,rules,,,C006_join_diagnostics,missing_or_empty,False,qwen2.5-coder_14b,1,experiments/05_choropleth_reliability_benchmark/outputs/runs_iterative_repair/qwen2.5-coder_7b/rules/qwen2.5-coder_7b_rules_C006_join_diagnostics_iter01_20260624_235636,,experiments/05_choropleth_reliability_benchmark/outputs/generated_code_iterative_repair/qwen2.5-coder_14b/qwen2.5-coder_7b/rules/C006_join_diagnostics_rules_iter01.py,qwen2.5-coder_7b,False,,,,,
map_interactive.html,experiments/05_choropleth_reliability_benchmark/outputs/runs_iterative_repair/qwen2.5-coder_7b/rules/qwen2.5-coder_7b_rules_C006_join_diagnostics_iter01_20260624_235636/map_interactive.html,False,0,,,,False,,,,,1,,interactive_html,,rules,,,C006_join_diagnostics,,,qwen2.5-coder_14b,1,experiments/05_choropleth_reliability_benchmark/outputs/runs_iterative_repair/qwen2.5-coder_7b/rules/qwen2.5-coder_7b_rules_C006_join_diagnostics_iter01_20260624_235636,,experiments/05_choropleth_reliability_benchmark/outputs/generated_code_iterative_repair/qwen2.5-coder_14b/qwen2.5-coder_7b/rules/C006_join_diagnostics_rules_iter01.py,qwen2.5-coder_7b,False,,,False,,
diagnostics.json,experiments/05_choropleth_reliability_benchmark/outputs/runs_iterative_repair/qwen2.5-coder_7b/rules/qwen2.5-coder_7b_rules_C006_join_diagnostics_iter01_20260624_235636/diagnostics.json,True,27,,,,True,,,,,1,,diagnostic_json,,rules,,,C006_join_diagnostics,,,qwen2.5-coder_14b,1,experiments/05_choropleth_reliability_benchmark/outputs/runs_iterative_repair/qwen2.5-coder_7b/rules/qwen2.5-coder_7b_rules_C006_join_diagnostics_iter01_20260624_235636,,experiments/05_choropleth_reliability_benchmark/outputs/generated_code_iterative_repair/qwen2.5-coder_14b/qwen2.5-coder_7b/rules/C006_join_diagnostics_rules_iter01.py,qwen2.5-coder_7b,False,1,,,True,
map_static.png,experiments/05_choropleth_reliability_benchmark/outputs/runs_iterative_repair/qwen2.5-coder_7b/rules/qwen2.5-coder_7b_rules_C006_join_diagnostics_iter01_20260625_002215/map_static.png,True,11375,0.0101,255,7.332,True,,,,480,1,,static_png,252.184,rules,0.9925,0.0237,C006_join_diagnostics,,True,deepseek-coder_6.7b,0,experiments/05_choropleth_reliability_benchmark/outputs/runs_iterative_repair/qwen2.5-coder_7b/rules/qwen2.5-coder_7b_rules_C006_join_diagnostics_iter01_20260625_002215,0.0000,experiments/05_choropleth_reliability_benchmark/outputs/generated_code_iterative_repair/deepseek-coder_6.7b/qwen2.5-coder_7b/rules/C006_join_diagnostics_rules_iter01.py,qwen2.5-coder_7b,False,,8,,,640
time_series.png,experiments/05_choropleth_reliability_benchmark/outputs/runs_iterative_repair/qwen2.5-coder_7b/rules/qwen2.5-coder_7b_rules_C006_join_diagnostics_iter01_20260625_002215/time_series.png,False,0,,,,False,,,,,1,,time_series_png,,rules,,,C006_join_diagnostics,missing_or_empty,False,deepseek-coder_6.7b,0,experiments/05_choropleth_reliability_benchmark/outputs/runs_iterative_repair/qwen2.5-coder_7b/rules/qwen2.5-coder_7b_rules_C006_join_diagnostics_iter01_20260625_002215,,experiments/05_choropleth_reliability_benchmark/outputs/generated_code_iterative_repair/deepseek-coder_6.7b/qwen2.5-coder_7b/rules/C006_join_diagnostics_rules_iter01.py,qwen2.5-coder_7b,False,,,,,
map_interactive.html,experiments/05_choropleth_reliability_benchmark/outputs/runs_iterative_repair/qwen2.5-coder_7b/rules/qwen2.5-coder_7b_rules_C006_join_diagnostics_iter01_20260625_002215/map_interactive.html,False,0,,,,False,,,,,1,,interactive_html,,rules,,,C006_join_diagnostics,,,deepseek-coder_6.7b,0,experiments/05_choropleth_reliability_benchmark/outputs/runs_iterative_repair/qwen2.5-coder_7b/rules/qwen2.5-coder_7b_rules_C006_join_diagnostics_iter01_20260625_002215,,experiments/05_choropleth_reliability_benchmark/outputs/generated_code_iterative_repair/deepseek-coder_6.7b/qwen2.5-coder_7b/rules/C006_join_diagnostics_rules_iter01.py,qwen2.5-coder_7b,False,,,False,,
diagnostics.json,experiments/05_choropleth_reliability_benchmark/outputs/runs_iterative_repair/qwen2.5-coder_7b/rules/qwen2.5-coder_7b_rules_C006_join_diagnostics_iter01_20260625_002215/diagnostics.json,False,0,,,,False,,,,,1,,diagnostic_json,,rules,,,C006_join_diagnostics,,,deepseek-coder_6.7b,0,experiments/05_choropleth_reliability_benchmark/outputs/runs_iterative_repair/qwen2.5-coder_7b/rules/qwen2.5-coder_7b_rules_C006_join_diagnostics_iter01_20260625_002215,,experiments/05_choropleth_reliability_benchmark/outputs/generated_code_iterative_repair/deepseek-coder_6.7b/qwen2.5-coder_7b/rules/C006_join_diagnostics_rules_iter01.py,qwen2.5-coder_7b,False,,,,False,
map_static.png,experiments/05_choropleth_reliability_benchmark/outputs/runs_iterative_repair/qwen2.5-coder_7b/rules/qwen2.5-coder_7b_rules_C006_join_diagnostics_iter02_20260624_050016/map_static.png,False,0,,,,False,,,,,2,,static_png,,rules,,,C006_join_diagnostics,missing_or_empty,False,qwen2.5-coder_32b,1,experiments/05_choropleth_reliability_benchmark/outputs/runs_iterative_repair/qwen2.5-coder_7b/rules/qwen2.5-coder_7b_rules_C006_join_diagnostics_iter02_20260624_050016,,experiments/05_choropleth_reliability_benchmark/outputs/generated_code_iterative_repair/qwen2.5-coder_32b/qwen2.5-coder_7b/rules/C006_join_diagnostics_rules_iter02.py,qwen2.5-coder_7b,False,,,,,
time_series.png,experiments/05_choropleth_reliability_benchmark/outputs/runs_iterative_repair/qwen2.5-coder_7b/rules/qwen2.5-coder_7b_rules_C006_join_diagnostics_iter02_20260624_050016/time_series.png,False,0,,,,False,,,,,2,,time_series_png,,rules,,,C006_join_diagnostics,missing_or_empty,False,qwen2.5-coder_32b,1,experiments/05_choropleth_reliability_benchmark/outputs/runs_iterative_repair/qwen2.5-coder_7b/rules/qwen2.5-coder_7b_rules_C006_join_diagnostics_iter02_20260624_050016,,experiments/05_choropleth_reliability_benchmark/outputs/generated_code_iterative_repair/qwen2.5-coder_32b/qwen2.5-coder_7b/rules/C006_join_diagnostics_rules_iter02.py,qwen2.5-coder_7b,False,,,,,
map_interactive.html,experiments/05_choropleth_reliability_benchmark/outputs/runs_iterative_repair/qwen2.5-coder_7b/rules/qwen2.5-coder_7b_rules_C006_join_diagnostics_iter02_20260624_050016/map_interactive.html,False,0,,,,False,,,,,2,,interactive_html,,rules,,,C006_join_diagnostics,,,qwen2.5-coder_32b,1,experiments/05_choropleth_reliability_benchmark/outputs/runs_iterative_repair/qwen2.5-coder_7b/rules/qwen2.5-coder_7b_rules_C006_join_diagnostics_iter02_20260624_050016,,experiments/05_choropleth_reliability_benchmark/outputs/generated_code_iterative_repair/qwen2.5-coder_32b/qwen2.5-coder_7b/rules/C006_join_diagnostics_rules_iter02.py,qwen2.5-coder_7b,False,,,False,,
diagnostics.json,experiments/05_choropleth_reliability_benchmark/outputs/runs_iterative_repair/qwen2.5-coder_7b/rules/qwen2.5-coder_7b_rules_C006_join_diagnostics_iter02_20260624_050016/diagnostics.json,True,608,,,,True,,,,,2,,diagnostic_json,,rules,,,C006_join_diagnostics,,,qwen2.5-coder_32b,1,experiments/05_choropleth_reliability_benchmark/outputs/runs_iterative_repair/qwen2.5-coder_7b/rules/qwen2.5-coder_7b_rules_C006_join_diagnostics_iter02_20260624_050016,,experiments/05_choropleth_reliability_benchmark/outputs/generated_code_iterative_repair/qwen2.5-coder_32b/qwen2.5-coder_7b/rules/C006_join_diagnostics_rules_iter02.py,qwen2.5-coder_7b,False,2,,,True,
map_static.png,experiments/05_choropleth_reliability_benchmark/outputs/runs_iterative_repair/qwen2.5-coder_7b/rules/qwen2.5-coder_7b_rules_C006_join_diagnostics_iter02_20260624_232226/map_static.png,False,0,,,,False,,,,,2,,static_png,,rules,,,C006_join_diagnostics,missing_or_empty,False,qwen2.5-coder_7b,1,experiments/05_choropleth_reliability_benchmark/outputs/runs_iterative_repair/qwen2.5-coder_7b/rules/qwen2.5-coder_7b_rules_C006_join_diagnostics_iter02_20260624_232226,,experiments/05_choropleth_reliability_benchmark/outputs/generated_code_iterative_repair/qwen2.5-coder_7b/qwen2.5-coder_7b/rules/C006_join_diagnostics_rules_iter02.py,qwen2.5-coder_7b,False,,,,,
time_series.png,experiments/05_choropleth_reliability_benchmark/outputs/runs_iterative_repair/qwen2.5-coder_7b/rules/qwen2.5-coder_7b_rules_C006_join_diagnostics_iter02_20260624_232226/time_series.png,False,0,,,,False,,,,,2,,time_series_png,,rules,,,C006_join_diagnostics,missing_or_empty,False,qwen2.5-coder_7b,1,experiments/05_choropleth_reliability_benchmark/outputs/runs_iterative_repair/qwen2.5-coder_7b/rules/qwen2.5-coder_7b_rules_C006_join_diagnostics_iter02_20260624_232226,,experiments/05_choropleth_reliability_benchmark/outputs/generated_code_iterative_repair/qwen2.5-coder_7b/qwen2.5-coder_7b/rules/C006_join_diagnostics_rules_iter02.py,qwen2.5-coder_7b,False,,,,,
map_interactive.html,experiments/05_choropleth_reliability_benchmark/outputs/runs_iterative_repair/qwen2.5-coder_7b/rules/qwen2.5-coder_7b_rules_C006_join_diagnostics_iter02_20260624_232226/map_interactive.html,False,0,,,,False,,,,,2,,interactive_html,,rules,,,C006_join_diagnostics,,,qwen2.5-coder_7b,1,experiments/05_choropleth_reliability_benchmark/outputs/runs_iterative_repair/qwen2.5-coder_7b/rules/qwen2.5-coder_7b_rules_C006_join_diagnostics_iter02_20260624_232226,,experiments/05_choropleth_reliability_benchmark/outputs/generated_code_iterative_repair/qwen2.5-coder_7b/qwen2.5-coder_7b/rules/C006_join_diagnostics_rules_iter02.py,qwen2.5-coder_7b,False,,,False,,
diagnostics.json,experiments/05_choropleth_reliability_benchmark/outputs/runs_iterative_repair/qwen2.5-coder_7b/rules/qwen2.5-coder_7b_rules_C006_join_diagnostics_iter02_20260624_232226/diagnostics.json,False,0,,,,False,,,,,2,,diagnostic_json,,rules,,,C006_join_diagnostics,,,qwen2.5-coder_7b,1,experiments/05_choropleth_reliability_benchmark/outputs/runs_iterative_repair/qwen2.5-coder_7b/rules/qwen2.5-coder_7b_rules_C006_join_diagnostics_iter02_20260624_232226,,experiments/05_choropleth_reliability_benchmark/outputs/generated_code_iterative_repair/qwen2.5-coder_7b/qwen2.5-coder_7b/rules/C006_join_diagnostics_rules_iter02.py,qwen2.5-coder_7b,False,,,,False,
map_static.png,experiments/05_choropleth_reliability_benchmark/outputs/runs_iterative_repair/qwen2.5-coder_7b/rules/qwen2.5-coder_7b_rules_C006_join_diagnostics_iter02_20260624_235707/map_static.png,False,0,,,,False,,,,,2,,static_png,,rules,,,C006_join_diagnostics,missing_or_empty,False,qwen2.5-coder_14b,1,experiments/05_choropleth_reliability_benchmark/outputs/runs_iterative_repair/qwen2.5-coder_7b/rules/qwen2.5-coder_7b_rules_C006_join_diagnostics_iter02_20260624_235707,,experiments/05_choropleth_reliability_benchmark/outputs/generated_code_iterative_repair/qwen2.5-coder_14b/qwen2.5-coder_7b/rules/C006_join_diagnostics_rules_iter02.py,qwen2.5-coder_7b,False,,,,,
time_series.png,experiments/05_choropleth_reliability_benchmark/outputs/runs_iterative_repair/qwen2.5-coder_7b/rules/qwen2.5-coder_7b_rules_C006_join_diagnostics_iter02_20260624_235707/time_series.png,False,0,,,,False,,,,,2,,time_series_png,,rules,,,C006_join_diagnostics,missing_or_empty,False,qwen2.5-coder_14b,1,experiments/05_choropleth_reliability_benchmark/outputs/runs_iterative_repair/qwen2.5-coder_7b/rules/qwen2.5-coder_7b_rules_C006_join_diagnostics_iter02_20260624_235707,,experiments/05_choropleth_reliability_benchmark/outputs/generated_code_iterative_repair/qwen2.5-coder_14b/qwen2.5-coder_7b/rules/C006_join_diagnostics_rules_iter02.py,qwen2.5-coder_7b,False,,,,,
map_interactive.html,experiments/05_choropleth_reliability_benchmark/outputs/runs_iterative_repair/qwen2.5-coder_7b/rules/qwen2.5-coder_7b_rules_C006_join_diagnostics_iter02_20260624_235707/map_interactive.html,False,0,,,,False,,,,,2,,interactive_html,,rules,,,C006_join_diagnostics,,,qwen2.5-coder_14b,1,experiments/05_choropleth_reliability_benchmark/outputs/runs_iterative_repair/qwen2.5-coder_7b/rules/qwen2.5-coder_7b_rules_C006_join_diagnostics_iter02_20260624_235707,,experiments/05_choropleth_reliability_benchmark/outputs/generated_code_iterative_repair/qwen2.5-coder_14b/qwen2.5-coder_7b/rules/C006_join_diagnostics_rules_iter02.py,qwen2.5-coder_7b,False,,,False,,
diagnostics.json,experiments/05_choropleth_reliability_benchmark/outputs/runs_iterative_repair/qwen2.5-coder_7b/rules/qwen2.5-coder_7b_rules_C006_join_diagnostics_iter02_20260624_235707/diagnostics.json,True,27,,,,True,,,,,2,,diagnostic_json,,rules,,,C006_join_diagnostics,,,qwen2.5-coder_14b,1,experiments/05_choropleth_reliability_benchmark/outputs/runs_iterative_repair/qwen2.5-coder_7b/rules/qwen2.5-coder_7b_rules_C006_join_diagnostics_iter02_20260624_235707,,experiments/05_choropleth_reliability_benchmark/outputs/generated_code_iterative_repair/qwen2.5-coder_14b/qwen2.5-coder_7b/rules/C006_join_diagnostics_rules_iter02.py,qwen2.5-coder_7b,False,1,,,True,
map_static.png,experiments/05_choropleth_reliability_benchmark/outputs/runs_iterative_repair/qwen2.5-coder_7b/rules/qwen2.5-coder_7b_rules_C006_join_diagnostics_iter02_20260625_002237/map_static.png,False,0,,,,False,,,,,2,,static_png,,rules,,,C006_join_diagnostics,missing_or_empty,False,deepseek-coder_6.7b,1,experiments/05_choropleth_reliability_benchmark/outputs/runs_iterative_repair/qwen2.5-coder_7b/rules/qwen2.5-coder_7b_rules_C006_join_diagnostics_iter02_20260625_002237,,experiments/05_choropleth_reliability_benchmark/outputs/generated_code_iterative_repair/deepseek-coder_6.7b/qwen2.5-coder_7b/rules/C006_join_diagnostics_rules_iter02.py,qwen2.5-coder_7b,False,,,,,
time_series.png,experiments/05_choropleth_reliability_benchmark/outputs/runs_iterative_repair/qwen2.5-coder_7b/rules/qwen2.5-coder_7b_rules_C006_join_diagnostics_iter02_20260625_002237/time_series.png,False,0,,,,False,,,,,2,,time_series_png,,rules,,,C006_join_diagnostics,missing_or_empty,False,deepseek-coder_6.7b,1,experiments/05_choropleth_reliability_benchmark/outputs/runs_iterative_repair/qwen2.5-coder_7b/rules/qwen2.5-coder_7b_rules_C006_join_diagnostics_iter02_20260625_002237,,experiments/05_choropleth_reliability_benchmark/outputs/generated_code_iterative_repair/deepseek-coder_6.7b/qwen2.5-coder_7b/rules/C006_join_diagnostics_rules_iter02.py,qwen2.5-coder_7b,False,,,,,
map_interactive.html,experiments/05_choropleth_reliability_benchmark/outputs/runs_iterative_repair/qwen2.5-coder_7b/rules/qwen2.5-coder_7b_rules_C006_join_diagnostics_iter02_20260625_002237/map_interactive.html,False,0,,,,False,,,,,2,,interactive_html,,rules,,,C006_join_diagnostics,,,deepseek-coder_6.7b,1,experiments/05_choropleth_reliability_benchmark/outputs/runs_iterative_repair/qwen2.5-coder_7b/rules/qwen2.5-coder_7b_rules_C006_join_diagnostics_iter02_20260625_002237,,experiments/05_choropleth_reliability_benchmark/outputs/generated_code_iterative_repair/deepseek-coder_6.7b/qwen2.5-coder_7b/rules/C006_join_diagnostics_rules_iter02.py,qwen2.5-coder_7b,False,,,False,,
diagnostics.json,experiments/05_choropleth_reliability_benchmark/outputs/runs_iterative_repair/qwen2.5-coder_7b/rules/qwen2.5-coder_7b_rules_C006_join_diagnostics_iter02_20260625_002237/diagnostics.json,False,0,,,,False,,,,,2,,diagnostic_json,,rules,,,C006_join_diagnostics,,,deepseek-coder_6.7b,1,experiments/05_choropleth_reliability_benchmark/outputs/runs_iterative_repair/qwen2.5-coder_7b/rules/qwen2.5-coder_7b_rules_C006_join_diagnostics_iter02_20260625_002237,,experiments/05_choropleth_reliability_benchmark/outputs/generated_code_iterative_repair/deepseek-coder_6.7b/qwen2.5-coder_7b/rules/C006_join_diagnostics_rules_iter02.py,qwen2.5-coder_7b,False,,,,False,
map_static.png,experiments/05_choropleth_reliability_benchmark/outputs/runs_iterative_repair/qwen2.5-coder_7b/rules/qwen2.5-coder_7b_rules_C006_join_diagnostics_iter03_20260624_062615/map_static.png,False,0,,,,False,,,,,3,,static_png,,rules,,,C006_join_diagnostics,missing_or_empty,False,qwen2.5-coder_32b,1,experiments/05_choropleth_reliability_benchmark/outputs/runs_iterative_repair/qwen2.5-coder_7b/rules/qwen2.5-coder_7b_rules_C006_join_diagnostics_iter03_20260624_062615,,experiments/05_choropleth_reliability_benchmark/outputs/generated_code_iterative_repair/qwen2.5-coder_32b/qwen2.5-coder_7b/rules/C006_join_diagnostics_rules_iter03.py,qwen2.5-coder_7b,False,,,,,
time_series.png,experiments/05_choropleth_reliability_benchmark/outputs/runs_iterative_repair/qwen2.5-coder_7b/rules/qwen2.5-coder_7b_rules_C006_join_diagnostics_iter03_20260624_062615/time_series.png,False,0,,,,False,,,,,3,,time_series_png,,rules,,,C006_join_diagnostics,missing_or_empty,False,qwen2.5-coder_32b,1,experiments/05_choropleth_reliability_benchmark/outputs/runs_iterative_repair/qwen2.5-coder_7b/rules/qwen2.5-coder_7b_rules_C006_join_diagnostics_iter03_20260624_062615,,experiments/05_choropleth_reliability_benchmark/outputs/generated_code_iterative_repair/qwen2.5-coder_32b/qwen2.5-coder_7b/rules/C006_join_diagnostics_rules_iter03.py,qwen2.5-coder_7b,False,,,,,
map_interactive.html,experiments/05_choropleth_reliability_benchmark/outputs/runs_iterative_repair/qwen2.5-coder_7b/rules/qwen2.5-coder_7b_rules_C006_join_diagnostics_iter03_20260624_062615/map_interactive.html,False,0,,,,False,,,,,3,,interactive_html,,rules,,,C006_join_diagnostics,,,qwen2.5-coder_32b,1,experiments/05_choropleth_reliability_benchmark/outputs/runs_iterative_repair/qwen2.5-coder_7b/rules/qwen2.5-coder_7b_rules_C006_join_diagnostics_iter03_20260624_062615,,experiments/05_choropleth_reliability_benchmark/outputs/generated_code_iterative_repair/qwen2.5-coder_32b/qwen2.5-coder_7b/rules/C006_join_diagnostics_rules_iter03.py,qwen2.5-coder_7b,False,,,False,,
diagnostics.json,experiments/05_choropleth_reliability_benchmark/outputs/runs_iterative_repair/qwen2.5-coder_7b/rules/qwen2.5-coder_7b_rules_C006_join_diagnostics_iter03_20260624_062615/diagnostics.json,True,608,,,,True,,,,,3,,diagnostic_json,,rules,,,C006_join_diagnostics,,,qwen2.5-coder_32b,1,experiments/05_choropleth_reliability_benchmark/outputs/runs_iterative_repair/qwen2.5-coder_7b/rules/qwen2.5-coder_7b_rules_C006_join_diagnostics_iter03_20260624_062615,,experiments/05_choropleth_reliability_benchmark/outputs/generated_code_iterative_repair/qwen2.5-coder_32b/qwen2.5-coder_7b/rules/C006_join_diagnostics_rules_iter03.py,qwen2.5-coder_7b,False,2,,,True,
map_static.png,experiments/05_choropleth_reliability_benchmark/outputs/runs_iterative_repair/qwen2.5-coder_7b/rules/qwen2.5-coder_7b_rules_C006_join_diagnostics_iter03_20260624_232242/map_static.png,False,0,,,,False,,,,,3,,static_png,,rules,,,C006_join_diagnostics,missing_or_empty,False,qwen2.5-coder_7b,1,experiments/05_choropleth_reliability_benchmark/outputs/runs_iterative_repair/qwen2.5-coder_7b/rules/qwen2.5-coder_7b_rules_C006_join_diagnostics_iter03_20260624_232242,,experiments/05_choropleth_reliability_benchmark/outputs/generated_code_iterative_repair/qwen2.5-coder_7b/qwen2.5-coder_7b/rules/C006_join_diagnostics_rules_iter03.py,qwen2.5-coder_7b,False,,,,,
time_series.png,experiments/05_choropleth_reliability_benchmark/outputs/runs_iterative_repair/qwen2.5-coder_7b/rules/qwen2.5-coder_7b_rules_C006_join_diagnostics_iter03_20260624_232242/time_series.png,False,0,,,,False,,,,,3,,time_series_png,,rules,,,C006_join_diagnostics,missing_or_empty,False,qwen2.5-coder_7b,1,experiments/05_choropleth_reliability_benchmark/outputs/runs_iterative_repair/qwen2.5-coder_7b/rules/qwen2.5-coder_7b_rules_C006_join_diagnostics_iter03_20260624_232242,,experiments/05_choropleth_reliability_benchmark/outputs/generated_code_iterative_repair/qwen2.5-coder_7b/qwen2.5-coder_7b/rules/C006_join_diagnostics_rules_iter03.py,qwen2.5-coder_7b,False,,,,,
map_interactive.html,experiments/05_choropleth_reliability_benchmark/outputs/runs_iterative_repair/qwen2.5-coder_7b/rules/qwen2.5-coder_7b_rules_C006_join_diagnostics_iter03_20260624_232242/map_interactive.html,False,0,,,,False,,,,,3,,interactive_html,,rules,,,C006_join_diagnostics,,,qwen2.5-coder_7b,1,experiments/05_choropleth_reliability_benchmark/outputs/runs_iterative_repair/qwen2.5-coder_7b/rules/qwen2.5-coder_7b_rules_C006_join_diagnostics_iter03_20260624_232242,,experiments/05_choropleth_reliability_benchmark/outputs/generated_code_iterative_repair/qwen2.5-coder_7b/qwen2.5-coder_7b/rules/C006_join_diagnostics_rules_iter03.py,qwen2.5-coder_7b,False,,,False,,
diagnostics.json,experiments/05_choropleth_reliability_benchmark/outputs/runs_iterative_repair/qwen2.5-coder_7b/rules/qwen2.5-coder_7b_rules_C006_join_diagnostics_iter03_20260624_232242/diagnostics.json,False,0,,,,False,,,,,3,,diagnostic_json,,rules,,,C006_join_diagnostics,,,qwen2.5-coder_7b,1,experiments/05_choropleth_reliability_benchmark/outputs/runs_iterative_repair/qwen2.5-coder_7b/rules/qwen2.5-coder_7b_rules_C006_join_diagnostics_iter03_20260624_232242,,experiments/05_choropleth_reliability_benchmark/outputs/generated_code_iterative_repair/qwen2.5-coder_7b/qwen2.5-coder_7b/rules/C006_join_diagnostics_rules_iter03.py,qwen2.5-coder_7b,False,,,,False,
map_static.png,experiments/05_choropleth_reliability_benchmark/outputs/runs_iterative_repair/qwen2.5-coder_7b/rules/qwen2.5-coder_7b_rules_C006_join_diagnostics_iter03_20260624_235738/map_static.png,False,0,,,,False,,,,,3,,static_png,,rules,,,C006_join_diagnostics,missing_or_empty,False,qwen2.5-coder_14b,1,experiments/05_choropleth_reliability_benchmark/outputs/runs_iterative_repair/qwen2.5-coder_7b/rules/qwen2.5-coder_7b_rules_C006_join_diagnostics_iter03_20260624_235738,,experiments/05_choropleth_reliability_benchmark/outputs/generated_code_iterative_repair/qwen2.5-coder_14b/qwen2.5-coder_7b/rules/C006_join_diagnostics_rules_iter03.py,qwen2.5-coder_7b,False,,,,,
time_series.png,experiments/05_choropleth_reliability_benchmark/outputs/runs_iterative_repair/qwen2.5-coder_7b/rules/qwen2.5-coder_7b_rules_C006_join_diagnostics_iter03_20260624_235738/time_series.png,False,0,,,,False,,,,,3,,time_series_png,,rules,,,C006_join_diagnostics,missing_or_empty,False,qwen2.5-coder_14b,1,experiments/05_choropleth_reliability_benchmark/outputs/runs_iterative_repair/qwen2.5-coder_7b/rules/qwen2.5-coder_7b_rules_C006_join_diagnostics_iter03_20260624_235738,,experiments/05_choropleth_reliability_benchmark/outputs/generated_code_iterative_repair/qwen2.5-coder_14b/qwen2.5-coder_7b/rules/C006_join_diagnostics_rules_iter03.py,qwen2.5-coder_7b,False,,,,,
map_interactive.html,experiments/05_choropleth_reliability_benchmark/outputs/runs_iterative_repair/qwen2.5-coder_7b/rules/qwen2.5-coder_7b_rules_C006_join_diagnostics_iter03_20260624_235738/map_interactive.html,False,0,,,,False,,,,,3,,interactive_html,,rules,,,C006_join_diagnostics,,,qwen2.5-coder_14b,1,experiments/05_choropleth_reliability_benchmark/outputs/runs_iterative_repair/qwen2.5-coder_7b/rules/qwen2.5-coder_7b_rules_C006_join_diagnostics_iter03_20260624_235738,,experiments/05_choropleth_reliability_benchmark/outputs/generated_code_iterative_repair/qwen2.5-coder_14b/qwen2.5-coder_7b/rules/C006_join_diagnostics_rules_iter03.py,qwen2.5-coder_7b,False,,,False,,
diagnostics.json,experiments/05_choropleth_reliability_benchmark/outputs/runs_iterative_repair/qwen2.5-coder_7b/rules/qwen2.5-coder_7b_rules_C006_join_diagnostics_iter03_20260624_235738/diagnostics.json,True,27,,,,True,,,,,3,,diagnostic_json,,rules,,,C006_join_diagnostics,,,qwen2.5-coder_14b,1,experiments/05_choropleth_reliability_benchmark/outputs/runs_iterative_repair/qwen2.5-coder_7b/rules/qwen2.5-coder_7b_rules_C006_join_diagnostics_iter03_20260624_235738,,experiments/05_choropleth_reliability_benchmark/outputs/generated_code_iterative_repair/qwen2.5-coder_14b/qwen2.5-coder_7b/rules/C006_join_diagnostics_rules_iter03.py,qwen2.5-coder_7b,False,1,,,True,
map_static.png,experiments/05_choropleth_reliability_benchmark/outputs/runs_iterative_repair/qwen2.5-coder_7b/rules/qwen2.5-coder_7b_rules_C007_wrong_column_guard_iter01_20260624_041501/map_static.png,False,0,,,,False,,,,,1,,static_png,,rules,,,C007_wrong_column_guard,missing_or_empty,False,qwen2.5-coder_32b,1,experiments/05_choropleth_reliability_benchmark/outputs/runs_iterative_repair/qwen2.5-coder_7b/rules/qwen2.5-coder_7b_rules_C007_wrong_column_guard_iter01_20260624_041501,,experiments/05_choropleth_reliability_benchmark/outputs/generated_code_iterative_repair/qwen2.5-coder_32b/qwen2.5-coder_7b/rules/C007_wrong_column_guard_rules_iter01.py,qwen2.5-coder_7b,False,,,,,
time_series.png,experiments/05_choropleth_reliability_benchmark/outputs/runs_iterative_repair/qwen2.5-coder_7b/rules/qwen2.5-coder_7b_rules_C007_wrong_column_guard_iter01_20260624_041501/time_series.png,False,0,,,,False,,,,,1,,time_series_png,,rules,,,C007_wrong_column_guard,missing_or_empty,False,qwen2.5-coder_32b,1,experiments/05_choropleth_reliability_benchmark/outputs/runs_iterative_repair/qwen2.5-coder_7b/rules/qwen2.5-coder_7b_rules_C007_wrong_column_guard_iter01_20260624_041501,,experiments/05_choropleth_reliability_benchmark/outputs/generated_code_iterative_repair/qwen2.5-coder_32b/qwen2.5-coder_7b/rules/C007_wrong_column_guard_rules_iter01.py,qwen2.5-coder_7b,False,,,,,
map_interactive.html,experiments/05_choropleth_reliability_benchmark/outputs/runs_iterative_repair/qwen2.5-coder_7b/rules/qwen2.5-coder_7b_rules_C007_wrong_column_guard_iter01_20260624_041501/map_interactive.html,False,0,,,,False,,,,,1,,interactive_html,,rules,,,C007_wrong_column_guard,,,qwen2.5-coder_32b,1,experiments/05_choropleth_reliability_benchmark/outputs/runs_iterative_repair/qwen2.5-coder_7b/rules/qwen2.5-coder_7b_rules_C007_wrong_column_guard_iter01_20260624_041501,,experiments/05_choropleth_reliability_benchmark/outputs/generated_code_iterative_repair/qwen2.5-coder_32b/qwen2.5-coder_7b/rules/C007_wrong_column_guard_rules_iter01.py,qwen2.5-coder_7b,False,,,False,,
diagnostics.json,experiments/05_choropleth_reliability_benchmark/outputs/runs_iterative_repair/qwen2.5-coder_7b/rules/qwen2.5-coder_7b_rules_C007_wrong_column_guard_iter01_20260624_041501/diagnostics.json,True,2,,,,True,,,,,1,,diagnostic_json,,rules,,,C007_wrong_column_guard,,,qwen2.5-coder_32b,1,experiments/05_choropleth_reliability_benchmark/outputs/runs_iterative_repair/qwen2.5-coder_7b/rules/qwen2.5-coder_7b_rules_C007_wrong_column_guard_iter01_20260624_041501,,experiments/05_choropleth_reliability_benchmark/outputs/generated_code_iterative_repair/qwen2.5-coder_32b/qwen2.5-coder_7b/rules/C007_wrong_column_guard_rules_iter01.py,qwen2.5-coder_7b,False,0,,,True,
map_static.png,experiments/05_choropleth_reliability_benchmark/outputs/runs_iterative_repair/qwen2.5-coder_7b/rules/qwen2.5-coder_7b_rules_C007_wrong_column_guard_iter01_20260624_071128/map_static.png,False,0,,,,False,,,,,1,,static_png,,rules,,,C007_wrong_column_guard,missing_or_empty,False,qwen2.5-coder_14b,1,experiments/05_choropleth_reliability_benchmark/outputs/runs_iterative_repair/qwen2.5-coder_7b/rules/qwen2.5-coder_7b_rules_C007_wrong_column_guard_iter01_20260624_071128,,experiments/05_choropleth_reliability_benchmark/outputs/generated_code_iterative_repair/qwen2.5-coder_14b/qwen2.5-coder_7b/rules/C007_wrong_column_guard_rules_iter01.py,qwen2.5-coder_7b,False,,,,,
time_series.png,experiments/05_choropleth_reliability_benchmark/outputs/runs_iterative_repair/qwen2.5-coder_7b/rules/qwen2.5-coder_7b_rules_C007_wrong_column_guard_iter01_20260624_071128/time_series.png,False,0,,,,False,,,,,1,,time_series_png,,rules,,,C007_wrong_column_guard,missing_or_empty,False,qwen2.5-coder_14b,1,experiments/05_choropleth_reliability_benchmark/outputs/runs_iterative_repair/qwen2.5-coder_7b/rules/qwen2.5-coder_7b_rules_C007_wrong_column_guard_iter01_20260624_071128,,experiments/05_choropleth_reliability_benchmark/outputs/generated_code_iterative_repair/qwen2.5-coder_14b/qwen2.5-coder_7b/rules/C007_wrong_column_guard_rules_iter01.py,qwen2.5-coder_7b,False,,,,,
map_interactive.html,experiments/05_choropleth_reliability_benchmark/outputs/runs_iterative_repair/qwen2.5-coder_7b/rules/qwen2.5-coder_7b_rules_C007_wrong_column_guard_iter01_20260624_071128/map_interactive.html,False,0,,,,False,,,,,1,,interactive_html,,rules,,,C007_wrong_column_guard,,,qwen2.5-coder_14b,1,experiments/05_choropleth_reliability_benchmark/outputs/runs_iterative_repair/qwen2.5-coder_7b/rules/qwen2.5-coder_7b_rules_C007_wrong_column_guard_iter01_20260624_071128,,experiments/05_choropleth_reliability_benchmark/outputs/generated_code_iterative_repair/qwen2.5-coder_14b/qwen2.5-coder_7b/rules/C007_wrong_column_guard_rules_iter01.py,qwen2.5-coder_7b,False,,,False,,
diagnostics.json,experiments/05_choropleth_reliability_benchmark/outputs/runs_iterative_repair/qwen2.5-coder_7b/rules/qwen2.5-coder_7b_rules_C007_wrong_column_guard_iter01_20260624_071128/diagnostics.json,True,2,,,,True,,,,,1,,diagnostic_json,,rules,,,C007_wrong_column_guard,,,qwen2.5-coder_14b,1,experiments/05_choropleth_reliability_benchmark/outputs/runs_iterative_repair/qwen2.5-coder_7b/rules/qwen2.5-coder_7b_rules_C007_wrong_column_guard_iter01_20260624_071128,,experiments/05_choropleth_reliability_benchmark/outputs/generated_code_iterative_repair/qwen2.5-coder_14b/qwen2.5-coder_7b/rules/C007_wrong_column_guard_rules_iter01.py,qwen2.5-coder_7b,False,0,,,True,
map_static.png,experiments/05_choropleth_reliability_benchmark/outputs/runs_iterative_repair/qwen2.5-coder_7b/rules/qwen2.5-coder_7b_rules_C007_wrong_column_guard_iter01_20260624_072358/map_static.png,False,0,,,,False,,,,,1,,static_png,,rules,,,C007_wrong_column_guard,missing_or_empty,False,qwen2.5-coder_7b,1,experiments/05_choropleth_reliability_benchmark/outputs/runs_iterative_repair/qwen2.5-coder_7b/rules/qwen2.5-coder_7b_rules_C007_wrong_column_guard_iter01_20260624_072358,,experiments/05_choropleth_reliability_benchmark/outputs/generated_code_iterative_repair/qwen2.5-coder_7b/qwen2.5-coder_7b/rules/C007_wrong_column_guard_rules_iter01.py,qwen2.5-coder_7b,False,,,,,
time_series.png,experiments/05_choropleth_reliability_benchmark/outputs/runs_iterative_repair/qwen2.5-coder_7b/rules/qwen2.5-coder_7b_rules_C007_wrong_column_guard_iter01_20260624_072358/time_series.png,False,0,,,,False,,,,,1,,time_series_png,,rules,,,C007_wrong_column_guard,missing_or_empty,False,qwen2.5-coder_7b,1,experiments/05_choropleth_reliability_benchmark/outputs/runs_iterative_repair/qwen2.5-coder_7b/rules/qwen2.5-coder_7b_rules_C007_wrong_column_guard_iter01_20260624_072358,,experiments/05_choropleth_reliability_benchmark/outputs/generated_code_iterative_repair/qwen2.5-coder_7b/qwen2.5-coder_7b/rules/C007_wrong_column_guard_rules_iter01.py,qwen2.5-coder_7b,False,,,,,
map_interactive.html,experiments/05_choropleth_reliability_benchmark/outputs/runs_iterative_repair/qwen2.5-coder_7b/rules/qwen2.5-coder_7b_rules_C007_wrong_column_guard_iter01_20260624_072358/map_interactive.html,False,0,,,,False,,,,,1,,interactive_html,,rules,,,C007_wrong_column_guard,,,qwen2.5-coder_7b,1,experiments/05_choropleth_reliability_benchmark/outputs/runs_iterative_repair/qwen2.5-coder_7b/rules/qwen2.5-coder_7b_rules_C007_wrong_column_guard_iter01_20260624_072358,,experiments/05_choropleth_reliability_benchmark/outputs/generated_code_iterative_repair/qwen2.5-coder_7b/qwen2.5-coder_7b/rules/C007_wrong_column_guard_rules_iter01.py,qwen2.5-coder_7b,False,,,False,,
diagnostics.json,experiments/05_choropleth_reliability_benchmark/outputs/runs_iterative_repair/qwen2.5-coder_7b/rules/qwen2.5-coder_7b_rules_C007_wrong_column_guard_iter01_20260624_072358/diagnostics.json,False,0,,,,False,,,,,1,,diagnostic_json,,rules,,,C007_wrong_column_guard,,,qwen2.5-coder_7b,1,experiments/05_choropleth_reliability_benchmark/outputs/runs_iterative_repair/qwen2.5-coder_7b/rules/qwen2.5-coder_7b_rules_C007_wrong_column_guard_iter01_20260624_072358,,experiments/05_choropleth_reliability_benchmark/outputs/generated_code_iterative_repair/qwen2.5-coder_7b/qwen2.5-coder_7b/rules/C007_wrong_column_guard_rules_iter01.py,qwen2.5-coder_7b,False,,,,False,
map_static.png,experiments/05_choropleth_reliability_benchmark/outputs/runs_iterative_repair/qwen2.5-coder_7b/rules/qwen2.5-coder_7b_rules_C007_wrong_column_guard_iter01_20260624_073002/map_static.png,False,0,,,,False,,,,,1,,static_png,,rules,,,C007_wrong_column_guard,missing_or_empty,False,deepseek-coder_6.7b,1,experiments/05_choropleth_reliability_benchmark/outputs/runs_iterative_repair/qwen2.5-coder_7b/rules/qwen2.5-coder_7b_rules_C007_wrong_column_guard_iter01_20260624_073002,,experiments/05_choropleth_reliability_benchmark/outputs/generated_code_iterative_repair/deepseek-coder_6.7b/qwen2.5-coder_7b/rules/C007_wrong_column_guard_rules_iter01.py,qwen2.5-coder_7b,False,,,,,
time_series.png,experiments/05_choropleth_reliability_benchmark/outputs/runs_iterative_repair/qwen2.5-coder_7b/rules/qwen2.5-coder_7b_rules_C007_wrong_column_guard_iter01_20260624_073002/time_series.png,False,0,,,,False,,,,,1,,time_series_png,,rules,,,C007_wrong_column_guard,missing_or_empty,False,deepseek-coder_6.7b,1,experiments/05_choropleth_reliability_benchmark/outputs/runs_iterative_repair/qwen2.5-coder_7b/rules/qwen2.5-coder_7b_rules_C007_wrong_column_guard_iter01_20260624_073002,,experiments/05_choropleth_reliability_benchmark/outputs/generated_code_iterative_repair/deepseek-coder_6.7b/qwen2.5-coder_7b/rules/C007_wrong_column_guard_rules_iter01.py,qwen2.5-coder_7b,False,,,,,
map_interactive.html,experiments/05_choropleth_reliability_benchmark/outputs/runs_iterative_repair/qwen2.5-coder_7b/rules/qwen2.5-coder_7b_rules_C007_wrong_column_guard_iter01_20260624_073002/map_interactive.html,False,0,,,,False,,,,,1,,interactive_html,,rules,,,C007_wrong_column_guard,,,deepseek-coder_6.7b,1,experiments/05_choropleth_reliability_benchmark/outputs/runs_iterative_repair/qwen2.5-coder_7b/rules/qwen2.5-coder_7b_rules_C007_wrong_column_guard_iter01_20260624_073002,,experiments/05_choropleth_reliability_benchmark/outputs/generated_code_iterative_repair/deepseek-coder_6.7b/qwen2.5-coder_7b/rules/C007_wrong_column_guard_rules_iter01.py,qwen2.5-coder_7b,False,,,False,,
diagnostics.json,experiments/05_choropleth_reliability_benchmark/outputs/runs_iterative_repair/qwen2.5-coder_7b/rules/qwen2.5-coder_7b_rules_C007_wrong_column_guard_iter01_20260624_073002/diagnostics.json,False,0,,,,False,,,,,1,,diagnostic_json,,rules,,,C007_wrong_column_guard,,,deepseek-coder_6.7b,1,experiments/05_choropleth_reliability_benchmark/outputs/runs_iterative_repair/qwen2.5-coder_7b/rules/qwen2.5-coder_7b_rules_C007_wrong_column_guard_iter01_20260624_073002,,experiments/05_choropleth_reliability_benchmark/outputs/generated_code_iterative_repair/deepseek-coder_6.7b/qwen2.5-coder_7b/rules/C007_wrong_column_guard_rules_iter01.py,qwen2.5-coder_7b,False,,,,False,
map_static.png,experiments/05_choropleth_reliability_benchmark/outputs/runs_iterative_repair/qwen2.5-coder_7b/rules/qwen2.5-coder_7b_rules_C007_wrong_column_guard_iter02_20260624_041640/map_static.png,False,0,,,,False,,,,,2,,static_png,,rules,,,C007_wrong_column_guard,missing_or_empty,False,qwen2.5-coder_32b,1,experiments/05_choropleth_reliability_benchmark/outputs/runs_iterative_repair/qwen2.5-coder_7b/rules/qwen2.5-coder_7b_rules_C007_wrong_column_guard_iter02_20260624_041640,,experiments/05_choropleth_reliability_benchmark/outputs/generated_code_iterative_repair/qwen2.5-coder_32b/qwen2.5-coder_7b/rules/C007_wrong_column_guard_rules_iter02.py,qwen2.5-coder_7b,False,,,,,
time_series.png,experiments/05_choropleth_reliability_benchmark/outputs/runs_iterative_repair/qwen2.5-coder_7b/rules/qwen2.5-coder_7b_rules_C007_wrong_column_guard_iter02_20260624_041640/time_series.png,False,0,,,,False,,,,,2,,time_series_png,,rules,,,C007_wrong_column_guard,missing_or_empty,False,qwen2.5-coder_32b,1,experiments/05_choropleth_reliability_benchmark/outputs/runs_iterative_repair/qwen2.5-coder_7b/rules/qwen2.5-coder_7b_rules_C007_wrong_column_guard_iter02_20260624_041640,,experiments/05_choropleth_reliability_benchmark/outputs/generated_code_iterative_repair/qwen2.5-coder_32b/qwen2.5-coder_7b/rules/C007_wrong_column_guard_rules_iter02.py,qwen2.5-coder_7b,False,,,,,
map_interactive.html,experiments/05_choropleth_reliability_benchmark/outputs/runs_iterative_repair/qwen2.5-coder_7b/rules/qwen2.5-coder_7b_rules_C007_wrong_column_guard_iter02_20260624_041640/map_interactive.html,False,0,,,,False,,,,,2,,interactive_html,,rules,,,C007_wrong_column_guard,,,qwen2.5-coder_32b,1,experiments/05_choropleth_reliability_benchmark/outputs/runs_iterative_repair/qwen2.5-coder_7b/rules/qwen2.5-coder_7b_rules_C007_wrong_column_guard_iter02_20260624_041640,,experiments/05_choropleth_reliability_benchmark/outputs/generated_code_iterative_repair/qwen2.5-coder_32b/qwen2.5-coder_7b/rules/C007_wrong_column_guard_rules_iter02.py,qwen2.5-coder_7b,False,,,False,,
diagnostics.json,experiments/05_choropleth_reliability_benchmark/outputs/runs_iterative_repair/qwen2.5-coder_7b/rules/qwen2.5-coder_7b_rules_C007_wrong_column_guard_iter02_20260624_041640/diagnostics.json,True,2,,,,True,,,,,2,,diagnostic_json,,rules,,,C007_wrong_column_guard,,,qwen2.5-coder_32b,1,experiments/05_choropleth_reliability_benchmark/outputs/runs_iterative_repair/qwen2.5-coder_7b/rules/qwen2.5-coder_7b_rules_C007_wrong_column_guard_iter02_20260624_041640,,experiments/05_choropleth_reliability_benchmark/outputs/generated_code_iterative_repair/qwen2.5-coder_32b/qwen2.5-coder_7b/rules/C007_wrong_column_guard_rules_iter02.py,qwen2.5-coder_7b,False,0,,,True,
map_static.png,experiments/05_choropleth_reliability_benchmark/outputs/runs_iterative_repair/qwen2.5-coder_7b/rules/qwen2.5-coder_7b_rules_C007_wrong_column_guard_iter02_20260624_071207/map_static.png,False,0,,,,False,,,,,2,,static_png,,rules,,,C007_wrong_column_guard,missing_or_empty,False,qwen2.5-coder_14b,1,experiments/05_choropleth_reliability_benchmark/outputs/runs_iterative_repair/qwen2.5-coder_7b/rules/qwen2.5-coder_7b_rules_C007_wrong_column_guard_iter02_20260624_071207,,experiments/05_choropleth_reliability_benchmark/outputs/generated_code_iterative_repair/qwen2.5-coder_14b/qwen2.5-coder_7b/rules/C007_wrong_column_guard_rules_iter02.py,qwen2.5-coder_7b,False,,,,,
time_series.png,experiments/05_choropleth_reliability_benchmark/outputs/runs_iterative_repair/qwen2.5-coder_7b/rules/qwen2.5-coder_7b_rules_C007_wrong_column_guard_iter02_20260624_071207/time_series.png,False,0,,,,False,,,,,2,,time_series_png,,rules,,,C007_wrong_column_guard,missing_or_empty,False,qwen2.5-coder_14b,1,experiments/05_choropleth_reliability_benchmark/outputs/runs_iterative_repair/qwen2.5-coder_7b/rules/qwen2.5-coder_7b_rules_C007_wrong_column_guard_iter02_20260624_071207,,experiments/05_choropleth_reliability_benchmark/outputs/generated_code_iterative_repair/qwen2.5-coder_14b/qwen2.5-coder_7b/rules/C007_wrong_column_guard_rules_iter02.py,qwen2.5-coder_7b,False,,,,,
map_interactive.html,experiments/05_choropleth_reliability_benchmark/outputs/runs_iterative_repair/qwen2.5-coder_7b/rules/qwen2.5-coder_7b_rules_C007_wrong_column_guard_iter02_20260624_071207/map_interactive.html,False,0,,,,False,,,,,2,,interactive_html,,rules,,,C007_wrong_column_guard,,,qwen2.5-coder_14b,1,experiments/05_choropleth_reliability_benchmark/outputs/runs_iterative_repair/qwen2.5-coder_7b/rules/qwen2.5-coder_7b_rules_C007_wrong_column_guard_iter02_20260624_071207,,experiments/05_choropleth_reliability_benchmark/outputs/generated_code_iterative_repair/qwen2.5-coder_14b/qwen2.5-coder_7b/rules/C007_wrong_column_guard_rules_iter02.py,qwen2.5-coder_7b,False,,,False,,
diagnostics.json,experiments/05_choropleth_reliability_benchmark/outputs/runs_iterative_repair/qwen2.5-coder_7b/rules/qwen2.5-coder_7b_rules_C007_wrong_column_guard_iter02_20260624_071207/diagnostics.json,True,2,,,,True,,,,,2,,diagnostic_json,,rules,,,C007_wrong_column_guard,,,qwen2.5-coder_14b,1,experiments/05_choropleth_reliability_benchmark/outputs/runs_iterative_repair/qwen2.5-coder_7b/rules/qwen2.5-coder_7b_rules_C007_wrong_column_guard_iter02_20260624_071207,,experiments/05_choropleth_reliability_benchmark/outputs/generated_code_iterative_repair/qwen2.5-coder_14b/qwen2.5-coder_7b/rules/C007_wrong_column_guard_rules_iter02.py,qwen2.5-coder_7b,False,0,,,True,
map_static.png,experiments/05_choropleth_reliability_benchmark/outputs/runs_iterative_repair/qwen2.5-coder_7b/rules/qwen2.5-coder_7b_rules_C007_wrong_column_guard_iter02_20260624_072415/map_static.png,False,0,,,,False,,,,,2,,static_png,,rules,,,C007_wrong_column_guard,missing_or_empty,False,qwen2.5-coder_7b,1,experiments/05_choropleth_reliability_benchmark/outputs/runs_iterative_repair/qwen2.5-coder_7b/rules/qwen2.5-coder_7b_rules_C007_wrong_column_guard_iter02_20260624_072415,,experiments/05_choropleth_reliability_benchmark/outputs/generated_code_iterative_repair/qwen2.5-coder_7b/qwen2.5-coder_7b/rules/C007_wrong_column_guard_rules_iter02.py,qwen2.5-coder_7b,False,,,,,
time_series.png,experiments/05_choropleth_reliability_benchmark/outputs/runs_iterative_repair/qwen2.5-coder_7b/rules/qwen2.5-coder_7b_rules_C007_wrong_column_guard_iter02_20260624_072415/time_series.png,False,0,,,,False,,,,,2,,time_series_png,,rules,,,C007_wrong_column_guard,missing_or_empty,False,qwen2.5-coder_7b,1,experiments/05_choropleth_reliability_benchmark/outputs/runs_iterative_repair/qwen2.5-coder_7b/rules/qwen2.5-coder_7b_rules_C007_wrong_column_guard_iter02_20260624_072415,,experiments/05_choropleth_reliability_benchmark/outputs/generated_code_iterative_repair/qwen2.5-coder_7b/qwen2.5-coder_7b/rules/C007_wrong_column_guard_rules_iter02.py,qwen2.5-coder_7b,False,,,,,
map_interactive.html,experiments/05_choropleth_reliability_benchmark/outputs/runs_iterative_repair/qwen2.5-coder_7b/rules/qwen2.5-coder_7b_rules_C007_wrong_column_guard_iter02_20260624_072415/map_interactive.html,False,0,,,,False,,,,,2,,interactive_html,,rules,,,C007_wrong_column_guard,,,qwen2.5-coder_7b,1,experiments/05_choropleth_reliability_benchmark/outputs/runs_iterative_repair/qwen2.5-coder_7b/rules/qwen2.5-coder_7b_rules_C007_wrong_column_guard_iter02_20260624_072415,,experiments/05_choropleth_reliability_benchmark/outputs/generated_code_iterative_repair/qwen2.5-coder_7b/qwen2.5-coder_7b/rules/C007_wrong_column_guard_rules_iter02.py,qwen2.5-coder_7b,False,,,False,,
diagnostics.json,experiments/05_choropleth_reliability_benchmark/outputs/runs_iterative_repair/qwen2.5-coder_7b/rules/qwen2.5-coder_7b_rules_C007_wrong_column_guard_iter02_20260624_072415/diagnostics.json,False,0,,,,False,,,,,2,,diagnostic_json,,rules,,,C007_wrong_column_guard,,,qwen2.5-coder_7b,1,experiments/05_choropleth_reliability_benchmark/outputs/runs_iterative_repair/qwen2.5-coder_7b/rules/qwen2.5-coder_7b_rules_C007_wrong_column_guard_iter02_20260624_072415,,experiments/05_choropleth_reliability_benchmark/outputs/generated_code_iterative_repair/qwen2.5-coder_7b/qwen2.5-coder_7b/rules/C007_wrong_column_guard_rules_iter02.py,qwen2.5-coder_7b,False,,,,False,
map_static.png,experiments/05_choropleth_reliability_benchmark/outputs/runs_iterative_repair/qwen2.5-coder_7b/rules/qwen2.5-coder_7b_rules_C007_wrong_column_guard_iter02_20260624_073014/map_static.png,False,0,,,,False,,,,,2,,static_png,,rules,,,C007_wrong_column_guard,missing_or_empty,False,deepseek-coder_6.7b,1,experiments/05_choropleth_reliability_benchmark/outputs/runs_iterative_repair/qwen2.5-coder_7b/rules/qwen2.5-coder_7b_rules_C007_wrong_column_guard_iter02_20260624_073014,,experiments/05_choropleth_reliability_benchmark/outputs/generated_code_iterative_repair/deepseek-coder_6.7b/qwen2.5-coder_7b/rules/C007_wrong_column_guard_rules_iter02.py,qwen2.5-coder_7b,False,,,,,
time_series.png,experiments/05_choropleth_reliability_benchmark/outputs/runs_iterative_repair/qwen2.5-coder_7b/rules/qwen2.5-coder_7b_rules_C007_wrong_column_guard_iter02_20260624_073014/time_series.png,False,0,,,,False,,,,,2,,time_series_png,,rules,,,C007_wrong_column_guard,missing_or_empty,False,deepseek-coder_6.7b,1,experiments/05_choropleth_reliability_benchmark/outputs/runs_iterative_repair/qwen2.5-coder_7b/rules/qwen2.5-coder_7b_rules_C007_wrong_column_guard_iter02_20260624_073014,,experiments/05_choropleth_reliability_benchmark/outputs/generated_code_iterative_repair/deepseek-coder_6.7b/qwen2.5-coder_7b/rules/C007_wrong_column_guard_rules_iter02.py,qwen2.5-coder_7b,False,,,,,
map_interactive.html,experiments/05_choropleth_reliability_benchmark/outputs/runs_iterative_repair/qwen2.5-coder_7b/rules/qwen2.5-coder_7b_rules_C007_wrong_column_guard_iter02_20260624_073014/map_interactive.html,False,0,,,,False,,,,,2,,interactive_html,,rules,,,C007_wrong_column_guard,,,deepseek-coder_6.7b,1,experiments/05_choropleth_reliability_benchmark/outputs/runs_iterative_repair/qwen2.5-coder_7b/rules/qwen2.5-coder_7b_rules_C007_wrong_column_guard_iter02_20260624_073014,,experiments/05_choropleth_reliability_benchmark/outputs/generated_code_iterative_repair/deepseek-coder_6.7b/qwen2.5-coder_7b/rules/C007_wrong_column_guard_rules_iter02.py,qwen2.5-coder_7b,False,,,False,,
diagnostics.json,experiments/05_choropleth_reliability_benchmark/outputs/runs_iterative_repair/qwen2.5-coder_7b/rules/qwen2.5-coder_7b_rules_C007_wrong_column_guard_iter02_20260624_073014/diagnostics.json,True,64,,,,True,,,,,2,,diagnostic_json,,rules,,,C007_wrong_column_guard,,,deepseek-coder_6.7b,1,experiments/05_choropleth_reliability_benchmark/outputs/runs_iterative_repair/qwen2.5-coder_7b/rules/qwen2.5-coder_7b_rules_C007_wrong_column_guard_iter02_20260624_073014,,experiments/05_choropleth_reliability_benchmark/outputs/generated_code_iterative_repair/deepseek-coder_6.7b/qwen2.5-coder_7b/rules/C007_wrong_column_guard_rules_iter02.py,qwen2.5-coder_7b,False,1,,,True,
map_static.png,experiments/05_choropleth_reliability_benchmark/outputs/runs_iterative_repair/qwen2.5-coder_7b/rules/qwen2.5-coder_7b_rules_C007_wrong_column_guard_iter03_20260624_061742/map_static.png,False,0,,,,False,,,,,3,,static_png,,rules,,,C007_wrong_column_guard,missing_or_empty,False,qwen2.5-coder_32b,1,experiments/05_choropleth_reliability_benchmark/outputs/runs_iterative_repair/qwen2.5-coder_7b/rules/qwen2.5-coder_7b_rules_C007_wrong_column_guard_iter03_20260624_061742,,experiments/05_choropleth_reliability_benchmark/outputs/generated_code_iterative_repair/qwen2.5-coder_32b/qwen2.5-coder_7b/rules/C007_wrong_column_guard_rules_iter03.py,qwen2.5-coder_7b,False,,,,,
time_series.png,experiments/05_choropleth_reliability_benchmark/outputs/runs_iterative_repair/qwen2.5-coder_7b/rules/qwen2.5-coder_7b_rules_C007_wrong_column_guard_iter03_20260624_061742/time_series.png,False,0,,,,False,,,,,3,,time_series_png,,rules,,,C007_wrong_column_guard,missing_or_empty,False,qwen2.5-coder_32b,1,experiments/05_choropleth_reliability_benchmark/outputs/runs_iterative_repair/qwen2.5-coder_7b/rules/qwen2.5-coder_7b_rules_C007_wrong_column_guard_iter03_20260624_061742,,experiments/05_choropleth_reliability_benchmark/outputs/generated_code_iterative_repair/qwen2.5-coder_32b/qwen2.5-coder_7b/rules/C007_wrong_column_guard_rules_iter03.py,qwen2.5-coder_7b,False,,,,,
map_interactive.html,experiments/05_choropleth_reliability_benchmark/outputs/runs_iterative_repair/qwen2.5-coder_7b/rules/qwen2.5-coder_7b_rules_C007_wrong_column_guard_iter03_20260624_061742/map_interactive.html,False,0,,,,False,,,,,3,,interactive_html,,rules,,,C007_wrong_column_guard,,,qwen2.5-coder_32b,1,experiments/05_choropleth_reliability_benchmark/outputs/runs_iterative_repair/qwen2.5-coder_7b/rules/qwen2.5-coder_7b_rules_C007_wrong_column_guard_iter03_20260624_061742,,experiments/05_choropleth_reliability_benchmark/outputs/generated_code_iterative_repair/qwen2.5-coder_32b/qwen2.5-coder_7b/rules/C007_wrong_column_guard_rules_iter03.py,qwen2.5-coder_7b,False,,,False,,
diagnostics.json,experiments/05_choropleth_reliability_benchmark/outputs/runs_iterative_repair/qwen2.5-coder_7b/rules/qwen2.5-coder_7b_rules_C007_wrong_column_guard_iter03_20260624_061742/diagnostics.json,True,2,,,,True,,,,,3,,diagnostic_json,,rules,,,C007_wrong_column_guard,,,qwen2.5-coder_32b,1,experiments/05_choropleth_reliability_benchmark/outputs/runs_iterative_repair/qwen2.5-coder_7b/rules/qwen2.5-coder_7b_rules_C007_wrong_column_guard_iter03_20260624_061742,,experiments/05_choropleth_reliability_benchmark/outputs/generated_code_iterative_repair/qwen2.5-coder_32b/qwen2.5-coder_7b/rules/C007_wrong_column_guard_rules_iter03.py,qwen2.5-coder_7b,False,0,,,True,
map_static.png,experiments/05_choropleth_reliability_benchmark/outputs/runs_iterative_repair/qwen2.5-coder_7b/rules/qwen2.5-coder_7b_rules_C007_wrong_column_guard_iter03_20260624_230926/map_static.png,False,0,,,,False,,,,,3,,static_png,,rules,,,C007_wrong_column_guard,missing_or_empty,False,qwen2.5-coder_7b,1,experiments/05_choropleth_reliability_benchmark/outputs/runs_iterative_repair/qwen2.5-coder_7b/rules/qwen2.5-coder_7b_rules_C007_wrong_column_guard_iter03_20260624_230926,,experiments/05_choropleth_reliability_benchmark/outputs/generated_code_iterative_repair/qwen2.5-coder_7b/qwen2.5-coder_7b/rules/C007_wrong_column_guard_rules_iter03.py,qwen2.5-coder_7b,False,,,,,
time_series.png,experiments/05_choropleth_reliability_benchmark/outputs/runs_iterative_repair/qwen2.5-coder_7b/rules/qwen2.5-coder_7b_rules_C007_wrong_column_guard_iter03_20260624_230926/time_series.png,False,0,,,,False,,,,,3,,time_series_png,,rules,,,C007_wrong_column_guard,missing_or_empty,False,qwen2.5-coder_7b,1,experiments/05_choropleth_reliability_benchmark/outputs/runs_iterative_repair/qwen2.5-coder_7b/rules/qwen2.5-coder_7b_rules_C007_wrong_column_guard_iter03_20260624_230926,,experiments/05_choropleth_reliability_benchmark/outputs/generated_code_iterative_repair/qwen2.5-coder_7b/qwen2.5-coder_7b/rules/C007_wrong_column_guard_rules_iter03.py,qwen2.5-coder_7b,False,,,,,
map_interactive.html,experiments/05_choropleth_reliability_benchmark/outputs/runs_iterative_repair/qwen2.5-coder_7b/rules/qwen2.5-coder_7b_rules_C007_wrong_column_guard_iter03_20260624_230926/map_interactive.html,False,0,,,,False,,,,,3,,interactive_html,,rules,,,C007_wrong_column_guard,,,qwen2.5-coder_7b,1,experiments/05_choropleth_reliability_benchmark/outputs/runs_iterative_repair/qwen2.5-coder_7b/rules/qwen2.5-coder_7b_rules_C007_wrong_column_guard_iter03_20260624_230926,,experiments/05_choropleth_reliability_benchmark/outputs/generated_code_iterative_repair/qwen2.5-coder_7b/qwen2.5-coder_7b/rules/C007_wrong_column_guard_rules_iter03.py,qwen2.5-coder_7b,False,,,False,,
diagnostics.json,experiments/05_choropleth_reliability_benchmark/outputs/runs_iterative_repair/qwen2.5-coder_7b/rules/qwen2.5-coder_7b_rules_C007_wrong_column_guard_iter03_20260624_230926/diagnostics.json,False,0,,,,False,,,,,3,,diagnostic_json,,rules,,,C007_wrong_column_guard,,,qwen2.5-coder_7b,1,experiments/05_choropleth_reliability_benchmark/outputs/runs_iterative_repair/qwen2.5-coder_7b/rules/qwen2.5-coder_7b_rules_C007_wrong_column_guard_iter03_20260624_230926,,experiments/05_choropleth_reliability_benchmark/outputs/generated_code_iterative_repair/qwen2.5-coder_7b/qwen2.5-coder_7b/rules/C007_wrong_column_guard_rules_iter03.py,qwen2.5-coder_7b,False,,,,False,
map_static.png,experiments/05_choropleth_reliability_benchmark/outputs/runs_iterative_repair/qwen2.5-coder_7b/rules/qwen2.5-coder_7b_rules_C007_wrong_column_guard_iter03_20260624_233308/map_static.png,False,0,,,,False,,,,,3,,static_png,,rules,,,C007_wrong_column_guard,missing_or_empty,False,qwen2.5-coder_14b,1,experiments/05_choropleth_reliability_benchmark/outputs/runs_iterative_repair/qwen2.5-coder_7b/rules/qwen2.5-coder_7b_rules_C007_wrong_column_guard_iter03_20260624_233308,,experiments/05_choropleth_reliability_benchmark/outputs/generated_code_iterative_repair/qwen2.5-coder_14b/qwen2.5-coder_7b/rules/C007_wrong_column_guard_rules_iter03.py,qwen2.5-coder_7b,False,,,,,
time_series.png,experiments/05_choropleth_reliability_benchmark/outputs/runs_iterative_repair/qwen2.5-coder_7b/rules/qwen2.5-coder_7b_rules_C007_wrong_column_guard_iter03_20260624_233308/time_series.png,False,0,,,,False,,,,,3,,time_series_png,,rules,,,C007_wrong_column_guard,missing_or_empty,False,qwen2.5-coder_14b,1,experiments/05_choropleth_reliability_benchmark/outputs/runs_iterative_repair/qwen2.5-coder_7b/rules/qwen2.5-coder_7b_rules_C007_wrong_column_guard_iter03_20260624_233308,,experiments/05_choropleth_reliability_benchmark/outputs/generated_code_iterative_repair/qwen2.5-coder_14b/qwen2.5-coder_7b/rules/C007_wrong_column_guard_rules_iter03.py,qwen2.5-coder_7b,False,,,,,
map_interactive.html,experiments/05_choropleth_reliability_benchmark/outputs/runs_iterative_repair/qwen2.5-coder_7b/rules/qwen2.5-coder_7b_rules_C007_wrong_column_guard_iter03_20260624_233308/map_interactive.html,False,0,,,,False,,,,,3,,interactive_html,,rules,,,C007_wrong_column_guard,,,qwen2.5-coder_14b,1,experiments/05_choropleth_reliability_benchmark/outputs/runs_iterative_repair/qwen2.5-coder_7b/rules/qwen2.5-coder_7b_rules_C007_wrong_column_guard_iter03_20260624_233308,,experiments/05_choropleth_reliability_benchmark/outputs/generated_code_iterative_repair/qwen2.5-coder_14b/qwen2.5-coder_7b/rules/C007_wrong_column_guard_rules_iter03.py,qwen2.5-coder_7b,False,,,False,,
diagnostics.json,experiments/05_choropleth_reliability_benchmark/outputs/runs_iterative_repair/qwen2.5-coder_7b/rules/qwen2.5-coder_7b_rules_C007_wrong_column_guard_iter03_20260624_233308/diagnostics.json,True,2,,,,True,,,,,3,,diagnostic_json,,rules,,,C007_wrong_column_guard,,,qwen2.5-coder_14b,1,experiments/05_choropleth_reliability_benchmark/outputs/runs_iterative_repair/qwen2.5-coder_7b/rules/qwen2.5-coder_7b_rules_C007_wrong_column_guard_iter03_20260624_233308,,experiments/05_choropleth_reliability_benchmark/outputs/generated_code_iterative_repair/qwen2.5-coder_14b/qwen2.5-coder_7b/rules/C007_wrong_column_guard_rules_iter03.py,qwen2.5-coder_7b,False,0,,,True,
map_static.png,experiments/05_choropleth_reliability_benchmark/outputs/runs_iterative_repair/qwen2.5-coder_7b/rules/qwen2.5-coder_7b_rules_C008_quantile_classes_iter01_20260624_051605/map_static.png,True,66513,0.0067,255,6.101,True,,,,800,1,,static_png,240.744,rules,0.9945,0.1391,C008_quantile_classes,,True,qwen2.5-coder_32b,0,experiments/05_choropleth_reliability_benchmark/outputs/runs_iterative_repair/qwen2.5-coder_7b/rules/qwen2.5-coder_7b_rules_C008_quantile_classes_iter01_20260624_051605,0.0540,experiments/05_choropleth_reliability_benchmark/outputs/generated_code_iterative_repair/qwen2.5-coder_32b/qwen2.5-coder_7b/rules/C008_quantile_classes_rules_iter01.py,qwen2.5-coder_7b,False,,46,,,1000
time_series.png,experiments/05_choropleth_reliability_benchmark/outputs/runs_iterative_repair/qwen2.5-coder_7b/rules/qwen2.5-coder_7b_rules_C008_quantile_classes_iter01_20260624_051605/time_series.png,False,0,,,,False,,,,,1,,time_series_png,,rules,,,C008_quantile_classes,missing_or_empty,False,qwen2.5-coder_32b,0,experiments/05_choropleth_reliability_benchmark/outputs/runs_iterative_repair/qwen2.5-coder_7b/rules/qwen2.5-coder_7b_rules_C008_quantile_classes_iter01_20260624_051605,,experiments/05_choropleth_reliability_benchmark/outputs/generated_code_iterative_repair/qwen2.5-coder_32b/qwen2.5-coder_7b/rules/C008_quantile_classes_rules_iter01.py,qwen2.5-coder_7b,False,,,,,
map_interactive.html,experiments/05_choropleth_reliability_benchmark/outputs/runs_iterative_repair/qwen2.5-coder_7b/rules/qwen2.5-coder_7b_rules_C008_quantile_classes_iter01_20260624_051605/map_interactive.html,False,0,,,,False,,,,,1,,interactive_html,,rules,,,C008_quantile_classes,,,qwen2.5-coder_32b,0,experiments/05_choropleth_reliability_benchmark/outputs/runs_iterative_repair/qwen2.5-coder_7b/rules/qwen2.5-coder_7b_rules_C008_quantile_classes_iter01_20260624_051605,,experiments/05_choropleth_reliability_benchmark/outputs/generated_code_iterative_repair/qwen2.5-coder_32b/qwen2.5-coder_7b/rules/C008_quantile_classes_rules_iter01.py,qwen2.5-coder_7b,False,,,False,,
diagnostics.json,experiments/05_choropleth_reliability_benchmark/outputs/runs_iterative_repair/qwen2.5-coder_7b/rules/qwen2.5-coder_7b_rules_C008_quantile_classes_iter01_20260624_051605/diagnostics.json,True,67,,,,True,,,,,1,,diagnostic_json,,rules,,,C008_quantile_classes,,,qwen2.5-coder_32b,0,experiments/05_choropleth_reliability_benchmark/outputs/runs_iterative_repair/qwen2.5-coder_7b/rules/qwen2.5-coder_7b_rules_C008_quantile_classes_iter01_20260624_051605,,experiments/05_choropleth_reliability_benchmark/outputs/generated_code_iterative_repair/qwen2.5-coder_32b/qwen2.5-coder_7b/rules/C008_quantile_classes_rules_iter01.py,qwen2.5-coder_7b,False,1,,,True,
map_static.png,experiments/05_choropleth_reliability_benchmark/outputs/runs_iterative_repair/qwen2.5-coder_7b/rules/qwen2.5-coder_7b_rules_C008_quantile_classes_iter01_20260624_232830/map_static.png,False,0,,,,False,,,,,1,,static_png,,rules,,,C008_quantile_classes,missing_or_empty,False,qwen2.5-coder_7b,1,experiments/05_choropleth_reliability_benchmark/outputs/runs_iterative_repair/qwen2.5-coder_7b/rules/qwen2.5-coder_7b_rules_C008_quantile_classes_iter01_20260624_232830,,experiments/05_choropleth_reliability_benchmark/outputs/generated_code_iterative_repair/qwen2.5-coder_7b/qwen2.5-coder_7b/rules/C008_quantile_classes_rules_iter01.py,qwen2.5-coder_7b,False,,,,,
time_series.png,experiments/05_choropleth_reliability_benchmark/outputs/runs_iterative_repair/qwen2.5-coder_7b/rules/qwen2.5-coder_7b_rules_C008_quantile_classes_iter01_20260624_232830/time_series.png,False,0,,,,False,,,,,1,,time_series_png,,rules,,,C008_quantile_classes,missing_or_empty,False,qwen2.5-coder_7b,1,experiments/05_choropleth_reliability_benchmark/outputs/runs_iterative_repair/qwen2.5-coder_7b/rules/qwen2.5-coder_7b_rules_C008_quantile_classes_iter01_20260624_232830,,experiments/05_choropleth_reliability_benchmark/outputs/generated_code_iterative_repair/qwen2.5-coder_7b/qwen2.5-coder_7b/rules/C008_quantile_classes_rules_iter01.py,qwen2.5-coder_7b,False,,,,,
map_interactive.html,experiments/05_choropleth_reliability_benchmark/outputs/runs_iterative_repair/qwen2.5-coder_7b/rules/qwen2.5-coder_7b_rules_C008_quantile_classes_iter01_20260624_232830/map_interactive.html,False,0,,,,False,,,,,1,,interactive_html,,rules,,,C008_quantile_classes,,,qwen2.5-coder_7b,1,experiments/05_choropleth_reliability_benchmark/outputs/runs_iterative_repair/qwen2.5-coder_7b/rules/qwen2.5-coder_7b_rules_C008_quantile_classes_iter01_20260624_232830,,experiments/05_choropleth_reliability_benchmark/outputs/generated_code_iterative_repair/qwen2.5-coder_7b/qwen2.5-coder_7b/rules/C008_quantile_classes_rules_iter01.py,qwen2.5-coder_7b,False,,,False,,
diagnostics.json,experiments/05_choropleth_reliability_benchmark/outputs/runs_iterative_repair/qwen2.5-coder_7b/rules/qwen2.5-coder_7b_rules_C008_quantile_classes_iter01_20260624_232830/diagnostics.json,False,0,,,,False,,,,,1,,diagnostic_json,,rules,,,C008_quantile_classes,,,qwen2.5-coder_7b,1,experiments/05_choropleth_reliability_benchmark/outputs/runs_iterative_repair/qwen2.5-coder_7b/rules/qwen2.5-coder_7b_rules_C008_quantile_classes_iter01_20260624_232830,,experiments/05_choropleth_reliability_benchmark/outputs/generated_code_iterative_repair/qwen2.5-coder_7b/qwen2.5-coder_7b/rules/C008_quantile_classes_rules_iter01.py,qwen2.5-coder_7b,False,,,,False,
map_static.png,experiments/05_choropleth_reliability_benchmark/outputs/runs_iterative_repair/qwen2.5-coder_7b/rules/qwen2.5-coder_7b_rules_C008_quantile_classes_iter01_20260625_000554/map_static.png,False,0,,,,False,,,,,1,,static_png,,rules,,,C008_quantile_classes,missing_or_empty,False,qwen2.5-coder_14b,1,experiments/05_choropleth_reliability_benchmark/outputs/runs_iterative_repair/qwen2.5-coder_7b/rules/qwen2.5-coder_7b_rules_C008_quantile_classes_iter01_20260625_000554,,experiments/05_choropleth_reliability_benchmark/outputs/generated_code_iterative_repair/qwen2.5-coder_14b/qwen2.5-coder_7b/rules/C008_quantile_classes_rules_iter01.py,qwen2.5-coder_7b,False,,,,,
time_series.png,experiments/05_choropleth_reliability_benchmark/outputs/runs_iterative_repair/qwen2.5-coder_7b/rules/qwen2.5-coder_7b_rules_C008_quantile_classes_iter01_20260625_000554/time_series.png,False,0,,,,False,,,,,1,,time_series_png,,rules,,,C008_quantile_classes,missing_or_empty,False,qwen2.5-coder_14b,1,experiments/05_choropleth_reliability_benchmark/outputs/runs_iterative_repair/qwen2.5-coder_7b/rules/qwen2.5-coder_7b_rules_C008_quantile_classes_iter01_20260625_000554,,experiments/05_choropleth_reliability_benchmark/outputs/generated_code_iterative_repair/qwen2.5-coder_14b/qwen2.5-coder_7b/rules/C008_quantile_classes_rules_iter01.py,qwen2.5-coder_7b,False,,,,,
map_interactive.html,experiments/05_choropleth_reliability_benchmark/outputs/runs_iterative_repair/qwen2.5-coder_7b/rules/qwen2.5-coder_7b_rules_C008_quantile_classes_iter01_20260625_000554/map_interactive.html,False,0,,,,False,,,,,1,,interactive_html,,rules,,,C008_quantile_classes,,,qwen2.5-coder_14b,1,experiments/05_choropleth_reliability_benchmark/outputs/runs_iterative_repair/qwen2.5-coder_7b/rules/qwen2.5-coder_7b_rules_C008_quantile_classes_iter01_20260625_000554,,experiments/05_choropleth_reliability_benchmark/outputs/generated_code_iterative_repair/qwen2.5-coder_14b/qwen2.5-coder_7b/rules/C008_quantile_classes_rules_iter01.py,qwen2.5-coder_7b,False,,,False,,
diagnostics.json,experiments/05_choropleth_reliability_benchmark/outputs/runs_iterative_repair/qwen2.5-coder_7b/rules/qwen2.5-coder_7b_rules_C008_quantile_classes_iter01_20260625_000554/diagnostics.json,False,0,,,,False,,,,,1,,diagnostic_json,,rules,,,C008_quantile_classes,,,qwen2.5-coder_14b,1,experiments/05_choropleth_reliability_benchmark/outputs/runs_iterative_repair/qwen2.5-coder_7b/rules/qwen2.5-coder_7b_rules_C008_quantile_classes_iter01_20260625_000554,,experiments/05_choropleth_reliability_benchmark/outputs/generated_code_iterative_repair/qwen2.5-coder_14b/qwen2.5-coder_7b/rules/C008_quantile_classes_rules_iter01.py,qwen2.5-coder_7b,False,,,,False,
map_static.png,experiments/05_choropleth_reliability_benchmark/outputs/runs_iterative_repair/qwen2.5-coder_7b/rules/qwen2.5-coder_7b_rules_C008_quantile_classes_iter02_20260624_232841/map_static.png,False,0,,,,False,,,,,2,,static_png,,rules,,,C008_quantile_classes,missing_or_empty,False,qwen2.5-coder_7b,1,experiments/05_choropleth_reliability_benchmark/outputs/runs_iterative_repair/qwen2.5-coder_7b/rules/qwen2.5-coder_7b_rules_C008_quantile_classes_iter02_20260624_232841,,experiments/05_choropleth_reliability_benchmark/outputs/generated_code_iterative_repair/qwen2.5-coder_7b/qwen2.5-coder_7b/rules/C008_quantile_classes_rules_iter02.py,qwen2.5-coder_7b,False,,,,,
time_series.png,experiments/05_choropleth_reliability_benchmark/outputs/runs_iterative_repair/qwen2.5-coder_7b/rules/qwen2.5-coder_7b_rules_C008_quantile_classes_iter02_20260624_232841/time_series.png,False,0,,,,False,,,,,2,,time_series_png,,rules,,,C008_quantile_classes,missing_or_empty,False,qwen2.5-coder_7b,1,experiments/05_choropleth_reliability_benchmark/outputs/runs_iterative_repair/qwen2.5-coder_7b/rules/qwen2.5-coder_7b_rules_C008_quantile_classes_iter02_20260624_232841,,experiments/05_choropleth_reliability_benchmark/outputs/generated_code_iterative_repair/qwen2.5-coder_7b/qwen2.5-coder_7b/rules/C008_quantile_classes_rules_iter02.py,qwen2.5-coder_7b,False,,,,,
map_interactive.html,experiments/05_choropleth_reliability_benchmark/outputs/runs_iterative_repair/qwen2.5-coder_7b/rules/qwen2.5-coder_7b_rules_C008_quantile_classes_iter02_20260624_232841/map_interactive.html,False,0,,,,False,,,,,2,,interactive_html,,rules,,,C008_quantile_classes,,,qwen2.5-coder_7b,1,experiments/05_choropleth_reliability_benchmark/outputs/runs_iterative_repair/qwen2.5-coder_7b/rules/qwen2.5-coder_7b_rules_C008_quantile_classes_iter02_20260624_232841,,experiments/05_choropleth_reliability_benchmark/outputs/generated_code_iterative_repair/qwen2.5-coder_7b/qwen2.5-coder_7b/rules/C008_quantile_classes_rules_iter02.py,qwen2.5-coder_7b,False,,,False,,
diagnostics.json,experiments/05_choropleth_reliability_benchmark/outputs/runs_iterative_repair/qwen2.5-coder_7b/rules/qwen2.5-coder_7b_rules_C008_quantile_classes_iter02_20260624_232841/diagnostics.json,False,0,,,,False,,,,,2,,diagnostic_json,,rules,,,C008_quantile_classes,,,qwen2.5-coder_7b,1,experiments/05_choropleth_reliability_benchmark/outputs/runs_iterative_repair/qwen2.5-coder_7b/rules/qwen2.5-coder_7b_rules_C008_quantile_classes_iter02_20260624_232841,,experiments/05_choropleth_reliability_benchmark/outputs/generated_code_iterative_repair/qwen2.5-coder_7b/qwen2.5-coder_7b/rules/C008_quantile_classes_rules_iter02.py,qwen2.5-coder_7b,False,,,,False,
map_static.png,experiments/05_choropleth_reliability_benchmark/outputs/runs_iterative_repair/qwen2.5-coder_7b/rules/qwen2.5-coder_7b_rules_C008_quantile_classes_iter02_20260625_000620/map_static.png,False,0,,,,False,,,,,2,,static_png,,rules,,,C008_quantile_classes,missing_or_empty,False,qwen2.5-coder_14b,1,experiments/05_choropleth_reliability_benchmark/outputs/runs_iterative_repair/qwen2.5-coder_7b/rules/qwen2.5-coder_7b_rules_C008_quantile_classes_iter02_20260625_000620,,experiments/05_choropleth_reliability_benchmark/outputs/generated_code_iterative_repair/qwen2.5-coder_14b/qwen2.5-coder_7b/rules/C008_quantile_classes_rules_iter02.py,qwen2.5-coder_7b,False,,,,,
time_series.png,experiments/05_choropleth_reliability_benchmark/outputs/runs_iterative_repair/qwen2.5-coder_7b/rules/qwen2.5-coder_7b_rules_C008_quantile_classes_iter02_20260625_000620/time_series.png,False,0,,,,False,,,,,2,,time_series_png,,rules,,,C008_quantile_classes,missing_or_empty,False,qwen2.5-coder_14b,1,experiments/05_choropleth_reliability_benchmark/outputs/runs_iterative_repair/qwen2.5-coder_7b/rules/qwen2.5-coder_7b_rules_C008_quantile_classes_iter02_20260625_000620,,experiments/05_choropleth_reliability_benchmark/outputs/generated_code_iterative_repair/qwen2.5-coder_14b/qwen2.5-coder_7b/rules/C008_quantile_classes_rules_iter02.py,qwen2.5-coder_7b,False,,,,,
map_interactive.html,experiments/05_choropleth_reliability_benchmark/outputs/runs_iterative_repair/qwen2.5-coder_7b/rules/qwen2.5-coder_7b_rules_C008_quantile_classes_iter02_20260625_000620/map_interactive.html,False,0,,,,False,,,,,2,,interactive_html,,rules,,,C008_quantile_classes,,,qwen2.5-coder_14b,1,experiments/05_choropleth_reliability_benchmark/outputs/runs_iterative_repair/qwen2.5-coder_7b/rules/qwen2.5-coder_7b_rules_C008_quantile_classes_iter02_20260625_000620,,experiments/05_choropleth_reliability_benchmark/outputs/generated_code_iterative_repair/qwen2.5-coder_14b/qwen2.5-coder_7b/rules/C008_quantile_classes_rules_iter02.py,qwen2.5-coder_7b,False,,,False,,
diagnostics.json,experiments/05_choropleth_reliability_benchmark/outputs/runs_iterative_repair/qwen2.5-coder_7b/rules/qwen2.5-coder_7b_rules_C008_quantile_classes_iter02_20260625_000620/diagnostics.json,False,0,,,,False,,,,,2,,diagnostic_json,,rules,,,C008_quantile_classes,,,qwen2.5-coder_14b,1,experiments/05_choropleth_reliability_benchmark/outputs/runs_iterative_repair/qwen2.5-coder_7b/rules/qwen2.5-coder_7b_rules_C008_quantile_classes_iter02_20260625_000620,,experiments/05_choropleth_reliability_benchmark/outputs/generated_code_iterative_repair/qwen2.5-coder_14b/qwen2.5-coder_7b/rules/C008_quantile_classes_rules_iter02.py,qwen2.5-coder_7b,False,,,,False,
map_static.png,experiments/05_choropleth_reliability_benchmark/outputs/runs_iterative_repair/qwen2.5-coder_7b/rules/qwen2.5-coder_7b_rules_C008_quantile_classes_iter03_20260624_232853/map_static.png,False,0,,,,False,,,,,3,,static_png,,rules,,,C008_quantile_classes,missing_or_empty,False,qwen2.5-coder_7b,1,experiments/05_choropleth_reliability_benchmark/outputs/runs_iterative_repair/qwen2.5-coder_7b/rules/qwen2.5-coder_7b_rules_C008_quantile_classes_iter03_20260624_232853,,experiments/05_choropleth_reliability_benchmark/outputs/generated_code_iterative_repair/qwen2.5-coder_7b/qwen2.5-coder_7b/rules/C008_quantile_classes_rules_iter03.py,qwen2.5-coder_7b,False,,,,,
time_series.png,experiments/05_choropleth_reliability_benchmark/outputs/runs_iterative_repair/qwen2.5-coder_7b/rules/qwen2.5-coder_7b_rules_C008_quantile_classes_iter03_20260624_232853/time_series.png,False,0,,,,False,,,,,3,,time_series_png,,rules,,,C008_quantile_classes,missing_or_empty,False,qwen2.5-coder_7b,1,experiments/05_choropleth_reliability_benchmark/outputs/runs_iterative_repair/qwen2.5-coder_7b/rules/qwen2.5-coder_7b_rules_C008_quantile_classes_iter03_20260624_232853,,experiments/05_choropleth_reliability_benchmark/outputs/generated_code_iterative_repair/qwen2.5-coder_7b/qwen2.5-coder_7b/rules/C008_quantile_classes_rules_iter03.py,qwen2.5-coder_7b,False,,,,,
map_interactive.html,experiments/05_choropleth_reliability_benchmark/outputs/runs_iterative_repair/qwen2.5-coder_7b/rules/qwen2.5-coder_7b_rules_C008_quantile_classes_iter03_20260624_232853/map_interactive.html,False,0,,,,False,,,,,3,,interactive_html,,rules,,,C008_quantile_classes,,,qwen2.5-coder_7b,1,experiments/05_choropleth_reliability_benchmark/outputs/runs_iterative_repair/qwen2.5-coder_7b/rules/qwen2.5-coder_7b_rules_C008_quantile_classes_iter03_20260624_232853,,experiments/05_choropleth_reliability_benchmark/outputs/generated_code_iterative_repair/qwen2.5-coder_7b/qwen2.5-coder_7b/rules/C008_quantile_classes_rules_iter03.py,qwen2.5-coder_7b,False,,,False,,
diagnostics.json,experiments/05_choropleth_reliability_benchmark/outputs/runs_iterative_repair/qwen2.5-coder_7b/rules/qwen2.5-coder_7b_rules_C008_quantile_classes_iter03_20260624_232853/diagnostics.json,False,0,,,,False,,,,,3,,diagnostic_json,,rules,,,C008_quantile_classes,,,qwen2.5-coder_7b,1,experiments/05_choropleth_reliability_benchmark/outputs/runs_iterative_repair/qwen2.5-coder_7b/rules/qwen2.5-coder_7b_rules_C008_quantile_classes_iter03_20260624_232853,,experiments/05_choropleth_reliability_benchmark/outputs/generated_code_iterative_repair/qwen2.5-coder_7b/qwen2.5-coder_7b/rules/C008_quantile_classes_rules_iter03.py,qwen2.5-coder_7b,False,,,,False,
map_static.png,experiments/05_choropleth_reliability_benchmark/outputs/runs_iterative_repair/qwen2.5-coder_7b/rules/qwen2.5-coder_7b_rules_C008_quantile_classes_iter03_20260625_000645/map_static.png,False,0,,,,False,,,,,3,,static_png,,rules,,,C008_quantile_classes,missing_or_empty,False,qwen2.5-coder_14b,1,experiments/05_choropleth_reliability_benchmark/outputs/runs_iterative_repair/qwen2.5-coder_7b/rules/qwen2.5-coder_7b_rules_C008_quantile_classes_iter03_20260625_000645,,experiments/05_choropleth_reliability_benchmark/outputs/generated_code_iterative_repair/qwen2.5-coder_14b/qwen2.5-coder_7b/rules/C008_quantile_classes_rules_iter03.py,qwen2.5-coder_7b,False,,,,,
time_series.png,experiments/05_choropleth_reliability_benchmark/outputs/runs_iterative_repair/qwen2.5-coder_7b/rules/qwen2.5-coder_7b_rules_C008_quantile_classes_iter03_20260625_000645/time_series.png,False,0,,,,False,,,,,3,,time_series_png,,rules,,,C008_quantile_classes,missing_or_empty,False,qwen2.5-coder_14b,1,experiments/05_choropleth_reliability_benchmark/outputs/runs_iterative_repair/qwen2.5-coder_7b/rules/qwen2.5-coder_7b_rules_C008_quantile_classes_iter03_20260625_000645,,experiments/05_choropleth_reliability_benchmark/outputs/generated_code_iterative_repair/qwen2.5-coder_14b/qwen2.5-coder_7b/rules/C008_quantile_classes_rules_iter03.py,qwen2.5-coder_7b,False,,,,,
map_interactive.html,experiments/05_choropleth_reliability_benchmark/outputs/runs_iterative_repair/qwen2.5-coder_7b/rules/qwen2.5-coder_7b_rules_C008_quantile_classes_iter03_20260625_000645/map_interactive.html,False,0,,,,False,,,,,3,,interactive_html,,rules,,,C008_quantile_classes,,,qwen2.5-coder_14b,1,experiments/05_choropleth_reliability_benchmark/outputs/runs_iterative_repair/qwen2.5-coder_7b/rules/qwen2.5-coder_7b_rules_C008_quantile_classes_iter03_20260625_000645,,experiments/05_choropleth_reliability_benchmark/outputs/generated_code_iterative_repair/qwen2.5-coder_14b/qwen2.5-coder_7b/rules/C008_quantile_classes_rules_iter03.py,qwen2.5-coder_7b,False,,,False,,
diagnostics.json,experiments/05_choropleth_reliability_benchmark/outputs/runs_iterative_repair/qwen2.5-coder_7b/rules/qwen2.5-coder_7b_rules_C008_quantile_classes_iter03_20260625_000645/diagnostics.json,False,0,,,,False,,,,,3,,diagnostic_json,,rules,,,C008_quantile_classes,,,qwen2.5-coder_14b,1,experiments/05_choropleth_reliability_benchmark/outputs/runs_iterative_repair/qwen2.5-coder_7b/rules/qwen2.5-coder_7b_rules_C008_quantile_classes_iter03_20260625_000645,,experiments/05_choropleth_reliability_benchmark/outputs/generated_code_iterative_repair/qwen2.5-coder_14b/qwen2.5-coder_7b/rules/C008_quantile_classes_rules_iter03.py,qwen2.5-coder_7b,False,,,,False,
map_static.png,experiments/05_choropleth_reliability_benchmark/outputs/runs_iterative_repair/qwen2.5-coder_7b/rules/qwen2.5-coder_7b_rules_C009_colorblind_safe_iter01_20260624_050109/map_static.png,False,0,,,,False,,,,,1,,static_png,,rules,,,C009_colorblind_safe,missing_or_empty,False,qwen2.5-coder_32b,1,experiments/05_choropleth_reliability_benchmark/outputs/runs_iterative_repair/qwen2.5-coder_7b/rules/qwen2.5-coder_7b_rules_C009_colorblind_safe_iter01_20260624_050109,,experiments/05_choropleth_reliability_benchmark/outputs/generated_code_iterative_repair/qwen2.5-coder_32b/qwen2.5-coder_7b/rules/C009_colorblind_safe_rules_iter01.py,qwen2.5-coder_7b,False,,,,,
time_series.png,experiments/05_choropleth_reliability_benchmark/outputs/runs_iterative_repair/qwen2.5-coder_7b/rules/qwen2.5-coder_7b_rules_C009_colorblind_safe_iter01_20260624_050109/time_series.png,False,0,,,,False,,,,,1,,time_series_png,,rules,,,C009_colorblind_safe,missing_or_empty,False,qwen2.5-coder_32b,1,experiments/05_choropleth_reliability_benchmark/outputs/runs_iterative_repair/qwen2.5-coder_7b/rules/qwen2.5-coder_7b_rules_C009_colorblind_safe_iter01_20260624_050109,,experiments/05_choropleth_reliability_benchmark/outputs/generated_code_iterative_repair/qwen2.5-coder_32b/qwen2.5-coder_7b/rules/C009_colorblind_safe_rules_iter01.py,qwen2.5-coder_7b,False,,,,,
map_interactive.html,experiments/05_choropleth_reliability_benchmark/outputs/runs_iterative_repair/qwen2.5-coder_7b/rules/qwen2.5-coder_7b_rules_C009_colorblind_safe_iter01_20260624_050109/map_interactive.html,False,0,,,,False,,,,,1,,interactive_html,,rules,,,C009_colorblind_safe,,,qwen2.5-coder_32b,1,experiments/05_choropleth_reliability_benchmark/outputs/runs_iterative_repair/qwen2.5-coder_7b/rules/qwen2.5-coder_7b_rules_C009_colorblind_safe_iter01_20260624_050109,,experiments/05_choropleth_reliability_benchmark/outputs/generated_code_iterative_repair/qwen2.5-coder_32b/qwen2.5-coder_7b/rules/C009_colorblind_safe_rules_iter01.py,qwen2.5-coder_7b,False,,,False,,
diagnostics.json,experiments/05_choropleth_reliability_benchmark/outputs/runs_iterative_repair/qwen2.5-coder_7b/rules/qwen2.5-coder_7b_rules_C009_colorblind_safe_iter01_20260624_050109/diagnostics.json,False,0,,,,False,,,,,1,,diagnostic_json,,rules,,,C009_colorblind_safe,,,qwen2.5-coder_32b,1,experiments/05_choropleth_reliability_benchmark/outputs/runs_iterative_repair/qwen2.5-coder_7b/rules/qwen2.5-coder_7b_rules_C009_colorblind_safe_iter01_20260624_050109,,experiments/05_choropleth_reliability_benchmark/outputs/generated_code_iterative_repair/qwen2.5-coder_32b/qwen2.5-coder_7b/rules/C009_colorblind_safe_rules_iter01.py,qwen2.5-coder_7b,False,,,,False,
map_static.png,experiments/05_choropleth_reliability_benchmark/outputs/runs_iterative_repair/qwen2.5-coder_7b/rules/qwen2.5-coder_7b_rules_C009_colorblind_safe_iter01_20260624_232256/map_static.png,False,0,,,,False,,,,,1,,static_png,,rules,,,C009_colorblind_safe,missing_or_empty,False,qwen2.5-coder_7b,1,experiments/05_choropleth_reliability_benchmark/outputs/runs_iterative_repair/qwen2.5-coder_7b/rules/qwen2.5-coder_7b_rules_C009_colorblind_safe_iter01_20260624_232256,,experiments/05_choropleth_reliability_benchmark/outputs/generated_code_iterative_repair/qwen2.5-coder_7b/qwen2.5-coder_7b/rules/C009_colorblind_safe_rules_iter01.py,qwen2.5-coder_7b,False,,,,,
time_series.png,experiments/05_choropleth_reliability_benchmark/outputs/runs_iterative_repair/qwen2.5-coder_7b/rules/qwen2.5-coder_7b_rules_C009_colorblind_safe_iter01_20260624_232256/time_series.png,False,0,,,,False,,,,,1,,time_series_png,,rules,,,C009_colorblind_safe,missing_or_empty,False,qwen2.5-coder_7b,1,experiments/05_choropleth_reliability_benchmark/outputs/runs_iterative_repair/qwen2.5-coder_7b/rules/qwen2.5-coder_7b_rules_C009_colorblind_safe_iter01_20260624_232256,,experiments/05_choropleth_reliability_benchmark/outputs/generated_code_iterative_repair/qwen2.5-coder_7b/qwen2.5-coder_7b/rules/C009_colorblind_safe_rules_iter01.py,qwen2.5-coder_7b,False,,,,,
map_interactive.html,experiments/05_choropleth_reliability_benchmark/outputs/runs_iterative_repair/qwen2.5-coder_7b/rules/qwen2.5-coder_7b_rules_C009_colorblind_safe_iter01_20260624_232256/map_interactive.html,False,0,,,,False,,,,,1,,interactive_html,,rules,,,C009_colorblind_safe,,,qwen2.5-coder_7b,1,experiments/05_choropleth_reliability_benchmark/outputs/runs_iterative_repair/qwen2.5-coder_7b/rules/qwen2.5-coder_7b_rules_C009_colorblind_safe_iter01_20260624_232256,,experiments/05_choropleth_reliability_benchmark/outputs/generated_code_iterative_repair/qwen2.5-coder_7b/qwen2.5-coder_7b/rules/C009_colorblind_safe_rules_iter01.py,qwen2.5-coder_7b,False,,,False,,
diagnostics.json,experiments/05_choropleth_reliability_benchmark/outputs/runs_iterative_repair/qwen2.5-coder_7b/rules/qwen2.5-coder_7b_rules_C009_colorblind_safe_iter01_20260624_232256/diagnostics.json,False,0,,,,False,,,,,1,,diagnostic_json,,rules,,,C009_colorblind_safe,,,qwen2.5-coder_7b,1,experiments/05_choropleth_reliability_benchmark/outputs/runs_iterative_repair/qwen2.5-coder_7b/rules/qwen2.5-coder_7b_rules_C009_colorblind_safe_iter01_20260624_232256,,experiments/05_choropleth_reliability_benchmark/outputs/generated_code_iterative_repair/qwen2.5-coder_7b/qwen2.5-coder_7b/rules/C009_colorblind_safe_rules_iter01.py,qwen2.5-coder_7b,False,,,,False,
map_static.png,experiments/05_choropleth_reliability_benchmark/outputs/runs_iterative_repair/qwen2.5-coder_7b/rules/qwen2.5-coder_7b_rules_C009_colorblind_safe_iter01_20260624_235801/map_static.png,False,0,,,,False,,,,,1,,static_png,,rules,,,C009_colorblind_safe,missing_or_empty,False,qwen2.5-coder_14b,1,experiments/05_choropleth_reliability_benchmark/outputs/runs_iterative_repair/qwen2.5-coder_7b/rules/qwen2.5-coder_7b_rules_C009_colorblind_safe_iter01_20260624_235801,,experiments/05_choropleth_reliability_benchmark/outputs/generated_code_iterative_repair/qwen2.5-coder_14b/qwen2.5-coder_7b/rules/C009_colorblind_safe_rules_iter01.py,qwen2.5-coder_7b,False,,,,,
time_series.png,experiments/05_choropleth_reliability_benchmark/outputs/runs_iterative_repair/qwen2.5-coder_7b/rules/qwen2.5-coder_7b_rules_C009_colorblind_safe_iter01_20260624_235801/time_series.png,False,0,,,,False,,,,,1,,time_series_png,,rules,,,C009_colorblind_safe,missing_or_empty,False,qwen2.5-coder_14b,1,experiments/05_choropleth_reliability_benchmark/outputs/runs_iterative_repair/qwen2.5-coder_7b/rules/qwen2.5-coder_7b_rules_C009_colorblind_safe_iter01_20260624_235801,,experiments/05_choropleth_reliability_benchmark/outputs/generated_code_iterative_repair/qwen2.5-coder_14b/qwen2.5-coder_7b/rules/C009_colorblind_safe_rules_iter01.py,qwen2.5-coder_7b,False,,,,,
map_interactive.html,experiments/05_choropleth_reliability_benchmark/outputs/runs_iterative_repair/qwen2.5-coder_7b/rules/qwen2.5-coder_7b_rules_C009_colorblind_safe_iter01_20260624_235801/map_interactive.html,False,0,,,,False,,,,,1,,interactive_html,,rules,,,C009_colorblind_safe,,,qwen2.5-coder_14b,1,experiments/05_choropleth_reliability_benchmark/outputs/runs_iterative_repair/qwen2.5-coder_7b/rules/qwen2.5-coder_7b_rules_C009_colorblind_safe_iter01_20260624_235801,,experiments/05_choropleth_reliability_benchmark/outputs/generated_code_iterative_repair/qwen2.5-coder_14b/qwen2.5-coder_7b/rules/C009_colorblind_safe_rules_iter01.py,qwen2.5-coder_7b,False,,,False,,
diagnostics.json,experiments/05_choropleth_reliability_benchmark/outputs/runs_iterative_repair/qwen2.5-coder_7b/rules/qwen2.5-coder_7b_rules_C009_colorblind_safe_iter01_20260624_235801/diagnostics.json,False,0,,,,False,,,,,1,,diagnostic_json,,rules,,,C009_colorblind_safe,,,qwen2.5-coder_14b,1,experiments/05_choropleth_reliability_benchmark/outputs/runs_iterative_repair/qwen2.5-coder_7b/rules/qwen2.5-coder_7b_rules_C009_colorblind_safe_iter01_20260624_235801,,experiments/05_choropleth_reliability_benchmark/outputs/generated_code_iterative_repair/qwen2.5-coder_14b/qwen2.5-coder_7b/rules/C009_colorblind_safe_rules_iter01.py,qwen2.5-coder_7b,False,,,,False,
map_static.png,experiments/05_choropleth_reliability_benchmark/outputs/runs_iterative_repair/qwen2.5-coder_7b/rules/qwen2.5-coder_7b_rules_C009_colorblind_safe_iter02_20260624_050210/map_static.png,True,299370,0.0087,255,3.484,True,,,,2433,2,,static_png,212.783,rules,0.9923,0.3583,C009_colorblind_safe,,True,qwen2.5-coder_32b,0,experiments/05_choropleth_reliability_benchmark/outputs/runs_iterative_repair/qwen2.5-coder_7b/rules/qwen2.5-coder_7b_rules_C009_colorblind_safe_iter02_20260624_050210,0.3298,experiments/05_choropleth_reliability_benchmark/outputs/generated_code_iterative_repair/qwen2.5-coder_32b/qwen2.5-coder_7b/rules/C009_colorblind_safe_rules_iter02.py,qwen2.5-coder_7b,False,,61,,,1718
time_series.png,experiments/05_choropleth_reliability_benchmark/outputs/runs_iterative_repair/qwen2.5-coder_7b/rules/qwen2.5-coder_7b_rules_C009_colorblind_safe_iter02_20260624_050210/time_series.png,False,0,,,,False,,,,,2,,time_series_png,,rules,,,C009_colorblind_safe,missing_or_empty,False,qwen2.5-coder_32b,0,experiments/05_choropleth_reliability_benchmark/outputs/runs_iterative_repair/qwen2.5-coder_7b/rules/qwen2.5-coder_7b_rules_C009_colorblind_safe_iter02_20260624_050210,,experiments/05_choropleth_reliability_benchmark/outputs/generated_code_iterative_repair/qwen2.5-coder_32b/qwen2.5-coder_7b/rules/C009_colorblind_safe_rules_iter02.py,qwen2.5-coder_7b,False,,,,,
map_interactive.html,experiments/05_choropleth_reliability_benchmark/outputs/runs_iterative_repair/qwen2.5-coder_7b/rules/qwen2.5-coder_7b_rules_C009_colorblind_safe_iter02_20260624_050210/map_interactive.html,False,0,,,,False,,,,,2,,interactive_html,,rules,,,C009_colorblind_safe,,,qwen2.5-coder_32b,0,experiments/05_choropleth_reliability_benchmark/outputs/runs_iterative_repair/qwen2.5-coder_7b/rules/qwen2.5-coder_7b_rules_C009_colorblind_safe_iter02_20260624_050210,,experiments/05_choropleth_reliability_benchmark/outputs/generated_code_iterative_repair/qwen2.5-coder_32b/qwen2.5-coder_7b/rules/C009_colorblind_safe_rules_iter02.py,qwen2.5-coder_7b,False,,,False,,
diagnostics.json,experiments/05_choropleth_reliability_benchmark/outputs/runs_iterative_repair/qwen2.5-coder_7b/rules/qwen2.5-coder_7b_rules_C009_colorblind_safe_iter02_20260624_050210/diagnostics.json,True,97,,,,True,,,,,2,,diagnostic_json,,rules,,,C009_colorblind_safe,,,qwen2.5-coder_32b,0,experiments/05_choropleth_reliability_benchmark/outputs/runs_iterative_repair/qwen2.5-coder_7b/rules/qwen2.5-coder_7b_rules_C009_colorblind_safe_iter02_20260624_050210,,experiments/05_choropleth_reliability_benchmark/outputs/generated_code_iterative_repair/qwen2.5-coder_32b/qwen2.5-coder_7b/rules/C009_colorblind_safe_rules_iter02.py,qwen2.5-coder_7b,False,3,,,True,
map_static.png,experiments/05_choropleth_reliability_benchmark/outputs/runs_iterative_repair/qwen2.5-coder_7b/rules/qwen2.5-coder_7b_rules_C009_colorblind_safe_iter02_20260624_232309/map_static.png,False,0,,,,False,,,,,2,,static_png,,rules,,,C009_colorblind_safe,missing_or_empty,False,qwen2.5-coder_7b,1,experiments/05_choropleth_reliability_benchmark/outputs/runs_iterative_repair/qwen2.5-coder_7b/rules/qwen2.5-coder_7b_rules_C009_colorblind_safe_iter02_20260624_232309,,experiments/05_choropleth_reliability_benchmark/outputs/generated_code_iterative_repair/qwen2.5-coder_7b/qwen2.5-coder_7b/rules/C009_colorblind_safe_rules_iter02.py,qwen2.5-coder_7b,False,,,,,
time_series.png,experiments/05_choropleth_reliability_benchmark/outputs/runs_iterative_repair/qwen2.5-coder_7b/rules/qwen2.5-coder_7b_rules_C009_colorblind_safe_iter02_20260624_232309/time_series.png,False,0,,,,False,,,,,2,,time_series_png,,rules,,,C009_colorblind_safe,missing_or_empty,False,qwen2.5-coder_7b,1,experiments/05_choropleth_reliability_benchmark/outputs/runs_iterative_repair/qwen2.5-coder_7b/rules/qwen2.5-coder_7b_rules_C009_colorblind_safe_iter02_20260624_232309,,experiments/05_choropleth_reliability_benchmark/outputs/generated_code_iterative_repair/qwen2.5-coder_7b/qwen2.5-coder_7b/rules/C009_colorblind_safe_rules_iter02.py,qwen2.5-coder_7b,False,,,,,
map_interactive.html,experiments/05_choropleth_reliability_benchmark/outputs/runs_iterative_repair/qwen2.5-coder_7b/rules/qwen2.5-coder_7b_rules_C009_colorblind_safe_iter02_20260624_232309/map_interactive.html,False,0,,,,False,,,,,2,,interactive_html,,rules,,,C009_colorblind_safe,,,qwen2.5-coder_7b,1,experiments/05_choropleth_reliability_benchmark/outputs/runs_iterative_repair/qwen2.5-coder_7b/rules/qwen2.5-coder_7b_rules_C009_colorblind_safe_iter02_20260624_232309,,experiments/05_choropleth_reliability_benchmark/outputs/generated_code_iterative_repair/qwen2.5-coder_7b/qwen2.5-coder_7b/rules/C009_colorblind_safe_rules_iter02.py,qwen2.5-coder_7b,False,,,False,,
diagnostics.json,experiments/05_choropleth_reliability_benchmark/outputs/runs_iterative_repair/qwen2.5-coder_7b/rules/qwen2.5-coder_7b_rules_C009_colorblind_safe_iter02_20260624_232309/diagnostics.json,False,0,,,,False,,,,,2,,diagnostic_json,,rules,,,C009_colorblind_safe,,,qwen2.5-coder_7b,1,experiments/05_choropleth_reliability_benchmark/outputs/runs_iterative_repair/qwen2.5-coder_7b/rules/qwen2.5-coder_7b_rules_C009_colorblind_safe_iter02_20260624_232309,,experiments/05_choropleth_reliability_benchmark/outputs/generated_code_iterative_repair/qwen2.5-coder_7b/qwen2.5-coder_7b/rules/C009_colorblind_safe_rules_iter02.py,qwen2.5-coder_7b,False,,,,False,
map_static.png,experiments/05_choropleth_reliability_benchmark/outputs/runs_iterative_repair/qwen2.5-coder_7b/rules/qwen2.5-coder_7b_rules_C009_colorblind_safe_iter02_20260624_235823/map_static.png,False,0,,,,False,,,,,2,,static_png,,rules,,,C009_colorblind_safe,missing_or_empty,False,qwen2.5-coder_14b,1,experiments/05_choropleth_reliability_benchmark/outputs/runs_iterative_repair/qwen2.5-coder_7b/rules/qwen2.5-coder_7b_rules_C009_colorblind_safe_iter02_20260624_235823,,experiments/05_choropleth_reliability_benchmark/outputs/generated_code_iterative_repair/qwen2.5-coder_14b/qwen2.5-coder_7b/rules/C009_colorblind_safe_rules_iter02.py,qwen2.5-coder_7b,False,,,,,
time_series.png,experiments/05_choropleth_reliability_benchmark/outputs/runs_iterative_repair/qwen2.5-coder_7b/rules/qwen2.5-coder_7b_rules_C009_colorblind_safe_iter02_20260624_235823/time_series.png,False,0,,,,False,,,,,2,,time_series_png,,rules,,,C009_colorblind_safe,missing_or_empty,False,qwen2.5-coder_14b,1,experiments/05_choropleth_reliability_benchmark/outputs/runs_iterative_repair/qwen2.5-coder_7b/rules/qwen2.5-coder_7b_rules_C009_colorblind_safe_iter02_20260624_235823,,experiments/05_choropleth_reliability_benchmark/outputs/generated_code_iterative_repair/qwen2.5-coder_14b/qwen2.5-coder_7b/rules/C009_colorblind_safe_rules_iter02.py,qwen2.5-coder_7b,False,,,,,
map_interactive.html,experiments/05_choropleth_reliability_benchmark/outputs/runs_iterative_repair/qwen2.5-coder_7b/rules/qwen2.5-coder_7b_rules_C009_colorblind_safe_iter02_20260624_235823/map_interactive.html,False,0,,,,False,,,,,2,,interactive_html,,rules,,,C009_colorblind_safe,,,qwen2.5-coder_14b,1,experiments/05_choropleth_reliability_benchmark/outputs/runs_iterative_repair/qwen2.5-coder_7b/rules/qwen2.5-coder_7b_rules_C009_colorblind_safe_iter02_20260624_235823,,experiments/05_choropleth_reliability_benchmark/outputs/generated_code_iterative_repair/qwen2.5-coder_14b/qwen2.5-coder_7b/rules/C009_colorblind_safe_rules_iter02.py,qwen2.5-coder_7b,False,,,False,,
diagnostics.json,experiments/05_choropleth_reliability_benchmark/outputs/runs_iterative_repair/qwen2.5-coder_7b/rules/qwen2.5-coder_7b_rules_C009_colorblind_safe_iter02_20260624_235823/diagnostics.json,False,0,,,,False,,,,,2,,diagnostic_json,,rules,,,C009_colorblind_safe,,,qwen2.5-coder_14b,1,experiments/05_choropleth_reliability_benchmark/outputs/runs_iterative_repair/qwen2.5-coder_7b/rules/qwen2.5-coder_7b_rules_C009_colorblind_safe_iter02_20260624_235823,,experiments/05_choropleth_reliability_benchmark/outputs/generated_code_iterative_repair/qwen2.5-coder_14b/qwen2.5-coder_7b/rules/C009_colorblind_safe_rules_iter02.py,qwen2.5-coder_7b,False,,,,False,
map_static.png,experiments/05_choropleth_reliability_benchmark/outputs/runs_iterative_repair/qwen2.5-coder_7b/rules/qwen2.5-coder_7b_rules_C009_colorblind_safe_iter03_20260624_232322/map_static.png,False,0,,,,False,,,,,3,,static_png,,rules,,,C009_colorblind_safe,missing_or_empty,False,qwen2.5-coder_7b,1,experiments/05_choropleth_reliability_benchmark/outputs/runs_iterative_repair/qwen2.5-coder_7b/rules/qwen2.5-coder_7b_rules_C009_colorblind_safe_iter03_20260624_232322,,experiments/05_choropleth_reliability_benchmark/outputs/generated_code_iterative_repair/qwen2.5-coder_7b/qwen2.5-coder_7b/rules/C009_colorblind_safe_rules_iter03.py,qwen2.5-coder_7b,False,,,,,
time_series.png,experiments/05_choropleth_reliability_benchmark/outputs/runs_iterative_repair/qwen2.5-coder_7b/rules/qwen2.5-coder_7b_rules_C009_colorblind_safe_iter03_20260624_232322/time_series.png,False,0,,,,False,,,,,3,,time_series_png,,rules,,,C009_colorblind_safe,missing_or_empty,False,qwen2.5-coder_7b,1,experiments/05_choropleth_reliability_benchmark/outputs/runs_iterative_repair/qwen2.5-coder_7b/rules/qwen2.5-coder_7b_rules_C009_colorblind_safe_iter03_20260624_232322,,experiments/05_choropleth_reliability_benchmark/outputs/generated_code_iterative_repair/qwen2.5-coder_7b/qwen2.5-coder_7b/rules/C009_colorblind_safe_rules_iter03.py,qwen2.5-coder_7b,False,,,,,
map_interactive.html,experiments/05_choropleth_reliability_benchmark/outputs/runs_iterative_repair/qwen2.5-coder_7b/rules/qwen2.5-coder_7b_rules_C009_colorblind_safe_iter03_20260624_232322/map_interactive.html,False,0,,,,False,,,,,3,,interactive_html,,rules,,,C009_colorblind_safe,,,qwen2.5-coder_7b,1,experiments/05_choropleth_reliability_benchmark/outputs/runs_iterative_repair/qwen2.5-coder_7b/rules/qwen2.5-coder_7b_rules_C009_colorblind_safe_iter03_20260624_232322,,experiments/05_choropleth_reliability_benchmark/outputs/generated_code_iterative_repair/qwen2.5-coder_7b/qwen2.5-coder_7b/rules/C009_colorblind_safe_rules_iter03.py,qwen2.5-coder_7b,False,,,False,,
diagnostics.json,experiments/05_choropleth_reliability_benchmark/outputs/runs_iterative_repair/qwen2.5-coder_7b/rules/qwen2.5-coder_7b_rules_C009_colorblind_safe_iter03_20260624_232322/diagnostics.json,False,0,,,,False,,,,,3,,diagnostic_json,,rules,,,C009_colorblind_safe,,,qwen2.5-coder_7b,1,experiments/05_choropleth_reliability_benchmark/outputs/runs_iterative_repair/qwen2.5-coder_7b/rules/qwen2.5-coder_7b_rules_C009_colorblind_safe_iter03_20260624_232322,,experiments/05_choropleth_reliability_benchmark/outputs/generated_code_iterative_repair/qwen2.5-coder_7b/qwen2.5-coder_7b/rules/C009_colorblind_safe_rules_iter03.py,qwen2.5-coder_7b,False,,,,False,
map_static.png,experiments/05_choropleth_reliability_benchmark/outputs/runs_iterative_repair/qwen2.5-coder_7b/rules/qwen2.5-coder_7b_rules_C009_colorblind_safe_iter03_20260624_235845/map_static.png,False,0,,,,False,,,,,3,,static_png,,rules,,,C009_colorblind_safe,missing_or_empty,False,qwen2.5-coder_14b,1,experiments/05_choropleth_reliability_benchmark/outputs/runs_iterative_repair/qwen2.5-coder_7b/rules/qwen2.5-coder_7b_rules_C009_colorblind_safe_iter03_20260624_235845,,experiments/05_choropleth_reliability_benchmark/outputs/generated_code_iterative_repair/qwen2.5-coder_14b/qwen2.5-coder_7b/rules/C009_colorblind_safe_rules_iter03.py,qwen2.5-coder_7b,False,,,,,
time_series.png,experiments/05_choropleth_reliability_benchmark/outputs/runs_iterative_repair/qwen2.5-coder_7b/rules/qwen2.5-coder_7b_rules_C009_colorblind_safe_iter03_20260624_235845/time_series.png,False,0,,,,False,,,,,3,,time_series_png,,rules,,,C009_colorblind_safe,missing_or_empty,False,qwen2.5-coder_14b,1,experiments/05_choropleth_reliability_benchmark/outputs/runs_iterative_repair/qwen2.5-coder_7b/rules/qwen2.5-coder_7b_rules_C009_colorblind_safe_iter03_20260624_235845,,experiments/05_choropleth_reliability_benchmark/outputs/generated_code_iterative_repair/qwen2.5-coder_14b/qwen2.5-coder_7b/rules/C009_colorblind_safe_rules_iter03.py,qwen2.5-coder_7b,False,,,,,
map_interactive.html,experiments/05_choropleth_reliability_benchmark/outputs/runs_iterative_repair/qwen2.5-coder_7b/rules/qwen2.5-coder_7b_rules_C009_colorblind_safe_iter03_20260624_235845/map_interactive.html,False,0,,,,False,,,,,3,,interactive_html,,rules,,,C009_colorblind_safe,,,qwen2.5-coder_14b,1,experiments/05_choropleth_reliability_benchmark/outputs/runs_iterative_repair/qwen2.5-coder_7b/rules/qwen2.5-coder_7b_rules_C009_colorblind_safe_iter03_20260624_235845,,experiments/05_choropleth_reliability_benchmark/outputs/generated_code_iterative_repair/qwen2.5-coder_14b/qwen2.5-coder_7b/rules/C009_colorblind_safe_rules_iter03.py,qwen2.5-coder_7b,False,,,False,,
diagnostics.json,experiments/05_choropleth_reliability_benchmark/outputs/runs_iterative_repair/qwen2.5-coder_7b/rules/qwen2.5-coder_7b_rules_C009_colorblind_safe_iter03_20260624_235845/diagnostics.json,False,0,,,,False,,,,,3,,diagnostic_json,,rules,,,C009_colorblind_safe,,,qwen2.5-coder_14b,1,experiments/05_choropleth_reliability_benchmark/outputs/runs_iterative_repair/qwen2.5-coder_7b/rules/qwen2.5-coder_7b_rules_C009_colorblind_safe_iter03_20260624_235845,,experiments/05_choropleth_reliability_benchmark/outputs/generated_code_iterative_repair/qwen2.5-coder_14b/qwen2.5-coder_7b/rules/C009_colorblind_safe_rules_iter03.py,qwen2.5-coder_7b,False,,,,False,
map_static.png,experiments/05_choropleth_reliability_benchmark/outputs/runs_iterative_repair/qwen2.5-coder_7b/rules/qwen2.5-coder_7b_rules_C010_interactive_tooltips_iter01_20260624_050311/map_static.png,False,0,,,,False,,,,,1,,static_png,,rules,,,C010_interactive_tooltips,missing_or_empty,False,qwen2.5-coder_32b,1,experiments/05_choropleth_reliability_benchmark/outputs/runs_iterative_repair/qwen2.5-coder_7b/rules/qwen2.5-coder_7b_rules_C010_interactive_tooltips_iter01_20260624_050311,,experiments/05_choropleth_reliability_benchmark/outputs/generated_code_iterative_repair/qwen2.5-coder_32b/qwen2.5-coder_7b/rules/C010_interactive_tooltips_rules_iter01.py,qwen2.5-coder_7b,False,,,,,
time_series.png,experiments/05_choropleth_reliability_benchmark/outputs/runs_iterative_repair/qwen2.5-coder_7b/rules/qwen2.5-coder_7b_rules_C010_interactive_tooltips_iter01_20260624_050311/time_series.png,False,0,,,,False,,,,,1,,time_series_png,,rules,,,C010_interactive_tooltips,missing_or_empty,False,qwen2.5-coder_32b,1,experiments/05_choropleth_reliability_benchmark/outputs/runs_iterative_repair/qwen2.5-coder_7b/rules/qwen2.5-coder_7b_rules_C010_interactive_tooltips_iter01_20260624_050311,,experiments/05_choropleth_reliability_benchmark/outputs/generated_code_iterative_repair/qwen2.5-coder_32b/qwen2.5-coder_7b/rules/C010_interactive_tooltips_rules_iter01.py,qwen2.5-coder_7b,False,,,,,
map_interactive.html,experiments/05_choropleth_reliability_benchmark/outputs/runs_iterative_repair/qwen2.5-coder_7b/rules/qwen2.5-coder_7b_rules_C010_interactive_tooltips_iter01_20260624_050311/map_interactive.html,False,0,,,,False,,,,,1,,interactive_html,,rules,,,C010_interactive_tooltips,,,qwen2.5-coder_32b,1,experiments/05_choropleth_reliability_benchmark/outputs/runs_iterative_repair/qwen2.5-coder_7b/rules/qwen2.5-coder_7b_rules_C010_interactive_tooltips_iter01_20260624_050311,,experiments/05_choropleth_reliability_benchmark/outputs/generated_code_iterative_repair/qwen2.5-coder_32b/qwen2.5-coder_7b/rules/C010_interactive_tooltips_rules_iter01.py,qwen2.5-coder_7b,False,,,False,,
diagnostics.json,experiments/05_choropleth_reliability_benchmark/outputs/runs_iterative_repair/qwen2.5-coder_7b/rules/qwen2.5-coder_7b_rules_C010_interactive_tooltips_iter01_20260624_050311/diagnostics.json,False,0,,,,False,,,,,1,,diagnostic_json,,rules,,,C010_interactive_tooltips,,,qwen2.5-coder_32b,1,experiments/05_choropleth_reliability_benchmark/outputs/runs_iterative_repair/qwen2.5-coder_7b/rules/qwen2.5-coder_7b_rules_C010_interactive_tooltips_iter01_20260624_050311,,experiments/05_choropleth_reliability_benchmark/outputs/generated_code_iterative_repair/qwen2.5-coder_32b/qwen2.5-coder_7b/rules/C010_interactive_tooltips_rules_iter01.py,qwen2.5-coder_7b,False,,,,False,
map_static.png,experiments/05_choropleth_reliability_benchmark/outputs/runs_iterative_repair/qwen2.5-coder_7b/rules/qwen2.5-coder_7b_rules_C010_interactive_tooltips_iter01_20260624_232337/map_static.png,False,0,,,,False,,,,,1,,static_png,,rules,,,C010_interactive_tooltips,missing_or_empty,False,qwen2.5-coder_7b,1,experiments/05_choropleth_reliability_benchmark/outputs/runs_iterative_repair/qwen2.5-coder_7b/rules/qwen2.5-coder_7b_rules_C010_interactive_tooltips_iter01_20260624_232337,,experiments/05_choropleth_reliability_benchmark/outputs/generated_code_iterative_repair/qwen2.5-coder_7b/qwen2.5-coder_7b/rules/C010_interactive_tooltips_rules_iter01.py,qwen2.5-coder_7b,False,,,,,
time_series.png,experiments/05_choropleth_reliability_benchmark/outputs/runs_iterative_repair/qwen2.5-coder_7b/rules/qwen2.5-coder_7b_rules_C010_interactive_tooltips_iter01_20260624_232337/time_series.png,False,0,,,,False,,,,,1,,time_series_png,,rules,,,C010_interactive_tooltips,missing_or_empty,False,qwen2.5-coder_7b,1,experiments/05_choropleth_reliability_benchmark/outputs/runs_iterative_repair/qwen2.5-coder_7b/rules/qwen2.5-coder_7b_rules_C010_interactive_tooltips_iter01_20260624_232337,,experiments/05_choropleth_reliability_benchmark/outputs/generated_code_iterative_repair/qwen2.5-coder_7b/qwen2.5-coder_7b/rules/C010_interactive_tooltips_rules_iter01.py,qwen2.5-coder_7b,False,,,,,
map_interactive.html,experiments/05_choropleth_reliability_benchmark/outputs/runs_iterative_repair/qwen2.5-coder_7b/rules/qwen2.5-coder_7b_rules_C010_interactive_tooltips_iter01_20260624_232337/map_interactive.html,False,0,,,,False,,,,,1,,interactive_html,,rules,,,C010_interactive_tooltips,,,qwen2.5-coder_7b,1,experiments/05_choropleth_reliability_benchmark/outputs/runs_iterative_repair/qwen2.5-coder_7b/rules/qwen2.5-coder_7b_rules_C010_interactive_tooltips_iter01_20260624_232337,,experiments/05_choropleth_reliability_benchmark/outputs/generated_code_iterative_repair/qwen2.5-coder_7b/qwen2.5-coder_7b/rules/C010_interactive_tooltips_rules_iter01.py,qwen2.5-coder_7b,False,,,False,,
diagnostics.json,experiments/05_choropleth_reliability_benchmark/outputs/runs_iterative_repair/qwen2.5-coder_7b/rules/qwen2.5-coder_7b_rules_C010_interactive_tooltips_iter01_20260624_232337/diagnostics.json,False,0,,,,False,,,,,1,,diagnostic_json,,rules,,,C010_interactive_tooltips,,,qwen2.5-coder_7b,1,experiments/05_choropleth_reliability_benchmark/outputs/runs_iterative_repair/qwen2.5-coder_7b/rules/qwen2.5-coder_7b_rules_C010_interactive_tooltips_iter01_20260624_232337,,experiments/05_choropleth_reliability_benchmark/outputs/generated_code_iterative_repair/qwen2.5-coder_7b/qwen2.5-coder_7b/rules/C010_interactive_tooltips_rules_iter01.py,qwen2.5-coder_7b,False,,,,False,
map_static.png,experiments/05_choropleth_reliability_benchmark/outputs/runs_iterative_repair/qwen2.5-coder_7b/rules/qwen2.5-coder_7b_rules_C010_interactive_tooltips_iter01_20260624_235910/map_static.png,False,0,,,,False,,,,,1,,static_png,,rules,,,C010_interactive_tooltips,missing_or_empty,False,qwen2.5-coder_14b,1,experiments/05_choropleth_reliability_benchmark/outputs/runs_iterative_repair/qwen2.5-coder_7b/rules/qwen2.5-coder_7b_rules_C010_interactive_tooltips_iter01_20260624_235910,,experiments/05_choropleth_reliability_benchmark/outputs/generated_code_iterative_repair/qwen2.5-coder_14b/qwen2.5-coder_7b/rules/C010_interactive_tooltips_rules_iter01.py,qwen2.5-coder_7b,False,,,,,
time_series.png,experiments/05_choropleth_reliability_benchmark/outputs/runs_iterative_repair/qwen2.5-coder_7b/rules/qwen2.5-coder_7b_rules_C010_interactive_tooltips_iter01_20260624_235910/time_series.png,False,0,,,,False,,,,,1,,time_series_png,,rules,,,C010_interactive_tooltips,missing_or_empty,False,qwen2.5-coder_14b,1,experiments/05_choropleth_reliability_benchmark/outputs/runs_iterative_repair/qwen2.5-coder_7b/rules/qwen2.5-coder_7b_rules_C010_interactive_tooltips_iter01_20260624_235910,,experiments/05_choropleth_reliability_benchmark/outputs/generated_code_iterative_repair/qwen2.5-coder_14b/qwen2.5-coder_7b/rules/C010_interactive_tooltips_rules_iter01.py,qwen2.5-coder_7b,False,,,,,
map_interactive.html,experiments/05_choropleth_reliability_benchmark/outputs/runs_iterative_repair/qwen2.5-coder_7b/rules/qwen2.5-coder_7b_rules_C010_interactive_tooltips_iter01_20260624_235910/map_interactive.html,False,0,,,,False,,,,,1,,interactive_html,,rules,,,C010_interactive_tooltips,,,qwen2.5-coder_14b,1,experiments/05_choropleth_reliability_benchmark/outputs/runs_iterative_repair/qwen2.5-coder_7b/rules/qwen2.5-coder_7b_rules_C010_interactive_tooltips_iter01_20260624_235910,,experiments/05_choropleth_reliability_benchmark/outputs/generated_code_iterative_repair/qwen2.5-coder_14b/qwen2.5-coder_7b/rules/C010_interactive_tooltips_rules_iter01.py,qwen2.5-coder_7b,False,,,False,,
diagnostics.json,experiments/05_choropleth_reliability_benchmark/outputs/runs_iterative_repair/qwen2.5-coder_7b/rules/qwen2.5-coder_7b_rules_C010_interactive_tooltips_iter01_20260624_235910/diagnostics.json,False,0,,,,False,,,,,1,,diagnostic_json,,rules,,,C010_interactive_tooltips,,,qwen2.5-coder_14b,1,experiments/05_choropleth_reliability_benchmark/outputs/runs_iterative_repair/qwen2.5-coder_7b/rules/qwen2.5-coder_7b_rules_C010_interactive_tooltips_iter01_20260624_235910,,experiments/05_choropleth_reliability_benchmark/outputs/generated_code_iterative_repair/qwen2.5-coder_14b/qwen2.5-coder_7b/rules/C010_interactive_tooltips_rules_iter01.py,qwen2.5-coder_7b,False,,,,False,
map_static.png,experiments/05_choropleth_reliability_benchmark/outputs/runs_iterative_repair/qwen2.5-coder_7b/rules/qwen2.5-coder_7b_rules_C010_interactive_tooltips_iter02_20260624_050417/map_static.png,False,0,,,,False,,,,,2,,static_png,,rules,,,C010_interactive_tooltips,missing_or_empty,False,qwen2.5-coder_32b,1,experiments/05_choropleth_reliability_benchmark/outputs/runs_iterative_repair/qwen2.5-coder_7b/rules/qwen2.5-coder_7b_rules_C010_interactive_tooltips_iter02_20260624_050417,,experiments/05_choropleth_reliability_benchmark/outputs/generated_code_iterative_repair/qwen2.5-coder_32b/qwen2.5-coder_7b/rules/C010_interactive_tooltips_rules_iter02.py,qwen2.5-coder_7b,False,,,,,
time_series.png,experiments/05_choropleth_reliability_benchmark/outputs/runs_iterative_repair/qwen2.5-coder_7b/rules/qwen2.5-coder_7b_rules_C010_interactive_tooltips_iter02_20260624_050417/time_series.png,False,0,,,,False,,,,,2,,time_series_png,,rules,,,C010_interactive_tooltips,missing_or_empty,False,qwen2.5-coder_32b,1,experiments/05_choropleth_reliability_benchmark/outputs/runs_iterative_repair/qwen2.5-coder_7b/rules/qwen2.5-coder_7b_rules_C010_interactive_tooltips_iter02_20260624_050417,,experiments/05_choropleth_reliability_benchmark/outputs/generated_code_iterative_repair/qwen2.5-coder_32b/qwen2.5-coder_7b/rules/C010_interactive_tooltips_rules_iter02.py,qwen2.5-coder_7b,False,,,,,
map_interactive.html,experiments/05_choropleth_reliability_benchmark/outputs/runs_iterative_repair/qwen2.5-coder_7b/rules/qwen2.5-coder_7b_rules_C010_interactive_tooltips_iter02_20260624_050417/map_interactive.html,False,0,,,,True,,,,,2,,interactive_html,,rules,,,C010_interactive_tooltips,,,qwen2.5-coder_32b,1,experiments/05_choropleth_reliability_benchmark/outputs/runs_iterative_repair/qwen2.5-coder_7b/rules/qwen2.5-coder_7b_rules_C010_interactive_tooltips_iter02_20260624_050417,,experiments/05_choropleth_reliability_benchmark/outputs/generated_code_iterative_repair/qwen2.5-coder_32b/qwen2.5-coder_7b/rules/C010_interactive_tooltips_rules_iter02.py,qwen2.5-coder_7b,False,,,False,,
diagnostics.json,experiments/05_choropleth_reliability_benchmark/outputs/runs_iterative_repair/qwen2.5-coder_7b/rules/qwen2.5-coder_7b_rules_C010_interactive_tooltips_iter02_20260624_050417/diagnostics.json,False,0,,,,False,,,,,2,,diagnostic_json,,rules,,,C010_interactive_tooltips,,,qwen2.5-coder_32b,1,experiments/05_choropleth_reliability_benchmark/outputs/runs_iterative_repair/qwen2.5-coder_7b/rules/qwen2.5-coder_7b_rules_C010_interactive_tooltips_iter02_20260624_050417,,experiments/05_choropleth_reliability_benchmark/outputs/generated_code_iterative_repair/qwen2.5-coder_32b/qwen2.5-coder_7b/rules/C010_interactive_tooltips_rules_iter02.py,qwen2.5-coder_7b,False,,,,False,
map_static.png,experiments/05_choropleth_reliability_benchmark/outputs/runs_iterative_repair/qwen2.5-coder_7b/rules/qwen2.5-coder_7b_rules_C010_interactive_tooltips_iter02_20260624_232354/map_static.png,False,0,,,,False,,,,,2,,static_png,,rules,,,C010_interactive_tooltips,missing_or_empty,False,qwen2.5-coder_7b,1,experiments/05_choropleth_reliability_benchmark/outputs/runs_iterative_repair/qwen2.5-coder_7b/rules/qwen2.5-coder_7b_rules_C010_interactive_tooltips_iter02_20260624_232354,,experiments/05_choropleth_reliability_benchmark/outputs/generated_code_iterative_repair/qwen2.5-coder_7b/qwen2.5-coder_7b/rules/C010_interactive_tooltips_rules_iter02.py,qwen2.5-coder_7b,False,,,,,
time_series.png,experiments/05_choropleth_reliability_benchmark/outputs/runs_iterative_repair/qwen2.5-coder_7b/rules/qwen2.5-coder_7b_rules_C010_interactive_tooltips_iter02_20260624_232354/time_series.png,False,0,,,,False,,,,,2,,time_series_png,,rules,,,C010_interactive_tooltips,missing_or_empty,False,qwen2.5-coder_7b,1,experiments/05_choropleth_reliability_benchmark/outputs/runs_iterative_repair/qwen2.5-coder_7b/rules/qwen2.5-coder_7b_rules_C010_interactive_tooltips_iter02_20260624_232354,,experiments/05_choropleth_reliability_benchmark/outputs/generated_code_iterative_repair/qwen2.5-coder_7b/qwen2.5-coder_7b/rules/C010_interactive_tooltips_rules_iter02.py,qwen2.5-coder_7b,False,,,,,
map_interactive.html,experiments/05_choropleth_reliability_benchmark/outputs/runs_iterative_repair/qwen2.5-coder_7b/rules/qwen2.5-coder_7b_rules_C010_interactive_tooltips_iter02_20260624_232354/map_interactive.html,False,0,,,,False,,,,,2,,interactive_html,,rules,,,C010_interactive_tooltips,,,qwen2.5-coder_7b,1,experiments/05_choropleth_reliability_benchmark/outputs/runs_iterative_repair/qwen2.5-coder_7b/rules/qwen2.5-coder_7b_rules_C010_interactive_tooltips_iter02_20260624_232354,,experiments/05_choropleth_reliability_benchmark/outputs/generated_code_iterative_repair/qwen2.5-coder_7b/qwen2.5-coder_7b/rules/C010_interactive_tooltips_rules_iter02.py,qwen2.5-coder_7b,False,,,False,,
diagnostics.json,experiments/05_choropleth_reliability_benchmark/outputs/runs_iterative_repair/qwen2.5-coder_7b/rules/qwen2.5-coder_7b_rules_C010_interactive_tooltips_iter02_20260624_232354/diagnostics.json,False,0,,,,False,,,,,2,,diagnostic_json,,rules,,,C010_interactive_tooltips,,,qwen2.5-coder_7b,1,experiments/05_choropleth_reliability_benchmark/outputs/runs_iterative_repair/qwen2.5-coder_7b/rules/qwen2.5-coder_7b_rules_C010_interactive_tooltips_iter02_20260624_232354,,experiments/05_choropleth_reliability_benchmark/outputs/generated_code_iterative_repair/qwen2.5-coder_7b/qwen2.5-coder_7b/rules/C010_interactive_tooltips_rules_iter02.py,qwen2.5-coder_7b,False,,,,False,
map_static.png,experiments/05_choropleth_reliability_benchmark/outputs/runs_iterative_repair/qwen2.5-coder_7b/rules/qwen2.5-coder_7b_rules_C010_interactive_tooltips_iter02_20260624_235937/map_static.png,False,0,,,,False,,,,,2,,static_png,,rules,,,C010_interactive_tooltips,missing_or_empty,False,qwen2.5-coder_14b,1,experiments/05_choropleth_reliability_benchmark/outputs/runs_iterative_repair/qwen2.5-coder_7b/rules/qwen2.5-coder_7b_rules_C010_interactive_tooltips_iter02_20260624_235937,,experiments/05_choropleth_reliability_benchmark/outputs/generated_code_iterative_repair/qwen2.5-coder_14b/qwen2.5-coder_7b/rules/C010_interactive_tooltips_rules_iter02.py,qwen2.5-coder_7b,False,,,,,
time_series.png,experiments/05_choropleth_reliability_benchmark/outputs/runs_iterative_repair/qwen2.5-coder_7b/rules/qwen2.5-coder_7b_rules_C010_interactive_tooltips_iter02_20260624_235937/time_series.png,False,0,,,,False,,,,,2,,time_series_png,,rules,,,C010_interactive_tooltips,missing_or_empty,False,qwen2.5-coder_14b,1,experiments/05_choropleth_reliability_benchmark/outputs/runs_iterative_repair/qwen2.5-coder_7b/rules/qwen2.5-coder_7b_rules_C010_interactive_tooltips_iter02_20260624_235937,,experiments/05_choropleth_reliability_benchmark/outputs/generated_code_iterative_repair/qwen2.5-coder_14b/qwen2.5-coder_7b/rules/C010_interactive_tooltips_rules_iter02.py,qwen2.5-coder_7b,False,,,,,
map_interactive.html,experiments/05_choropleth_reliability_benchmark/outputs/runs_iterative_repair/qwen2.5-coder_7b/rules/qwen2.5-coder_7b_rules_C010_interactive_tooltips_iter02_20260624_235937/map_interactive.html,False,0,,,,False,,,,,2,,interactive_html,,rules,,,C010_interactive_tooltips,,,qwen2.5-coder_14b,1,experiments/05_choropleth_reliability_benchmark/outputs/runs_iterative_repair/qwen2.5-coder_7b/rules/qwen2.5-coder_7b_rules_C010_interactive_tooltips_iter02_20260624_235937,,experiments/05_choropleth_reliability_benchmark/outputs/generated_code_iterative_repair/qwen2.5-coder_14b/qwen2.5-coder_7b/rules/C010_interactive_tooltips_rules_iter02.py,qwen2.5-coder_7b,False,,,False,,
diagnostics.json,experiments/05_choropleth_reliability_benchmark/outputs/runs_iterative_repair/qwen2.5-coder_7b/rules/qwen2.5-coder_7b_rules_C010_interactive_tooltips_iter02_20260624_235937/diagnostics.json,False,0,,,,False,,,,,2,,diagnostic_json,,rules,,,C010_interactive_tooltips,,,qwen2.5-coder_14b,1,experiments/05_choropleth_reliability_benchmark/outputs/runs_iterative_repair/qwen2.5-coder_7b/rules/qwen2.5-coder_7b_rules_C010_interactive_tooltips_iter02_20260624_235937,,experiments/05_choropleth_reliability_benchmark/outputs/generated_code_iterative_repair/qwen2.5-coder_14b/qwen2.5-coder_7b/rules/C010_interactive_tooltips_rules_iter02.py,qwen2.5-coder_7b,False,,,,False,
map_static.png,experiments/05_choropleth_reliability_benchmark/outputs/runs_iterative_repair/qwen2.5-coder_7b/rules/qwen2.5-coder_7b_rules_C010_interactive_tooltips_iter03_20260624_062721/map_static.png,False,0,,,,False,,,,,3,,static_png,,rules,,,C010_interactive_tooltips,missing_or_empty,False,qwen2.5-coder_32b,0,experiments/05_choropleth_reliability_benchmark/outputs/runs_iterative_repair/qwen2.5-coder_7b/rules/qwen2.5-coder_7b_rules_C010_interactive_tooltips_iter03_20260624_062721,,experiments/05_choropleth_reliability_benchmark/outputs/generated_code_iterative_repair/qwen2.5-coder_32b/qwen2.5-coder_7b/rules/C010_interactive_tooltips_rules_iter03.py,qwen2.5-coder_7b,False,,,,,
time_series.png,experiments/05_choropleth_reliability_benchmark/outputs/runs_iterative_repair/qwen2.5-coder_7b/rules/qwen2.5-coder_7b_rules_C010_interactive_tooltips_iter03_20260624_062721/time_series.png,False,0,,,,False,,,,,3,,time_series_png,,rules,,,C010_interactive_tooltips,missing_or_empty,False,qwen2.5-coder_32b,0,experiments/05_choropleth_reliability_benchmark/outputs/runs_iterative_repair/qwen2.5-coder_7b/rules/qwen2.5-coder_7b_rules_C010_interactive_tooltips_iter03_20260624_062721,,experiments/05_choropleth_reliability_benchmark/outputs/generated_code_iterative_repair/qwen2.5-coder_32b/qwen2.5-coder_7b/rules/C010_interactive_tooltips_rules_iter03.py,qwen2.5-coder_7b,False,,,,,
map_interactive.html,experiments/05_choropleth_reliability_benchmark/outputs/runs_iterative_repair/qwen2.5-coder_7b/rules/qwen2.5-coder_7b_rules_C010_interactive_tooltips_iter03_20260624_062721/map_interactive.html,True,12527466,,,,True,True,True,True,,3,,interactive_html,,rules,,,C010_interactive_tooltips,,,qwen2.5-coder_32b,0,experiments/05_choropleth_reliability_benchmark/outputs/runs_iterative_repair/qwen2.5-coder_7b/rules/qwen2.5-coder_7b_rules_C010_interactive_tooltips_iter03_20260624_062721,,experiments/05_choropleth_reliability_benchmark/outputs/generated_code_iterative_repair/qwen2.5-coder_32b/qwen2.5-coder_7b/rules/C010_interactive_tooltips_rules_iter03.py,qwen2.5-coder_7b,False,,,True,,
diagnostics.json,experiments/05_choropleth_reliability_benchmark/outputs/runs_iterative_repair/qwen2.5-coder_7b/rules/qwen2.5-coder_7b_rules_C010_interactive_tooltips_iter03_20260624_062721/diagnostics.json,True,2,,,,True,,,,,3,,diagnostic_json,,rules,,,C010_interactive_tooltips,,,qwen2.5-coder_32b,0,experiments/05_choropleth_reliability_benchmark/outputs/runs_iterative_repair/qwen2.5-coder_7b/rules/qwen2.5-coder_7b_rules_C010_interactive_tooltips_iter03_20260624_062721,,experiments/05_choropleth_reliability_benchmark/outputs/generated_code_iterative_repair/qwen2.5-coder_32b/qwen2.5-coder_7b/rules/C010_interactive_tooltips_rules_iter03.py,qwen2.5-coder_7b,False,0,,,True,
map_static.png,experiments/05_choropleth_reliability_benchmark/outputs/runs_iterative_repair/qwen2.5-coder_7b/rules/qwen2.5-coder_7b_rules_C010_interactive_tooltips_iter03_20260624_232410/map_static.png,False,0,,,,False,,,,,3,,static_png,,rules,,,C010_interactive_tooltips,missing_or_empty,False,qwen2.5-coder_7b,1,experiments/05_choropleth_reliability_benchmark/outputs/runs_iterative_repair/qwen2.5-coder_7b/rules/qwen2.5-coder_7b_rules_C010_interactive_tooltips_iter03_20260624_232410,,experiments/05_choropleth_reliability_benchmark/outputs/generated_code_iterative_repair/qwen2.5-coder_7b/qwen2.5-coder_7b/rules/C010_interactive_tooltips_rules_iter03.py,qwen2.5-coder_7b,False,,,,,
time_series.png,experiments/05_choropleth_reliability_benchmark/outputs/runs_iterative_repair/qwen2.5-coder_7b/rules/qwen2.5-coder_7b_rules_C010_interactive_tooltips_iter03_20260624_232410/time_series.png,False,0,,,,False,,,,,3,,time_series_png,,rules,,,C010_interactive_tooltips,missing_or_empty,False,qwen2.5-coder_7b,1,experiments/05_choropleth_reliability_benchmark/outputs/runs_iterative_repair/qwen2.5-coder_7b/rules/qwen2.5-coder_7b_rules_C010_interactive_tooltips_iter03_20260624_232410,,experiments/05_choropleth_reliability_benchmark/outputs/generated_code_iterative_repair/qwen2.5-coder_7b/qwen2.5-coder_7b/rules/C010_interactive_tooltips_rules_iter03.py,qwen2.5-coder_7b,False,,,,,
map_interactive.html,experiments/05_choropleth_reliability_benchmark/outputs/runs_iterative_repair/qwen2.5-coder_7b/rules/qwen2.5-coder_7b_rules_C010_interactive_tooltips_iter03_20260624_232410/map_interactive.html,False,0,,,,False,,,,,3,,interactive_html,,rules,,,C010_interactive_tooltips,,,qwen2.5-coder_7b,1,experiments/05_choropleth_reliability_benchmark/outputs/runs_iterative_repair/qwen2.5-coder_7b/rules/qwen2.5-coder_7b_rules_C010_interactive_tooltips_iter03_20260624_232410,,experiments/05_choropleth_reliability_benchmark/outputs/generated_code_iterative_repair/qwen2.5-coder_7b/qwen2.5-coder_7b/rules/C010_interactive_tooltips_rules_iter03.py,qwen2.5-coder_7b,False,,,False,,
diagnostics.json,experiments/05_choropleth_reliability_benchmark/outputs/runs_iterative_repair/qwen2.5-coder_7b/rules/qwen2.5-coder_7b_rules_C010_interactive_tooltips_iter03_20260624_232410/diagnostics.json,False,0,,,,False,,,,,3,,diagnostic_json,,rules,,,C010_interactive_tooltips,,,qwen2.5-coder_7b,1,experiments/05_choropleth_reliability_benchmark/outputs/runs_iterative_repair/qwen2.5-coder_7b/rules/qwen2.5-coder_7b_rules_C010_interactive_tooltips_iter03_20260624_232410,,experiments/05_choropleth_reliability_benchmark/outputs/generated_code_iterative_repair/qwen2.5-coder_7b/qwen2.5-coder_7b/rules/C010_interactive_tooltips_rules_iter03.py,qwen2.5-coder_7b,False,,,,False,
map_static.png,experiments/05_choropleth_reliability_benchmark/outputs/runs_iterative_repair/qwen2.5-coder_7b/rules/qwen2.5-coder_7b_rules_C010_interactive_tooltips_iter03_20260625_000006/map_static.png,False,0,,,,False,,,,,3,,static_png,,rules,,,C010_interactive_tooltips,missing_or_empty,False,qwen2.5-coder_14b,0,experiments/05_choropleth_reliability_benchmark/outputs/runs_iterative_repair/qwen2.5-coder_7b/rules/qwen2.5-coder_7b_rules_C010_interactive_tooltips_iter03_20260625_000006,,experiments/05_choropleth_reliability_benchmark/outputs/generated_code_iterative_repair/qwen2.5-coder_14b/qwen2.5-coder_7b/rules/C010_interactive_tooltips_rules_iter03.py,qwen2.5-coder_7b,False,,,,,
time_series.png,experiments/05_choropleth_reliability_benchmark/outputs/runs_iterative_repair/qwen2.5-coder_7b/rules/qwen2.5-coder_7b_rules_C010_interactive_tooltips_iter03_20260625_000006/time_series.png,False,0,,,,False,,,,,3,,time_series_png,,rules,,,C010_interactive_tooltips,missing_or_empty,False,qwen2.5-coder_14b,0,experiments/05_choropleth_reliability_benchmark/outputs/runs_iterative_repair/qwen2.5-coder_7b/rules/qwen2.5-coder_7b_rules_C010_interactive_tooltips_iter03_20260625_000006,,experiments/05_choropleth_reliability_benchmark/outputs/generated_code_iterative_repair/qwen2.5-coder_14b/qwen2.5-coder_7b/rules/C010_interactive_tooltips_rules_iter03.py,qwen2.5-coder_7b,False,,,,,
map_interactive.html,experiments/05_choropleth_reliability_benchmark/outputs/runs_iterative_repair/qwen2.5-coder_7b/rules/qwen2.5-coder_7b_rules_C010_interactive_tooltips_iter03_20260625_000006/map_interactive.html,True,12536131,,,,True,True,True,True,,3,,interactive_html,,rules,,,C010_interactive_tooltips,,,qwen2.5-coder_14b,0,experiments/05_choropleth_reliability_benchmark/outputs/runs_iterative_repair/qwen2.5-coder_7b/rules/qwen2.5-coder_7b_rules_C010_interactive_tooltips_iter03_20260625_000006,,experiments/05_choropleth_reliability_benchmark/outputs/generated_code_iterative_repair/qwen2.5-coder_14b/qwen2.5-coder_7b/rules/C010_interactive_tooltips_rules_iter03.py,qwen2.5-coder_7b,False,,,True,,
diagnostics.json,experiments/05_choropleth_reliability_benchmark/outputs/runs_iterative_repair/qwen2.5-coder_7b/rules/qwen2.5-coder_7b_rules_C010_interactive_tooltips_iter03_20260625_000006/diagnostics.json,True,2,,,,True,,,,,3,,diagnostic_json,,rules,,,C010_interactive_tooltips,,,qwen2.5-coder_14b,0,experiments/05_choropleth_reliability_benchmark/outputs/runs_iterative_repair/qwen2.5-coder_7b/rules/qwen2.5-coder_7b_rules_C010_interactive_tooltips_iter03_20260625_000006,,experiments/05_choropleth_reliability_benchmark/outputs/generated_code_iterative_repair/qwen2.5-coder_14b/qwen2.5-coder_7b/rules/C010_interactive_tooltips_rules_iter03.py,qwen2.5-coder_7b,False,0,,,True,
map_static.png,experiments/05_choropleth_reliability_benchmark/outputs/runs_iterative_repair/qwen2.5-coder_7b/rules/qwen2.5-coder_7b_rules_C011_static_and_interactive_iter01_20260624_052302/map_static.png,False,0,,,,False,,,,,1,,static_png,,rules,,,C011_static_and_interactive,missing_or_empty,False,qwen2.5-coder_32b,1,experiments/05_choropleth_reliability_benchmark/outputs/runs_iterative_repair/qwen2.5-coder_7b/rules/qwen2.5-coder_7b_rules_C011_static_and_interactive_iter01_20260624_052302,,experiments/05_choropleth_reliability_benchmark/outputs/generated_code_iterative_repair/qwen2.5-coder_32b/qwen2.5-coder_7b/rules/C011_static_and_interactive_rules_iter01.py,qwen2.5-coder_7b,False,,,,,
time_series.png,experiments/05_choropleth_reliability_benchmark/outputs/runs_iterative_repair/qwen2.5-coder_7b/rules/qwen2.5-coder_7b_rules_C011_static_and_interactive_iter01_20260624_052302/time_series.png,False,0,,,,False,,,,,1,,time_series_png,,rules,,,C011_static_and_interactive,missing_or_empty,False,qwen2.5-coder_32b,1,experiments/05_choropleth_reliability_benchmark/outputs/runs_iterative_repair/qwen2.5-coder_7b/rules/qwen2.5-coder_7b_rules_C011_static_and_interactive_iter01_20260624_052302,,experiments/05_choropleth_reliability_benchmark/outputs/generated_code_iterative_repair/qwen2.5-coder_32b/qwen2.5-coder_7b/rules/C011_static_and_interactive_rules_iter01.py,qwen2.5-coder_7b,False,,,,,
map_interactive.html,experiments/05_choropleth_reliability_benchmark/outputs/runs_iterative_repair/qwen2.5-coder_7b/rules/qwen2.5-coder_7b_rules_C011_static_and_interactive_iter01_20260624_052302/map_interactive.html,False,0,,,,False,,,,,1,,interactive_html,,rules,,,C011_static_and_interactive,,,qwen2.5-coder_32b,1,experiments/05_choropleth_reliability_benchmark/outputs/runs_iterative_repair/qwen2.5-coder_7b/rules/qwen2.5-coder_7b_rules_C011_static_and_interactive_iter01_20260624_052302,,experiments/05_choropleth_reliability_benchmark/outputs/generated_code_iterative_repair/qwen2.5-coder_32b/qwen2.5-coder_7b/rules/C011_static_and_interactive_rules_iter01.py,qwen2.5-coder_7b,False,,,False,,
diagnostics.json,experiments/05_choropleth_reliability_benchmark/outputs/runs_iterative_repair/qwen2.5-coder_7b/rules/qwen2.5-coder_7b_rules_C011_static_and_interactive_iter01_20260624_052302/diagnostics.json,False,0,,,,False,,,,,1,,diagnostic_json,,rules,,,C011_static_and_interactive,,,qwen2.5-coder_32b,1,experiments/05_choropleth_reliability_benchmark/outputs/runs_iterative_repair/qwen2.5-coder_7b/rules/qwen2.5-coder_7b_rules_C011_static_and_interactive_iter01_20260624_052302,,experiments/05_choropleth_reliability_benchmark/outputs/generated_code_iterative_repair/qwen2.5-coder_32b/qwen2.5-coder_7b/rules/C011_static_and_interactive_rules_iter01.py,qwen2.5-coder_7b,False,,,,False,
map_static.png,experiments/05_choropleth_reliability_benchmark/outputs/runs_iterative_repair/qwen2.5-coder_7b/rules/qwen2.5-coder_7b_rules_C011_static_and_interactive_iter01_20260624_233104/map_static.png,False,0,,,,False,,,,,1,,static_png,,rules,,,C011_static_and_interactive,missing_or_empty,False,qwen2.5-coder_7b,1,experiments/05_choropleth_reliability_benchmark/outputs/runs_iterative_repair/qwen2.5-coder_7b/rules/qwen2.5-coder_7b_rules_C011_static_and_interactive_iter01_20260624_233104,,experiments/05_choropleth_reliability_benchmark/outputs/generated_code_iterative_repair/qwen2.5-coder_7b/qwen2.5-coder_7b/rules/C011_static_and_interactive_rules_iter01.py,qwen2.5-coder_7b,False,,,,,
time_series.png,experiments/05_choropleth_reliability_benchmark/outputs/runs_iterative_repair/qwen2.5-coder_7b/rules/qwen2.5-coder_7b_rules_C011_static_and_interactive_iter01_20260624_233104/time_series.png,False,0,,,,False,,,,,1,,time_series_png,,rules,,,C011_static_and_interactive,missing_or_empty,False,qwen2.5-coder_7b,1,experiments/05_choropleth_reliability_benchmark/outputs/runs_iterative_repair/qwen2.5-coder_7b/rules/qwen2.5-coder_7b_rules_C011_static_and_interactive_iter01_20260624_233104,,experiments/05_choropleth_reliability_benchmark/outputs/generated_code_iterative_repair/qwen2.5-coder_7b/qwen2.5-coder_7b/rules/C011_static_and_interactive_rules_iter01.py,qwen2.5-coder_7b,False,,,,,
map_interactive.html,experiments/05_choropleth_reliability_benchmark/outputs/runs_iterative_repair/qwen2.5-coder_7b/rules/qwen2.5-coder_7b_rules_C011_static_and_interactive_iter01_20260624_233104/map_interactive.html,False,0,,,,False,,,,,1,,interactive_html,,rules,,,C011_static_and_interactive,,,qwen2.5-coder_7b,1,experiments/05_choropleth_reliability_benchmark/outputs/runs_iterative_repair/qwen2.5-coder_7b/rules/qwen2.5-coder_7b_rules_C011_static_and_interactive_iter01_20260624_233104,,experiments/05_choropleth_reliability_benchmark/outputs/generated_code_iterative_repair/qwen2.5-coder_7b/qwen2.5-coder_7b/rules/C011_static_and_interactive_rules_iter01.py,qwen2.5-coder_7b,False,,,False,,
diagnostics.json,experiments/05_choropleth_reliability_benchmark/outputs/runs_iterative_repair/qwen2.5-coder_7b/rules/qwen2.5-coder_7b_rules_C011_static_and_interactive_iter01_20260624_233104/diagnostics.json,False,0,,,,False,,,,,1,,diagnostic_json,,rules,,,C011_static_and_interactive,,,qwen2.5-coder_7b,1,experiments/05_choropleth_reliability_benchmark/outputs/runs_iterative_repair/qwen2.5-coder_7b/rules/qwen2.5-coder_7b_rules_C011_static_and_interactive_iter01_20260624_233104,,experiments/05_choropleth_reliability_benchmark/outputs/generated_code_iterative_repair/qwen2.5-coder_7b/qwen2.5-coder_7b/rules/C011_static_and_interactive_rules_iter01.py,qwen2.5-coder_7b,False,,,,False,
map_static.png,experiments/05_choropleth_reliability_benchmark/outputs/runs_iterative_repair/qwen2.5-coder_7b/rules/qwen2.5-coder_7b_rules_C011_static_and_interactive_iter01_20260625_001128/map_static.png,False,0,,,,False,,,,,1,,static_png,,rules,,,C011_static_and_interactive,missing_or_empty,False,qwen2.5-coder_14b,1,experiments/05_choropleth_reliability_benchmark/outputs/runs_iterative_repair/qwen2.5-coder_7b/rules/qwen2.5-coder_7b_rules_C011_static_and_interactive_iter01_20260625_001128,,experiments/05_choropleth_reliability_benchmark/outputs/generated_code_iterative_repair/qwen2.5-coder_14b/qwen2.5-coder_7b/rules/C011_static_and_interactive_rules_iter01.py,qwen2.5-coder_7b,False,,,,,
time_series.png,experiments/05_choropleth_reliability_benchmark/outputs/runs_iterative_repair/qwen2.5-coder_7b/rules/qwen2.5-coder_7b_rules_C011_static_and_interactive_iter01_20260625_001128/time_series.png,False,0,,,,False,,,,,1,,time_series_png,,rules,,,C011_static_and_interactive,missing_or_empty,False,qwen2.5-coder_14b,1,experiments/05_choropleth_reliability_benchmark/outputs/runs_iterative_repair/qwen2.5-coder_7b/rules/qwen2.5-coder_7b_rules_C011_static_and_interactive_iter01_20260625_001128,,experiments/05_choropleth_reliability_benchmark/outputs/generated_code_iterative_repair/qwen2.5-coder_14b/qwen2.5-coder_7b/rules/C011_static_and_interactive_rules_iter01.py,qwen2.5-coder_7b,False,,,,,
map_interactive.html,experiments/05_choropleth_reliability_benchmark/outputs/runs_iterative_repair/qwen2.5-coder_7b/rules/qwen2.5-coder_7b_rules_C011_static_and_interactive_iter01_20260625_001128/map_interactive.html,False,0,,,,False,,,,,1,,interactive_html,,rules,,,C011_static_and_interactive,,,qwen2.5-coder_14b,1,experiments/05_choropleth_reliability_benchmark/outputs/runs_iterative_repair/qwen2.5-coder_7b/rules/qwen2.5-coder_7b_rules_C011_static_and_interactive_iter01_20260625_001128,,experiments/05_choropleth_reliability_benchmark/outputs/generated_code_iterative_repair/qwen2.5-coder_14b/qwen2.5-coder_7b/rules/C011_static_and_interactive_rules_iter01.py,qwen2.5-coder_7b,False,,,False,,
diagnostics.json,experiments/05_choropleth_reliability_benchmark/outputs/runs_iterative_repair/qwen2.5-coder_7b/rules/qwen2.5-coder_7b_rules_C011_static_and_interactive_iter01_20260625_001128/diagnostics.json,False,0,,,,False,,,,,1,,diagnostic_json,,rules,,,C011_static_and_interactive,,,qwen2.5-coder_14b,1,experiments/05_choropleth_reliability_benchmark/outputs/runs_iterative_repair/qwen2.5-coder_7b/rules/qwen2.5-coder_7b_rules_C011_static_and_interactive_iter01_20260625_001128,,experiments/05_choropleth_reliability_benchmark/outputs/generated_code_iterative_repair/qwen2.5-coder_14b/qwen2.5-coder_7b/rules/C011_static_and_interactive_rules_iter01.py,qwen2.5-coder_7b,False,,,,False,
map_static.png,experiments/05_choropleth_reliability_benchmark/outputs/runs_iterative_repair/qwen2.5-coder_7b/rules/qwen2.5-coder_7b_rules_C011_static_and_interactive_iter01_20260625_002736/map_static.png,False,0,,,,False,,,,,1,,static_png,,rules,,,C011_static_and_interactive,missing_or_empty,False,deepseek-coder_6.7b,1,experiments/05_choropleth_reliability_benchmark/outputs/runs_iterative_repair/qwen2.5-coder_7b/rules/qwen2.5-coder_7b_rules_C011_static_and_interactive_iter01_20260625_002736,,experiments/05_choropleth_reliability_benchmark/outputs/generated_code_iterative_repair/deepseek-coder_6.7b/qwen2.5-coder_7b/rules/C011_static_and_interactive_rules_iter01.py,qwen2.5-coder_7b,False,,,,,
time_series.png,experiments/05_choropleth_reliability_benchmark/outputs/runs_iterative_repair/qwen2.5-coder_7b/rules/qwen2.5-coder_7b_rules_C011_static_and_interactive_iter01_20260625_002736/time_series.png,False,0,,,,False,,,,,1,,time_series_png,,rules,,,C011_static_and_interactive,missing_or_empty,False,deepseek-coder_6.7b,1,experiments/05_choropleth_reliability_benchmark/outputs/runs_iterative_repair/qwen2.5-coder_7b/rules/qwen2.5-coder_7b_rules_C011_static_and_interactive_iter01_20260625_002736,,experiments/05_choropleth_reliability_benchmark/outputs/generated_code_iterative_repair/deepseek-coder_6.7b/qwen2.5-coder_7b/rules/C011_static_and_interactive_rules_iter01.py,qwen2.5-coder_7b,False,,,,,
map_interactive.html,experiments/05_choropleth_reliability_benchmark/outputs/runs_iterative_repair/qwen2.5-coder_7b/rules/qwen2.5-coder_7b_rules_C011_static_and_interactive_iter01_20260625_002736/map_interactive.html,False,0,,,,False,,,,,1,,interactive_html,,rules,,,C011_static_and_interactive,,,deepseek-coder_6.7b,1,experiments/05_choropleth_reliability_benchmark/outputs/runs_iterative_repair/qwen2.5-coder_7b/rules/qwen2.5-coder_7b_rules_C011_static_and_interactive_iter01_20260625_002736,,experiments/05_choropleth_reliability_benchmark/outputs/generated_code_iterative_repair/deepseek-coder_6.7b/qwen2.5-coder_7b/rules/C011_static_and_interactive_rules_iter01.py,qwen2.5-coder_7b,False,,,False,,
diagnostics.json,experiments/05_choropleth_reliability_benchmark/outputs/runs_iterative_repair/qwen2.5-coder_7b/rules/qwen2.5-coder_7b_rules_C011_static_and_interactive_iter01_20260625_002736/diagnostics.json,False,0,,,,False,,,,,1,,diagnostic_json,,rules,,,C011_static_and_interactive,,,deepseek-coder_6.7b,1,experiments/05_choropleth_reliability_benchmark/outputs/runs_iterative_repair/qwen2.5-coder_7b/rules/qwen2.5-coder_7b_rules_C011_static_and_interactive_iter01_20260625_002736,,experiments/05_choropleth_reliability_benchmark/outputs/generated_code_iterative_repair/deepseek-coder_6.7b/qwen2.5-coder_7b/rules/C011_static_and_interactive_rules_iter01.py,qwen2.5-coder_7b,False,,,,False,
map_static.png,experiments/05_choropleth_reliability_benchmark/outputs/runs_iterative_repair/qwen2.5-coder_7b/rules/qwen2.5-coder_7b_rules_C011_static_and_interactive_iter02_20260624_052416/map_static.png,False,0,,,,False,,,,,2,,static_png,,rules,,,C011_static_and_interactive,missing_or_empty,False,qwen2.5-coder_32b,1,experiments/05_choropleth_reliability_benchmark/outputs/runs_iterative_repair/qwen2.5-coder_7b/rules/qwen2.5-coder_7b_rules_C011_static_and_interactive_iter02_20260624_052416,,experiments/05_choropleth_reliability_benchmark/outputs/generated_code_iterative_repair/qwen2.5-coder_32b/qwen2.5-coder_7b/rules/C011_static_and_interactive_rules_iter02.py,qwen2.5-coder_7b,False,,,,,
time_series.png,experiments/05_choropleth_reliability_benchmark/outputs/runs_iterative_repair/qwen2.5-coder_7b/rules/qwen2.5-coder_7b_rules_C011_static_and_interactive_iter02_20260624_052416/time_series.png,False,0,,,,False,,,,,2,,time_series_png,,rules,,,C011_static_and_interactive,missing_or_empty,False,qwen2.5-coder_32b,1,experiments/05_choropleth_reliability_benchmark/outputs/runs_iterative_repair/qwen2.5-coder_7b/rules/qwen2.5-coder_7b_rules_C011_static_and_interactive_iter02_20260624_052416,,experiments/05_choropleth_reliability_benchmark/outputs/generated_code_iterative_repair/qwen2.5-coder_32b/qwen2.5-coder_7b/rules/C011_static_and_interactive_rules_iter02.py,qwen2.5-coder_7b,False,,,,,
map_interactive.html,experiments/05_choropleth_reliability_benchmark/outputs/runs_iterative_repair/qwen2.5-coder_7b/rules/qwen2.5-coder_7b_rules_C011_static_and_interactive_iter02_20260624_052416/map_interactive.html,False,0,,,,False,,,,,2,,interactive_html,,rules,,,C011_static_and_interactive,,,qwen2.5-coder_32b,1,experiments/05_choropleth_reliability_benchmark/outputs/runs_iterative_repair/qwen2.5-coder_7b/rules/qwen2.5-coder_7b_rules_C011_static_and_interactive_iter02_20260624_052416,,experiments/05_choropleth_reliability_benchmark/outputs/generated_code_iterative_repair/qwen2.5-coder_32b/qwen2.5-coder_7b/rules/C011_static_and_interactive_rules_iter02.py,qwen2.5-coder_7b,False,,,False,,
diagnostics.json,experiments/05_choropleth_reliability_benchmark/outputs/runs_iterative_repair/qwen2.5-coder_7b/rules/qwen2.5-coder_7b_rules_C011_static_and_interactive_iter02_20260624_052416/diagnostics.json,False,0,,,,False,,,,,2,,diagnostic_json,,rules,,,C011_static_and_interactive,,,qwen2.5-coder_32b,1,experiments/05_choropleth_reliability_benchmark/outputs/runs_iterative_repair/qwen2.5-coder_7b/rules/qwen2.5-coder_7b_rules_C011_static_and_interactive_iter02_20260624_052416,,experiments/05_choropleth_reliability_benchmark/outputs/generated_code_iterative_repair/qwen2.5-coder_32b/qwen2.5-coder_7b/rules/C011_static_and_interactive_rules_iter02.py,qwen2.5-coder_7b,False,,,,False,
map_static.png,experiments/05_choropleth_reliability_benchmark/outputs/runs_iterative_repair/qwen2.5-coder_7b/rules/qwen2.5-coder_7b_rules_C011_static_and_interactive_iter02_20260624_233121/map_static.png,False,0,,,,False,,,,,2,,static_png,,rules,,,C011_static_and_interactive,missing_or_empty,False,qwen2.5-coder_7b,1,experiments/05_choropleth_reliability_benchmark/outputs/runs_iterative_repair/qwen2.5-coder_7b/rules/qwen2.5-coder_7b_rules_C011_static_and_interactive_iter02_20260624_233121,,experiments/05_choropleth_reliability_benchmark/outputs/generated_code_iterative_repair/qwen2.5-coder_7b/qwen2.5-coder_7b/rules/C011_static_and_interactive_rules_iter02.py,qwen2.5-coder_7b,False,,,,,
time_series.png,experiments/05_choropleth_reliability_benchmark/outputs/runs_iterative_repair/qwen2.5-coder_7b/rules/qwen2.5-coder_7b_rules_C011_static_and_interactive_iter02_20260624_233121/time_series.png,False,0,,,,False,,,,,2,,time_series_png,,rules,,,C011_static_and_interactive,missing_or_empty,False,qwen2.5-coder_7b,1,experiments/05_choropleth_reliability_benchmark/outputs/runs_iterative_repair/qwen2.5-coder_7b/rules/qwen2.5-coder_7b_rules_C011_static_and_interactive_iter02_20260624_233121,,experiments/05_choropleth_reliability_benchmark/outputs/generated_code_iterative_repair/qwen2.5-coder_7b/qwen2.5-coder_7b/rules/C011_static_and_interactive_rules_iter02.py,qwen2.5-coder_7b,False,,,,,
map_interactive.html,experiments/05_choropleth_reliability_benchmark/outputs/runs_iterative_repair/qwen2.5-coder_7b/rules/qwen2.5-coder_7b_rules_C011_static_and_interactive_iter02_20260624_233121/map_interactive.html,False,0,,,,False,,,,,2,,interactive_html,,rules,,,C011_static_and_interactive,,,qwen2.5-coder_7b,1,experiments/05_choropleth_reliability_benchmark/outputs/runs_iterative_repair/qwen2.5-coder_7b/rules/qwen2.5-coder_7b_rules_C011_static_and_interactive_iter02_20260624_233121,,experiments/05_choropleth_reliability_benchmark/outputs/generated_code_iterative_repair/qwen2.5-coder_7b/qwen2.5-coder_7b/rules/C011_static_and_interactive_rules_iter02.py,qwen2.5-coder_7b,False,,,False,,
diagnostics.json,experiments/05_choropleth_reliability_benchmark/outputs/runs_iterative_repair/qwen2.5-coder_7b/rules/qwen2.5-coder_7b_rules_C011_static_and_interactive_iter02_20260624_233121/diagnostics.json,False,0,,,,False,,,,,2,,diagnostic_json,,rules,,,C011_static_and_interactive,,,qwen2.5-coder_7b,1,experiments/05_choropleth_reliability_benchmark/outputs/runs_iterative_repair/qwen2.5-coder_7b/rules/qwen2.5-coder_7b_rules_C011_static_and_interactive_iter02_20260624_233121,,experiments/05_choropleth_reliability_benchmark/outputs/generated_code_iterative_repair/qwen2.5-coder_7b/qwen2.5-coder_7b/rules/C011_static_and_interactive_rules_iter02.py,qwen2.5-coder_7b,False,,,,False,
map_static.png,experiments/05_choropleth_reliability_benchmark/outputs/runs_iterative_repair/qwen2.5-coder_7b/rules/qwen2.5-coder_7b_rules_C011_static_and_interactive_iter02_20260625_001200/map_static.png,False,0,,,,False,,,,,2,,static_png,,rules,,,C011_static_and_interactive,missing_or_empty,False,qwen2.5-coder_14b,1,experiments/05_choropleth_reliability_benchmark/outputs/runs_iterative_repair/qwen2.5-coder_7b/rules/qwen2.5-coder_7b_rules_C011_static_and_interactive_iter02_20260625_001200,,experiments/05_choropleth_reliability_benchmark/outputs/generated_code_iterative_repair/qwen2.5-coder_14b/qwen2.5-coder_7b/rules/C011_static_and_interactive_rules_iter02.py,qwen2.5-coder_7b,False,,,,,
time_series.png,experiments/05_choropleth_reliability_benchmark/outputs/runs_iterative_repair/qwen2.5-coder_7b/rules/qwen2.5-coder_7b_rules_C011_static_and_interactive_iter02_20260625_001200/time_series.png,False,0,,,,False,,,,,2,,time_series_png,,rules,,,C011_static_and_interactive,missing_or_empty,False,qwen2.5-coder_14b,1,experiments/05_choropleth_reliability_benchmark/outputs/runs_iterative_repair/qwen2.5-coder_7b/rules/qwen2.5-coder_7b_rules_C011_static_and_interactive_iter02_20260625_001200,,experiments/05_choropleth_reliability_benchmark/outputs/generated_code_iterative_repair/qwen2.5-coder_14b/qwen2.5-coder_7b/rules/C011_static_and_interactive_rules_iter02.py,qwen2.5-coder_7b,False,,,,,
map_interactive.html,experiments/05_choropleth_reliability_benchmark/outputs/runs_iterative_repair/qwen2.5-coder_7b/rules/qwen2.5-coder_7b_rules_C011_static_and_interactive_iter02_20260625_001200/map_interactive.html,False,0,,,,False,,,,,2,,interactive_html,,rules,,,C011_static_and_interactive,,,qwen2.5-coder_14b,1,experiments/05_choropleth_reliability_benchmark/outputs/runs_iterative_repair/qwen2.5-coder_7b/rules/qwen2.5-coder_7b_rules_C011_static_and_interactive_iter02_20260625_001200,,experiments/05_choropleth_reliability_benchmark/outputs/generated_code_iterative_repair/qwen2.5-coder_14b/qwen2.5-coder_7b/rules/C011_static_and_interactive_rules_iter02.py,qwen2.5-coder_7b,False,,,False,,
diagnostics.json,experiments/05_choropleth_reliability_benchmark/outputs/runs_iterative_repair/qwen2.5-coder_7b/rules/qwen2.5-coder_7b_rules_C011_static_and_interactive_iter02_20260625_001200/diagnostics.json,False,0,,,,False,,,,,2,,diagnostic_json,,rules,,,C011_static_and_interactive,,,qwen2.5-coder_14b,1,experiments/05_choropleth_reliability_benchmark/outputs/runs_iterative_repair/qwen2.5-coder_7b/rules/qwen2.5-coder_7b_rules_C011_static_and_interactive_iter02_20260625_001200,,experiments/05_choropleth_reliability_benchmark/outputs/generated_code_iterative_repair/qwen2.5-coder_14b/qwen2.5-coder_7b/rules/C011_static_and_interactive_rules_iter02.py,qwen2.5-coder_7b,False,,,,False,
map_static.png,experiments/05_choropleth_reliability_benchmark/outputs/runs_iterative_repair/qwen2.5-coder_7b/rules/qwen2.5-coder_7b_rules_C011_static_and_interactive_iter03_20260624_063314/map_static.png,False,0,,,,False,,,,,3,,static_png,,rules,,,C011_static_and_interactive,missing_or_empty,False,qwen2.5-coder_32b,1,experiments/05_choropleth_reliability_benchmark/outputs/runs_iterative_repair/qwen2.5-coder_7b/rules/qwen2.5-coder_7b_rules_C011_static_and_interactive_iter03_20260624_063314,,experiments/05_choropleth_reliability_benchmark/outputs/generated_code_iterative_repair/qwen2.5-coder_32b/qwen2.5-coder_7b/rules/C011_static_and_interactive_rules_iter03.py,qwen2.5-coder_7b,False,,,,,
time_series.png,experiments/05_choropleth_reliability_benchmark/outputs/runs_iterative_repair/qwen2.5-coder_7b/rules/qwen2.5-coder_7b_rules_C011_static_and_interactive_iter03_20260624_063314/time_series.png,False,0,,,,False,,,,,3,,time_series_png,,rules,,,C011_static_and_interactive,missing_or_empty,False,qwen2.5-coder_32b,1,experiments/05_choropleth_reliability_benchmark/outputs/runs_iterative_repair/qwen2.5-coder_7b/rules/qwen2.5-coder_7b_rules_C011_static_and_interactive_iter03_20260624_063314,,experiments/05_choropleth_reliability_benchmark/outputs/generated_code_iterative_repair/qwen2.5-coder_32b/qwen2.5-coder_7b/rules/C011_static_and_interactive_rules_iter03.py,qwen2.5-coder_7b,False,,,,,
map_interactive.html,experiments/05_choropleth_reliability_benchmark/outputs/runs_iterative_repair/qwen2.5-coder_7b/rules/qwen2.5-coder_7b_rules_C011_static_and_interactive_iter03_20260624_063314/map_interactive.html,False,0,,,,False,,,,,3,,interactive_html,,rules,,,C011_static_and_interactive,,,qwen2.5-coder_32b,1,experiments/05_choropleth_reliability_benchmark/outputs/runs_iterative_repair/qwen2.5-coder_7b/rules/qwen2.5-coder_7b_rules_C011_static_and_interactive_iter03_20260624_063314,,experiments/05_choropleth_reliability_benchmark/outputs/generated_code_iterative_repair/qwen2.5-coder_32b/qwen2.5-coder_7b/rules/C011_static_and_interactive_rules_iter03.py,qwen2.5-coder_7b,False,,,False,,
diagnostics.json,experiments/05_choropleth_reliability_benchmark/outputs/runs_iterative_repair/qwen2.5-coder_7b/rules/qwen2.5-coder_7b_rules_C011_static_and_interactive_iter03_20260624_063314/diagnostics.json,False,0,,,,False,,,,,3,,diagnostic_json,,rules,,,C011_static_and_interactive,,,qwen2.5-coder_32b,1,experiments/05_choropleth_reliability_benchmark/outputs/runs_iterative_repair/qwen2.5-coder_7b/rules/qwen2.5-coder_7b_rules_C011_static_and_interactive_iter03_20260624_063314,,experiments/05_choropleth_reliability_benchmark/outputs/generated_code_iterative_repair/qwen2.5-coder_32b/qwen2.5-coder_7b/rules/C011_static_and_interactive_rules_iter03.py,qwen2.5-coder_7b,False,,,,False,
map_static.png,experiments/05_choropleth_reliability_benchmark/outputs/runs_iterative_repair/qwen2.5-coder_7b/rules/qwen2.5-coder_7b_rules_C011_static_and_interactive_iter03_20260624_233137/map_static.png,False,0,,,,False,,,,,3,,static_png,,rules,,,C011_static_and_interactive,missing_or_empty,False,qwen2.5-coder_7b,1,experiments/05_choropleth_reliability_benchmark/outputs/runs_iterative_repair/qwen2.5-coder_7b/rules/qwen2.5-coder_7b_rules_C011_static_and_interactive_iter03_20260624_233137,,experiments/05_choropleth_reliability_benchmark/outputs/generated_code_iterative_repair/qwen2.5-coder_7b/qwen2.5-coder_7b/rules/C011_static_and_interactive_rules_iter03.py,qwen2.5-coder_7b,False,,,,,
time_series.png,experiments/05_choropleth_reliability_benchmark/outputs/runs_iterative_repair/qwen2.5-coder_7b/rules/qwen2.5-coder_7b_rules_C011_static_and_interactive_iter03_20260624_233137/time_series.png,False,0,,,,False,,,,,3,,time_series_png,,rules,,,C011_static_and_interactive,missing_or_empty,False,qwen2.5-coder_7b,1,experiments/05_choropleth_reliability_benchmark/outputs/runs_iterative_repair/qwen2.5-coder_7b/rules/qwen2.5-coder_7b_rules_C011_static_and_interactive_iter03_20260624_233137,,experiments/05_choropleth_reliability_benchmark/outputs/generated_code_iterative_repair/qwen2.5-coder_7b/qwen2.5-coder_7b/rules/C011_static_and_interactive_rules_iter03.py,qwen2.5-coder_7b,False,,,,,
map_interactive.html,experiments/05_choropleth_reliability_benchmark/outputs/runs_iterative_repair/qwen2.5-coder_7b/rules/qwen2.5-coder_7b_rules_C011_static_and_interactive_iter03_20260624_233137/map_interactive.html,False,0,,,,False,,,,,3,,interactive_html,,rules,,,C011_static_and_interactive,,,qwen2.5-coder_7b,1,experiments/05_choropleth_reliability_benchmark/outputs/runs_iterative_repair/qwen2.5-coder_7b/rules/qwen2.5-coder_7b_rules_C011_static_and_interactive_iter03_20260624_233137,,experiments/05_choropleth_reliability_benchmark/outputs/generated_code_iterative_repair/qwen2.5-coder_7b/qwen2.5-coder_7b/rules/C011_static_and_interactive_rules_iter03.py,qwen2.5-coder_7b,False,,,False,,
diagnostics.json,experiments/05_choropleth_reliability_benchmark/outputs/runs_iterative_repair/qwen2.5-coder_7b/rules/qwen2.5-coder_7b_rules_C011_static_and_interactive_iter03_20260624_233137/diagnostics.json,False,0,,,,False,,,,,3,,diagnostic_json,,rules,,,C011_static_and_interactive,,,qwen2.5-coder_7b,1,experiments/05_choropleth_reliability_benchmark/outputs/runs_iterative_repair/qwen2.5-coder_7b/rules/qwen2.5-coder_7b_rules_C011_static_and_interactive_iter03_20260624_233137,,experiments/05_choropleth_reliability_benchmark/outputs/generated_code_iterative_repair/qwen2.5-coder_7b/qwen2.5-coder_7b/rules/C011_static_and_interactive_rules_iter03.py,qwen2.5-coder_7b,False,,,,False,
map_static.png,experiments/05_choropleth_reliability_benchmark/outputs/runs_iterative_repair/qwen2.5-coder_7b/rules/qwen2.5-coder_7b_rules_C011_static_and_interactive_iter03_20260625_001230/map_static.png,False,0,,,,False,,,,,3,,static_png,,rules,,,C011_static_and_interactive,missing_or_empty,False,qwen2.5-coder_14b,1,experiments/05_choropleth_reliability_benchmark/outputs/runs_iterative_repair/qwen2.5-coder_7b/rules/qwen2.5-coder_7b_rules_C011_static_and_interactive_iter03_20260625_001230,,experiments/05_choropleth_reliability_benchmark/outputs/generated_code_iterative_repair/qwen2.5-coder_14b/qwen2.5-coder_7b/rules/C011_static_and_interactive_rules_iter03.py,qwen2.5-coder_7b,False,,,,,
time_series.png,experiments/05_choropleth_reliability_benchmark/outputs/runs_iterative_repair/qwen2.5-coder_7b/rules/qwen2.5-coder_7b_rules_C011_static_and_interactive_iter03_20260625_001230/time_series.png,False,0,,,,False,,,,,3,,time_series_png,,rules,,,C011_static_and_interactive,missing_or_empty,False,qwen2.5-coder_14b,1,experiments/05_choropleth_reliability_benchmark/outputs/runs_iterative_repair/qwen2.5-coder_7b/rules/qwen2.5-coder_7b_rules_C011_static_and_interactive_iter03_20260625_001230,,experiments/05_choropleth_reliability_benchmark/outputs/generated_code_iterative_repair/qwen2.5-coder_14b/qwen2.5-coder_7b/rules/C011_static_and_interactive_rules_iter03.py,qwen2.5-coder_7b,False,,,,,
map_interactive.html,experiments/05_choropleth_reliability_benchmark/outputs/runs_iterative_repair/qwen2.5-coder_7b/rules/qwen2.5-coder_7b_rules_C011_static_and_interactive_iter03_20260625_001230/map_interactive.html,False,0,,,,False,,,,,3,,interactive_html,,rules,,,C011_static_and_interactive,,,qwen2.5-coder_14b,1,experiments/05_choropleth_reliability_benchmark/outputs/runs_iterative_repair/qwen2.5-coder_7b/rules/qwen2.5-coder_7b_rules_C011_static_and_interactive_iter03_20260625_001230,,experiments/05_choropleth_reliability_benchmark/outputs/generated_code_iterative_repair/qwen2.5-coder_14b/qwen2.5-coder_7b/rules/C011_static_and_interactive_rules_iter03.py,qwen2.5-coder_7b,False,,,False,,
diagnostics.json,experiments/05_choropleth_reliability_benchmark/outputs/runs_iterative_repair/qwen2.5-coder_7b/rules/qwen2.5-coder_7b_rules_C011_static_and_interactive_iter03_20260625_001230/diagnostics.json,False,0,,,,False,,,,,3,,diagnostic_json,,rules,,,C011_static_and_interactive,,,qwen2.5-coder_14b,1,experiments/05_choropleth_reliability_benchmark/outputs/runs_iterative_repair/qwen2.5-coder_7b/rules/qwen2.5-coder_7b_rules_C011_static_and_interactive_iter03_20260625_001230,,experiments/05_choropleth_reliability_benchmark/outputs/generated_code_iterative_repair/qwen2.5-coder_14b/qwen2.5-coder_7b/rules/C011_static_and_interactive_rules_iter03.py,qwen2.5-coder_7b,False,,,,False,
map_static.png,experiments/05_choropleth_reliability_benchmark/outputs/runs_iterative_repair/qwen2.5-coder_7b/rules/qwen2.5-coder_7b_rules_C012_time_series_report_iter01_20260624_051649/map_static.png,False,0,,,,False,,,,,1,,static_png,,rules,,,C012_time_series_report,missing_or_empty,False,qwen2.5-coder_32b,1,experiments/05_choropleth_reliability_benchmark/outputs/runs_iterative_repair/qwen2.5-coder_7b/rules/qwen2.5-coder_7b_rules_C012_time_series_report_iter01_20260624_051649,,experiments/05_choropleth_reliability_benchmark/outputs/generated_code_iterative_repair/qwen2.5-coder_32b/qwen2.5-coder_7b/rules/C012_time_series_report_rules_iter01.py,qwen2.5-coder_7b,False,,,,,
time_series.png,experiments/05_choropleth_reliability_benchmark/outputs/runs_iterative_repair/qwen2.5-coder_7b/rules/qwen2.5-coder_7b_rules_C012_time_series_report_iter01_20260624_051649/time_series.png,True,48859,0.0098,255,15.435,True,,,,600,1,,time_series_png,249.359,rules,0.9927,0.0523,C012_time_series_report,,True,qwen2.5-coder_32b,1,experiments/05_choropleth_reliability_benchmark/outputs/runs_iterative_repair/qwen2.5-coder_7b/rules/qwen2.5-coder_7b_rules_C012_time_series_report_iter01_20260624_051649,0.0130,experiments/05_choropleth_reliability_benchmark/outputs/generated_code_iterative_repair/qwen2.5-coder_32b/qwen2.5-coder_7b/rules/C012_time_series_report_rules_iter01.py,qwen2.5-coder_7b,False,,23,,,1000
map_interactive.html,experiments/05_choropleth_reliability_benchmark/outputs/runs_iterative_repair/qwen2.5-coder_7b/rules/qwen2.5-coder_7b_rules_C012_time_series_report_iter01_20260624_051649/map_interactive.html,False,0,,,,False,,,,,1,,interactive_html,,rules,,,C012_time_series_report,,,qwen2.5-coder_32b,1,experiments/05_choropleth_reliability_benchmark/outputs/runs_iterative_repair/qwen2.5-coder_7b/rules/qwen2.5-coder_7b_rules_C012_time_series_report_iter01_20260624_051649,,experiments/05_choropleth_reliability_benchmark/outputs/generated_code_iterative_repair/qwen2.5-coder_32b/qwen2.5-coder_7b/rules/C012_time_series_report_rules_iter01.py,qwen2.5-coder_7b,False,,,False,,
diagnostics.json,experiments/05_choropleth_reliability_benchmark/outputs/runs_iterative_repair/qwen2.5-coder_7b/rules/qwen2.5-coder_7b_rules_C012_time_series_report_iter01_20260624_051649/diagnostics.json,False,34,,,,True,,,,,1,JSONDecodeError,diagnostic_json,,rules,,,C012_time_series_report,,,qwen2.5-coder_32b,1,experiments/05_choropleth_reliability_benchmark/outputs/runs_iterative_repair/qwen2.5-coder_7b/rules/qwen2.5-coder_7b_rules_C012_time_series_report_iter01_20260624_051649,,experiments/05_choropleth_reliability_benchmark/outputs/generated_code_iterative_repair/qwen2.5-coder_32b/qwen2.5-coder_7b/rules/C012_time_series_report_rules_iter01.py,qwen2.5-coder_7b,False,,,,False,
map_static.png,experiments/05_choropleth_reliability_benchmark/outputs/runs_iterative_repair/qwen2.5-coder_7b/rules/qwen2.5-coder_7b_rules_C012_time_series_report_iter01_20260624_232903/map_static.png,False,0,,,,False,,,,,1,,static_png,,rules,,,C012_time_series_report,missing_or_empty,False,qwen2.5-coder_7b,1,experiments/05_choropleth_reliability_benchmark/outputs/runs_iterative_repair/qwen2.5-coder_7b/rules/qwen2.5-coder_7b_rules_C012_time_series_report_iter01_20260624_232903,,experiments/05_choropleth_reliability_benchmark/outputs/generated_code_iterative_repair/qwen2.5-coder_7b/qwen2.5-coder_7b/rules/C012_time_series_report_rules_iter01.py,qwen2.5-coder_7b,False,,,,,
time_series.png,experiments/05_choropleth_reliability_benchmark/outputs/runs_iterative_repair/qwen2.5-coder_7b/rules/qwen2.5-coder_7b_rules_C012_time_series_report_iter01_20260624_232903/time_series.png,True,48859,0.0098,255,15.435,True,,,,600,1,,time_series_png,249.359,rules,0.9927,0.0523,C012_time_series_report,,True,qwen2.5-coder_7b,1,experiments/05_choropleth_reliability_benchmark/outputs/runs_iterative_repair/qwen2.5-coder_7b/rules/qwen2.5-coder_7b_rules_C012_time_series_report_iter01_20260624_232903,0.0130,experiments/05_choropleth_reliability_benchmark/outputs/generated_code_iterative_repair/qwen2.5-coder_7b/qwen2.5-coder_7b/rules/C012_time_series_report_rules_iter01.py,qwen2.5-coder_7b,False,,23,,,1000
map_interactive.html,experiments/05_choropleth_reliability_benchmark/outputs/runs_iterative_repair/qwen2.5-coder_7b/rules/qwen2.5-coder_7b_rules_C012_time_series_report_iter01_20260624_232903/map_interactive.html,False,0,,,,False,,,,,1,,interactive_html,,rules,,,C012_time_series_report,,,qwen2.5-coder_7b,1,experiments/05_choropleth_reliability_benchmark/outputs/runs_iterative_repair/qwen2.5-coder_7b/rules/qwen2.5-coder_7b_rules_C012_time_series_report_iter01_20260624_232903,,experiments/05_choropleth_reliability_benchmark/outputs/generated_code_iterative_repair/qwen2.5-coder_7b/qwen2.5-coder_7b/rules/C012_time_series_report_rules_iter01.py,qwen2.5-coder_7b,False,,,False,,
diagnostics.json,experiments/05_choropleth_reliability_benchmark/outputs/runs_iterative_repair/qwen2.5-coder_7b/rules/qwen2.5-coder_7b_rules_C012_time_series_report_iter01_20260624_232903/diagnostics.json,False,34,,,,True,,,,,1,JSONDecodeError,diagnostic_json,,rules,,,C012_time_series_report,,,qwen2.5-coder_7b,1,experiments/05_choropleth_reliability_benchmark/outputs/runs_iterative_repair/qwen2.5-coder_7b/rules/qwen2.5-coder_7b_rules_C012_time_series_report_iter01_20260624_232903,,experiments/05_choropleth_reliability_benchmark/outputs/generated_code_iterative_repair/qwen2.5-coder_7b/qwen2.5-coder_7b/rules/C012_time_series_report_rules_iter01.py,qwen2.5-coder_7b,False,,,,False,
map_static.png,experiments/05_choropleth_reliability_benchmark/outputs/runs_iterative_repair/qwen2.5-coder_7b/rules/qwen2.5-coder_7b_rules_C012_time_series_report_iter01_20260625_000707/map_static.png,False,0,,,,False,,,,,1,,static_png,,rules,,,C012_time_series_report,missing_or_empty,False,qwen2.5-coder_14b,1,experiments/05_choropleth_reliability_benchmark/outputs/runs_iterative_repair/qwen2.5-coder_7b/rules/qwen2.5-coder_7b_rules_C012_time_series_report_iter01_20260625_000707,,experiments/05_choropleth_reliability_benchmark/outputs/generated_code_iterative_repair/qwen2.5-coder_14b/qwen2.5-coder_7b/rules/C012_time_series_report_rules_iter01.py,qwen2.5-coder_7b,False,,,,,
time_series.png,experiments/05_choropleth_reliability_benchmark/outputs/runs_iterative_repair/qwen2.5-coder_7b/rules/qwen2.5-coder_7b_rules_C012_time_series_report_iter01_20260625_000707/time_series.png,True,48859,0.0098,255,15.435,True,,,,600,1,,time_series_png,249.359,rules,0.9927,0.0523,C012_time_series_report,,True,qwen2.5-coder_14b,1,experiments/05_choropleth_reliability_benchmark/outputs/runs_iterative_repair/qwen2.5-coder_7b/rules/qwen2.5-coder_7b_rules_C012_time_series_report_iter01_20260625_000707,0.0130,experiments/05_choropleth_reliability_benchmark/outputs/generated_code_iterative_repair/qwen2.5-coder_14b/qwen2.5-coder_7b/rules/C012_time_series_report_rules_iter01.py,qwen2.5-coder_7b,False,,23,,,1000
map_interactive.html,experiments/05_choropleth_reliability_benchmark/outputs/runs_iterative_repair/qwen2.5-coder_7b/rules/qwen2.5-coder_7b_rules_C012_time_series_report_iter01_20260625_000707/map_interactive.html,False,0,,,,False,,,,,1,,interactive_html,,rules,,,C012_time_series_report,,,qwen2.5-coder_14b,1,experiments/05_choropleth_reliability_benchmark/outputs/runs_iterative_repair/qwen2.5-coder_7b/rules/qwen2.5-coder_7b_rules_C012_time_series_report_iter01_20260625_000707,,experiments/05_choropleth_reliability_benchmark/outputs/generated_code_iterative_repair/qwen2.5-coder_14b/qwen2.5-coder_7b/rules/C012_time_series_report_rules_iter01.py,qwen2.5-coder_7b,False,,,False,,
diagnostics.json,experiments/05_choropleth_reliability_benchmark/outputs/runs_iterative_repair/qwen2.5-coder_7b/rules/qwen2.5-coder_7b_rules_C012_time_series_report_iter01_20260625_000707/diagnostics.json,False,34,,,,True,,,,,1,JSONDecodeError,diagnostic_json,,rules,,,C012_time_series_report,,,qwen2.5-coder_14b,1,experiments/05_choropleth_reliability_benchmark/outputs/runs_iterative_repair/qwen2.5-coder_7b/rules/qwen2.5-coder_7b_rules_C012_time_series_report_iter01_20260625_000707,,experiments/05_choropleth_reliability_benchmark/outputs/generated_code_iterative_repair/qwen2.5-coder_14b/qwen2.5-coder_7b/rules/C012_time_series_report_rules_iter01.py,qwen2.5-coder_7b,False,,,,False,
map_static.png,experiments/05_choropleth_reliability_benchmark/outputs/runs_iterative_repair/qwen2.5-coder_7b/rules/qwen2.5-coder_7b_rules_C012_time_series_report_iter02_20260624_051739/map_static.png,False,0,,,,False,,,,,2,,static_png,,rules,,,C012_time_series_report,missing_or_empty,False,qwen2.5-coder_32b,0,experiments/05_choropleth_reliability_benchmark/outputs/runs_iterative_repair/qwen2.5-coder_7b/rules/qwen2.5-coder_7b_rules_C012_time_series_report_iter02_20260624_051739,,experiments/05_choropleth_reliability_benchmark/outputs/generated_code_iterative_repair/qwen2.5-coder_32b/qwen2.5-coder_7b/rules/C012_time_series_report_rules_iter02.py,qwen2.5-coder_7b,False,,,,,
time_series.png,experiments/05_choropleth_reliability_benchmark/outputs/runs_iterative_repair/qwen2.5-coder_7b/rules/qwen2.5-coder_7b_rules_C012_time_series_report_iter02_20260624_051739/time_series.png,True,48859,0.0098,255,15.435,True,,,,600,2,,time_series_png,249.359,rules,0.9927,0.0523,C012_time_series_report,,True,qwen2.5-coder_32b,0,experiments/05_choropleth_reliability_benchmark/outputs/runs_iterative_repair/qwen2.5-coder_7b/rules/qwen2.5-coder_7b_rules_C012_time_series_report_iter02_20260624_051739,0.0130,experiments/05_choropleth_reliability_benchmark/outputs/generated_code_iterative_repair/qwen2.5-coder_32b/qwen2.5-coder_7b/rules/C012_time_series_report_rules_iter02.py,qwen2.5-coder_7b,False,,23,,,1000
map_interactive.html,experiments/05_choropleth_reliability_benchmark/outputs/runs_iterative_repair/qwen2.5-coder_7b/rules/qwen2.5-coder_7b_rules_C012_time_series_report_iter02_20260624_051739/map_interactive.html,False,0,,,,False,,,,,2,,interactive_html,,rules,,,C012_time_series_report,,,qwen2.5-coder_32b,0,experiments/05_choropleth_reliability_benchmark/outputs/runs_iterative_repair/qwen2.5-coder_7b/rules/qwen2.5-coder_7b_rules_C012_time_series_report_iter02_20260624_051739,,experiments/05_choropleth_reliability_benchmark/outputs/generated_code_iterative_repair/qwen2.5-coder_32b/qwen2.5-coder_7b/rules/C012_time_series_report_rules_iter02.py,qwen2.5-coder_7b,False,,,False,,
diagnostics.json,experiments/05_choropleth_reliability_benchmark/outputs/runs_iterative_repair/qwen2.5-coder_7b/rules/qwen2.5-coder_7b_rules_C012_time_series_report_iter02_20260624_051739/diagnostics.json,True,100,,,,True,,,,,2,,diagnostic_json,,rules,,,C012_time_series_report,,,qwen2.5-coder_32b,0,experiments/05_choropleth_reliability_benchmark/outputs/runs_iterative_repair/qwen2.5-coder_7b/rules/qwen2.5-coder_7b_rules_C012_time_series_report_iter02_20260624_051739,,experiments/05_choropleth_reliability_benchmark/outputs/generated_code_iterative_repair/qwen2.5-coder_32b/qwen2.5-coder_7b/rules/C012_time_series_report_rules_iter02.py,qwen2.5-coder_7b,False,2,,,True,
map_static.png,experiments/05_choropleth_reliability_benchmark/outputs/runs_iterative_repair/qwen2.5-coder_7b/rules/qwen2.5-coder_7b_rules_C012_time_series_report_iter02_20260624_232913/map_static.png,False,0,,,,False,,,,,2,,static_png,,rules,,,C012_time_series_report,missing_or_empty,False,qwen2.5-coder_7b,0,experiments/05_choropleth_reliability_benchmark/outputs/runs_iterative_repair/qwen2.5-coder_7b/rules/qwen2.5-coder_7b_rules_C012_time_series_report_iter02_20260624_232913,,experiments/05_choropleth_reliability_benchmark/outputs/generated_code_iterative_repair/qwen2.5-coder_7b/qwen2.5-coder_7b/rules/C012_time_series_report_rules_iter02.py,qwen2.5-coder_7b,False,,,,,
time_series.png,experiments/05_choropleth_reliability_benchmark/outputs/runs_iterative_repair/qwen2.5-coder_7b/rules/qwen2.5-coder_7b_rules_C012_time_series_report_iter02_20260624_232913/time_series.png,True,48859,0.0098,255,15.435,True,,,,600,2,,time_series_png,249.359,rules,0.9927,0.0523,C012_time_series_report,,True,qwen2.5-coder_7b,0,experiments/05_choropleth_reliability_benchmark/outputs/runs_iterative_repair/qwen2.5-coder_7b/rules/qwen2.5-coder_7b_rules_C012_time_series_report_iter02_20260624_232913,0.0130,experiments/05_choropleth_reliability_benchmark/outputs/generated_code_iterative_repair/qwen2.5-coder_7b/qwen2.5-coder_7b/rules/C012_time_series_report_rules_iter02.py,qwen2.5-coder_7b,False,,23,,,1000
map_interactive.html,experiments/05_choropleth_reliability_benchmark/outputs/runs_iterative_repair/qwen2.5-coder_7b/rules/qwen2.5-coder_7b_rules_C012_time_series_report_iter02_20260624_232913/map_interactive.html,False,0,,,,False,,,,,2,,interactive_html,,rules,,,C012_time_series_report,,,qwen2.5-coder_7b,0,experiments/05_choropleth_reliability_benchmark/outputs/runs_iterative_repair/qwen2.5-coder_7b/rules/qwen2.5-coder_7b_rules_C012_time_series_report_iter02_20260624_232913,,experiments/05_choropleth_reliability_benchmark/outputs/generated_code_iterative_repair/qwen2.5-coder_7b/qwen2.5-coder_7b/rules/C012_time_series_report_rules_iter02.py,qwen2.5-coder_7b,False,,,False,,
diagnostics.json,experiments/05_choropleth_reliability_benchmark/outputs/runs_iterative_repair/qwen2.5-coder_7b/rules/qwen2.5-coder_7b_rules_C012_time_series_report_iter02_20260624_232913/diagnostics.json,True,100,,,,True,,,,,2,,diagnostic_json,,rules,,,C012_time_series_report,,,qwen2.5-coder_7b,0,experiments/05_choropleth_reliability_benchmark/outputs/runs_iterative_repair/qwen2.5-coder_7b/rules/qwen2.5-coder_7b_rules_C012_time_series_report_iter02_20260624_232913,,experiments/05_choropleth_reliability_benchmark/outputs/generated_code_iterative_repair/qwen2.5-coder_7b/qwen2.5-coder_7b/rules/C012_time_series_report_rules_iter02.py,qwen2.5-coder_7b,False,2,,,True,
map_static.png,experiments/05_choropleth_reliability_benchmark/outputs/runs_iterative_repair/qwen2.5-coder_7b/rules/qwen2.5-coder_7b_rules_C012_time_series_report_iter02_20260625_000731/map_static.png,False,0,,,,False,,,,,2,,static_png,,rules,,,C012_time_series_report,missing_or_empty,False,qwen2.5-coder_14b,0,experiments/05_choropleth_reliability_benchmark/outputs/runs_iterative_repair/qwen2.5-coder_7b/rules/qwen2.5-coder_7b_rules_C012_time_series_report_iter02_20260625_000731,,experiments/05_choropleth_reliability_benchmark/outputs/generated_code_iterative_repair/qwen2.5-coder_14b/qwen2.5-coder_7b/rules/C012_time_series_report_rules_iter02.py,qwen2.5-coder_7b,False,,,,,
time_series.png,experiments/05_choropleth_reliability_benchmark/outputs/runs_iterative_repair/qwen2.5-coder_7b/rules/qwen2.5-coder_7b_rules_C012_time_series_report_iter02_20260625_000731/time_series.png,True,48859,0.0098,255,15.435,True,,,,600,2,,time_series_png,249.359,rules,0.9927,0.0523,C012_time_series_report,,True,qwen2.5-coder_14b,0,experiments/05_choropleth_reliability_benchmark/outputs/runs_iterative_repair/qwen2.5-coder_7b/rules/qwen2.5-coder_7b_rules_C012_time_series_report_iter02_20260625_000731,0.0130,experiments/05_choropleth_reliability_benchmark/outputs/generated_code_iterative_repair/qwen2.5-coder_14b/qwen2.5-coder_7b/rules/C012_time_series_report_rules_iter02.py,qwen2.5-coder_7b,False,,23,,,1000
map_interactive.html,experiments/05_choropleth_reliability_benchmark/outputs/runs_iterative_repair/qwen2.5-coder_7b/rules/qwen2.5-coder_7b_rules_C012_time_series_report_iter02_20260625_000731/map_interactive.html,False,0,,,,False,,,,,2,,interactive_html,,rules,,,C012_time_series_report,,,qwen2.5-coder_14b,0,experiments/05_choropleth_reliability_benchmark/outputs/runs_iterative_repair/qwen2.5-coder_7b/rules/qwen2.5-coder_7b_rules_C012_time_series_report_iter02_20260625_000731,,experiments/05_choropleth_reliability_benchmark/outputs/generated_code_iterative_repair/qwen2.5-coder_14b/qwen2.5-coder_7b/rules/C012_time_series_report_rules_iter02.py,qwen2.5-coder_7b,False,,,False,,
diagnostics.json,experiments/05_choropleth_reliability_benchmark/outputs/runs_iterative_repair/qwen2.5-coder_7b/rules/qwen2.5-coder_7b_rules_C012_time_series_report_iter02_20260625_000731/diagnostics.json,True,100,,,,True,,,,,2,,diagnostic_json,,rules,,,C012_time_series_report,,,qwen2.5-coder_14b,0,experiments/05_choropleth_reliability_benchmark/outputs/runs_iterative_repair/qwen2.5-coder_7b/rules/qwen2.5-coder_7b_rules_C012_time_series_report_iter02_20260625_000731,,experiments/05_choropleth_reliability_benchmark/outputs/generated_code_iterative_repair/qwen2.5-coder_14b/qwen2.5-coder_7b/rules/C012_time_series_report_rules_iter02.py,qwen2.5-coder_7b,False,2,,,True,
