artifact,artifact_path,artifact_valid_proxy,bytes,content_qa_fail_reasons,content_qa_pass,dark_line_ratio,dynamic_range,edge_mean,exists,has_geojson,has_leaflet,has_tooltip,height,html_render_error,html_render_ok,iteration,kind,mean_rgb,mode,nondark_ratio,nonwhite_ratio,prompt_id,qa_fail_reasons,qa_pass,repair_model,returncode,run_dir,saturated_ratio,screenshot_bytes,screenshot_dark_line_ratio,screenshot_dynamic_range,screenshot_edge_mean,screenshot_exists,screenshot_height,screenshot_mean_rgb,screenshot_nondark_ratio,screenshot_nonwhite_ratio,screenshot_path,screenshot_qa_fail_reasons,screenshot_qa_pass,screenshot_saturated_ratio,screenshot_unique_color_bins,screenshot_width,script,source_model,timed_out,unique_color_bins,valid_html_proxy,width
map_static.png,experiments/05_choropleth_reliability_benchmark/outputs/runs_iterative_repair/deepseek-coder_6.7b/basic/deepseek-coder_6.7b_basic_C001_static_burned_area_iter01_20260624_042946/map_static.png,False,0,missing_or_empty;low_thematic_color;low_map_ink;low_edge_detail,False,,,,False,,,,,,,1,static_png,,basic,,,C001_static_burned_area,missing_or_empty,False,qwen2.5-coder_32b,1,experiments/05_choropleth_reliability_benchmark/outputs/runs_iterative_repair/deepseek-coder_6.7b/basic/deepseek-coder_6.7b_basic_C001_static_burned_area_iter01_20260624_042946,,0,,,,False,,,,,,missing_or_empty,False,,,,experiments/05_choropleth_reliability_benchmark/outputs/generated_code_iterative_repair/qwen2.5-coder_32b/deepseek-coder_6.7b/basic/C001_static_burned_area_basic_iter01.py,deepseek-coder_6.7b,False,,,
time_series.png,experiments/05_choropleth_reliability_benchmark/outputs/runs_iterative_repair/deepseek-coder_6.7b/basic/deepseek-coder_6.7b_basic_C001_static_burned_area_iter01_20260624_042946/time_series.png,False,0,missing_or_empty;low_plot_ink;no_visible_line;low_edge_detail,False,,,,False,,,,,,,1,time_series_png,,basic,,,C001_static_burned_area,missing_or_empty,False,qwen2.5-coder_32b,1,experiments/05_choropleth_reliability_benchmark/outputs/runs_iterative_repair/deepseek-coder_6.7b/basic/deepseek-coder_6.7b_basic_C001_static_burned_area_iter01_20260624_042946,,0,,,,False,,,,,,missing_or_empty,False,,,,experiments/05_choropleth_reliability_benchmark/outputs/generated_code_iterative_repair/qwen2.5-coder_32b/deepseek-coder_6.7b/basic/C001_static_burned_area_basic_iter01.py,deepseek-coder_6.7b,False,,,
map_interactive.html,experiments/05_choropleth_reliability_benchmark/outputs/runs_iterative_repair/deepseek-coder_6.7b/basic/deepseek-coder_6.7b_basic_C001_static_burned_area_iter01_20260624_042946/map_interactive.html,False,0,missing_or_empty;html_not_rendered;low_rendered_map_ink;low_edge_detail,False,,,,False,,,,,missing,False,1,interactive_html,,basic,,,C001_static_burned_area,,,qwen2.5-coder_32b,1,experiments/05_choropleth_reliability_benchmark/outputs/runs_iterative_repair/deepseek-coder_6.7b/basic/deepseek-coder_6.7b_basic_C001_static_burned_area_iter01_20260624_042946,,0,,,,False,,,,,,missing_or_empty,False,,,,experiments/05_choropleth_reliability_benchmark/outputs/generated_code_iterative_repair/qwen2.5-coder_32b/deepseek-coder_6.7b/basic/C001_static_burned_area_basic_iter01.py,deepseek-coder_6.7b,False,,False,
map_static.png,experiments/05_choropleth_reliability_benchmark/outputs/runs_iterative_repair/deepseek-coder_6.7b/basic/deepseek-coder_6.7b_basic_C001_static_burned_area_iter01_20260624_231105/map_static.png,False,0,missing_or_empty;low_thematic_color;low_map_ink;low_edge_detail,False,,,,False,,,,,,,1,static_png,,basic,,,C001_static_burned_area,missing_or_empty,False,qwen2.5-coder_7b,1,experiments/05_choropleth_reliability_benchmark/outputs/runs_iterative_repair/deepseek-coder_6.7b/basic/deepseek-coder_6.7b_basic_C001_static_burned_area_iter01_20260624_231105,,0,,,,False,,,,,,missing_or_empty,False,,,,experiments/05_choropleth_reliability_benchmark/outputs/generated_code_iterative_repair/qwen2.5-coder_7b/deepseek-coder_6.7b/basic/C001_static_burned_area_basic_iter01.py,deepseek-coder_6.7b,False,,,
time_series.png,experiments/05_choropleth_reliability_benchmark/outputs/runs_iterative_repair/deepseek-coder_6.7b/basic/deepseek-coder_6.7b_basic_C001_static_burned_area_iter01_20260624_231105/time_series.png,False,0,missing_or_empty;low_plot_ink;no_visible_line;low_edge_detail,False,,,,False,,,,,,,1,time_series_png,,basic,,,C001_static_burned_area,missing_or_empty,False,qwen2.5-coder_7b,1,experiments/05_choropleth_reliability_benchmark/outputs/runs_iterative_repair/deepseek-coder_6.7b/basic/deepseek-coder_6.7b_basic_C001_static_burned_area_iter01_20260624_231105,,0,,,,False,,,,,,missing_or_empty,False,,,,experiments/05_choropleth_reliability_benchmark/outputs/generated_code_iterative_repair/qwen2.5-coder_7b/deepseek-coder_6.7b/basic/C001_static_burned_area_basic_iter01.py,deepseek-coder_6.7b,False,,,
map_interactive.html,experiments/05_choropleth_reliability_benchmark/outputs/runs_iterative_repair/deepseek-coder_6.7b/basic/deepseek-coder_6.7b_basic_C001_static_burned_area_iter01_20260624_231105/map_interactive.html,False,0,missing_or_empty;html_not_rendered;low_rendered_map_ink;low_edge_detail,False,,,,False,,,,,missing,False,1,interactive_html,,basic,,,C001_static_burned_area,,,qwen2.5-coder_7b,1,experiments/05_choropleth_reliability_benchmark/outputs/runs_iterative_repair/deepseek-coder_6.7b/basic/deepseek-coder_6.7b_basic_C001_static_burned_area_iter01_20260624_231105,,0,,,,False,,,,,,missing_or_empty,False,,,,experiments/05_choropleth_reliability_benchmark/outputs/generated_code_iterative_repair/qwen2.5-coder_7b/deepseek-coder_6.7b/basic/C001_static_burned_area_basic_iter01.py,deepseek-coder_6.7b,False,,False,
map_static.png,experiments/05_choropleth_reliability_benchmark/outputs/runs_iterative_repair/deepseek-coder_6.7b/basic/deepseek-coder_6.7b_basic_C001_static_burned_area_iter01_20260624_233757/map_static.png,False,0,missing_or_empty;low_thematic_color;low_map_ink;low_edge_detail,False,,,,False,,,,,,,1,static_png,,basic,,,C001_static_burned_area,missing_or_empty,False,qwen2.5-coder_14b,1,experiments/05_choropleth_reliability_benchmark/outputs/runs_iterative_repair/deepseek-coder_6.7b/basic/deepseek-coder_6.7b_basic_C001_static_burned_area_iter01_20260624_233757,,0,,,,False,,,,,,missing_or_empty,False,,,,experiments/05_choropleth_reliability_benchmark/outputs/generated_code_iterative_repair/qwen2.5-coder_14b/deepseek-coder_6.7b/basic/C001_static_burned_area_basic_iter01.py,deepseek-coder_6.7b,False,,,
time_series.png,experiments/05_choropleth_reliability_benchmark/outputs/runs_iterative_repair/deepseek-coder_6.7b/basic/deepseek-coder_6.7b_basic_C001_static_burned_area_iter01_20260624_233757/time_series.png,False,0,missing_or_empty;low_plot_ink;no_visible_line;low_edge_detail,False,,,,False,,,,,,,1,time_series_png,,basic,,,C001_static_burned_area,missing_or_empty,False,qwen2.5-coder_14b,1,experiments/05_choropleth_reliability_benchmark/outputs/runs_iterative_repair/deepseek-coder_6.7b/basic/deepseek-coder_6.7b_basic_C001_static_burned_area_iter01_20260624_233757,,0,,,,False,,,,,,missing_or_empty,False,,,,experiments/05_choropleth_reliability_benchmark/outputs/generated_code_iterative_repair/qwen2.5-coder_14b/deepseek-coder_6.7b/basic/C001_static_burned_area_basic_iter01.py,deepseek-coder_6.7b,False,,,
map_interactive.html,experiments/05_choropleth_reliability_benchmark/outputs/runs_iterative_repair/deepseek-coder_6.7b/basic/deepseek-coder_6.7b_basic_C001_static_burned_area_iter01_20260624_233757/map_interactive.html,False,0,missing_or_empty;html_not_rendered;low_rendered_map_ink;low_edge_detail,False,,,,False,,,,,missing,False,1,interactive_html,,basic,,,C001_static_burned_area,,,qwen2.5-coder_14b,1,experiments/05_choropleth_reliability_benchmark/outputs/runs_iterative_repair/deepseek-coder_6.7b/basic/deepseek-coder_6.7b_basic_C001_static_burned_area_iter01_20260624_233757,,0,,,,False,,,,,,missing_or_empty,False,,,,experiments/05_choropleth_reliability_benchmark/outputs/generated_code_iterative_repair/qwen2.5-coder_14b/deepseek-coder_6.7b/basic/C001_static_burned_area_basic_iter01.py,deepseek-coder_6.7b,False,,False,
map_static.png,experiments/05_choropleth_reliability_benchmark/outputs/runs_iterative_repair/deepseek-coder_6.7b/basic/deepseek-coder_6.7b_basic_C001_static_burned_area_iter01_20260625_001606/map_static.png,False,0,missing_or_empty;low_thematic_color;low_map_ink;low_edge_detail,False,,,,False,,,,,,,1,static_png,,basic,,,C001_static_burned_area,missing_or_empty,False,deepseek-coder_6.7b,1,experiments/05_choropleth_reliability_benchmark/outputs/runs_iterative_repair/deepseek-coder_6.7b/basic/deepseek-coder_6.7b_basic_C001_static_burned_area_iter01_20260625_001606,,0,,,,False,,,,,,missing_or_empty,False,,,,experiments/05_choropleth_reliability_benchmark/outputs/generated_code_iterative_repair/deepseek-coder_6.7b/deepseek-coder_6.7b/basic/C001_static_burned_area_basic_iter01.py,deepseek-coder_6.7b,False,,,
time_series.png,experiments/05_choropleth_reliability_benchmark/outputs/runs_iterative_repair/deepseek-coder_6.7b/basic/deepseek-coder_6.7b_basic_C001_static_burned_area_iter01_20260625_001606/time_series.png,False,0,missing_or_empty;low_plot_ink;no_visible_line;low_edge_detail,False,,,,False,,,,,,,1,time_series_png,,basic,,,C001_static_burned_area,missing_or_empty,False,deepseek-coder_6.7b,1,experiments/05_choropleth_reliability_benchmark/outputs/runs_iterative_repair/deepseek-coder_6.7b/basic/deepseek-coder_6.7b_basic_C001_static_burned_area_iter01_20260625_001606,,0,,,,False,,,,,,missing_or_empty,False,,,,experiments/05_choropleth_reliability_benchmark/outputs/generated_code_iterative_repair/deepseek-coder_6.7b/deepseek-coder_6.7b/basic/C001_static_burned_area_basic_iter01.py,deepseek-coder_6.7b,False,,,
map_interactive.html,experiments/05_choropleth_reliability_benchmark/outputs/runs_iterative_repair/deepseek-coder_6.7b/basic/deepseek-coder_6.7b_basic_C001_static_burned_area_iter01_20260625_001606/map_interactive.html,False,0,missing_or_empty;html_not_rendered;low_rendered_map_ink;low_edge_detail,False,,,,False,,,,,missing,False,1,interactive_html,,basic,,,C001_static_burned_area,,,deepseek-coder_6.7b,1,experiments/05_choropleth_reliability_benchmark/outputs/runs_iterative_repair/deepseek-coder_6.7b/basic/deepseek-coder_6.7b_basic_C001_static_burned_area_iter01_20260625_001606,,0,,,,False,,,,,,missing_or_empty,False,,,,experiments/05_choropleth_reliability_benchmark/outputs/generated_code_iterative_repair/deepseek-coder_6.7b/deepseek-coder_6.7b/basic/C001_static_burned_area_basic_iter01.py,deepseek-coder_6.7b,False,,False,
map_static.png,experiments/05_choropleth_reliability_benchmark/outputs/runs_iterative_repair/deepseek-coder_6.7b/basic/deepseek-coder_6.7b_basic_C001_static_burned_area_iter02_20260624_043043/map_static.png,False,0,missing_or_empty;low_thematic_color;low_map_ink;low_edge_detail,False,,,,False,,,,,,,2,static_png,,basic,,,C001_static_burned_area,missing_or_empty,False,qwen2.5-coder_32b,1,experiments/05_choropleth_reliability_benchmark/outputs/runs_iterative_repair/deepseek-coder_6.7b/basic/deepseek-coder_6.7b_basic_C001_static_burned_area_iter02_20260624_043043,,0,,,,False,,,,,,missing_or_empty,False,,,,experiments/05_choropleth_reliability_benchmark/outputs/generated_code_iterative_repair/qwen2.5-coder_32b/deepseek-coder_6.7b/basic/C001_static_burned_area_basic_iter02.py,deepseek-coder_6.7b,False,,,
time_series.png,experiments/05_choropleth_reliability_benchmark/outputs/runs_iterative_repair/deepseek-coder_6.7b/basic/deepseek-coder_6.7b_basic_C001_static_burned_area_iter02_20260624_043043/time_series.png,False,0,missing_or_empty;low_plot_ink;no_visible_line;low_edge_detail,False,,,,False,,,,,,,2,time_series_png,,basic,,,C001_static_burned_area,missing_or_empty,False,qwen2.5-coder_32b,1,experiments/05_choropleth_reliability_benchmark/outputs/runs_iterative_repair/deepseek-coder_6.7b/basic/deepseek-coder_6.7b_basic_C001_static_burned_area_iter02_20260624_043043,,0,,,,False,,,,,,missing_or_empty,False,,,,experiments/05_choropleth_reliability_benchmark/outputs/generated_code_iterative_repair/qwen2.5-coder_32b/deepseek-coder_6.7b/basic/C001_static_burned_area_basic_iter02.py,deepseek-coder_6.7b,False,,,
map_interactive.html,experiments/05_choropleth_reliability_benchmark/outputs/runs_iterative_repair/deepseek-coder_6.7b/basic/deepseek-coder_6.7b_basic_C001_static_burned_area_iter02_20260624_043043/map_interactive.html,False,0,missing_or_empty;html_not_rendered;low_rendered_map_ink;low_edge_detail,False,,,,False,,,,,missing,False,2,interactive_html,,basic,,,C001_static_burned_area,,,qwen2.5-coder_32b,1,experiments/05_choropleth_reliability_benchmark/outputs/runs_iterative_repair/deepseek-coder_6.7b/basic/deepseek-coder_6.7b_basic_C001_static_burned_area_iter02_20260624_043043,,0,,,,False,,,,,,missing_or_empty,False,,,,experiments/05_choropleth_reliability_benchmark/outputs/generated_code_iterative_repair/qwen2.5-coder_32b/deepseek-coder_6.7b/basic/C001_static_burned_area_basic_iter02.py,deepseek-coder_6.7b,False,,False,
map_static.png,experiments/05_choropleth_reliability_benchmark/outputs/runs_iterative_repair/deepseek-coder_6.7b/basic/deepseek-coder_6.7b_basic_C001_static_burned_area_iter02_20260624_231116/map_static.png,False,0,missing_or_empty;low_thematic_color;low_map_ink;low_edge_detail,False,,,,False,,,,,,,2,static_png,,basic,,,C001_static_burned_area,missing_or_empty,False,qwen2.5-coder_7b,1,experiments/05_choropleth_reliability_benchmark/outputs/runs_iterative_repair/deepseek-coder_6.7b/basic/deepseek-coder_6.7b_basic_C001_static_burned_area_iter02_20260624_231116,,0,,,,False,,,,,,missing_or_empty,False,,,,experiments/05_choropleth_reliability_benchmark/outputs/generated_code_iterative_repair/qwen2.5-coder_7b/deepseek-coder_6.7b/basic/C001_static_burned_area_basic_iter02.py,deepseek-coder_6.7b,False,,,
time_series.png,experiments/05_choropleth_reliability_benchmark/outputs/runs_iterative_repair/deepseek-coder_6.7b/basic/deepseek-coder_6.7b_basic_C001_static_burned_area_iter02_20260624_231116/time_series.png,False,0,missing_or_empty;low_plot_ink;no_visible_line;low_edge_detail,False,,,,False,,,,,,,2,time_series_png,,basic,,,C001_static_burned_area,missing_or_empty,False,qwen2.5-coder_7b,1,experiments/05_choropleth_reliability_benchmark/outputs/runs_iterative_repair/deepseek-coder_6.7b/basic/deepseek-coder_6.7b_basic_C001_static_burned_area_iter02_20260624_231116,,0,,,,False,,,,,,missing_or_empty,False,,,,experiments/05_choropleth_reliability_benchmark/outputs/generated_code_iterative_repair/qwen2.5-coder_7b/deepseek-coder_6.7b/basic/C001_static_burned_area_basic_iter02.py,deepseek-coder_6.7b,False,,,
map_interactive.html,experiments/05_choropleth_reliability_benchmark/outputs/runs_iterative_repair/deepseek-coder_6.7b/basic/deepseek-coder_6.7b_basic_C001_static_burned_area_iter02_20260624_231116/map_interactive.html,False,0,missing_or_empty;html_not_rendered;low_rendered_map_ink;low_edge_detail,False,,,,False,,,,,missing,False,2,interactive_html,,basic,,,C001_static_burned_area,,,qwen2.5-coder_7b,1,experiments/05_choropleth_reliability_benchmark/outputs/runs_iterative_repair/deepseek-coder_6.7b/basic/deepseek-coder_6.7b_basic_C001_static_burned_area_iter02_20260624_231116,,0,,,,False,,,,,,missing_or_empty,False,,,,experiments/05_choropleth_reliability_benchmark/outputs/generated_code_iterative_repair/qwen2.5-coder_7b/deepseek-coder_6.7b/basic/C001_static_burned_area_basic_iter02.py,deepseek-coder_6.7b,False,,False,
map_static.png,experiments/05_choropleth_reliability_benchmark/outputs/runs_iterative_repair/deepseek-coder_6.7b/basic/deepseek-coder_6.7b_basic_C001_static_burned_area_iter02_20260624_233821/map_static.png,False,0,missing_or_empty;low_thematic_color;low_map_ink;low_edge_detail,False,,,,False,,,,,,,2,static_png,,basic,,,C001_static_burned_area,missing_or_empty,False,qwen2.5-coder_14b,1,experiments/05_choropleth_reliability_benchmark/outputs/runs_iterative_repair/deepseek-coder_6.7b/basic/deepseek-coder_6.7b_basic_C001_static_burned_area_iter02_20260624_233821,,0,,,,False,,,,,,missing_or_empty,False,,,,experiments/05_choropleth_reliability_benchmark/outputs/generated_code_iterative_repair/qwen2.5-coder_14b/deepseek-coder_6.7b/basic/C001_static_burned_area_basic_iter02.py,deepseek-coder_6.7b,False,,,
time_series.png,experiments/05_choropleth_reliability_benchmark/outputs/runs_iterative_repair/deepseek-coder_6.7b/basic/deepseek-coder_6.7b_basic_C001_static_burned_area_iter02_20260624_233821/time_series.png,False,0,missing_or_empty;low_plot_ink;no_visible_line;low_edge_detail,False,,,,False,,,,,,,2,time_series_png,,basic,,,C001_static_burned_area,missing_or_empty,False,qwen2.5-coder_14b,1,experiments/05_choropleth_reliability_benchmark/outputs/runs_iterative_repair/deepseek-coder_6.7b/basic/deepseek-coder_6.7b_basic_C001_static_burned_area_iter02_20260624_233821,,0,,,,False,,,,,,missing_or_empty,False,,,,experiments/05_choropleth_reliability_benchmark/outputs/generated_code_iterative_repair/qwen2.5-coder_14b/deepseek-coder_6.7b/basic/C001_static_burned_area_basic_iter02.py,deepseek-coder_6.7b,False,,,
map_interactive.html,experiments/05_choropleth_reliability_benchmark/outputs/runs_iterative_repair/deepseek-coder_6.7b/basic/deepseek-coder_6.7b_basic_C001_static_burned_area_iter02_20260624_233821/map_interactive.html,False,0,missing_or_empty;html_not_rendered;low_rendered_map_ink;low_edge_detail,False,,,,False,,,,,missing,False,2,interactive_html,,basic,,,C001_static_burned_area,,,qwen2.5-coder_14b,1,experiments/05_choropleth_reliability_benchmark/outputs/runs_iterative_repair/deepseek-coder_6.7b/basic/deepseek-coder_6.7b_basic_C001_static_burned_area_iter02_20260624_233821,,0,,,,False,,,,,,missing_or_empty,False,,,,experiments/05_choropleth_reliability_benchmark/outputs/generated_code_iterative_repair/qwen2.5-coder_14b/deepseek-coder_6.7b/basic/C001_static_burned_area_basic_iter02.py,deepseek-coder_6.7b,False,,False,
map_static.png,experiments/05_choropleth_reliability_benchmark/outputs/runs_iterative_repair/deepseek-coder_6.7b/basic/deepseek-coder_6.7b_basic_C001_static_burned_area_iter02_20260625_001622/map_static.png,False,0,missing_or_empty;low_thematic_color;low_map_ink;low_edge_detail,False,,,,False,,,,,,,2,static_png,,basic,,,C001_static_burned_area,missing_or_empty,False,deepseek-coder_6.7b,1,experiments/05_choropleth_reliability_benchmark/outputs/runs_iterative_repair/deepseek-coder_6.7b/basic/deepseek-coder_6.7b_basic_C001_static_burned_area_iter02_20260625_001622,,0,,,,False,,,,,,missing_or_empty,False,,,,experiments/05_choropleth_reliability_benchmark/outputs/generated_code_iterative_repair/deepseek-coder_6.7b/deepseek-coder_6.7b/basic/C001_static_burned_area_basic_iter02.py,deepseek-coder_6.7b,False,,,
time_series.png,experiments/05_choropleth_reliability_benchmark/outputs/runs_iterative_repair/deepseek-coder_6.7b/basic/deepseek-coder_6.7b_basic_C001_static_burned_area_iter02_20260625_001622/time_series.png,False,0,missing_or_empty;low_plot_ink;no_visible_line;low_edge_detail,False,,,,False,,,,,,,2,time_series_png,,basic,,,C001_static_burned_area,missing_or_empty,False,deepseek-coder_6.7b,1,experiments/05_choropleth_reliability_benchmark/outputs/runs_iterative_repair/deepseek-coder_6.7b/basic/deepseek-coder_6.7b_basic_C001_static_burned_area_iter02_20260625_001622,,0,,,,False,,,,,,missing_or_empty,False,,,,experiments/05_choropleth_reliability_benchmark/outputs/generated_code_iterative_repair/deepseek-coder_6.7b/deepseek-coder_6.7b/basic/C001_static_burned_area_basic_iter02.py,deepseek-coder_6.7b,False,,,
map_interactive.html,experiments/05_choropleth_reliability_benchmark/outputs/runs_iterative_repair/deepseek-coder_6.7b/basic/deepseek-coder_6.7b_basic_C001_static_burned_area_iter02_20260625_001622/map_interactive.html,False,0,missing_or_empty;html_not_rendered;low_rendered_map_ink;low_edge_detail,False,,,,False,,,,,missing,False,2,interactive_html,,basic,,,C001_static_burned_area,,,deepseek-coder_6.7b,1,experiments/05_choropleth_reliability_benchmark/outputs/runs_iterative_repair/deepseek-coder_6.7b/basic/deepseek-coder_6.7b_basic_C001_static_burned_area_iter02_20260625_001622,,0,,,,False,,,,,,missing_or_empty,False,,,,experiments/05_choropleth_reliability_benchmark/outputs/generated_code_iterative_repair/deepseek-coder_6.7b/deepseek-coder_6.7b/basic/C001_static_burned_area_basic_iter02.py,deepseek-coder_6.7b,False,,False,
map_static.png,experiments/05_choropleth_reliability_benchmark/outputs/runs_iterative_repair/deepseek-coder_6.7b/basic/deepseek-coder_6.7b_basic_C001_static_burned_area_iter03_20260624_061945/map_static.png,True,215583,low_thematic_color;low_map_ink;low_edge_detail,False,0.0052,255,1.856,True,,,,2400,,,3,static_png,253.001,basic,0.9952,0.0155,C001_static_burned_area,,True,qwen2.5-coder_32b,1,experiments/05_choropleth_reliability_benchmark/outputs/runs_iterative_repair/deepseek-coder_6.7b/basic/deepseek-coder_6.7b_basic_C001_static_burned_area_iter03_20260624_061945,0.0026,215583,0.0052,255,1.856,True,2400,253.001,0.9952,0.0155,,,True,0.0026,34,3000,experiments/05_choropleth_reliability_benchmark/outputs/generated_code_iterative_repair/qwen2.5-coder_32b/deepseek-coder_6.7b/basic/C001_static_burned_area_basic_iter03.py,deepseek-coder_6.7b,False,34,,3000
time_series.png,experiments/05_choropleth_reliability_benchmark/outputs/runs_iterative_repair/deepseek-coder_6.7b/basic/deepseek-coder_6.7b_basic_C001_static_burned_area_iter03_20260624_061945/time_series.png,False,0,missing_or_empty;low_plot_ink;no_visible_line;low_edge_detail,False,,,,False,,,,,,,3,time_series_png,,basic,,,C001_static_burned_area,missing_or_empty,False,qwen2.5-coder_32b,1,experiments/05_choropleth_reliability_benchmark/outputs/runs_iterative_repair/deepseek-coder_6.7b/basic/deepseek-coder_6.7b_basic_C001_static_burned_area_iter03_20260624_061945,,0,,,,False,,,,,,missing_or_empty,False,,,,experiments/05_choropleth_reliability_benchmark/outputs/generated_code_iterative_repair/qwen2.5-coder_32b/deepseek-coder_6.7b/basic/C001_static_burned_area_basic_iter03.py,deepseek-coder_6.7b,False,,,
map_interactive.html,experiments/05_choropleth_reliability_benchmark/outputs/runs_iterative_repair/deepseek-coder_6.7b/basic/deepseek-coder_6.7b_basic_C001_static_burned_area_iter03_20260624_061945/map_interactive.html,False,0,missing_or_empty;html_not_rendered;low_rendered_map_ink;low_edge_detail,False,,,,False,,,,,missing,False,3,interactive_html,,basic,,,C001_static_burned_area,,,qwen2.5-coder_32b,1,experiments/05_choropleth_reliability_benchmark/outputs/runs_iterative_repair/deepseek-coder_6.7b/basic/deepseek-coder_6.7b_basic_C001_static_burned_area_iter03_20260624_061945,,0,,,,False,,,,,,missing_or_empty,False,,,,experiments/05_choropleth_reliability_benchmark/outputs/generated_code_iterative_repair/qwen2.5-coder_32b/deepseek-coder_6.7b/basic/C001_static_burned_area_basic_iter03.py,deepseek-coder_6.7b,False,,False,
map_static.png,experiments/05_choropleth_reliability_benchmark/outputs/runs_iterative_repair/deepseek-coder_6.7b/basic/deepseek-coder_6.7b_basic_C001_static_burned_area_iter03_20260624_231127/map_static.png,False,0,missing_or_empty;low_thematic_color;low_map_ink;low_edge_detail,False,,,,False,,,,,,,3,static_png,,basic,,,C001_static_burned_area,missing_or_empty,False,qwen2.5-coder_7b,1,experiments/05_choropleth_reliability_benchmark/outputs/runs_iterative_repair/deepseek-coder_6.7b/basic/deepseek-coder_6.7b_basic_C001_static_burned_area_iter03_20260624_231127,,0,,,,False,,,,,,missing_or_empty,False,,,,experiments/05_choropleth_reliability_benchmark/outputs/generated_code_iterative_repair/qwen2.5-coder_7b/deepseek-coder_6.7b/basic/C001_static_burned_area_basic_iter03.py,deepseek-coder_6.7b,False,,,
time_series.png,experiments/05_choropleth_reliability_benchmark/outputs/runs_iterative_repair/deepseek-coder_6.7b/basic/deepseek-coder_6.7b_basic_C001_static_burned_area_iter03_20260624_231127/time_series.png,False,0,missing_or_empty;low_plot_ink;no_visible_line;low_edge_detail,False,,,,False,,,,,,,3,time_series_png,,basic,,,C001_static_burned_area,missing_or_empty,False,qwen2.5-coder_7b,1,experiments/05_choropleth_reliability_benchmark/outputs/runs_iterative_repair/deepseek-coder_6.7b/basic/deepseek-coder_6.7b_basic_C001_static_burned_area_iter03_20260624_231127,,0,,,,False,,,,,,missing_or_empty,False,,,,experiments/05_choropleth_reliability_benchmark/outputs/generated_code_iterative_repair/qwen2.5-coder_7b/deepseek-coder_6.7b/basic/C001_static_burned_area_basic_iter03.py,deepseek-coder_6.7b,False,,,
map_interactive.html,experiments/05_choropleth_reliability_benchmark/outputs/runs_iterative_repair/deepseek-coder_6.7b/basic/deepseek-coder_6.7b_basic_C001_static_burned_area_iter03_20260624_231127/map_interactive.html,False,0,missing_or_empty;html_not_rendered;low_rendered_map_ink;low_edge_detail,False,,,,False,,,,,missing,False,3,interactive_html,,basic,,,C001_static_burned_area,,,qwen2.5-coder_7b,1,experiments/05_choropleth_reliability_benchmark/outputs/runs_iterative_repair/deepseek-coder_6.7b/basic/deepseek-coder_6.7b_basic_C001_static_burned_area_iter03_20260624_231127,,0,,,,False,,,,,,missing_or_empty,False,,,,experiments/05_choropleth_reliability_benchmark/outputs/generated_code_iterative_repair/qwen2.5-coder_7b/deepseek-coder_6.7b/basic/C001_static_burned_area_basic_iter03.py,deepseek-coder_6.7b,False,,False,
map_static.png,experiments/05_choropleth_reliability_benchmark/outputs/runs_iterative_repair/deepseek-coder_6.7b/basic/deepseek-coder_6.7b_basic_C001_static_burned_area_iter03_20260624_233844/map_static.png,False,0,missing_or_empty;low_thematic_color;low_map_ink;low_edge_detail,False,,,,False,,,,,,,3,static_png,,basic,,,C001_static_burned_area,missing_or_empty,False,qwen2.5-coder_14b,1,experiments/05_choropleth_reliability_benchmark/outputs/runs_iterative_repair/deepseek-coder_6.7b/basic/deepseek-coder_6.7b_basic_C001_static_burned_area_iter03_20260624_233844,,0,,,,False,,,,,,missing_or_empty,False,,,,experiments/05_choropleth_reliability_benchmark/outputs/generated_code_iterative_repair/qwen2.5-coder_14b/deepseek-coder_6.7b/basic/C001_static_burned_area_basic_iter03.py,deepseek-coder_6.7b,False,,,
time_series.png,experiments/05_choropleth_reliability_benchmark/outputs/runs_iterative_repair/deepseek-coder_6.7b/basic/deepseek-coder_6.7b_basic_C001_static_burned_area_iter03_20260624_233844/time_series.png,False,0,missing_or_empty;low_plot_ink;no_visible_line;low_edge_detail,False,,,,False,,,,,,,3,time_series_png,,basic,,,C001_static_burned_area,missing_or_empty,False,qwen2.5-coder_14b,1,experiments/05_choropleth_reliability_benchmark/outputs/runs_iterative_repair/deepseek-coder_6.7b/basic/deepseek-coder_6.7b_basic_C001_static_burned_area_iter03_20260624_233844,,0,,,,False,,,,,,missing_or_empty,False,,,,experiments/05_choropleth_reliability_benchmark/outputs/generated_code_iterative_repair/qwen2.5-coder_14b/deepseek-coder_6.7b/basic/C001_static_burned_area_basic_iter03.py,deepseek-coder_6.7b,False,,,
map_interactive.html,experiments/05_choropleth_reliability_benchmark/outputs/runs_iterative_repair/deepseek-coder_6.7b/basic/deepseek-coder_6.7b_basic_C001_static_burned_area_iter03_20260624_233844/map_interactive.html,False,0,missing_or_empty;html_not_rendered;low_rendered_map_ink;low_edge_detail,False,,,,False,,,,,missing,False,3,interactive_html,,basic,,,C001_static_burned_area,,,qwen2.5-coder_14b,1,experiments/05_choropleth_reliability_benchmark/outputs/runs_iterative_repair/deepseek-coder_6.7b/basic/deepseek-coder_6.7b_basic_C001_static_burned_area_iter03_20260624_233844,,0,,,,False,,,,,,missing_or_empty,False,,,,experiments/05_choropleth_reliability_benchmark/outputs/generated_code_iterative_repair/qwen2.5-coder_14b/deepseek-coder_6.7b/basic/C001_static_burned_area_basic_iter03.py,deepseek-coder_6.7b,False,,False,
map_static.png,experiments/05_choropleth_reliability_benchmark/outputs/runs_iterative_repair/deepseek-coder_6.7b/basic/deepseek-coder_6.7b_basic_C002_static_number_fires_iter01_20260624_043124/map_static.png,False,0,missing_or_empty;low_thematic_color;low_map_ink;low_edge_detail,False,,,,False,,,,,,,1,static_png,,basic,,,C002_static_number_fires,missing_or_empty,False,qwen2.5-coder_32b,1,experiments/05_choropleth_reliability_benchmark/outputs/runs_iterative_repair/deepseek-coder_6.7b/basic/deepseek-coder_6.7b_basic_C002_static_number_fires_iter01_20260624_043124,,0,,,,False,,,,,,missing_or_empty,False,,,,experiments/05_choropleth_reliability_benchmark/outputs/generated_code_iterative_repair/qwen2.5-coder_32b/deepseek-coder_6.7b/basic/C002_static_number_fires_basic_iter01.py,deepseek-coder_6.7b,False,,,
time_series.png,experiments/05_choropleth_reliability_benchmark/outputs/runs_iterative_repair/deepseek-coder_6.7b/basic/deepseek-coder_6.7b_basic_C002_static_number_fires_iter01_20260624_043124/time_series.png,False,0,missing_or_empty;low_plot_ink;no_visible_line;low_edge_detail,False,,,,False,,,,,,,1,time_series_png,,basic,,,C002_static_number_fires,missing_or_empty,False,qwen2.5-coder_32b,1,experiments/05_choropleth_reliability_benchmark/outputs/runs_iterative_repair/deepseek-coder_6.7b/basic/deepseek-coder_6.7b_basic_C002_static_number_fires_iter01_20260624_043124,,0,,,,False,,,,,,missing_or_empty,False,,,,experiments/05_choropleth_reliability_benchmark/outputs/generated_code_iterative_repair/qwen2.5-coder_32b/deepseek-coder_6.7b/basic/C002_static_number_fires_basic_iter01.py,deepseek-coder_6.7b,False,,,
map_interactive.html,experiments/05_choropleth_reliability_benchmark/outputs/runs_iterative_repair/deepseek-coder_6.7b/basic/deepseek-coder_6.7b_basic_C002_static_number_fires_iter01_20260624_043124/map_interactive.html,False,0,missing_or_empty;html_not_rendered;low_rendered_map_ink;low_edge_detail,False,,,,False,,,,,missing,False,1,interactive_html,,basic,,,C002_static_number_fires,,,qwen2.5-coder_32b,1,experiments/05_choropleth_reliability_benchmark/outputs/runs_iterative_repair/deepseek-coder_6.7b/basic/deepseek-coder_6.7b_basic_C002_static_number_fires_iter01_20260624_043124,,0,,,,False,,,,,,missing_or_empty,False,,,,experiments/05_choropleth_reliability_benchmark/outputs/generated_code_iterative_repair/qwen2.5-coder_32b/deepseek-coder_6.7b/basic/C002_static_number_fires_basic_iter01.py,deepseek-coder_6.7b,False,,False,
map_static.png,experiments/05_choropleth_reliability_benchmark/outputs/runs_iterative_repair/deepseek-coder_6.7b/basic/deepseek-coder_6.7b_basic_C002_static_number_fires_iter01_20260624_231139/map_static.png,False,0,missing_or_empty;low_thematic_color;low_map_ink;low_edge_detail,False,,,,False,,,,,,,1,static_png,,basic,,,C002_static_number_fires,missing_or_empty,False,qwen2.5-coder_7b,1,experiments/05_choropleth_reliability_benchmark/outputs/runs_iterative_repair/deepseek-coder_6.7b/basic/deepseek-coder_6.7b_basic_C002_static_number_fires_iter01_20260624_231139,,0,,,,False,,,,,,missing_or_empty,False,,,,experiments/05_choropleth_reliability_benchmark/outputs/generated_code_iterative_repair/qwen2.5-coder_7b/deepseek-coder_6.7b/basic/C002_static_number_fires_basic_iter01.py,deepseek-coder_6.7b,False,,,
time_series.png,experiments/05_choropleth_reliability_benchmark/outputs/runs_iterative_repair/deepseek-coder_6.7b/basic/deepseek-coder_6.7b_basic_C002_static_number_fires_iter01_20260624_231139/time_series.png,False,0,missing_or_empty;low_plot_ink;no_visible_line;low_edge_detail,False,,,,False,,,,,,,1,time_series_png,,basic,,,C002_static_number_fires,missing_or_empty,False,qwen2.5-coder_7b,1,experiments/05_choropleth_reliability_benchmark/outputs/runs_iterative_repair/deepseek-coder_6.7b/basic/deepseek-coder_6.7b_basic_C002_static_number_fires_iter01_20260624_231139,,0,,,,False,,,,,,missing_or_empty,False,,,,experiments/05_choropleth_reliability_benchmark/outputs/generated_code_iterative_repair/qwen2.5-coder_7b/deepseek-coder_6.7b/basic/C002_static_number_fires_basic_iter01.py,deepseek-coder_6.7b,False,,,
map_interactive.html,experiments/05_choropleth_reliability_benchmark/outputs/runs_iterative_repair/deepseek-coder_6.7b/basic/deepseek-coder_6.7b_basic_C002_static_number_fires_iter01_20260624_231139/map_interactive.html,False,0,missing_or_empty;html_not_rendered;low_rendered_map_ink;low_edge_detail,False,,,,False,,,,,missing,False,1,interactive_html,,basic,,,C002_static_number_fires,,,qwen2.5-coder_7b,1,experiments/05_choropleth_reliability_benchmark/outputs/runs_iterative_repair/deepseek-coder_6.7b/basic/deepseek-coder_6.7b_basic_C002_static_number_fires_iter01_20260624_231139,,0,,,,False,,,,,,missing_or_empty,False,,,,experiments/05_choropleth_reliability_benchmark/outputs/generated_code_iterative_repair/qwen2.5-coder_7b/deepseek-coder_6.7b/basic/C002_static_number_fires_basic_iter01.py,deepseek-coder_6.7b,False,,False,
map_static.png,experiments/05_choropleth_reliability_benchmark/outputs/runs_iterative_repair/deepseek-coder_6.7b/basic/deepseek-coder_6.7b_basic_C002_static_number_fires_iter01_20260624_233905/map_static.png,False,0,missing_or_empty;low_thematic_color;low_map_ink;low_edge_detail,False,,,,False,,,,,,,1,static_png,,basic,,,C002_static_number_fires,missing_or_empty,False,qwen2.5-coder_14b,1,experiments/05_choropleth_reliability_benchmark/outputs/runs_iterative_repair/deepseek-coder_6.7b/basic/deepseek-coder_6.7b_basic_C002_static_number_fires_iter01_20260624_233905,,0,,,,False,,,,,,missing_or_empty,False,,,,experiments/05_choropleth_reliability_benchmark/outputs/generated_code_iterative_repair/qwen2.5-coder_14b/deepseek-coder_6.7b/basic/C002_static_number_fires_basic_iter01.py,deepseek-coder_6.7b,False,,,
time_series.png,experiments/05_choropleth_reliability_benchmark/outputs/runs_iterative_repair/deepseek-coder_6.7b/basic/deepseek-coder_6.7b_basic_C002_static_number_fires_iter01_20260624_233905/time_series.png,False,0,missing_or_empty;low_plot_ink;no_visible_line;low_edge_detail,False,,,,False,,,,,,,1,time_series_png,,basic,,,C002_static_number_fires,missing_or_empty,False,qwen2.5-coder_14b,1,experiments/05_choropleth_reliability_benchmark/outputs/runs_iterative_repair/deepseek-coder_6.7b/basic/deepseek-coder_6.7b_basic_C002_static_number_fires_iter01_20260624_233905,,0,,,,False,,,,,,missing_or_empty,False,,,,experiments/05_choropleth_reliability_benchmark/outputs/generated_code_iterative_repair/qwen2.5-coder_14b/deepseek-coder_6.7b/basic/C002_static_number_fires_basic_iter01.py,deepseek-coder_6.7b,False,,,
map_interactive.html,experiments/05_choropleth_reliability_benchmark/outputs/runs_iterative_repair/deepseek-coder_6.7b/basic/deepseek-coder_6.7b_basic_C002_static_number_fires_iter01_20260624_233905/map_interactive.html,False,0,missing_or_empty;html_not_rendered;low_rendered_map_ink;low_edge_detail,False,,,,False,,,,,missing,False,1,interactive_html,,basic,,,C002_static_number_fires,,,qwen2.5-coder_14b,1,experiments/05_choropleth_reliability_benchmark/outputs/runs_iterative_repair/deepseek-coder_6.7b/basic/deepseek-coder_6.7b_basic_C002_static_number_fires_iter01_20260624_233905,,0,,,,False,,,,,,missing_or_empty,False,,,,experiments/05_choropleth_reliability_benchmark/outputs/generated_code_iterative_repair/qwen2.5-coder_14b/deepseek-coder_6.7b/basic/C002_static_number_fires_basic_iter01.py,deepseek-coder_6.7b,False,,False,
map_static.png,experiments/05_choropleth_reliability_benchmark/outputs/runs_iterative_repair/deepseek-coder_6.7b/basic/deepseek-coder_6.7b_basic_C002_static_number_fires_iter02_20260624_043205/map_static.png,True,32815,,True,0.0271,255,18.331,True,,,,435,,,2,static_png,243.250,basic,0.9810,0.1089,C002_static_number_fires,,True,qwen2.5-coder_32b,0,experiments/05_choropleth_reliability_benchmark/outputs/runs_iterative_repair/deepseek-coder_6.7b/basic/deepseek-coder_6.7b_basic_C002_static_number_fires_iter02_20260624_043205,0.0170,32815,0.0271,255,18.331,True,435,243.250,0.9810,0.1089,,,True,0.0170,28,446,experiments/05_choropleth_reliability_benchmark/outputs/generated_code_iterative_repair/qwen2.5-coder_32b/deepseek-coder_6.7b/basic/C002_static_number_fires_basic_iter02.py,deepseek-coder_6.7b,False,28,,446
time_series.png,experiments/05_choropleth_reliability_benchmark/outputs/runs_iterative_repair/deepseek-coder_6.7b/basic/deepseek-coder_6.7b_basic_C002_static_number_fires_iter02_20260624_043205/time_series.png,False,0,missing_or_empty;low_plot_ink;no_visible_line;low_edge_detail,False,,,,False,,,,,,,2,time_series_png,,basic,,,C002_static_number_fires,missing_or_empty,False,qwen2.5-coder_32b,0,experiments/05_choropleth_reliability_benchmark/outputs/runs_iterative_repair/deepseek-coder_6.7b/basic/deepseek-coder_6.7b_basic_C002_static_number_fires_iter02_20260624_043205,,0,,,,False,,,,,,missing_or_empty,False,,,,experiments/05_choropleth_reliability_benchmark/outputs/generated_code_iterative_repair/qwen2.5-coder_32b/deepseek-coder_6.7b/basic/C002_static_number_fires_basic_iter02.py,deepseek-coder_6.7b,False,,,
map_interactive.html,experiments/05_choropleth_reliability_benchmark/outputs/runs_iterative_repair/deepseek-coder_6.7b/basic/deepseek-coder_6.7b_basic_C002_static_number_fires_iter02_20260624_043205/map_interactive.html,False,0,missing_or_empty;html_not_rendered;low_rendered_map_ink;low_edge_detail,False,,,,False,,,,,missing,False,2,interactive_html,,basic,,,C002_static_number_fires,,,qwen2.5-coder_32b,0,experiments/05_choropleth_reliability_benchmark/outputs/runs_iterative_repair/deepseek-coder_6.7b/basic/deepseek-coder_6.7b_basic_C002_static_number_fires_iter02_20260624_043205,,0,,,,False,,,,,,missing_or_empty,False,,,,experiments/05_choropleth_reliability_benchmark/outputs/generated_code_iterative_repair/qwen2.5-coder_32b/deepseek-coder_6.7b/basic/C002_static_number_fires_basic_iter02.py,deepseek-coder_6.7b,False,,False,
map_static.png,experiments/05_choropleth_reliability_benchmark/outputs/runs_iterative_repair/deepseek-coder_6.7b/basic/deepseek-coder_6.7b_basic_C002_static_number_fires_iter02_20260624_231151/map_static.png,False,0,missing_or_empty;low_thematic_color;low_map_ink;low_edge_detail,False,,,,False,,,,,,,2,static_png,,basic,,,C002_static_number_fires,missing_or_empty,False,qwen2.5-coder_7b,1,experiments/05_choropleth_reliability_benchmark/outputs/runs_iterative_repair/deepseek-coder_6.7b/basic/deepseek-coder_6.7b_basic_C002_static_number_fires_iter02_20260624_231151,,0,,,,False,,,,,,missing_or_empty,False,,,,experiments/05_choropleth_reliability_benchmark/outputs/generated_code_iterative_repair/qwen2.5-coder_7b/deepseek-coder_6.7b/basic/C002_static_number_fires_basic_iter02.py,deepseek-coder_6.7b,False,,,
time_series.png,experiments/05_choropleth_reliability_benchmark/outputs/runs_iterative_repair/deepseek-coder_6.7b/basic/deepseek-coder_6.7b_basic_C002_static_number_fires_iter02_20260624_231151/time_series.png,False,0,missing_or_empty;low_plot_ink;no_visible_line;low_edge_detail,False,,,,False,,,,,,,2,time_series_png,,basic,,,C002_static_number_fires,missing_or_empty,False,qwen2.5-coder_7b,1,experiments/05_choropleth_reliability_benchmark/outputs/runs_iterative_repair/deepseek-coder_6.7b/basic/deepseek-coder_6.7b_basic_C002_static_number_fires_iter02_20260624_231151,,0,,,,False,,,,,,missing_or_empty,False,,,,experiments/05_choropleth_reliability_benchmark/outputs/generated_code_iterative_repair/qwen2.5-coder_7b/deepseek-coder_6.7b/basic/C002_static_number_fires_basic_iter02.py,deepseek-coder_6.7b,False,,,
map_interactive.html,experiments/05_choropleth_reliability_benchmark/outputs/runs_iterative_repair/deepseek-coder_6.7b/basic/deepseek-coder_6.7b_basic_C002_static_number_fires_iter02_20260624_231151/map_interactive.html,False,0,missing_or_empty;html_not_rendered;low_rendered_map_ink;low_edge_detail,False,,,,False,,,,,missing,False,2,interactive_html,,basic,,,C002_static_number_fires,,,qwen2.5-coder_7b,1,experiments/05_choropleth_reliability_benchmark/outputs/runs_iterative_repair/deepseek-coder_6.7b/basic/deepseek-coder_6.7b_basic_C002_static_number_fires_iter02_20260624_231151,,0,,,,False,,,,,,missing_or_empty,False,,,,experiments/05_choropleth_reliability_benchmark/outputs/generated_code_iterative_repair/qwen2.5-coder_7b/deepseek-coder_6.7b/basic/C002_static_number_fires_basic_iter02.py,deepseek-coder_6.7b,False,,False,
map_static.png,experiments/05_choropleth_reliability_benchmark/outputs/runs_iterative_repair/deepseek-coder_6.7b/basic/deepseek-coder_6.7b_basic_C002_static_number_fires_iter02_20260624_233927/map_static.png,False,0,missing_or_empty;low_thematic_color;low_map_ink;low_edge_detail,False,,,,False,,,,,,,2,static_png,,basic,,,C002_static_number_fires,missing_or_empty,False,qwen2.5-coder_14b,1,experiments/05_choropleth_reliability_benchmark/outputs/runs_iterative_repair/deepseek-coder_6.7b/basic/deepseek-coder_6.7b_basic_C002_static_number_fires_iter02_20260624_233927,,0,,,,False,,,,,,missing_or_empty,False,,,,experiments/05_choropleth_reliability_benchmark/outputs/generated_code_iterative_repair/qwen2.5-coder_14b/deepseek-coder_6.7b/basic/C002_static_number_fires_basic_iter02.py,deepseek-coder_6.7b,False,,,
time_series.png,experiments/05_choropleth_reliability_benchmark/outputs/runs_iterative_repair/deepseek-coder_6.7b/basic/deepseek-coder_6.7b_basic_C002_static_number_fires_iter02_20260624_233927/time_series.png,False,0,missing_or_empty;low_plot_ink;no_visible_line;low_edge_detail,False,,,,False,,,,,,,2,time_series_png,,basic,,,C002_static_number_fires,missing_or_empty,False,qwen2.5-coder_14b,1,experiments/05_choropleth_reliability_benchmark/outputs/runs_iterative_repair/deepseek-coder_6.7b/basic/deepseek-coder_6.7b_basic_C002_static_number_fires_iter02_20260624_233927,,0,,,,False,,,,,,missing_or_empty,False,,,,experiments/05_choropleth_reliability_benchmark/outputs/generated_code_iterative_repair/qwen2.5-coder_14b/deepseek-coder_6.7b/basic/C002_static_number_fires_basic_iter02.py,deepseek-coder_6.7b,False,,,
map_interactive.html,experiments/05_choropleth_reliability_benchmark/outputs/runs_iterative_repair/deepseek-coder_6.7b/basic/deepseek-coder_6.7b_basic_C002_static_number_fires_iter02_20260624_233927/map_interactive.html,False,0,missing_or_empty;html_not_rendered;low_rendered_map_ink;low_edge_detail,False,,,,False,,,,,missing,False,2,interactive_html,,basic,,,C002_static_number_fires,,,qwen2.5-coder_14b,1,experiments/05_choropleth_reliability_benchmark/outputs/runs_iterative_repair/deepseek-coder_6.7b/basic/deepseek-coder_6.7b_basic_C002_static_number_fires_iter02_20260624_233927,,0,,,,False,,,,,,missing_or_empty,False,,,,experiments/05_choropleth_reliability_benchmark/outputs/generated_code_iterative_repair/qwen2.5-coder_14b/deepseek-coder_6.7b/basic/C002_static_number_fires_basic_iter02.py,deepseek-coder_6.7b,False,,False,
map_static.png,experiments/05_choropleth_reliability_benchmark/outputs/runs_iterative_repair/deepseek-coder_6.7b/basic/deepseek-coder_6.7b_basic_C002_static_number_fires_iter03_20260624_231204/map_static.png,False,0,missing_or_empty;low_thematic_color;low_map_ink;low_edge_detail,False,,,,False,,,,,,,3,static_png,,basic,,,C002_static_number_fires,missing_or_empty,False,qwen2.5-coder_7b,1,experiments/05_choropleth_reliability_benchmark/outputs/runs_iterative_repair/deepseek-coder_6.7b/basic/deepseek-coder_6.7b_basic_C002_static_number_fires_iter03_20260624_231204,,0,,,,False,,,,,,missing_or_empty,False,,,,experiments/05_choropleth_reliability_benchmark/outputs/generated_code_iterative_repair/qwen2.5-coder_7b/deepseek-coder_6.7b/basic/C002_static_number_fires_basic_iter03.py,deepseek-coder_6.7b,False,,,
time_series.png,experiments/05_choropleth_reliability_benchmark/outputs/runs_iterative_repair/deepseek-coder_6.7b/basic/deepseek-coder_6.7b_basic_C002_static_number_fires_iter03_20260624_231204/time_series.png,False,0,missing_or_empty;low_plot_ink;no_visible_line;low_edge_detail,False,,,,False,,,,,,,3,time_series_png,,basic,,,C002_static_number_fires,missing_or_empty,False,qwen2.5-coder_7b,1,experiments/05_choropleth_reliability_benchmark/outputs/runs_iterative_repair/deepseek-coder_6.7b/basic/deepseek-coder_6.7b_basic_C002_static_number_fires_iter03_20260624_231204,,0,,,,False,,,,,,missing_or_empty,False,,,,experiments/05_choropleth_reliability_benchmark/outputs/generated_code_iterative_repair/qwen2.5-coder_7b/deepseek-coder_6.7b/basic/C002_static_number_fires_basic_iter03.py,deepseek-coder_6.7b,False,,,
map_interactive.html,experiments/05_choropleth_reliability_benchmark/outputs/runs_iterative_repair/deepseek-coder_6.7b/basic/deepseek-coder_6.7b_basic_C002_static_number_fires_iter03_20260624_231204/map_interactive.html,False,0,missing_or_empty;html_not_rendered;low_rendered_map_ink;low_edge_detail,False,,,,False,,,,,missing,False,3,interactive_html,,basic,,,C002_static_number_fires,,,qwen2.5-coder_7b,1,experiments/05_choropleth_reliability_benchmark/outputs/runs_iterative_repair/deepseek-coder_6.7b/basic/deepseek-coder_6.7b_basic_C002_static_number_fires_iter03_20260624_231204,,0,,,,False,,,,,,missing_or_empty,False,,,,experiments/05_choropleth_reliability_benchmark/outputs/generated_code_iterative_repair/qwen2.5-coder_7b/deepseek-coder_6.7b/basic/C002_static_number_fires_basic_iter03.py,deepseek-coder_6.7b,False,,False,
map_static.png,experiments/05_choropleth_reliability_benchmark/outputs/runs_iterative_repair/deepseek-coder_6.7b/basic/deepseek-coder_6.7b_basic_C002_static_number_fires_iter03_20260624_233948/map_static.png,False,0,missing_or_empty;low_thematic_color;low_map_ink;low_edge_detail,False,,,,False,,,,,,,3,static_png,,basic,,,C002_static_number_fires,missing_or_empty,False,qwen2.5-coder_14b,1,experiments/05_choropleth_reliability_benchmark/outputs/runs_iterative_repair/deepseek-coder_6.7b/basic/deepseek-coder_6.7b_basic_C002_static_number_fires_iter03_20260624_233948,,0,,,,False,,,,,,missing_or_empty,False,,,,experiments/05_choropleth_reliability_benchmark/outputs/generated_code_iterative_repair/qwen2.5-coder_14b/deepseek-coder_6.7b/basic/C002_static_number_fires_basic_iter03.py,deepseek-coder_6.7b,False,,,
time_series.png,experiments/05_choropleth_reliability_benchmark/outputs/runs_iterative_repair/deepseek-coder_6.7b/basic/deepseek-coder_6.7b_basic_C002_static_number_fires_iter03_20260624_233948/time_series.png,False,0,missing_or_empty;low_plot_ink;no_visible_line;low_edge_detail,False,,,,False,,,,,,,3,time_series_png,,basic,,,C002_static_number_fires,missing_or_empty,False,qwen2.5-coder_14b,1,experiments/05_choropleth_reliability_benchmark/outputs/runs_iterative_repair/deepseek-coder_6.7b/basic/deepseek-coder_6.7b_basic_C002_static_number_fires_iter03_20260624_233948,,0,,,,False,,,,,,missing_or_empty,False,,,,experiments/05_choropleth_reliability_benchmark/outputs/generated_code_iterative_repair/qwen2.5-coder_14b/deepseek-coder_6.7b/basic/C002_static_number_fires_basic_iter03.py,deepseek-coder_6.7b,False,,,
map_interactive.html,experiments/05_choropleth_reliability_benchmark/outputs/runs_iterative_repair/deepseek-coder_6.7b/basic/deepseek-coder_6.7b_basic_C002_static_number_fires_iter03_20260624_233948/map_interactive.html,False,0,missing_or_empty;html_not_rendered;low_rendered_map_ink;low_edge_detail,False,,,,False,,,,,missing,False,3,interactive_html,,basic,,,C002_static_number_fires,,,qwen2.5-coder_14b,1,experiments/05_choropleth_reliability_benchmark/outputs/runs_iterative_repair/deepseek-coder_6.7b/basic/deepseek-coder_6.7b_basic_C002_static_number_fires_iter03_20260624_233948,,0,,,,False,,,,,,missing_or_empty,False,,,,experiments/05_choropleth_reliability_benchmark/outputs/generated_code_iterative_repair/qwen2.5-coder_14b/deepseek-coder_6.7b/basic/C002_static_number_fires_basic_iter03.py,deepseek-coder_6.7b,False,,False,
map_static.png,experiments/05_choropleth_reliability_benchmark/outputs/runs_iterative_repair/deepseek-coder_6.7b/basic/deepseek-coder_6.7b_basic_C004_missing_crs_repair_iter01_20260624_041715/map_static.png,True,24886,,True,0.0197,255,8.383,True,,,,480,,,1,static_png,239.358,basic,0.9921,0.1092,C004_missing_crs_repair,,True,qwen2.5-coder_32b,1,experiments/05_choropleth_reliability_benchmark/outputs/runs_iterative_repair/deepseek-coder_6.7b/basic/deepseek-coder_6.7b_basic_C004_missing_crs_repair_iter01_20260624_041715,0.0855,24886,0.0197,255,8.383,True,480,239.358,0.9921,0.1092,,,True,0.0855,70,640,experiments/05_choropleth_reliability_benchmark/outputs/generated_code_iterative_repair/qwen2.5-coder_32b/deepseek-coder_6.7b/basic/C004_missing_crs_repair_basic_iter01.py,deepseek-coder_6.7b,False,70,,640
time_series.png,experiments/05_choropleth_reliability_benchmark/outputs/runs_iterative_repair/deepseek-coder_6.7b/basic/deepseek-coder_6.7b_basic_C004_missing_crs_repair_iter01_20260624_041715/time_series.png,False,0,missing_or_empty;low_plot_ink;no_visible_line;low_edge_detail,False,,,,False,,,,,,,1,time_series_png,,basic,,,C004_missing_crs_repair,missing_or_empty,False,qwen2.5-coder_32b,1,experiments/05_choropleth_reliability_benchmark/outputs/runs_iterative_repair/deepseek-coder_6.7b/basic/deepseek-coder_6.7b_basic_C004_missing_crs_repair_iter01_20260624_041715,,0,,,,False,,,,,,missing_or_empty,False,,,,experiments/05_choropleth_reliability_benchmark/outputs/generated_code_iterative_repair/qwen2.5-coder_32b/deepseek-coder_6.7b/basic/C004_missing_crs_repair_basic_iter01.py,deepseek-coder_6.7b,False,,,
map_interactive.html,experiments/05_choropleth_reliability_benchmark/outputs/runs_iterative_repair/deepseek-coder_6.7b/basic/deepseek-coder_6.7b_basic_C004_missing_crs_repair_iter01_20260624_041715/map_interactive.html,False,0,missing_or_empty;html_not_rendered;low_rendered_map_ink;low_edge_detail,False,,,,False,,,,,missing,False,1,interactive_html,,basic,,,C004_missing_crs_repair,,,qwen2.5-coder_32b,1,experiments/05_choropleth_reliability_benchmark/outputs/runs_iterative_repair/deepseek-coder_6.7b/basic/deepseek-coder_6.7b_basic_C004_missing_crs_repair_iter01_20260624_041715,,0,,,,False,,,,,,missing_or_empty,False,,,,experiments/05_choropleth_reliability_benchmark/outputs/generated_code_iterative_repair/qwen2.5-coder_32b/deepseek-coder_6.7b/basic/C004_missing_crs_repair_basic_iter01.py,deepseek-coder_6.7b,False,,False,
map_static.png,experiments/05_choropleth_reliability_benchmark/outputs/runs_iterative_repair/deepseek-coder_6.7b/basic/deepseek-coder_6.7b_basic_C004_missing_crs_repair_iter01_20260624_071223/map_static.png,True,24886,,True,0.0197,255,8.383,True,,,,480,,,1,static_png,239.358,basic,0.9921,0.1092,C004_missing_crs_repair,,True,qwen2.5-coder_14b,1,experiments/05_choropleth_reliability_benchmark/outputs/runs_iterative_repair/deepseek-coder_6.7b/basic/deepseek-coder_6.7b_basic_C004_missing_crs_repair_iter01_20260624_071223,0.0855,24886,0.0197,255,8.383,True,480,239.358,0.9921,0.1092,,,True,0.0855,70,640,experiments/05_choropleth_reliability_benchmark/outputs/generated_code_iterative_repair/qwen2.5-coder_14b/deepseek-coder_6.7b/basic/C004_missing_crs_repair_basic_iter01.py,deepseek-coder_6.7b,False,70,,640
time_series.png,experiments/05_choropleth_reliability_benchmark/outputs/runs_iterative_repair/deepseek-coder_6.7b/basic/deepseek-coder_6.7b_basic_C004_missing_crs_repair_iter01_20260624_071223/time_series.png,False,0,missing_or_empty;low_plot_ink;no_visible_line;low_edge_detail,False,,,,False,,,,,,,1,time_series_png,,basic,,,C004_missing_crs_repair,missing_or_empty,False,qwen2.5-coder_14b,1,experiments/05_choropleth_reliability_benchmark/outputs/runs_iterative_repair/deepseek-coder_6.7b/basic/deepseek-coder_6.7b_basic_C004_missing_crs_repair_iter01_20260624_071223,,0,,,,False,,,,,,missing_or_empty,False,,,,experiments/05_choropleth_reliability_benchmark/outputs/generated_code_iterative_repair/qwen2.5-coder_14b/deepseek-coder_6.7b/basic/C004_missing_crs_repair_basic_iter01.py,deepseek-coder_6.7b,False,,,
map_interactive.html,experiments/05_choropleth_reliability_benchmark/outputs/runs_iterative_repair/deepseek-coder_6.7b/basic/deepseek-coder_6.7b_basic_C004_missing_crs_repair_iter01_20260624_071223/map_interactive.html,False,0,missing_or_empty;html_not_rendered;low_rendered_map_ink;low_edge_detail,False,,,,False,,,,,missing,False,1,interactive_html,,basic,,,C004_missing_crs_repair,,,qwen2.5-coder_14b,1,experiments/05_choropleth_reliability_benchmark/outputs/runs_iterative_repair/deepseek-coder_6.7b/basic/deepseek-coder_6.7b_basic_C004_missing_crs_repair_iter01_20260624_071223,,0,,,,False,,,,,,missing_or_empty,False,,,,experiments/05_choropleth_reliability_benchmark/outputs/generated_code_iterative_repair/qwen2.5-coder_14b/deepseek-coder_6.7b/basic/C004_missing_crs_repair_basic_iter01.py,deepseek-coder_6.7b,False,,False,
map_static.png,experiments/05_choropleth_reliability_benchmark/outputs/runs_iterative_repair/deepseek-coder_6.7b/basic/deepseek-coder_6.7b_basic_C004_missing_crs_repair_iter01_20260624_072421/map_static.png,False,0,missing_or_empty;low_thematic_color;low_map_ink;low_edge_detail,False,,,,False,,,,,,,1,static_png,,basic,,,C004_missing_crs_repair,missing_or_empty,False,qwen2.5-coder_7b,1,experiments/05_choropleth_reliability_benchmark/outputs/runs_iterative_repair/deepseek-coder_6.7b/basic/deepseek-coder_6.7b_basic_C004_missing_crs_repair_iter01_20260624_072421,,0,,,,False,,,,,,missing_or_empty,False,,,,experiments/05_choropleth_reliability_benchmark/outputs/generated_code_iterative_repair/qwen2.5-coder_7b/deepseek-coder_6.7b/basic/C004_missing_crs_repair_basic_iter01.py,deepseek-coder_6.7b,False,,,
time_series.png,experiments/05_choropleth_reliability_benchmark/outputs/runs_iterative_repair/deepseek-coder_6.7b/basic/deepseek-coder_6.7b_basic_C004_missing_crs_repair_iter01_20260624_072421/time_series.png,False,0,missing_or_empty;low_plot_ink;no_visible_line;low_edge_detail,False,,,,False,,,,,,,1,time_series_png,,basic,,,C004_missing_crs_repair,missing_or_empty,False,qwen2.5-coder_7b,1,experiments/05_choropleth_reliability_benchmark/outputs/runs_iterative_repair/deepseek-coder_6.7b/basic/deepseek-coder_6.7b_basic_C004_missing_crs_repair_iter01_20260624_072421,,0,,,,False,,,,,,missing_or_empty,False,,,,experiments/05_choropleth_reliability_benchmark/outputs/generated_code_iterative_repair/qwen2.5-coder_7b/deepseek-coder_6.7b/basic/C004_missing_crs_repair_basic_iter01.py,deepseek-coder_6.7b,False,,,
map_interactive.html,experiments/05_choropleth_reliability_benchmark/outputs/runs_iterative_repair/deepseek-coder_6.7b/basic/deepseek-coder_6.7b_basic_C004_missing_crs_repair_iter01_20260624_072421/map_interactive.html,False,0,missing_or_empty;html_not_rendered;low_rendered_map_ink;low_edge_detail,False,,,,False,,,,,missing,False,1,interactive_html,,basic,,,C004_missing_crs_repair,,,qwen2.5-coder_7b,1,experiments/05_choropleth_reliability_benchmark/outputs/runs_iterative_repair/deepseek-coder_6.7b/basic/deepseek-coder_6.7b_basic_C004_missing_crs_repair_iter01_20260624_072421,,0,,,,False,,,,,,missing_or_empty,False,,,,experiments/05_choropleth_reliability_benchmark/outputs/generated_code_iterative_repair/qwen2.5-coder_7b/deepseek-coder_6.7b/basic/C004_missing_crs_repair_basic_iter01.py,deepseek-coder_6.7b,False,,False,
map_static.png,experiments/05_choropleth_reliability_benchmark/outputs/runs_iterative_repair/deepseek-coder_6.7b/basic/deepseek-coder_6.7b_basic_C004_missing_crs_repair_iter02_20260624_041754/map_static.png,True,24886,,True,0.0197,255,8.383,True,,,,480,,,2,static_png,239.358,basic,0.9921,0.1092,C004_missing_crs_repair,,True,qwen2.5-coder_32b,1,experiments/05_choropleth_reliability_benchmark/outputs/runs_iterative_repair/deepseek-coder_6.7b/basic/deepseek-coder_6.7b_basic_C004_missing_crs_repair_iter02_20260624_041754,0.0855,24886,0.0197,255,8.383,True,480,239.358,0.9921,0.1092,,,True,0.0855,70,640,experiments/05_choropleth_reliability_benchmark/outputs/generated_code_iterative_repair/qwen2.5-coder_32b/deepseek-coder_6.7b/basic/C004_missing_crs_repair_basic_iter02.py,deepseek-coder_6.7b,False,70,,640
time_series.png,experiments/05_choropleth_reliability_benchmark/outputs/runs_iterative_repair/deepseek-coder_6.7b/basic/deepseek-coder_6.7b_basic_C004_missing_crs_repair_iter02_20260624_041754/time_series.png,False,0,missing_or_empty;low_plot_ink;no_visible_line;low_edge_detail,False,,,,False,,,,,,,2,time_series_png,,basic,,,C004_missing_crs_repair,missing_or_empty,False,qwen2.5-coder_32b,1,experiments/05_choropleth_reliability_benchmark/outputs/runs_iterative_repair/deepseek-coder_6.7b/basic/deepseek-coder_6.7b_basic_C004_missing_crs_repair_iter02_20260624_041754,,0,,,,False,,,,,,missing_or_empty,False,,,,experiments/05_choropleth_reliability_benchmark/outputs/generated_code_iterative_repair/qwen2.5-coder_32b/deepseek-coder_6.7b/basic/C004_missing_crs_repair_basic_iter02.py,deepseek-coder_6.7b,False,,,
map_interactive.html,experiments/05_choropleth_reliability_benchmark/outputs/runs_iterative_repair/deepseek-coder_6.7b/basic/deepseek-coder_6.7b_basic_C004_missing_crs_repair_iter02_20260624_041754/map_interactive.html,False,0,missing_or_empty;html_not_rendered;low_rendered_map_ink;low_edge_detail,False,,,,False,,,,,missing,False,2,interactive_html,,basic,,,C004_missing_crs_repair,,,qwen2.5-coder_32b,1,experiments/05_choropleth_reliability_benchmark/outputs/runs_iterative_repair/deepseek-coder_6.7b/basic/deepseek-coder_6.7b_basic_C004_missing_crs_repair_iter02_20260624_041754,,0,,,,False,,,,,,missing_or_empty,False,,,,experiments/05_choropleth_reliability_benchmark/outputs/generated_code_iterative_repair/qwen2.5-coder_32b/deepseek-coder_6.7b/basic/C004_missing_crs_repair_basic_iter02.py,deepseek-coder_6.7b,False,,False,
map_static.png,experiments/05_choropleth_reliability_benchmark/outputs/runs_iterative_repair/deepseek-coder_6.7b/basic/deepseek-coder_6.7b_basic_C004_missing_crs_repair_iter02_20260624_071240/map_static.png,True,24886,,True,0.0197,255,8.383,True,,,,480,,,2,static_png,239.358,basic,0.9921,0.1092,C004_missing_crs_repair,,True,qwen2.5-coder_14b,1,experiments/05_choropleth_reliability_benchmark/outputs/runs_iterative_repair/deepseek-coder_6.7b/basic/deepseek-coder_6.7b_basic_C004_missing_crs_repair_iter02_20260624_071240,0.0855,24886,0.0197,255,8.383,True,480,239.358,0.9921,0.1092,,,True,0.0855,70,640,experiments/05_choropleth_reliability_benchmark/outputs/generated_code_iterative_repair/qwen2.5-coder_14b/deepseek-coder_6.7b/basic/C004_missing_crs_repair_basic_iter02.py,deepseek-coder_6.7b,False,70,,640
time_series.png,experiments/05_choropleth_reliability_benchmark/outputs/runs_iterative_repair/deepseek-coder_6.7b/basic/deepseek-coder_6.7b_basic_C004_missing_crs_repair_iter02_20260624_071240/time_series.png,False,0,missing_or_empty;low_plot_ink;no_visible_line;low_edge_detail,False,,,,False,,,,,,,2,time_series_png,,basic,,,C004_missing_crs_repair,missing_or_empty,False,qwen2.5-coder_14b,1,experiments/05_choropleth_reliability_benchmark/outputs/runs_iterative_repair/deepseek-coder_6.7b/basic/deepseek-coder_6.7b_basic_C004_missing_crs_repair_iter02_20260624_071240,,0,,,,False,,,,,,missing_or_empty,False,,,,experiments/05_choropleth_reliability_benchmark/outputs/generated_code_iterative_repair/qwen2.5-coder_14b/deepseek-coder_6.7b/basic/C004_missing_crs_repair_basic_iter02.py,deepseek-coder_6.7b,False,,,
map_interactive.html,experiments/05_choropleth_reliability_benchmark/outputs/runs_iterative_repair/deepseek-coder_6.7b/basic/deepseek-coder_6.7b_basic_C004_missing_crs_repair_iter02_20260624_071240/map_interactive.html,False,0,missing_or_empty;html_not_rendered;low_rendered_map_ink;low_edge_detail,False,,,,False,,,,,missing,False,2,interactive_html,,basic,,,C004_missing_crs_repair,,,qwen2.5-coder_14b,1,experiments/05_choropleth_reliability_benchmark/outputs/runs_iterative_repair/deepseek-coder_6.7b/basic/deepseek-coder_6.7b_basic_C004_missing_crs_repair_iter02_20260624_071240,,0,,,,False,,,,,,missing_or_empty,False,,,,experiments/05_choropleth_reliability_benchmark/outputs/generated_code_iterative_repair/qwen2.5-coder_14b/deepseek-coder_6.7b/basic/C004_missing_crs_repair_basic_iter02.py,deepseek-coder_6.7b,False,,False,
map_static.png,experiments/05_choropleth_reliability_benchmark/outputs/runs_iterative_repair/deepseek-coder_6.7b/basic/deepseek-coder_6.7b_basic_C004_missing_crs_repair_iter02_20260624_072426/map_static.png,False,0,missing_or_empty;low_thematic_color;low_map_ink;low_edge_detail,False,,,,False,,,,,,,2,static_png,,basic,,,C004_missing_crs_repair,missing_or_empty,False,qwen2.5-coder_7b,1,experiments/05_choropleth_reliability_benchmark/outputs/runs_iterative_repair/deepseek-coder_6.7b/basic/deepseek-coder_6.7b_basic_C004_missing_crs_repair_iter02_20260624_072426,,0,,,,False,,,,,,missing_or_empty,False,,,,experiments/05_choropleth_reliability_benchmark/outputs/generated_code_iterative_repair/qwen2.5-coder_7b/deepseek-coder_6.7b/basic/C004_missing_crs_repair_basic_iter02.py,deepseek-coder_6.7b,False,,,
time_series.png,experiments/05_choropleth_reliability_benchmark/outputs/runs_iterative_repair/deepseek-coder_6.7b/basic/deepseek-coder_6.7b_basic_C004_missing_crs_repair_iter02_20260624_072426/time_series.png,False,0,missing_or_empty;low_plot_ink;no_visible_line;low_edge_detail,False,,,,False,,,,,,,2,time_series_png,,basic,,,C004_missing_crs_repair,missing_or_empty,False,qwen2.5-coder_7b,1,experiments/05_choropleth_reliability_benchmark/outputs/runs_iterative_repair/deepseek-coder_6.7b/basic/deepseek-coder_6.7b_basic_C004_missing_crs_repair_iter02_20260624_072426,,0,,,,False,,,,,,missing_or_empty,False,,,,experiments/05_choropleth_reliability_benchmark/outputs/generated_code_iterative_repair/qwen2.5-coder_7b/deepseek-coder_6.7b/basic/C004_missing_crs_repair_basic_iter02.py,deepseek-coder_6.7b,False,,,
map_interactive.html,experiments/05_choropleth_reliability_benchmark/outputs/runs_iterative_repair/deepseek-coder_6.7b/basic/deepseek-coder_6.7b_basic_C004_missing_crs_repair_iter02_20260624_072426/map_interactive.html,False,0,missing_or_empty;html_not_rendered;low_rendered_map_ink;low_edge_detail,False,,,,False,,,,,missing,False,2,interactive_html,,basic,,,C004_missing_crs_repair,,,qwen2.5-coder_7b,1,experiments/05_choropleth_reliability_benchmark/outputs/runs_iterative_repair/deepseek-coder_6.7b/basic/deepseek-coder_6.7b_basic_C004_missing_crs_repair_iter02_20260624_072426,,0,,,,False,,,,,,missing_or_empty,False,,,,experiments/05_choropleth_reliability_benchmark/outputs/generated_code_iterative_repair/qwen2.5-coder_7b/deepseek-coder_6.7b/basic/C004_missing_crs_repair_basic_iter02.py,deepseek-coder_6.7b,False,,False,
map_static.png,experiments/05_choropleth_reliability_benchmark/outputs/runs_iterative_repair/deepseek-coder_6.7b/basic/deepseek-coder_6.7b_basic_C004_missing_crs_repair_iter02_20260625_001428/map_static.png,False,0,missing_or_empty;low_thematic_color;low_map_ink;low_edge_detail,False,,,,False,,,,,,,2,static_png,,basic,,,C004_missing_crs_repair,missing_or_empty,False,deepseek-coder_6.7b,1,experiments/05_choropleth_reliability_benchmark/outputs/runs_iterative_repair/deepseek-coder_6.7b/basic/deepseek-coder_6.7b_basic_C004_missing_crs_repair_iter02_20260625_001428,,0,,,,False,,,,,,missing_or_empty,False,,,,experiments/05_choropleth_reliability_benchmark/outputs/generated_code_iterative_repair/deepseek-coder_6.7b/deepseek-coder_6.7b/basic/C004_missing_crs_repair_basic_iter02.py,deepseek-coder_6.7b,False,,,
time_series.png,experiments/05_choropleth_reliability_benchmark/outputs/runs_iterative_repair/deepseek-coder_6.7b/basic/deepseek-coder_6.7b_basic_C004_missing_crs_repair_iter02_20260625_001428/time_series.png,False,0,missing_or_empty;low_plot_ink;no_visible_line;low_edge_detail,False,,,,False,,,,,,,2,time_series_png,,basic,,,C004_missing_crs_repair,missing_or_empty,False,deepseek-coder_6.7b,1,experiments/05_choropleth_reliability_benchmark/outputs/runs_iterative_repair/deepseek-coder_6.7b/basic/deepseek-coder_6.7b_basic_C004_missing_crs_repair_iter02_20260625_001428,,0,,,,False,,,,,,missing_or_empty,False,,,,experiments/05_choropleth_reliability_benchmark/outputs/generated_code_iterative_repair/deepseek-coder_6.7b/deepseek-coder_6.7b/basic/C004_missing_crs_repair_basic_iter02.py,deepseek-coder_6.7b,False,,,
map_interactive.html,experiments/05_choropleth_reliability_benchmark/outputs/runs_iterative_repair/deepseek-coder_6.7b/basic/deepseek-coder_6.7b_basic_C004_missing_crs_repair_iter02_20260625_001428/map_interactive.html,False,0,missing_or_empty;html_not_rendered;low_rendered_map_ink;low_edge_detail,False,,,,False,,,,,missing,False,2,interactive_html,,basic,,,C004_missing_crs_repair,,,deepseek-coder_6.7b,1,experiments/05_choropleth_reliability_benchmark/outputs/runs_iterative_repair/deepseek-coder_6.7b/basic/deepseek-coder_6.7b_basic_C004_missing_crs_repair_iter02_20260625_001428,,0,,,,False,,,,,,missing_or_empty,False,,,,experiments/05_choropleth_reliability_benchmark/outputs/generated_code_iterative_repair/deepseek-coder_6.7b/deepseek-coder_6.7b/basic/C004_missing_crs_repair_basic_iter02.py,deepseek-coder_6.7b,False,,False,
map_static.png,experiments/05_choropleth_reliability_benchmark/outputs/runs_iterative_repair/deepseek-coder_6.7b/basic/deepseek-coder_6.7b_basic_C004_missing_crs_repair_iter03_20260624_061813/map_static.png,True,24886,,True,0.0197,255,8.383,True,,,,480,,,3,static_png,239.358,basic,0.9921,0.1092,C004_missing_crs_repair,,True,qwen2.5-coder_32b,1,experiments/05_choropleth_reliability_benchmark/outputs/runs_iterative_repair/deepseek-coder_6.7b/basic/deepseek-coder_6.7b_basic_C004_missing_crs_repair_iter03_20260624_061813,0.0855,24886,0.0197,255,8.383,True,480,239.358,0.9921,0.1092,,,True,0.0855,70,640,experiments/05_choropleth_reliability_benchmark/outputs/generated_code_iterative_repair/qwen2.5-coder_32b/deepseek-coder_6.7b/basic/C004_missing_crs_repair_basic_iter03.py,deepseek-coder_6.7b,False,70,,640
time_series.png,experiments/05_choropleth_reliability_benchmark/outputs/runs_iterative_repair/deepseek-coder_6.7b/basic/deepseek-coder_6.7b_basic_C004_missing_crs_repair_iter03_20260624_061813/time_series.png,False,0,missing_or_empty;low_plot_ink;no_visible_line;low_edge_detail,False,,,,False,,,,,,,3,time_series_png,,basic,,,C004_missing_crs_repair,missing_or_empty,False,qwen2.5-coder_32b,1,experiments/05_choropleth_reliability_benchmark/outputs/runs_iterative_repair/deepseek-coder_6.7b/basic/deepseek-coder_6.7b_basic_C004_missing_crs_repair_iter03_20260624_061813,,0,,,,False,,,,,,missing_or_empty,False,,,,experiments/05_choropleth_reliability_benchmark/outputs/generated_code_iterative_repair/qwen2.5-coder_32b/deepseek-coder_6.7b/basic/C004_missing_crs_repair_basic_iter03.py,deepseek-coder_6.7b,False,,,
map_interactive.html,experiments/05_choropleth_reliability_benchmark/outputs/runs_iterative_repair/deepseek-coder_6.7b/basic/deepseek-coder_6.7b_basic_C004_missing_crs_repair_iter03_20260624_061813/map_interactive.html,False,0,missing_or_empty;html_not_rendered;low_rendered_map_ink;low_edge_detail,False,,,,False,,,,,missing,False,3,interactive_html,,basic,,,C004_missing_crs_repair,,,qwen2.5-coder_32b,1,experiments/05_choropleth_reliability_benchmark/outputs/runs_iterative_repair/deepseek-coder_6.7b/basic/deepseek-coder_6.7b_basic_C004_missing_crs_repair_iter03_20260624_061813,,0,,,,False,,,,,,missing_or_empty,False,,,,experiments/05_choropleth_reliability_benchmark/outputs/generated_code_iterative_repair/qwen2.5-coder_32b/deepseek-coder_6.7b/basic/C004_missing_crs_repair_basic_iter03.py,deepseek-coder_6.7b,False,,False,
map_static.png,experiments/05_choropleth_reliability_benchmark/outputs/runs_iterative_repair/deepseek-coder_6.7b/basic/deepseek-coder_6.7b_basic_C004_missing_crs_repair_iter03_20260624_230932/map_static.png,False,0,missing_or_empty;low_thematic_color;low_map_ink;low_edge_detail,False,,,,False,,,,,,,3,static_png,,basic,,,C004_missing_crs_repair,missing_or_empty,False,qwen2.5-coder_7b,1,experiments/05_choropleth_reliability_benchmark/outputs/runs_iterative_repair/deepseek-coder_6.7b/basic/deepseek-coder_6.7b_basic_C004_missing_crs_repair_iter03_20260624_230932,,0,,,,False,,,,,,missing_or_empty,False,,,,experiments/05_choropleth_reliability_benchmark/outputs/generated_code_iterative_repair/qwen2.5-coder_7b/deepseek-coder_6.7b/basic/C004_missing_crs_repair_basic_iter03.py,deepseek-coder_6.7b,False,,,
time_series.png,experiments/05_choropleth_reliability_benchmark/outputs/runs_iterative_repair/deepseek-coder_6.7b/basic/deepseek-coder_6.7b_basic_C004_missing_crs_repair_iter03_20260624_230932/time_series.png,False,0,missing_or_empty;low_plot_ink;no_visible_line;low_edge_detail,False,,,,False,,,,,,,3,time_series_png,,basic,,,C004_missing_crs_repair,missing_or_empty,False,qwen2.5-coder_7b,1,experiments/05_choropleth_reliability_benchmark/outputs/runs_iterative_repair/deepseek-coder_6.7b/basic/deepseek-coder_6.7b_basic_C004_missing_crs_repair_iter03_20260624_230932,,0,,,,False,,,,,,missing_or_empty,False,,,,experiments/05_choropleth_reliability_benchmark/outputs/generated_code_iterative_repair/qwen2.5-coder_7b/deepseek-coder_6.7b/basic/C004_missing_crs_repair_basic_iter03.py,deepseek-coder_6.7b,False,,,
map_interactive.html,experiments/05_choropleth_reliability_benchmark/outputs/runs_iterative_repair/deepseek-coder_6.7b/basic/deepseek-coder_6.7b_basic_C004_missing_crs_repair_iter03_20260624_230932/map_interactive.html,False,0,missing_or_empty;html_not_rendered;low_rendered_map_ink;low_edge_detail,False,,,,False,,,,,missing,False,3,interactive_html,,basic,,,C004_missing_crs_repair,,,qwen2.5-coder_7b,1,experiments/05_choropleth_reliability_benchmark/outputs/runs_iterative_repair/deepseek-coder_6.7b/basic/deepseek-coder_6.7b_basic_C004_missing_crs_repair_iter03_20260624_230932,,0,,,,False,,,,,,missing_or_empty,False,,,,experiments/05_choropleth_reliability_benchmark/outputs/generated_code_iterative_repair/qwen2.5-coder_7b/deepseek-coder_6.7b/basic/C004_missing_crs_repair_basic_iter03.py,deepseek-coder_6.7b,False,,False,
map_static.png,experiments/05_choropleth_reliability_benchmark/outputs/runs_iterative_repair/deepseek-coder_6.7b/basic/deepseek-coder_6.7b_basic_C004_missing_crs_repair_iter03_20260624_233326/map_static.png,True,24886,,True,0.0197,255,8.383,True,,,,480,,,3,static_png,239.358,basic,0.9921,0.1092,C004_missing_crs_repair,,True,qwen2.5-coder_14b,1,experiments/05_choropleth_reliability_benchmark/outputs/runs_iterative_repair/deepseek-coder_6.7b/basic/deepseek-coder_6.7b_basic_C004_missing_crs_repair_iter03_20260624_233326,0.0855,24886,0.0197,255,8.383,True,480,239.358,0.9921,0.1092,,,True,0.0855,70,640,experiments/05_choropleth_reliability_benchmark/outputs/generated_code_iterative_repair/qwen2.5-coder_14b/deepseek-coder_6.7b/basic/C004_missing_crs_repair_basic_iter03.py,deepseek-coder_6.7b,False,70,,640
time_series.png,experiments/05_choropleth_reliability_benchmark/outputs/runs_iterative_repair/deepseek-coder_6.7b/basic/deepseek-coder_6.7b_basic_C004_missing_crs_repair_iter03_20260624_233326/time_series.png,False,0,missing_or_empty;low_plot_ink;no_visible_line;low_edge_detail,False,,,,False,,,,,,,3,time_series_png,,basic,,,C004_missing_crs_repair,missing_or_empty,False,qwen2.5-coder_14b,1,experiments/05_choropleth_reliability_benchmark/outputs/runs_iterative_repair/deepseek-coder_6.7b/basic/deepseek-coder_6.7b_basic_C004_missing_crs_repair_iter03_20260624_233326,,0,,,,False,,,,,,missing_or_empty,False,,,,experiments/05_choropleth_reliability_benchmark/outputs/generated_code_iterative_repair/qwen2.5-coder_14b/deepseek-coder_6.7b/basic/C004_missing_crs_repair_basic_iter03.py,deepseek-coder_6.7b,False,,,
map_interactive.html,experiments/05_choropleth_reliability_benchmark/outputs/runs_iterative_repair/deepseek-coder_6.7b/basic/deepseek-coder_6.7b_basic_C004_missing_crs_repair_iter03_20260624_233326/map_interactive.html,False,0,missing_or_empty;html_not_rendered;low_rendered_map_ink;low_edge_detail,False,,,,False,,,,,missing,False,3,interactive_html,,basic,,,C004_missing_crs_repair,,,qwen2.5-coder_14b,1,experiments/05_choropleth_reliability_benchmark/outputs/runs_iterative_repair/deepseek-coder_6.7b/basic/deepseek-coder_6.7b_basic_C004_missing_crs_repair_iter03_20260624_233326,,0,,,,False,,,,,,missing_or_empty,False,,,,experiments/05_choropleth_reliability_benchmark/outputs/generated_code_iterative_repair/qwen2.5-coder_14b/deepseek-coder_6.7b/basic/C004_missing_crs_repair_basic_iter03.py,deepseek-coder_6.7b,False,,False,
map_static.png,experiments/05_choropleth_reliability_benchmark/outputs/runs_iterative_repair/deepseek-coder_6.7b/basic/deepseek-coder_6.7b_basic_C006_join_diagnostics_iter01_20260624_043259/map_static.png,False,0,missing_or_empty;low_thematic_color;low_map_ink;low_edge_detail,False,,,,False,,,,,,,1,static_png,,basic,,,C006_join_diagnostics,missing_or_empty,False,qwen2.5-coder_32b,0,experiments/05_choropleth_reliability_benchmark/outputs/runs_iterative_repair/deepseek-coder_6.7b/basic/deepseek-coder_6.7b_basic_C006_join_diagnostics_iter01_20260624_043259,,0,,,,False,,,,,,missing_or_empty,False,,,,experiments/05_choropleth_reliability_benchmark/outputs/generated_code_iterative_repair/qwen2.5-coder_32b/deepseek-coder_6.7b/basic/C006_join_diagnostics_basic_iter01.py,deepseek-coder_6.7b,False,,,
time_series.png,experiments/05_choropleth_reliability_benchmark/outputs/runs_iterative_repair/deepseek-coder_6.7b/basic/deepseek-coder_6.7b_basic_C006_join_diagnostics_iter01_20260624_043259/time_series.png,False,0,missing_or_empty;low_plot_ink;no_visible_line;low_edge_detail,False,,,,False,,,,,,,1,time_series_png,,basic,,,C006_join_diagnostics,missing_or_empty,False,qwen2.5-coder_32b,0,experiments/05_choropleth_reliability_benchmark/outputs/runs_iterative_repair/deepseek-coder_6.7b/basic/deepseek-coder_6.7b_basic_C006_join_diagnostics_iter01_20260624_043259,,0,,,,False,,,,,,missing_or_empty,False,,,,experiments/05_choropleth_reliability_benchmark/outputs/generated_code_iterative_repair/qwen2.5-coder_32b/deepseek-coder_6.7b/basic/C006_join_diagnostics_basic_iter01.py,deepseek-coder_6.7b,False,,,
map_interactive.html,experiments/05_choropleth_reliability_benchmark/outputs/runs_iterative_repair/deepseek-coder_6.7b/basic/deepseek-coder_6.7b_basic_C006_join_diagnostics_iter01_20260624_043259/map_interactive.html,False,0,missing_or_empty;html_not_rendered;low_rendered_map_ink;low_edge_detail,False,,,,False,,,,,missing,False,1,interactive_html,,basic,,,C006_join_diagnostics,,,qwen2.5-coder_32b,0,experiments/05_choropleth_reliability_benchmark/outputs/runs_iterative_repair/deepseek-coder_6.7b/basic/deepseek-coder_6.7b_basic_C006_join_diagnostics_iter01_20260624_043259,,0,,,,False,,,,,,missing_or_empty,False,,,,experiments/05_choropleth_reliability_benchmark/outputs/generated_code_iterative_repair/qwen2.5-coder_32b/deepseek-coder_6.7b/basic/C006_join_diagnostics_basic_iter01.py,deepseek-coder_6.7b,False,,False,
map_static.png,experiments/05_choropleth_reliability_benchmark/outputs/runs_iterative_repair/deepseek-coder_6.7b/basic/deepseek-coder_6.7b_basic_C006_join_diagnostics_iter01_20260624_231218/map_static.png,False,0,missing_or_empty;low_thematic_color;low_map_ink;low_edge_detail,False,,,,False,,,,,,,1,static_png,,basic,,,C006_join_diagnostics,missing_or_empty,False,qwen2.5-coder_7b,1,experiments/05_choropleth_reliability_benchmark/outputs/runs_iterative_repair/deepseek-coder_6.7b/basic/deepseek-coder_6.7b_basic_C006_join_diagnostics_iter01_20260624_231218,,0,,,,False,,,,,,missing_or_empty,False,,,,experiments/05_choropleth_reliability_benchmark/outputs/generated_code_iterative_repair/qwen2.5-coder_7b/deepseek-coder_6.7b/basic/C006_join_diagnostics_basic_iter01.py,deepseek-coder_6.7b,False,,,
time_series.png,experiments/05_choropleth_reliability_benchmark/outputs/runs_iterative_repair/deepseek-coder_6.7b/basic/deepseek-coder_6.7b_basic_C006_join_diagnostics_iter01_20260624_231218/time_series.png,False,0,missing_or_empty;low_plot_ink;no_visible_line;low_edge_detail,False,,,,False,,,,,,,1,time_series_png,,basic,,,C006_join_diagnostics,missing_or_empty,False,qwen2.5-coder_7b,1,experiments/05_choropleth_reliability_benchmark/outputs/runs_iterative_repair/deepseek-coder_6.7b/basic/deepseek-coder_6.7b_basic_C006_join_diagnostics_iter01_20260624_231218,,0,,,,False,,,,,,missing_or_empty,False,,,,experiments/05_choropleth_reliability_benchmark/outputs/generated_code_iterative_repair/qwen2.5-coder_7b/deepseek-coder_6.7b/basic/C006_join_diagnostics_basic_iter01.py,deepseek-coder_6.7b,False,,,
map_interactive.html,experiments/05_choropleth_reliability_benchmark/outputs/runs_iterative_repair/deepseek-coder_6.7b/basic/deepseek-coder_6.7b_basic_C006_join_diagnostics_iter01_20260624_231218/map_interactive.html,False,0,missing_or_empty;html_not_rendered;low_rendered_map_ink;low_edge_detail,False,,,,False,,,,,missing,False,1,interactive_html,,basic,,,C006_join_diagnostics,,,qwen2.5-coder_7b,1,experiments/05_choropleth_reliability_benchmark/outputs/runs_iterative_repair/deepseek-coder_6.7b/basic/deepseek-coder_6.7b_basic_C006_join_diagnostics_iter01_20260624_231218,,0,,,,False,,,,,,missing_or_empty,False,,,,experiments/05_choropleth_reliability_benchmark/outputs/generated_code_iterative_repair/qwen2.5-coder_7b/deepseek-coder_6.7b/basic/C006_join_diagnostics_basic_iter01.py,deepseek-coder_6.7b,False,,False,
map_static.png,experiments/05_choropleth_reliability_benchmark/outputs/runs_iterative_repair/deepseek-coder_6.7b/basic/deepseek-coder_6.7b_basic_C006_join_diagnostics_iter01_20260624_234013/map_static.png,False,0,missing_or_empty;low_thematic_color;low_map_ink;low_edge_detail,False,,,,False,,,,,,,1,static_png,,basic,,,C006_join_diagnostics,missing_or_empty,False,qwen2.5-coder_14b,1,experiments/05_choropleth_reliability_benchmark/outputs/runs_iterative_repair/deepseek-coder_6.7b/basic/deepseek-coder_6.7b_basic_C006_join_diagnostics_iter01_20260624_234013,,0,,,,False,,,,,,missing_or_empty,False,,,,experiments/05_choropleth_reliability_benchmark/outputs/generated_code_iterative_repair/qwen2.5-coder_14b/deepseek-coder_6.7b/basic/C006_join_diagnostics_basic_iter01.py,deepseek-coder_6.7b,False,,,
time_series.png,experiments/05_choropleth_reliability_benchmark/outputs/runs_iterative_repair/deepseek-coder_6.7b/basic/deepseek-coder_6.7b_basic_C006_join_diagnostics_iter01_20260624_234013/time_series.png,False,0,missing_or_empty;low_plot_ink;no_visible_line;low_edge_detail,False,,,,False,,,,,,,1,time_series_png,,basic,,,C006_join_diagnostics,missing_or_empty,False,qwen2.5-coder_14b,1,experiments/05_choropleth_reliability_benchmark/outputs/runs_iterative_repair/deepseek-coder_6.7b/basic/deepseek-coder_6.7b_basic_C006_join_diagnostics_iter01_20260624_234013,,0,,,,False,,,,,,missing_or_empty,False,,,,experiments/05_choropleth_reliability_benchmark/outputs/generated_code_iterative_repair/qwen2.5-coder_14b/deepseek-coder_6.7b/basic/C006_join_diagnostics_basic_iter01.py,deepseek-coder_6.7b,False,,,
map_interactive.html,experiments/05_choropleth_reliability_benchmark/outputs/runs_iterative_repair/deepseek-coder_6.7b/basic/deepseek-coder_6.7b_basic_C006_join_diagnostics_iter01_20260624_234013/map_interactive.html,False,0,missing_or_empty;html_not_rendered;low_rendered_map_ink;low_edge_detail,False,,,,False,,,,,missing,False,1,interactive_html,,basic,,,C006_join_diagnostics,,,qwen2.5-coder_14b,1,experiments/05_choropleth_reliability_benchmark/outputs/runs_iterative_repair/deepseek-coder_6.7b/basic/deepseek-coder_6.7b_basic_C006_join_diagnostics_iter01_20260624_234013,,0,,,,False,,,,,,missing_or_empty,False,,,,experiments/05_choropleth_reliability_benchmark/outputs/generated_code_iterative_repair/qwen2.5-coder_14b/deepseek-coder_6.7b/basic/C006_join_diagnostics_basic_iter01.py,deepseek-coder_6.7b,False,,False,
map_static.png,experiments/05_choropleth_reliability_benchmark/outputs/runs_iterative_repair/deepseek-coder_6.7b/basic/deepseek-coder_6.7b_basic_C006_join_diagnostics_iter02_20260624_043352/map_static.png,False,0,missing_or_empty;low_thematic_color;low_map_ink;low_edge_detail,False,,,,False,,,,,,,2,static_png,,basic,,,C006_join_diagnostics,missing_or_empty,False,qwen2.5-coder_32b,0,experiments/05_choropleth_reliability_benchmark/outputs/runs_iterative_repair/deepseek-coder_6.7b/basic/deepseek-coder_6.7b_basic_C006_join_diagnostics_iter02_20260624_043352,,0,,,,False,,,,,,missing_or_empty,False,,,,experiments/05_choropleth_reliability_benchmark/outputs/generated_code_iterative_repair/qwen2.5-coder_32b/deepseek-coder_6.7b/basic/C006_join_diagnostics_basic_iter02.py,deepseek-coder_6.7b,False,,,
time_series.png,experiments/05_choropleth_reliability_benchmark/outputs/runs_iterative_repair/deepseek-coder_6.7b/basic/deepseek-coder_6.7b_basic_C006_join_diagnostics_iter02_20260624_043352/time_series.png,False,0,missing_or_empty;low_plot_ink;no_visible_line;low_edge_detail,False,,,,False,,,,,,,2,time_series_png,,basic,,,C006_join_diagnostics,missing_or_empty,False,qwen2.5-coder_32b,0,experiments/05_choropleth_reliability_benchmark/outputs/runs_iterative_repair/deepseek-coder_6.7b/basic/deepseek-coder_6.7b_basic_C006_join_diagnostics_iter02_20260624_043352,,0,,,,False,,,,,,missing_or_empty,False,,,,experiments/05_choropleth_reliability_benchmark/outputs/generated_code_iterative_repair/qwen2.5-coder_32b/deepseek-coder_6.7b/basic/C006_join_diagnostics_basic_iter02.py,deepseek-coder_6.7b,False,,,
map_interactive.html,experiments/05_choropleth_reliability_benchmark/outputs/runs_iterative_repair/deepseek-coder_6.7b/basic/deepseek-coder_6.7b_basic_C006_join_diagnostics_iter02_20260624_043352/map_interactive.html,False,0,missing_or_empty;html_not_rendered;low_rendered_map_ink;low_edge_detail,False,,,,False,,,,,missing,False,2,interactive_html,,basic,,,C006_join_diagnostics,,,qwen2.5-coder_32b,0,experiments/05_choropleth_reliability_benchmark/outputs/runs_iterative_repair/deepseek-coder_6.7b/basic/deepseek-coder_6.7b_basic_C006_join_diagnostics_iter02_20260624_043352,,0,,,,False,,,,,,missing_or_empty,False,,,,experiments/05_choropleth_reliability_benchmark/outputs/generated_code_iterative_repair/qwen2.5-coder_32b/deepseek-coder_6.7b/basic/C006_join_diagnostics_basic_iter02.py,deepseek-coder_6.7b,False,,False,
map_static.png,experiments/05_choropleth_reliability_benchmark/outputs/runs_iterative_repair/deepseek-coder_6.7b/basic/deepseek-coder_6.7b_basic_C006_join_diagnostics_iter02_20260624_231231/map_static.png,False,0,missing_or_empty;low_thematic_color;low_map_ink;low_edge_detail,False,,,,False,,,,,,,2,static_png,,basic,,,C006_join_diagnostics,missing_or_empty,False,qwen2.5-coder_7b,1,experiments/05_choropleth_reliability_benchmark/outputs/runs_iterative_repair/deepseek-coder_6.7b/basic/deepseek-coder_6.7b_basic_C006_join_diagnostics_iter02_20260624_231231,,0,,,,False,,,,,,missing_or_empty,False,,,,experiments/05_choropleth_reliability_benchmark/outputs/generated_code_iterative_repair/qwen2.5-coder_7b/deepseek-coder_6.7b/basic/C006_join_diagnostics_basic_iter02.py,deepseek-coder_6.7b,False,,,
time_series.png,experiments/05_choropleth_reliability_benchmark/outputs/runs_iterative_repair/deepseek-coder_6.7b/basic/deepseek-coder_6.7b_basic_C006_join_diagnostics_iter02_20260624_231231/time_series.png,False,0,missing_or_empty;low_plot_ink;no_visible_line;low_edge_detail,False,,,,False,,,,,,,2,time_series_png,,basic,,,C006_join_diagnostics,missing_or_empty,False,qwen2.5-coder_7b,1,experiments/05_choropleth_reliability_benchmark/outputs/runs_iterative_repair/deepseek-coder_6.7b/basic/deepseek-coder_6.7b_basic_C006_join_diagnostics_iter02_20260624_231231,,0,,,,False,,,,,,missing_or_empty,False,,,,experiments/05_choropleth_reliability_benchmark/outputs/generated_code_iterative_repair/qwen2.5-coder_7b/deepseek-coder_6.7b/basic/C006_join_diagnostics_basic_iter02.py,deepseek-coder_6.7b,False,,,
map_interactive.html,experiments/05_choropleth_reliability_benchmark/outputs/runs_iterative_repair/deepseek-coder_6.7b/basic/deepseek-coder_6.7b_basic_C006_join_diagnostics_iter02_20260624_231231/map_interactive.html,False,0,missing_or_empty;html_not_rendered;low_rendered_map_ink;low_edge_detail,False,,,,False,,,,,missing,False,2,interactive_html,,basic,,,C006_join_diagnostics,,,qwen2.5-coder_7b,1,experiments/05_choropleth_reliability_benchmark/outputs/runs_iterative_repair/deepseek-coder_6.7b/basic/deepseek-coder_6.7b_basic_C006_join_diagnostics_iter02_20260624_231231,,0,,,,False,,,,,,missing_or_empty,False,,,,experiments/05_choropleth_reliability_benchmark/outputs/generated_code_iterative_repair/qwen2.5-coder_7b/deepseek-coder_6.7b/basic/C006_join_diagnostics_basic_iter02.py,deepseek-coder_6.7b,False,,False,
map_static.png,experiments/05_choropleth_reliability_benchmark/outputs/runs_iterative_repair/deepseek-coder_6.7b/basic/deepseek-coder_6.7b_basic_C006_join_diagnostics_iter02_20260624_234038/map_static.png,False,0,missing_or_empty;low_thematic_color;low_map_ink;low_edge_detail,False,,,,False,,,,,,,2,static_png,,basic,,,C006_join_diagnostics,missing_or_empty,False,qwen2.5-coder_14b,1,experiments/05_choropleth_reliability_benchmark/outputs/runs_iterative_repair/deepseek-coder_6.7b/basic/deepseek-coder_6.7b_basic_C006_join_diagnostics_iter02_20260624_234038,,0,,,,False,,,,,,missing_or_empty,False,,,,experiments/05_choropleth_reliability_benchmark/outputs/generated_code_iterative_repair/qwen2.5-coder_14b/deepseek-coder_6.7b/basic/C006_join_diagnostics_basic_iter02.py,deepseek-coder_6.7b,False,,,
time_series.png,experiments/05_choropleth_reliability_benchmark/outputs/runs_iterative_repair/deepseek-coder_6.7b/basic/deepseek-coder_6.7b_basic_C006_join_diagnostics_iter02_20260624_234038/time_series.png,False,0,missing_or_empty;low_plot_ink;no_visible_line;low_edge_detail,False,,,,False,,,,,,,2,time_series_png,,basic,,,C006_join_diagnostics,missing_or_empty,False,qwen2.5-coder_14b,1,experiments/05_choropleth_reliability_benchmark/outputs/runs_iterative_repair/deepseek-coder_6.7b/basic/deepseek-coder_6.7b_basic_C006_join_diagnostics_iter02_20260624_234038,,0,,,,False,,,,,,missing_or_empty,False,,,,experiments/05_choropleth_reliability_benchmark/outputs/generated_code_iterative_repair/qwen2.5-coder_14b/deepseek-coder_6.7b/basic/C006_join_diagnostics_basic_iter02.py,deepseek-coder_6.7b,False,,,
map_interactive.html,experiments/05_choropleth_reliability_benchmark/outputs/runs_iterative_repair/deepseek-coder_6.7b/basic/deepseek-coder_6.7b_basic_C006_join_diagnostics_iter02_20260624_234038/map_interactive.html,False,0,missing_or_empty;html_not_rendered;low_rendered_map_ink;low_edge_detail,False,,,,False,,,,,missing,False,2,interactive_html,,basic,,,C006_join_diagnostics,,,qwen2.5-coder_14b,1,experiments/05_choropleth_reliability_benchmark/outputs/runs_iterative_repair/deepseek-coder_6.7b/basic/deepseek-coder_6.7b_basic_C006_join_diagnostics_iter02_20260624_234038,,0,,,,False,,,,,,missing_or_empty,False,,,,experiments/05_choropleth_reliability_benchmark/outputs/generated_code_iterative_repair/qwen2.5-coder_14b/deepseek-coder_6.7b/basic/C006_join_diagnostics_basic_iter02.py,deepseek-coder_6.7b,False,,False,
map_static.png,experiments/05_choropleth_reliability_benchmark/outputs/runs_iterative_repair/deepseek-coder_6.7b/basic/deepseek-coder_6.7b_basic_C006_join_diagnostics_iter03_20260624_062042/map_static.png,False,0,missing_or_empty;low_thematic_color;low_map_ink;low_edge_detail,False,,,,False,,,,,,,3,static_png,,basic,,,C006_join_diagnostics,missing_or_empty,False,qwen2.5-coder_32b,0,experiments/05_choropleth_reliability_benchmark/outputs/runs_iterative_repair/deepseek-coder_6.7b/basic/deepseek-coder_6.7b_basic_C006_join_diagnostics_iter03_20260624_062042,,0,,,,False,,,,,,missing_or_empty,False,,,,experiments/05_choropleth_reliability_benchmark/outputs/generated_code_iterative_repair/qwen2.5-coder_32b/deepseek-coder_6.7b/basic/C006_join_diagnostics_basic_iter03.py,deepseek-coder_6.7b,False,,,
time_series.png,experiments/05_choropleth_reliability_benchmark/outputs/runs_iterative_repair/deepseek-coder_6.7b/basic/deepseek-coder_6.7b_basic_C006_join_diagnostics_iter03_20260624_062042/time_series.png,False,0,missing_or_empty;low_plot_ink;no_visible_line;low_edge_detail,False,,,,False,,,,,,,3,time_series_png,,basic,,,C006_join_diagnostics,missing_or_empty,False,qwen2.5-coder_32b,0,experiments/05_choropleth_reliability_benchmark/outputs/runs_iterative_repair/deepseek-coder_6.7b/basic/deepseek-coder_6.7b_basic_C006_join_diagnostics_iter03_20260624_062042,,0,,,,False,,,,,,missing_or_empty,False,,,,experiments/05_choropleth_reliability_benchmark/outputs/generated_code_iterative_repair/qwen2.5-coder_32b/deepseek-coder_6.7b/basic/C006_join_diagnostics_basic_iter03.py,deepseek-coder_6.7b,False,,,
map_interactive.html,experiments/05_choropleth_reliability_benchmark/outputs/runs_iterative_repair/deepseek-coder_6.7b/basic/deepseek-coder_6.7b_basic_C006_join_diagnostics_iter03_20260624_062042/map_interactive.html,False,0,missing_or_empty;html_not_rendered;low_rendered_map_ink;low_edge_detail,False,,,,False,,,,,missing,False,3,interactive_html,,basic,,,C006_join_diagnostics,,,qwen2.5-coder_32b,0,experiments/05_choropleth_reliability_benchmark/outputs/runs_iterative_repair/deepseek-coder_6.7b/basic/deepseek-coder_6.7b_basic_C006_join_diagnostics_iter03_20260624_062042,,0,,,,False,,,,,,missing_or_empty,False,,,,experiments/05_choropleth_reliability_benchmark/outputs/generated_code_iterative_repair/qwen2.5-coder_32b/deepseek-coder_6.7b/basic/C006_join_diagnostics_basic_iter03.py,deepseek-coder_6.7b,False,,False,
map_static.png,experiments/05_choropleth_reliability_benchmark/outputs/runs_iterative_repair/deepseek-coder_6.7b/basic/deepseek-coder_6.7b_basic_C006_join_diagnostics_iter03_20260624_231245/map_static.png,False,0,missing_or_empty;low_thematic_color;low_map_ink;low_edge_detail,False,,,,False,,,,,,,3,static_png,,basic,,,C006_join_diagnostics,missing_or_empty,False,qwen2.5-coder_7b,1,experiments/05_choropleth_reliability_benchmark/outputs/runs_iterative_repair/deepseek-coder_6.7b/basic/deepseek-coder_6.7b_basic_C006_join_diagnostics_iter03_20260624_231245,,0,,,,False,,,,,,missing_or_empty,False,,,,experiments/05_choropleth_reliability_benchmark/outputs/generated_code_iterative_repair/qwen2.5-coder_7b/deepseek-coder_6.7b/basic/C006_join_diagnostics_basic_iter03.py,deepseek-coder_6.7b,False,,,
time_series.png,experiments/05_choropleth_reliability_benchmark/outputs/runs_iterative_repair/deepseek-coder_6.7b/basic/deepseek-coder_6.7b_basic_C006_join_diagnostics_iter03_20260624_231245/time_series.png,False,0,missing_or_empty;low_plot_ink;no_visible_line;low_edge_detail,False,,,,False,,,,,,,3,time_series_png,,basic,,,C006_join_diagnostics,missing_or_empty,False,qwen2.5-coder_7b,1,experiments/05_choropleth_reliability_benchmark/outputs/runs_iterative_repair/deepseek-coder_6.7b/basic/deepseek-coder_6.7b_basic_C006_join_diagnostics_iter03_20260624_231245,,0,,,,False,,,,,,missing_or_empty,False,,,,experiments/05_choropleth_reliability_benchmark/outputs/generated_code_iterative_repair/qwen2.5-coder_7b/deepseek-coder_6.7b/basic/C006_join_diagnostics_basic_iter03.py,deepseek-coder_6.7b,False,,,
map_interactive.html,experiments/05_choropleth_reliability_benchmark/outputs/runs_iterative_repair/deepseek-coder_6.7b/basic/deepseek-coder_6.7b_basic_C006_join_diagnostics_iter03_20260624_231245/map_interactive.html,False,0,missing_or_empty;html_not_rendered;low_rendered_map_ink;low_edge_detail,False,,,,False,,,,,missing,False,3,interactive_html,,basic,,,C006_join_diagnostics,,,qwen2.5-coder_7b,1,experiments/05_choropleth_reliability_benchmark/outputs/runs_iterative_repair/deepseek-coder_6.7b/basic/deepseek-coder_6.7b_basic_C006_join_diagnostics_iter03_20260624_231245,,0,,,,False,,,,,,missing_or_empty,False,,,,experiments/05_choropleth_reliability_benchmark/outputs/generated_code_iterative_repair/qwen2.5-coder_7b/deepseek-coder_6.7b/basic/C006_join_diagnostics_basic_iter03.py,deepseek-coder_6.7b,False,,False,
map_static.png,experiments/05_choropleth_reliability_benchmark/outputs/runs_iterative_repair/deepseek-coder_6.7b/basic/deepseek-coder_6.7b_basic_C006_join_diagnostics_iter03_20260624_234103/map_static.png,False,0,missing_or_empty;low_thematic_color;low_map_ink;low_edge_detail,False,,,,False,,,,,,,3,static_png,,basic,,,C006_join_diagnostics,missing_or_empty,False,qwen2.5-coder_14b,1,experiments/05_choropleth_reliability_benchmark/outputs/runs_iterative_repair/deepseek-coder_6.7b/basic/deepseek-coder_6.7b_basic_C006_join_diagnostics_iter03_20260624_234103,,0,,,,False,,,,,,missing_or_empty,False,,,,experiments/05_choropleth_reliability_benchmark/outputs/generated_code_iterative_repair/qwen2.5-coder_14b/deepseek-coder_6.7b/basic/C006_join_diagnostics_basic_iter03.py,deepseek-coder_6.7b,False,,,
time_series.png,experiments/05_choropleth_reliability_benchmark/outputs/runs_iterative_repair/deepseek-coder_6.7b/basic/deepseek-coder_6.7b_basic_C006_join_diagnostics_iter03_20260624_234103/time_series.png,False,0,missing_or_empty;low_plot_ink;no_visible_line;low_edge_detail,False,,,,False,,,,,,,3,time_series_png,,basic,,,C006_join_diagnostics,missing_or_empty,False,qwen2.5-coder_14b,1,experiments/05_choropleth_reliability_benchmark/outputs/runs_iterative_repair/deepseek-coder_6.7b/basic/deepseek-coder_6.7b_basic_C006_join_diagnostics_iter03_20260624_234103,,0,,,,False,,,,,,missing_or_empty,False,,,,experiments/05_choropleth_reliability_benchmark/outputs/generated_code_iterative_repair/qwen2.5-coder_14b/deepseek-coder_6.7b/basic/C006_join_diagnostics_basic_iter03.py,deepseek-coder_6.7b,False,,,
map_interactive.html,experiments/05_choropleth_reliability_benchmark/outputs/runs_iterative_repair/deepseek-coder_6.7b/basic/deepseek-coder_6.7b_basic_C006_join_diagnostics_iter03_20260624_234103/map_interactive.html,False,0,missing_or_empty;html_not_rendered;low_rendered_map_ink;low_edge_detail,False,,,,False,,,,,missing,False,3,interactive_html,,basic,,,C006_join_diagnostics,,,qwen2.5-coder_14b,1,experiments/05_choropleth_reliability_benchmark/outputs/runs_iterative_repair/deepseek-coder_6.7b/basic/deepseek-coder_6.7b_basic_C006_join_diagnostics_iter03_20260624_234103,,0,,,,False,,,,,,missing_or_empty,False,,,,experiments/05_choropleth_reliability_benchmark/outputs/generated_code_iterative_repair/qwen2.5-coder_14b/deepseek-coder_6.7b/basic/C006_join_diagnostics_basic_iter03.py,deepseek-coder_6.7b,False,,False,
map_static.png,experiments/05_choropleth_reliability_benchmark/outputs/runs_iterative_repair/deepseek-coder_6.7b/basic/deepseek-coder_6.7b_basic_C007_wrong_column_guard_iter01_20260624_041056/map_static.png,False,0,missing_or_empty;low_thematic_color;low_map_ink;low_edge_detail,False,,,,False,,,,,,,1,static_png,,basic,,,C007_wrong_column_guard,missing_or_empty,False,qwen2.5-coder_32b,1,experiments/05_choropleth_reliability_benchmark/outputs/runs_iterative_repair/deepseek-coder_6.7b/basic/deepseek-coder_6.7b_basic_C007_wrong_column_guard_iter01_20260624_041056,,0,,,,False,,,,,,missing_or_empty,False,,,,experiments/05_choropleth_reliability_benchmark/outputs/generated_code_iterative_repair/qwen2.5-coder_32b/deepseek-coder_6.7b/basic/C007_wrong_column_guard_basic_iter01.py,deepseek-coder_6.7b,False,,,
time_series.png,experiments/05_choropleth_reliability_benchmark/outputs/runs_iterative_repair/deepseek-coder_6.7b/basic/deepseek-coder_6.7b_basic_C007_wrong_column_guard_iter01_20260624_041056/time_series.png,False,0,missing_or_empty;low_plot_ink;no_visible_line;low_edge_detail,False,,,,False,,,,,,,1,time_series_png,,basic,,,C007_wrong_column_guard,missing_or_empty,False,qwen2.5-coder_32b,1,experiments/05_choropleth_reliability_benchmark/outputs/runs_iterative_repair/deepseek-coder_6.7b/basic/deepseek-coder_6.7b_basic_C007_wrong_column_guard_iter01_20260624_041056,,0,,,,False,,,,,,missing_or_empty,False,,,,experiments/05_choropleth_reliability_benchmark/outputs/generated_code_iterative_repair/qwen2.5-coder_32b/deepseek-coder_6.7b/basic/C007_wrong_column_guard_basic_iter01.py,deepseek-coder_6.7b,False,,,
map_interactive.html,experiments/05_choropleth_reliability_benchmark/outputs/runs_iterative_repair/deepseek-coder_6.7b/basic/deepseek-coder_6.7b_basic_C007_wrong_column_guard_iter01_20260624_041056/map_interactive.html,False,0,missing_or_empty;html_not_rendered;low_rendered_map_ink;low_edge_detail,False,,,,False,,,,,missing,False,1,interactive_html,,basic,,,C007_wrong_column_guard,,,qwen2.5-coder_32b,1,experiments/05_choropleth_reliability_benchmark/outputs/runs_iterative_repair/deepseek-coder_6.7b/basic/deepseek-coder_6.7b_basic_C007_wrong_column_guard_iter01_20260624_041056,,0,,,,False,,,,,,missing_or_empty,False,,,,experiments/05_choropleth_reliability_benchmark/outputs/generated_code_iterative_repair/qwen2.5-coder_32b/deepseek-coder_6.7b/basic/C007_wrong_column_guard_basic_iter01.py,deepseek-coder_6.7b,False,,False,
map_static.png,experiments/05_choropleth_reliability_benchmark/outputs/runs_iterative_repair/deepseek-coder_6.7b/basic/deepseek-coder_6.7b_basic_C007_wrong_column_guard_iter01_20260624_071021/map_static.png,False,0,missing_or_empty;low_thematic_color;low_map_ink;low_edge_detail,False,,,,False,,,,,,,1,static_png,,basic,,,C007_wrong_column_guard,missing_or_empty,False,qwen2.5-coder_14b,1,experiments/05_choropleth_reliability_benchmark/outputs/runs_iterative_repair/deepseek-coder_6.7b/basic/deepseek-coder_6.7b_basic_C007_wrong_column_guard_iter01_20260624_071021,,0,,,,False,,,,,,missing_or_empty,False,,,,experiments/05_choropleth_reliability_benchmark/outputs/generated_code_iterative_repair/qwen2.5-coder_14b/deepseek-coder_6.7b/basic/C007_wrong_column_guard_basic_iter01.py,deepseek-coder_6.7b,False,,,
time_series.png,experiments/05_choropleth_reliability_benchmark/outputs/runs_iterative_repair/deepseek-coder_6.7b/basic/deepseek-coder_6.7b_basic_C007_wrong_column_guard_iter01_20260624_071021/time_series.png,False,0,missing_or_empty;low_plot_ink;no_visible_line;low_edge_detail,False,,,,False,,,,,,,1,time_series_png,,basic,,,C007_wrong_column_guard,missing_or_empty,False,qwen2.5-coder_14b,1,experiments/05_choropleth_reliability_benchmark/outputs/runs_iterative_repair/deepseek-coder_6.7b/basic/deepseek-coder_6.7b_basic_C007_wrong_column_guard_iter01_20260624_071021,,0,,,,False,,,,,,missing_or_empty,False,,,,experiments/05_choropleth_reliability_benchmark/outputs/generated_code_iterative_repair/qwen2.5-coder_14b/deepseek-coder_6.7b/basic/C007_wrong_column_guard_basic_iter01.py,deepseek-coder_6.7b,False,,,
map_interactive.html,experiments/05_choropleth_reliability_benchmark/outputs/runs_iterative_repair/deepseek-coder_6.7b/basic/deepseek-coder_6.7b_basic_C007_wrong_column_guard_iter01_20260624_071021/map_interactive.html,False,0,missing_or_empty;html_not_rendered;low_rendered_map_ink;low_edge_detail,False,,,,False,,,,,missing,False,1,interactive_html,,basic,,,C007_wrong_column_guard,,,qwen2.5-coder_14b,1,experiments/05_choropleth_reliability_benchmark/outputs/runs_iterative_repair/deepseek-coder_6.7b/basic/deepseek-coder_6.7b_basic_C007_wrong_column_guard_iter01_20260624_071021,,0,,,,False,,,,,,missing_or_empty,False,,,,experiments/05_choropleth_reliability_benchmark/outputs/generated_code_iterative_repair/qwen2.5-coder_14b/deepseek-coder_6.7b/basic/C007_wrong_column_guard_basic_iter01.py,deepseek-coder_6.7b,False,,False,
map_static.png,experiments/05_choropleth_reliability_benchmark/outputs/runs_iterative_repair/deepseek-coder_6.7b/basic/deepseek-coder_6.7b_basic_C007_wrong_column_guard_iter01_20260624_072321/map_static.png,False,0,missing_or_empty;low_thematic_color;low_map_ink;low_edge_detail,False,,,,False,,,,,,,1,static_png,,basic,,,C007_wrong_column_guard,missing_or_empty,False,qwen2.5-coder_7b,1,experiments/05_choropleth_reliability_benchmark/outputs/runs_iterative_repair/deepseek-coder_6.7b/basic/deepseek-coder_6.7b_basic_C007_wrong_column_guard_iter01_20260624_072321,,0,,,,False,,,,,,missing_or_empty,False,,,,experiments/05_choropleth_reliability_benchmark/outputs/generated_code_iterative_repair/qwen2.5-coder_7b/deepseek-coder_6.7b/basic/C007_wrong_column_guard_basic_iter01.py,deepseek-coder_6.7b,False,,,
time_series.png,experiments/05_choropleth_reliability_benchmark/outputs/runs_iterative_repair/deepseek-coder_6.7b/basic/deepseek-coder_6.7b_basic_C007_wrong_column_guard_iter01_20260624_072321/time_series.png,False,0,missing_or_empty;low_plot_ink;no_visible_line;low_edge_detail,False,,,,False,,,,,,,1,time_series_png,,basic,,,C007_wrong_column_guard,missing_or_empty,False,qwen2.5-coder_7b,1,experiments/05_choropleth_reliability_benchmark/outputs/runs_iterative_repair/deepseek-coder_6.7b/basic/deepseek-coder_6.7b_basic_C007_wrong_column_guard_iter01_20260624_072321,,0,,,,False,,,,,,missing_or_empty,False,,,,experiments/05_choropleth_reliability_benchmark/outputs/generated_code_iterative_repair/qwen2.5-coder_7b/deepseek-coder_6.7b/basic/C007_wrong_column_guard_basic_iter01.py,deepseek-coder_6.7b,False,,,
map_interactive.html,experiments/05_choropleth_reliability_benchmark/outputs/runs_iterative_repair/deepseek-coder_6.7b/basic/deepseek-coder_6.7b_basic_C007_wrong_column_guard_iter01_20260624_072321/map_interactive.html,False,0,missing_or_empty;html_not_rendered;low_rendered_map_ink;low_edge_detail,False,,,,False,,,,,missing,False,1,interactive_html,,basic,,,C007_wrong_column_guard,,,qwen2.5-coder_7b,1,experiments/05_choropleth_reliability_benchmark/outputs/runs_iterative_repair/deepseek-coder_6.7b/basic/deepseek-coder_6.7b_basic_C007_wrong_column_guard_iter01_20260624_072321,,0,,,,False,,,,,,missing_or_empty,False,,,,experiments/05_choropleth_reliability_benchmark/outputs/generated_code_iterative_repair/qwen2.5-coder_7b/deepseek-coder_6.7b/basic/C007_wrong_column_guard_basic_iter01.py,deepseek-coder_6.7b,False,,False,
map_static.png,experiments/05_choropleth_reliability_benchmark/outputs/runs_iterative_repair/deepseek-coder_6.7b/basic/deepseek-coder_6.7b_basic_C007_wrong_column_guard_iter02_20260624_041147/map_static.png,False,0,missing_or_empty;low_thematic_color;low_map_ink;low_edge_detail,False,,,,False,,,,,,,2,static_png,,basic,,,C007_wrong_column_guard,missing_or_empty,False,qwen2.5-coder_32b,0,experiments/05_choropleth_reliability_benchmark/outputs/runs_iterative_repair/deepseek-coder_6.7b/basic/deepseek-coder_6.7b_basic_C007_wrong_column_guard_iter02_20260624_041147,,0,,,,False,,,,,,missing_or_empty,False,,,,experiments/05_choropleth_reliability_benchmark/outputs/generated_code_iterative_repair/qwen2.5-coder_32b/deepseek-coder_6.7b/basic/C007_wrong_column_guard_basic_iter02.py,deepseek-coder_6.7b,False,,,
time_series.png,experiments/05_choropleth_reliability_benchmark/outputs/runs_iterative_repair/deepseek-coder_6.7b/basic/deepseek-coder_6.7b_basic_C007_wrong_column_guard_iter02_20260624_041147/time_series.png,False,0,missing_or_empty;low_plot_ink;no_visible_line;low_edge_detail,False,,,,False,,,,,,,2,time_series_png,,basic,,,C007_wrong_column_guard,missing_or_empty,False,qwen2.5-coder_32b,0,experiments/05_choropleth_reliability_benchmark/outputs/runs_iterative_repair/deepseek-coder_6.7b/basic/deepseek-coder_6.7b_basic_C007_wrong_column_guard_iter02_20260624_041147,,0,,,,False,,,,,,missing_or_empty,False,,,,experiments/05_choropleth_reliability_benchmark/outputs/generated_code_iterative_repair/qwen2.5-coder_32b/deepseek-coder_6.7b/basic/C007_wrong_column_guard_basic_iter02.py,deepseek-coder_6.7b,False,,,
map_interactive.html,experiments/05_choropleth_reliability_benchmark/outputs/runs_iterative_repair/deepseek-coder_6.7b/basic/deepseek-coder_6.7b_basic_C007_wrong_column_guard_iter02_20260624_041147/map_interactive.html,False,0,missing_or_empty;html_not_rendered;low_rendered_map_ink;low_edge_detail,False,,,,False,,,,,missing,False,2,interactive_html,,basic,,,C007_wrong_column_guard,,,qwen2.5-coder_32b,0,experiments/05_choropleth_reliability_benchmark/outputs/runs_iterative_repair/deepseek-coder_6.7b/basic/deepseek-coder_6.7b_basic_C007_wrong_column_guard_iter02_20260624_041147,,0,,,,False,,,,,,missing_or_empty,False,,,,experiments/05_choropleth_reliability_benchmark/outputs/generated_code_iterative_repair/qwen2.5-coder_32b/deepseek-coder_6.7b/basic/C007_wrong_column_guard_basic_iter02.py,deepseek-coder_6.7b,False,,False,
map_static.png,experiments/05_choropleth_reliability_benchmark/outputs/runs_iterative_repair/deepseek-coder_6.7b/basic/deepseek-coder_6.7b_basic_C007_wrong_column_guard_iter02_20260624_071038/map_static.png,False,0,missing_or_empty;low_thematic_color;low_map_ink;low_edge_detail,False,,,,False,,,,,,,2,static_png,,basic,,,C007_wrong_column_guard,missing_or_empty,False,qwen2.5-coder_14b,0,experiments/05_choropleth_reliability_benchmark/outputs/runs_iterative_repair/deepseek-coder_6.7b/basic/deepseek-coder_6.7b_basic_C007_wrong_column_guard_iter02_20260624_071038,,0,,,,False,,,,,,missing_or_empty,False,,,,experiments/05_choropleth_reliability_benchmark/outputs/generated_code_iterative_repair/qwen2.5-coder_14b/deepseek-coder_6.7b/basic/C007_wrong_column_guard_basic_iter02.py,deepseek-coder_6.7b,False,,,
time_series.png,experiments/05_choropleth_reliability_benchmark/outputs/runs_iterative_repair/deepseek-coder_6.7b/basic/deepseek-coder_6.7b_basic_C007_wrong_column_guard_iter02_20260624_071038/time_series.png,False,0,missing_or_empty;low_plot_ink;no_visible_line;low_edge_detail,False,,,,False,,,,,,,2,time_series_png,,basic,,,C007_wrong_column_guard,missing_or_empty,False,qwen2.5-coder_14b,0,experiments/05_choropleth_reliability_benchmark/outputs/runs_iterative_repair/deepseek-coder_6.7b/basic/deepseek-coder_6.7b_basic_C007_wrong_column_guard_iter02_20260624_071038,,0,,,,False,,,,,,missing_or_empty,False,,,,experiments/05_choropleth_reliability_benchmark/outputs/generated_code_iterative_repair/qwen2.5-coder_14b/deepseek-coder_6.7b/basic/C007_wrong_column_guard_basic_iter02.py,deepseek-coder_6.7b,False,,,
map_interactive.html,experiments/05_choropleth_reliability_benchmark/outputs/runs_iterative_repair/deepseek-coder_6.7b/basic/deepseek-coder_6.7b_basic_C007_wrong_column_guard_iter02_20260624_071038/map_interactive.html,False,0,missing_or_empty;html_not_rendered;low_rendered_map_ink;low_edge_detail,False,,,,False,,,,,missing,False,2,interactive_html,,basic,,,C007_wrong_column_guard,,,qwen2.5-coder_14b,0,experiments/05_choropleth_reliability_benchmark/outputs/runs_iterative_repair/deepseek-coder_6.7b/basic/deepseek-coder_6.7b_basic_C007_wrong_column_guard_iter02_20260624_071038,,0,,,,False,,,,,,missing_or_empty,False,,,,experiments/05_choropleth_reliability_benchmark/outputs/generated_code_iterative_repair/qwen2.5-coder_14b/deepseek-coder_6.7b/basic/C007_wrong_column_guard_basic_iter02.py,deepseek-coder_6.7b,False,,False,
map_static.png,experiments/05_choropleth_reliability_benchmark/outputs/runs_iterative_repair/deepseek-coder_6.7b/basic/deepseek-coder_6.7b_basic_C007_wrong_column_guard_iter02_20260624_072331/map_static.png,False,0,missing_or_empty;low_thematic_color;low_map_ink;low_edge_detail,False,,,,False,,,,,,,2,static_png,,basic,,,C007_wrong_column_guard,missing_or_empty,False,qwen2.5-coder_7b,1,experiments/05_choropleth_reliability_benchmark/outputs/runs_iterative_repair/deepseek-coder_6.7b/basic/deepseek-coder_6.7b_basic_C007_wrong_column_guard_iter02_20260624_072331,,0,,,,False,,,,,,missing_or_empty,False,,,,experiments/05_choropleth_reliability_benchmark/outputs/generated_code_iterative_repair/qwen2.5-coder_7b/deepseek-coder_6.7b/basic/C007_wrong_column_guard_basic_iter02.py,deepseek-coder_6.7b,False,,,
time_series.png,experiments/05_choropleth_reliability_benchmark/outputs/runs_iterative_repair/deepseek-coder_6.7b/basic/deepseek-coder_6.7b_basic_C007_wrong_column_guard_iter02_20260624_072331/time_series.png,False,0,missing_or_empty;low_plot_ink;no_visible_line;low_edge_detail,False,,,,False,,,,,,,2,time_series_png,,basic,,,C007_wrong_column_guard,missing_or_empty,False,qwen2.5-coder_7b,1,experiments/05_choropleth_reliability_benchmark/outputs/runs_iterative_repair/deepseek-coder_6.7b/basic/deepseek-coder_6.7b_basic_C007_wrong_column_guard_iter02_20260624_072331,,0,,,,False,,,,,,missing_or_empty,False,,,,experiments/05_choropleth_reliability_benchmark/outputs/generated_code_iterative_repair/qwen2.5-coder_7b/deepseek-coder_6.7b/basic/C007_wrong_column_guard_basic_iter02.py,deepseek-coder_6.7b,False,,,
map_interactive.html,experiments/05_choropleth_reliability_benchmark/outputs/runs_iterative_repair/deepseek-coder_6.7b/basic/deepseek-coder_6.7b_basic_C007_wrong_column_guard_iter02_20260624_072331/map_interactive.html,False,0,missing_or_empty;html_not_rendered;low_rendered_map_ink;low_edge_detail,False,,,,False,,,,,missing,False,2,interactive_html,,basic,,,C007_wrong_column_guard,,,qwen2.5-coder_7b,1,experiments/05_choropleth_reliability_benchmark/outputs/runs_iterative_repair/deepseek-coder_6.7b/basic/deepseek-coder_6.7b_basic_C007_wrong_column_guard_iter02_20260624_072331,,0,,,,False,,,,,,missing_or_empty,False,,,,experiments/05_choropleth_reliability_benchmark/outputs/generated_code_iterative_repair/qwen2.5-coder_7b/deepseek-coder_6.7b/basic/C007_wrong_column_guard_basic_iter02.py,deepseek-coder_6.7b,False,,False,
map_static.png,experiments/05_choropleth_reliability_benchmark/outputs/runs_iterative_repair/deepseek-coder_6.7b/basic/deepseek-coder_6.7b_basic_C007_wrong_column_guard_iter02_20260625_001335/map_static.png,False,0,missing_or_empty;low_thematic_color;low_map_ink;low_edge_detail,False,,,,False,,,,,,,2,static_png,,basic,,,C007_wrong_column_guard,missing_or_empty,False,deepseek-coder_6.7b,1,experiments/05_choropleth_reliability_benchmark/outputs/runs_iterative_repair/deepseek-coder_6.7b/basic/deepseek-coder_6.7b_basic_C007_wrong_column_guard_iter02_20260625_001335,,0,,,,False,,,,,,missing_or_empty,False,,,,experiments/05_choropleth_reliability_benchmark/outputs/generated_code_iterative_repair/deepseek-coder_6.7b/deepseek-coder_6.7b/basic/C007_wrong_column_guard_basic_iter02.py,deepseek-coder_6.7b,False,,,
time_series.png,experiments/05_choropleth_reliability_benchmark/outputs/runs_iterative_repair/deepseek-coder_6.7b/basic/deepseek-coder_6.7b_basic_C007_wrong_column_guard_iter02_20260625_001335/time_series.png,False,0,missing_or_empty;low_plot_ink;no_visible_line;low_edge_detail,False,,,,False,,,,,,,2,time_series_png,,basic,,,C007_wrong_column_guard,missing_or_empty,False,deepseek-coder_6.7b,1,experiments/05_choropleth_reliability_benchmark/outputs/runs_iterative_repair/deepseek-coder_6.7b/basic/deepseek-coder_6.7b_basic_C007_wrong_column_guard_iter02_20260625_001335,,0,,,,False,,,,,,missing_or_empty,False,,,,experiments/05_choropleth_reliability_benchmark/outputs/generated_code_iterative_repair/deepseek-coder_6.7b/deepseek-coder_6.7b/basic/C007_wrong_column_guard_basic_iter02.py,deepseek-coder_6.7b,False,,,
map_interactive.html,experiments/05_choropleth_reliability_benchmark/outputs/runs_iterative_repair/deepseek-coder_6.7b/basic/deepseek-coder_6.7b_basic_C007_wrong_column_guard_iter02_20260625_001335/map_interactive.html,False,0,missing_or_empty;html_not_rendered;low_rendered_map_ink;low_edge_detail,False,,,,False,,,,,missing,False,2,interactive_html,,basic,,,C007_wrong_column_guard,,,deepseek-coder_6.7b,1,experiments/05_choropleth_reliability_benchmark/outputs/runs_iterative_repair/deepseek-coder_6.7b/basic/deepseek-coder_6.7b_basic_C007_wrong_column_guard_iter02_20260625_001335,,0,,,,False,,,,,,missing_or_empty,False,,,,experiments/05_choropleth_reliability_benchmark/outputs/generated_code_iterative_repair/deepseek-coder_6.7b/deepseek-coder_6.7b/basic/C007_wrong_column_guard_basic_iter02.py,deepseek-coder_6.7b,False,,False,
map_static.png,experiments/05_choropleth_reliability_benchmark/outputs/runs_iterative_repair/deepseek-coder_6.7b/basic/deepseek-coder_6.7b_basic_C007_wrong_column_guard_iter03_20260624_230910/map_static.png,False,0,missing_or_empty;low_thematic_color;low_map_ink;low_edge_detail,False,,,,False,,,,,,,3,static_png,,basic,,,C007_wrong_column_guard,missing_or_empty,False,qwen2.5-coder_7b,1,experiments/05_choropleth_reliability_benchmark/outputs/runs_iterative_repair/deepseek-coder_6.7b/basic/deepseek-coder_6.7b_basic_C007_wrong_column_guard_iter03_20260624_230910,,0,,,,False,,,,,,missing_or_empty,False,,,,experiments/05_choropleth_reliability_benchmark/outputs/generated_code_iterative_repair/qwen2.5-coder_7b/deepseek-coder_6.7b/basic/C007_wrong_column_guard_basic_iter03.py,deepseek-coder_6.7b,False,,,
time_series.png,experiments/05_choropleth_reliability_benchmark/outputs/runs_iterative_repair/deepseek-coder_6.7b/basic/deepseek-coder_6.7b_basic_C007_wrong_column_guard_iter03_20260624_230910/time_series.png,False,0,missing_or_empty;low_plot_ink;no_visible_line;low_edge_detail,False,,,,False,,,,,,,3,time_series_png,,basic,,,C007_wrong_column_guard,missing_or_empty,False,qwen2.5-coder_7b,1,experiments/05_choropleth_reliability_benchmark/outputs/runs_iterative_repair/deepseek-coder_6.7b/basic/deepseek-coder_6.7b_basic_C007_wrong_column_guard_iter03_20260624_230910,,0,,,,False,,,,,,missing_or_empty,False,,,,experiments/05_choropleth_reliability_benchmark/outputs/generated_code_iterative_repair/qwen2.5-coder_7b/deepseek-coder_6.7b/basic/C007_wrong_column_guard_basic_iter03.py,deepseek-coder_6.7b,False,,,
map_interactive.html,experiments/05_choropleth_reliability_benchmark/outputs/runs_iterative_repair/deepseek-coder_6.7b/basic/deepseek-coder_6.7b_basic_C007_wrong_column_guard_iter03_20260624_230910/map_interactive.html,False,0,missing_or_empty;html_not_rendered;low_rendered_map_ink;low_edge_detail,False,,,,False,,,,,missing,False,3,interactive_html,,basic,,,C007_wrong_column_guard,,,qwen2.5-coder_7b,1,experiments/05_choropleth_reliability_benchmark/outputs/runs_iterative_repair/deepseek-coder_6.7b/basic/deepseek-coder_6.7b_basic_C007_wrong_column_guard_iter03_20260624_230910,,0,,,,False,,,,,,missing_or_empty,False,,,,experiments/05_choropleth_reliability_benchmark/outputs/generated_code_iterative_repair/qwen2.5-coder_7b/deepseek-coder_6.7b/basic/C007_wrong_column_guard_basic_iter03.py,deepseek-coder_6.7b,False,,False,
map_static.png,experiments/05_choropleth_reliability_benchmark/outputs/runs_iterative_repair/deepseek-coder_6.7b/basic/deepseek-coder_6.7b_basic_C008_quantile_classes_iter01_20260624_050908/map_static.png,False,0,missing_or_empty;low_thematic_color;low_map_ink;low_edge_detail,False,,,,False,,,,,,,1,static_png,,basic,,,C008_quantile_classes,missing_or_empty,False,qwen2.5-coder_32b,1,experiments/05_choropleth_reliability_benchmark/outputs/runs_iterative_repair/deepseek-coder_6.7b/basic/deepseek-coder_6.7b_basic_C008_quantile_classes_iter01_20260624_050908,,0,,,,False,,,,,,missing_or_empty,False,,,,experiments/05_choropleth_reliability_benchmark/outputs/generated_code_iterative_repair/qwen2.5-coder_32b/deepseek-coder_6.7b/basic/C008_quantile_classes_basic_iter01.py,deepseek-coder_6.7b,False,,,
time_series.png,experiments/05_choropleth_reliability_benchmark/outputs/runs_iterative_repair/deepseek-coder_6.7b/basic/deepseek-coder_6.7b_basic_C008_quantile_classes_iter01_20260624_050908/time_series.png,False,0,missing_or_empty;low_plot_ink;no_visible_line;low_edge_detail,False,,,,False,,,,,,,1,time_series_png,,basic,,,C008_quantile_classes,missing_or_empty,False,qwen2.5-coder_32b,1,experiments/05_choropleth_reliability_benchmark/outputs/runs_iterative_repair/deepseek-coder_6.7b/basic/deepseek-coder_6.7b_basic_C008_quantile_classes_iter01_20260624_050908,,0,,,,False,,,,,,missing_or_empty,False,,,,experiments/05_choropleth_reliability_benchmark/outputs/generated_code_iterative_repair/qwen2.5-coder_32b/deepseek-coder_6.7b/basic/C008_quantile_classes_basic_iter01.py,deepseek-coder_6.7b,False,,,
map_interactive.html,experiments/05_choropleth_reliability_benchmark/outputs/runs_iterative_repair/deepseek-coder_6.7b/basic/deepseek-coder_6.7b_basic_C008_quantile_classes_iter01_20260624_050908/map_interactive.html,False,0,missing_or_empty;html_not_rendered;low_rendered_map_ink;low_edge_detail,False,,,,False,,,,,missing,False,1,interactive_html,,basic,,,C008_quantile_classes,,,qwen2.5-coder_32b,1,experiments/05_choropleth_reliability_benchmark/outputs/runs_iterative_repair/deepseek-coder_6.7b/basic/deepseek-coder_6.7b_basic_C008_quantile_classes_iter01_20260624_050908,,0,,,,False,,,,,,missing_or_empty,False,,,,experiments/05_choropleth_reliability_benchmark/outputs/generated_code_iterative_repair/qwen2.5-coder_32b/deepseek-coder_6.7b/basic/C008_quantile_classes_basic_iter01.py,deepseek-coder_6.7b,False,,False,
map_static.png,experiments/05_choropleth_reliability_benchmark/outputs/runs_iterative_repair/deepseek-coder_6.7b/basic/deepseek-coder_6.7b_basic_C008_quantile_classes_iter01_20260624_232427/map_static.png,False,0,missing_or_empty;low_thematic_color;low_map_ink;low_edge_detail,False,,,,False,,,,,,,1,static_png,,basic,,,C008_quantile_classes,missing_or_empty,False,qwen2.5-coder_7b,1,experiments/05_choropleth_reliability_benchmark/outputs/runs_iterative_repair/deepseek-coder_6.7b/basic/deepseek-coder_6.7b_basic_C008_quantile_classes_iter01_20260624_232427,,0,,,,False,,,,,,missing_or_empty,False,,,,experiments/05_choropleth_reliability_benchmark/outputs/generated_code_iterative_repair/qwen2.5-coder_7b/deepseek-coder_6.7b/basic/C008_quantile_classes_basic_iter01.py,deepseek-coder_6.7b,False,,,
time_series.png,experiments/05_choropleth_reliability_benchmark/outputs/runs_iterative_repair/deepseek-coder_6.7b/basic/deepseek-coder_6.7b_basic_C008_quantile_classes_iter01_20260624_232427/time_series.png,False,0,missing_or_empty;low_plot_ink;no_visible_line;low_edge_detail,False,,,,False,,,,,,,1,time_series_png,,basic,,,C008_quantile_classes,missing_or_empty,False,qwen2.5-coder_7b,1,experiments/05_choropleth_reliability_benchmark/outputs/runs_iterative_repair/deepseek-coder_6.7b/basic/deepseek-coder_6.7b_basic_C008_quantile_classes_iter01_20260624_232427,,0,,,,False,,,,,,missing_or_empty,False,,,,experiments/05_choropleth_reliability_benchmark/outputs/generated_code_iterative_repair/qwen2.5-coder_7b/deepseek-coder_6.7b/basic/C008_quantile_classes_basic_iter01.py,deepseek-coder_6.7b,False,,,
map_interactive.html,experiments/05_choropleth_reliability_benchmark/outputs/runs_iterative_repair/deepseek-coder_6.7b/basic/deepseek-coder_6.7b_basic_C008_quantile_classes_iter01_20260624_232427/map_interactive.html,False,0,missing_or_empty;html_not_rendered;low_rendered_map_ink;low_edge_detail,False,,,,False,,,,,missing,False,1,interactive_html,,basic,,,C008_quantile_classes,,,qwen2.5-coder_7b,1,experiments/05_choropleth_reliability_benchmark/outputs/runs_iterative_repair/deepseek-coder_6.7b/basic/deepseek-coder_6.7b_basic_C008_quantile_classes_iter01_20260624_232427,,0,,,,False,,,,,,missing_or_empty,False,,,,experiments/05_choropleth_reliability_benchmark/outputs/generated_code_iterative_repair/qwen2.5-coder_7b/deepseek-coder_6.7b/basic/C008_quantile_classes_basic_iter01.py,deepseek-coder_6.7b,False,,False,
map_static.png,experiments/05_choropleth_reliability_benchmark/outputs/runs_iterative_repair/deepseek-coder_6.7b/basic/deepseek-coder_6.7b_basic_C008_quantile_classes_iter01_20260625_000032/map_static.png,False,0,missing_or_empty;low_thematic_color;low_map_ink;low_edge_detail,False,,,,False,,,,,,,1,static_png,,basic,,,C008_quantile_classes,missing_or_empty,False,qwen2.5-coder_14b,1,experiments/05_choropleth_reliability_benchmark/outputs/runs_iterative_repair/deepseek-coder_6.7b/basic/deepseek-coder_6.7b_basic_C008_quantile_classes_iter01_20260625_000032,,0,,,,False,,,,,,missing_or_empty,False,,,,experiments/05_choropleth_reliability_benchmark/outputs/generated_code_iterative_repair/qwen2.5-coder_14b/deepseek-coder_6.7b/basic/C008_quantile_classes_basic_iter01.py,deepseek-coder_6.7b,False,,,
time_series.png,experiments/05_choropleth_reliability_benchmark/outputs/runs_iterative_repair/deepseek-coder_6.7b/basic/deepseek-coder_6.7b_basic_C008_quantile_classes_iter01_20260625_000032/time_series.png,False,0,missing_or_empty;low_plot_ink;no_visible_line;low_edge_detail,False,,,,False,,,,,,,1,time_series_png,,basic,,,C008_quantile_classes,missing_or_empty,False,qwen2.5-coder_14b,1,experiments/05_choropleth_reliability_benchmark/outputs/runs_iterative_repair/deepseek-coder_6.7b/basic/deepseek-coder_6.7b_basic_C008_quantile_classes_iter01_20260625_000032,,0,,,,False,,,,,,missing_or_empty,False,,,,experiments/05_choropleth_reliability_benchmark/outputs/generated_code_iterative_repair/qwen2.5-coder_14b/deepseek-coder_6.7b/basic/C008_quantile_classes_basic_iter01.py,deepseek-coder_6.7b,False,,,
map_interactive.html,experiments/05_choropleth_reliability_benchmark/outputs/runs_iterative_repair/deepseek-coder_6.7b/basic/deepseek-coder_6.7b_basic_C008_quantile_classes_iter01_20260625_000032/map_interactive.html,False,0,missing_or_empty;html_not_rendered;low_rendered_map_ink;low_edge_detail,False,,,,False,,,,,missing,False,1,interactive_html,,basic,,,C008_quantile_classes,,,qwen2.5-coder_14b,1,experiments/05_choropleth_reliability_benchmark/outputs/runs_iterative_repair/deepseek-coder_6.7b/basic/deepseek-coder_6.7b_basic_C008_quantile_classes_iter01_20260625_000032,,0,,,,False,,,,,,missing_or_empty,False,,,,experiments/05_choropleth_reliability_benchmark/outputs/generated_code_iterative_repair/qwen2.5-coder_14b/deepseek-coder_6.7b/basic/C008_quantile_classes_basic_iter01.py,deepseek-coder_6.7b,False,,False,
map_static.png,experiments/05_choropleth_reliability_benchmark/outputs/runs_iterative_repair/deepseek-coder_6.7b/basic/deepseek-coder_6.7b_basic_C008_quantile_classes_iter02_20260624_051003/map_static.png,False,0,missing_or_empty;low_thematic_color;low_map_ink;low_edge_detail,False,,,,False,,,,,,,2,static_png,,basic,,,C008_quantile_classes,missing_or_empty,False,qwen2.5-coder_32b,1,experiments/05_choropleth_reliability_benchmark/outputs/runs_iterative_repair/deepseek-coder_6.7b/basic/deepseek-coder_6.7b_basic_C008_quantile_classes_iter02_20260624_051003,,0,,,,False,,,,,,missing_or_empty,False,,,,experiments/05_choropleth_reliability_benchmark/outputs/generated_code_iterative_repair/qwen2.5-coder_32b/deepseek-coder_6.7b/basic/C008_quantile_classes_basic_iter02.py,deepseek-coder_6.7b,False,,,
time_series.png,experiments/05_choropleth_reliability_benchmark/outputs/runs_iterative_repair/deepseek-coder_6.7b/basic/deepseek-coder_6.7b_basic_C008_quantile_classes_iter02_20260624_051003/time_series.png,False,0,missing_or_empty;low_plot_ink;no_visible_line;low_edge_detail,False,,,,False,,,,,,,2,time_series_png,,basic,,,C008_quantile_classes,missing_or_empty,False,qwen2.5-coder_32b,1,experiments/05_choropleth_reliability_benchmark/outputs/runs_iterative_repair/deepseek-coder_6.7b/basic/deepseek-coder_6.7b_basic_C008_quantile_classes_iter02_20260624_051003,,0,,,,False,,,,,,missing_or_empty,False,,,,experiments/05_choropleth_reliability_benchmark/outputs/generated_code_iterative_repair/qwen2.5-coder_32b/deepseek-coder_6.7b/basic/C008_quantile_classes_basic_iter02.py,deepseek-coder_6.7b,False,,,
map_interactive.html,experiments/05_choropleth_reliability_benchmark/outputs/runs_iterative_repair/deepseek-coder_6.7b/basic/deepseek-coder_6.7b_basic_C008_quantile_classes_iter02_20260624_051003/map_interactive.html,False,0,missing_or_empty;html_not_rendered;low_rendered_map_ink;low_edge_detail,False,,,,False,,,,,missing,False,2,interactive_html,,basic,,,C008_quantile_classes,,,qwen2.5-coder_32b,1,experiments/05_choropleth_reliability_benchmark/outputs/runs_iterative_repair/deepseek-coder_6.7b/basic/deepseek-coder_6.7b_basic_C008_quantile_classes_iter02_20260624_051003,,0,,,,False,,,,,,missing_or_empty,False,,,,experiments/05_choropleth_reliability_benchmark/outputs/generated_code_iterative_repair/qwen2.5-coder_32b/deepseek-coder_6.7b/basic/C008_quantile_classes_basic_iter02.py,deepseek-coder_6.7b,False,,False,
map_static.png,experiments/05_choropleth_reliability_benchmark/outputs/runs_iterative_repair/deepseek-coder_6.7b/basic/deepseek-coder_6.7b_basic_C008_quantile_classes_iter02_20260624_232444/map_static.png,False,0,missing_or_empty;low_thematic_color;low_map_ink;low_edge_detail,False,,,,False,,,,,,,2,static_png,,basic,,,C008_quantile_classes,missing_or_empty,False,qwen2.5-coder_7b,1,experiments/05_choropleth_reliability_benchmark/outputs/runs_iterative_repair/deepseek-coder_6.7b/basic/deepseek-coder_6.7b_basic_C008_quantile_classes_iter02_20260624_232444,,0,,,,False,,,,,,missing_or_empty,False,,,,experiments/05_choropleth_reliability_benchmark/outputs/generated_code_iterative_repair/qwen2.5-coder_7b/deepseek-coder_6.7b/basic/C008_quantile_classes_basic_iter02.py,deepseek-coder_6.7b,False,,,
time_series.png,experiments/05_choropleth_reliability_benchmark/outputs/runs_iterative_repair/deepseek-coder_6.7b/basic/deepseek-coder_6.7b_basic_C008_quantile_classes_iter02_20260624_232444/time_series.png,False,0,missing_or_empty;low_plot_ink;no_visible_line;low_edge_detail,False,,,,False,,,,,,,2,time_series_png,,basic,,,C008_quantile_classes,missing_or_empty,False,qwen2.5-coder_7b,1,experiments/05_choropleth_reliability_benchmark/outputs/runs_iterative_repair/deepseek-coder_6.7b/basic/deepseek-coder_6.7b_basic_C008_quantile_classes_iter02_20260624_232444,,0,,,,False,,,,,,missing_or_empty,False,,,,experiments/05_choropleth_reliability_benchmark/outputs/generated_code_iterative_repair/qwen2.5-coder_7b/deepseek-coder_6.7b/basic/C008_quantile_classes_basic_iter02.py,deepseek-coder_6.7b,False,,,
map_interactive.html,experiments/05_choropleth_reliability_benchmark/outputs/runs_iterative_repair/deepseek-coder_6.7b/basic/deepseek-coder_6.7b_basic_C008_quantile_classes_iter02_20260624_232444/map_interactive.html,False,0,missing_or_empty;html_not_rendered;low_rendered_map_ink;low_edge_detail,False,,,,False,,,,,missing,False,2,interactive_html,,basic,,,C008_quantile_classes,,,qwen2.5-coder_7b,1,experiments/05_choropleth_reliability_benchmark/outputs/runs_iterative_repair/deepseek-coder_6.7b/basic/deepseek-coder_6.7b_basic_C008_quantile_classes_iter02_20260624_232444,,0,,,,False,,,,,,missing_or_empty,False,,,,experiments/05_choropleth_reliability_benchmark/outputs/generated_code_iterative_repair/qwen2.5-coder_7b/deepseek-coder_6.7b/basic/C008_quantile_classes_basic_iter02.py,deepseek-coder_6.7b,False,,False,
map_static.png,experiments/05_choropleth_reliability_benchmark/outputs/runs_iterative_repair/deepseek-coder_6.7b/basic/deepseek-coder_6.7b_basic_C008_quantile_classes_iter02_20260625_000056/map_static.png,False,0,missing_or_empty;low_thematic_color;low_map_ink;low_edge_detail,False,,,,False,,,,,,,2,static_png,,basic,,,C008_quantile_classes,missing_or_empty,False,qwen2.5-coder_14b,1,experiments/05_choropleth_reliability_benchmark/outputs/runs_iterative_repair/deepseek-coder_6.7b/basic/deepseek-coder_6.7b_basic_C008_quantile_classes_iter02_20260625_000056,,0,,,,False,,,,,,missing_or_empty,False,,,,experiments/05_choropleth_reliability_benchmark/outputs/generated_code_iterative_repair/qwen2.5-coder_14b/deepseek-coder_6.7b/basic/C008_quantile_classes_basic_iter02.py,deepseek-coder_6.7b,False,,,
time_series.png,experiments/05_choropleth_reliability_benchmark/outputs/runs_iterative_repair/deepseek-coder_6.7b/basic/deepseek-coder_6.7b_basic_C008_quantile_classes_iter02_20260625_000056/time_series.png,False,0,missing_or_empty;low_plot_ink;no_visible_line;low_edge_detail,False,,,,False,,,,,,,2,time_series_png,,basic,,,C008_quantile_classes,missing_or_empty,False,qwen2.5-coder_14b,1,experiments/05_choropleth_reliability_benchmark/outputs/runs_iterative_repair/deepseek-coder_6.7b/basic/deepseek-coder_6.7b_basic_C008_quantile_classes_iter02_20260625_000056,,0,,,,False,,,,,,missing_or_empty,False,,,,experiments/05_choropleth_reliability_benchmark/outputs/generated_code_iterative_repair/qwen2.5-coder_14b/deepseek-coder_6.7b/basic/C008_quantile_classes_basic_iter02.py,deepseek-coder_6.7b,False,,,
map_interactive.html,experiments/05_choropleth_reliability_benchmark/outputs/runs_iterative_repair/deepseek-coder_6.7b/basic/deepseek-coder_6.7b_basic_C008_quantile_classes_iter02_20260625_000056/map_interactive.html,False,0,missing_or_empty;html_not_rendered;low_rendered_map_ink;low_edge_detail,False,,,,False,,,,,missing,False,2,interactive_html,,basic,,,C008_quantile_classes,,,qwen2.5-coder_14b,1,experiments/05_choropleth_reliability_benchmark/outputs/runs_iterative_repair/deepseek-coder_6.7b/basic/deepseek-coder_6.7b_basic_C008_quantile_classes_iter02_20260625_000056,,0,,,,False,,,,,,missing_or_empty,False,,,,experiments/05_choropleth_reliability_benchmark/outputs/generated_code_iterative_repair/qwen2.5-coder_14b/deepseek-coder_6.7b/basic/C008_quantile_classes_basic_iter02.py,deepseek-coder_6.7b,False,,False,
map_static.png,experiments/05_choropleth_reliability_benchmark/outputs/runs_iterative_repair/deepseek-coder_6.7b/basic/deepseek-coder_6.7b_basic_C008_quantile_classes_iter03_20260624_062832/map_static.png,True,45152,,True,0.0248,255,12.389,True,,,,480,,,3,static_png,242.404,basic,0.9822,0.1242,C008_quantile_classes,,True,qwen2.5-coder_32b,1,experiments/05_choropleth_reliability_benchmark/outputs/runs_iterative_repair/deepseek-coder_6.7b/basic/deepseek-coder_6.7b_basic_C008_quantile_classes_iter03_20260624_062832,0.0244,45152,0.0248,255,12.389,True,480,242.404,0.9822,0.1242,,,True,0.0244,48,640,experiments/05_choropleth_reliability_benchmark/outputs/generated_code_iterative_repair/qwen2.5-coder_32b/deepseek-coder_6.7b/basic/C008_quantile_classes_basic_iter03.py,deepseek-coder_6.7b,False,48,,640
time_series.png,experiments/05_choropleth_reliability_benchmark/outputs/runs_iterative_repair/deepseek-coder_6.7b/basic/deepseek-coder_6.7b_basic_C008_quantile_classes_iter03_20260624_062832/time_series.png,False,0,missing_or_empty;low_plot_ink;no_visible_line;low_edge_detail,False,,,,False,,,,,,,3,time_series_png,,basic,,,C008_quantile_classes,missing_or_empty,False,qwen2.5-coder_32b,1,experiments/05_choropleth_reliability_benchmark/outputs/runs_iterative_repair/deepseek-coder_6.7b/basic/deepseek-coder_6.7b_basic_C008_quantile_classes_iter03_20260624_062832,,0,,,,False,,,,,,missing_or_empty,False,,,,experiments/05_choropleth_reliability_benchmark/outputs/generated_code_iterative_repair/qwen2.5-coder_32b/deepseek-coder_6.7b/basic/C008_quantile_classes_basic_iter03.py,deepseek-coder_6.7b,False,,,
map_interactive.html,experiments/05_choropleth_reliability_benchmark/outputs/runs_iterative_repair/deepseek-coder_6.7b/basic/deepseek-coder_6.7b_basic_C008_quantile_classes_iter03_20260624_062832/map_interactive.html,False,0,missing_or_empty;html_not_rendered;low_rendered_map_ink;low_edge_detail,False,,,,False,,,,,missing,False,3,interactive_html,,basic,,,C008_quantile_classes,,,qwen2.5-coder_32b,1,experiments/05_choropleth_reliability_benchmark/outputs/runs_iterative_repair/deepseek-coder_6.7b/basic/deepseek-coder_6.7b_basic_C008_quantile_classes_iter03_20260624_062832,,0,,,,False,,,,,,missing_or_empty,False,,,,experiments/05_choropleth_reliability_benchmark/outputs/generated_code_iterative_repair/qwen2.5-coder_32b/deepseek-coder_6.7b/basic/C008_quantile_classes_basic_iter03.py,deepseek-coder_6.7b,False,,False,
map_static.png,experiments/05_choropleth_reliability_benchmark/outputs/runs_iterative_repair/deepseek-coder_6.7b/basic/deepseek-coder_6.7b_basic_C008_quantile_classes_iter03_20260624_232508/map_static.png,False,0,missing_or_empty;low_thematic_color;low_map_ink;low_edge_detail,False,,,,False,,,,,,,3,static_png,,basic,,,C008_quantile_classes,missing_or_empty,False,qwen2.5-coder_7b,1,experiments/05_choropleth_reliability_benchmark/outputs/runs_iterative_repair/deepseek-coder_6.7b/basic/deepseek-coder_6.7b_basic_C008_quantile_classes_iter03_20260624_232508,,0,,,,False,,,,,,missing_or_empty,False,,,,experiments/05_choropleth_reliability_benchmark/outputs/generated_code_iterative_repair/qwen2.5-coder_7b/deepseek-coder_6.7b/basic/C008_quantile_classes_basic_iter03.py,deepseek-coder_6.7b,False,,,
time_series.png,experiments/05_choropleth_reliability_benchmark/outputs/runs_iterative_repair/deepseek-coder_6.7b/basic/deepseek-coder_6.7b_basic_C008_quantile_classes_iter03_20260624_232508/time_series.png,False,0,missing_or_empty;low_plot_ink;no_visible_line;low_edge_detail,False,,,,False,,,,,,,3,time_series_png,,basic,,,C008_quantile_classes,missing_or_empty,False,qwen2.5-coder_7b,1,experiments/05_choropleth_reliability_benchmark/outputs/runs_iterative_repair/deepseek-coder_6.7b/basic/deepseek-coder_6.7b_basic_C008_quantile_classes_iter03_20260624_232508,,0,,,,False,,,,,,missing_or_empty,False,,,,experiments/05_choropleth_reliability_benchmark/outputs/generated_code_iterative_repair/qwen2.5-coder_7b/deepseek-coder_6.7b/basic/C008_quantile_classes_basic_iter03.py,deepseek-coder_6.7b,False,,,
map_interactive.html,experiments/05_choropleth_reliability_benchmark/outputs/runs_iterative_repair/deepseek-coder_6.7b/basic/deepseek-coder_6.7b_basic_C008_quantile_classes_iter03_20260624_232508/map_interactive.html,False,0,missing_or_empty;html_not_rendered;low_rendered_map_ink;low_edge_detail,False,,,,False,,,,,missing,False,3,interactive_html,,basic,,,C008_quantile_classes,,,qwen2.5-coder_7b,1,experiments/05_choropleth_reliability_benchmark/outputs/runs_iterative_repair/deepseek-coder_6.7b/basic/deepseek-coder_6.7b_basic_C008_quantile_classes_iter03_20260624_232508,,0,,,,False,,,,,,missing_or_empty,False,,,,experiments/05_choropleth_reliability_benchmark/outputs/generated_code_iterative_repair/qwen2.5-coder_7b/deepseek-coder_6.7b/basic/C008_quantile_classes_basic_iter03.py,deepseek-coder_6.7b,False,,False,
map_static.png,experiments/05_choropleth_reliability_benchmark/outputs/runs_iterative_repair/deepseek-coder_6.7b/basic/deepseek-coder_6.7b_basic_C008_quantile_classes_iter03_20260625_000120/map_static.png,False,0,missing_or_empty;low_thematic_color;low_map_ink;low_edge_detail,False,,,,False,,,,,,,3,static_png,,basic,,,C008_quantile_classes,missing_or_empty,False,qwen2.5-coder_14b,1,experiments/05_choropleth_reliability_benchmark/outputs/runs_iterative_repair/deepseek-coder_6.7b/basic/deepseek-coder_6.7b_basic_C008_quantile_classes_iter03_20260625_000120,,0,,,,False,,,,,,missing_or_empty,False,,,,experiments/05_choropleth_reliability_benchmark/outputs/generated_code_iterative_repair/qwen2.5-coder_14b/deepseek-coder_6.7b/basic/C008_quantile_classes_basic_iter03.py,deepseek-coder_6.7b,False,,,
time_series.png,experiments/05_choropleth_reliability_benchmark/outputs/runs_iterative_repair/deepseek-coder_6.7b/basic/deepseek-coder_6.7b_basic_C008_quantile_classes_iter03_20260625_000120/time_series.png,False,0,missing_or_empty;low_plot_ink;no_visible_line;low_edge_detail,False,,,,False,,,,,,,3,time_series_png,,basic,,,C008_quantile_classes,missing_or_empty,False,qwen2.5-coder_14b,1,experiments/05_choropleth_reliability_benchmark/outputs/runs_iterative_repair/deepseek-coder_6.7b/basic/deepseek-coder_6.7b_basic_C008_quantile_classes_iter03_20260625_000120,,0,,,,False,,,,,,missing_or_empty,False,,,,experiments/05_choropleth_reliability_benchmark/outputs/generated_code_iterative_repair/qwen2.5-coder_14b/deepseek-coder_6.7b/basic/C008_quantile_classes_basic_iter03.py,deepseek-coder_6.7b,False,,,
map_interactive.html,experiments/05_choropleth_reliability_benchmark/outputs/runs_iterative_repair/deepseek-coder_6.7b/basic/deepseek-coder_6.7b_basic_C008_quantile_classes_iter03_20260625_000120/map_interactive.html,False,0,missing_or_empty;html_not_rendered;low_rendered_map_ink;low_edge_detail,False,,,,False,,,,,missing,False,3,interactive_html,,basic,,,C008_quantile_classes,,,qwen2.5-coder_14b,1,experiments/05_choropleth_reliability_benchmark/outputs/runs_iterative_repair/deepseek-coder_6.7b/basic/deepseek-coder_6.7b_basic_C008_quantile_classes_iter03_20260625_000120,,0,,,,False,,,,,,missing_or_empty,False,,,,experiments/05_choropleth_reliability_benchmark/outputs/generated_code_iterative_repair/qwen2.5-coder_14b/deepseek-coder_6.7b/basic/C008_quantile_classes_basic_iter03.py,deepseek-coder_6.7b,False,,False,
map_static.png,experiments/05_choropleth_reliability_benchmark/outputs/runs_iterative_repair/deepseek-coder_6.7b/basic/deepseek-coder_6.7b_basic_C009_colorblind_safe_iter01_20260624_043653/map_static.png,False,0,missing_or_empty;low_thematic_color;low_map_ink;low_edge_detail,False,,,,False,,,,,,,1,static_png,,basic,,,C009_colorblind_safe,missing_or_empty,False,qwen2.5-coder_32b,1,experiments/05_choropleth_reliability_benchmark/outputs/runs_iterative_repair/deepseek-coder_6.7b/basic/deepseek-coder_6.7b_basic_C009_colorblind_safe_iter01_20260624_043653,,0,,,,False,,,,,,missing_or_empty,False,,,,experiments/05_choropleth_reliability_benchmark/outputs/generated_code_iterative_repair/qwen2.5-coder_32b/deepseek-coder_6.7b/basic/C009_colorblind_safe_basic_iter01.py,deepseek-coder_6.7b,False,,,
time_series.png,experiments/05_choropleth_reliability_benchmark/outputs/runs_iterative_repair/deepseek-coder_6.7b/basic/deepseek-coder_6.7b_basic_C009_colorblind_safe_iter01_20260624_043653/time_series.png,False,0,missing_or_empty;low_plot_ink;no_visible_line;low_edge_detail,False,,,,False,,,,,,,1,time_series_png,,basic,,,C009_colorblind_safe,missing_or_empty,False,qwen2.5-coder_32b,1,experiments/05_choropleth_reliability_benchmark/outputs/runs_iterative_repair/deepseek-coder_6.7b/basic/deepseek-coder_6.7b_basic_C009_colorblind_safe_iter01_20260624_043653,,0,,,,False,,,,,,missing_or_empty,False,,,,experiments/05_choropleth_reliability_benchmark/outputs/generated_code_iterative_repair/qwen2.5-coder_32b/deepseek-coder_6.7b/basic/C009_colorblind_safe_basic_iter01.py,deepseek-coder_6.7b,False,,,
map_interactive.html,experiments/05_choropleth_reliability_benchmark/outputs/runs_iterative_repair/deepseek-coder_6.7b/basic/deepseek-coder_6.7b_basic_C009_colorblind_safe_iter01_20260624_043653/map_interactive.html,False,0,missing_or_empty;html_not_rendered;low_rendered_map_ink;low_edge_detail,False,,,,False,,,,,missing,False,1,interactive_html,,basic,,,C009_colorblind_safe,,,qwen2.5-coder_32b,1,experiments/05_choropleth_reliability_benchmark/outputs/runs_iterative_repair/deepseek-coder_6.7b/basic/deepseek-coder_6.7b_basic_C009_colorblind_safe_iter01_20260624_043653,,0,,,,False,,,,,,missing_or_empty,False,,,,experiments/05_choropleth_reliability_benchmark/outputs/generated_code_iterative_repair/qwen2.5-coder_32b/deepseek-coder_6.7b/basic/C009_colorblind_safe_basic_iter01.py,deepseek-coder_6.7b,False,,False,
map_static.png,experiments/05_choropleth_reliability_benchmark/outputs/runs_iterative_repair/deepseek-coder_6.7b/basic/deepseek-coder_6.7b_basic_C009_colorblind_safe_iter01_20260624_231259/map_static.png,False,0,missing_or_empty;low_thematic_color;low_map_ink;low_edge_detail,False,,,,False,,,,,,,1,static_png,,basic,,,C009_colorblind_safe,missing_or_empty,False,qwen2.5-coder_7b,1,experiments/05_choropleth_reliability_benchmark/outputs/runs_iterative_repair/deepseek-coder_6.7b/basic/deepseek-coder_6.7b_basic_C009_colorblind_safe_iter01_20260624_231259,,0,,,,False,,,,,,missing_or_empty,False,,,,experiments/05_choropleth_reliability_benchmark/outputs/generated_code_iterative_repair/qwen2.5-coder_7b/deepseek-coder_6.7b/basic/C009_colorblind_safe_basic_iter01.py,deepseek-coder_6.7b,False,,,
time_series.png,experiments/05_choropleth_reliability_benchmark/outputs/runs_iterative_repair/deepseek-coder_6.7b/basic/deepseek-coder_6.7b_basic_C009_colorblind_safe_iter01_20260624_231259/time_series.png,False,0,missing_or_empty;low_plot_ink;no_visible_line;low_edge_detail,False,,,,False,,,,,,,1,time_series_png,,basic,,,C009_colorblind_safe,missing_or_empty,False,qwen2.5-coder_7b,1,experiments/05_choropleth_reliability_benchmark/outputs/runs_iterative_repair/deepseek-coder_6.7b/basic/deepseek-coder_6.7b_basic_C009_colorblind_safe_iter01_20260624_231259,,0,,,,False,,,,,,missing_or_empty,False,,,,experiments/05_choropleth_reliability_benchmark/outputs/generated_code_iterative_repair/qwen2.5-coder_7b/deepseek-coder_6.7b/basic/C009_colorblind_safe_basic_iter01.py,deepseek-coder_6.7b,False,,,
map_interactive.html,experiments/05_choropleth_reliability_benchmark/outputs/runs_iterative_repair/deepseek-coder_6.7b/basic/deepseek-coder_6.7b_basic_C009_colorblind_safe_iter01_20260624_231259/map_interactive.html,False,0,missing_or_empty;html_not_rendered;low_rendered_map_ink;low_edge_detail,False,,,,False,,,,,missing,False,1,interactive_html,,basic,,,C009_colorblind_safe,,,qwen2.5-coder_7b,1,experiments/05_choropleth_reliability_benchmark/outputs/runs_iterative_repair/deepseek-coder_6.7b/basic/deepseek-coder_6.7b_basic_C009_colorblind_safe_iter01_20260624_231259,,0,,,,False,,,,,,missing_or_empty,False,,,,experiments/05_choropleth_reliability_benchmark/outputs/generated_code_iterative_repair/qwen2.5-coder_7b/deepseek-coder_6.7b/basic/C009_colorblind_safe_basic_iter01.py,deepseek-coder_6.7b,False,,False,
map_static.png,experiments/05_choropleth_reliability_benchmark/outputs/runs_iterative_repair/deepseek-coder_6.7b/basic/deepseek-coder_6.7b_basic_C009_colorblind_safe_iter01_20260624_234124/map_static.png,False,0,missing_or_empty;low_thematic_color;low_map_ink;low_edge_detail,False,,,,False,,,,,,,1,static_png,,basic,,,C009_colorblind_safe,missing_or_empty,False,qwen2.5-coder_14b,1,experiments/05_choropleth_reliability_benchmark/outputs/runs_iterative_repair/deepseek-coder_6.7b/basic/deepseek-coder_6.7b_basic_C009_colorblind_safe_iter01_20260624_234124,,0,,,,False,,,,,,missing_or_empty,False,,,,experiments/05_choropleth_reliability_benchmark/outputs/generated_code_iterative_repair/qwen2.5-coder_14b/deepseek-coder_6.7b/basic/C009_colorblind_safe_basic_iter01.py,deepseek-coder_6.7b,False,,,
time_series.png,experiments/05_choropleth_reliability_benchmark/outputs/runs_iterative_repair/deepseek-coder_6.7b/basic/deepseek-coder_6.7b_basic_C009_colorblind_safe_iter01_20260624_234124/time_series.png,False,0,missing_or_empty;low_plot_ink;no_visible_line;low_edge_detail,False,,,,False,,,,,,,1,time_series_png,,basic,,,C009_colorblind_safe,missing_or_empty,False,qwen2.5-coder_14b,1,experiments/05_choropleth_reliability_benchmark/outputs/runs_iterative_repair/deepseek-coder_6.7b/basic/deepseek-coder_6.7b_basic_C009_colorblind_safe_iter01_20260624_234124,,0,,,,False,,,,,,missing_or_empty,False,,,,experiments/05_choropleth_reliability_benchmark/outputs/generated_code_iterative_repair/qwen2.5-coder_14b/deepseek-coder_6.7b/basic/C009_colorblind_safe_basic_iter01.py,deepseek-coder_6.7b,False,,,
map_interactive.html,experiments/05_choropleth_reliability_benchmark/outputs/runs_iterative_repair/deepseek-coder_6.7b/basic/deepseek-coder_6.7b_basic_C009_colorblind_safe_iter01_20260624_234124/map_interactive.html,False,0,missing_or_empty;html_not_rendered;low_rendered_map_ink;low_edge_detail,False,,,,False,,,,,missing,False,1,interactive_html,,basic,,,C009_colorblind_safe,,,qwen2.5-coder_14b,1,experiments/05_choropleth_reliability_benchmark/outputs/runs_iterative_repair/deepseek-coder_6.7b/basic/deepseek-coder_6.7b_basic_C009_colorblind_safe_iter01_20260624_234124,,0,,,,False,,,,,,missing_or_empty,False,,,,experiments/05_choropleth_reliability_benchmark/outputs/generated_code_iterative_repair/qwen2.5-coder_14b/deepseek-coder_6.7b/basic/C009_colorblind_safe_basic_iter01.py,deepseek-coder_6.7b,False,,False,
map_static.png,experiments/05_choropleth_reliability_benchmark/outputs/runs_iterative_repair/deepseek-coder_6.7b/basic/deepseek-coder_6.7b_basic_C009_colorblind_safe_iter02_20260624_043731/map_static.png,True,72331,,True,0.0076,255,6.450,True,,,,800,,,2,static_png,243.264,basic,0.9941,0.1417,C009_colorblind_safe,,True,qwen2.5-coder_32b,0,experiments/05_choropleth_reliability_benchmark/outputs/runs_iterative_repair/deepseek-coder_6.7b/basic/deepseek-coder_6.7b_basic_C009_colorblind_safe_iter02_20260624_043731,0.0396,72331,0.0076,255,6.450,True,800,243.264,0.9941,0.1417,,,True,0.0396,38,1000,experiments/05_choropleth_reliability_benchmark/outputs/generated_code_iterative_repair/qwen2.5-coder_32b/deepseek-coder_6.7b/basic/C009_colorblind_safe_basic_iter02.py,deepseek-coder_6.7b,False,38,,1000
time_series.png,experiments/05_choropleth_reliability_benchmark/outputs/runs_iterative_repair/deepseek-coder_6.7b/basic/deepseek-coder_6.7b_basic_C009_colorblind_safe_iter02_20260624_043731/time_series.png,False,0,missing_or_empty;low_plot_ink;no_visible_line;low_edge_detail,False,,,,False,,,,,,,2,time_series_png,,basic,,,C009_colorblind_safe,missing_or_empty,False,qwen2.5-coder_32b,0,experiments/05_choropleth_reliability_benchmark/outputs/runs_iterative_repair/deepseek-coder_6.7b/basic/deepseek-coder_6.7b_basic_C009_colorblind_safe_iter02_20260624_043731,,0,,,,False,,,,,,missing_or_empty,False,,,,experiments/05_choropleth_reliability_benchmark/outputs/generated_code_iterative_repair/qwen2.5-coder_32b/deepseek-coder_6.7b/basic/C009_colorblind_safe_basic_iter02.py,deepseek-coder_6.7b,False,,,
map_interactive.html,experiments/05_choropleth_reliability_benchmark/outputs/runs_iterative_repair/deepseek-coder_6.7b/basic/deepseek-coder_6.7b_basic_C009_colorblind_safe_iter02_20260624_043731/map_interactive.html,False,0,missing_or_empty;html_not_rendered;low_rendered_map_ink;low_edge_detail,False,,,,False,,,,,missing,False,2,interactive_html,,basic,,,C009_colorblind_safe,,,qwen2.5-coder_32b,0,experiments/05_choropleth_reliability_benchmark/outputs/runs_iterative_repair/deepseek-coder_6.7b/basic/deepseek-coder_6.7b_basic_C009_colorblind_safe_iter02_20260624_043731,,0,,,,False,,,,,,missing_or_empty,False,,,,experiments/05_choropleth_reliability_benchmark/outputs/generated_code_iterative_repair/qwen2.5-coder_32b/deepseek-coder_6.7b/basic/C009_colorblind_safe_basic_iter02.py,deepseek-coder_6.7b,False,,False,
map_static.png,experiments/05_choropleth_reliability_benchmark/outputs/runs_iterative_repair/deepseek-coder_6.7b/basic/deepseek-coder_6.7b_basic_C009_colorblind_safe_iter02_20260624_231312/map_static.png,False,0,missing_or_empty;low_thematic_color;low_map_ink;low_edge_detail,False,,,,False,,,,,,,2,static_png,,basic,,,C009_colorblind_safe,missing_or_empty,False,qwen2.5-coder_7b,1,experiments/05_choropleth_reliability_benchmark/outputs/runs_iterative_repair/deepseek-coder_6.7b/basic/deepseek-coder_6.7b_basic_C009_colorblind_safe_iter02_20260624_231312,,0,,,,False,,,,,,missing_or_empty,False,,,,experiments/05_choropleth_reliability_benchmark/outputs/generated_code_iterative_repair/qwen2.5-coder_7b/deepseek-coder_6.7b/basic/C009_colorblind_safe_basic_iter02.py,deepseek-coder_6.7b,False,,,
time_series.png,experiments/05_choropleth_reliability_benchmark/outputs/runs_iterative_repair/deepseek-coder_6.7b/basic/deepseek-coder_6.7b_basic_C009_colorblind_safe_iter02_20260624_231312/time_series.png,False,0,missing_or_empty;low_plot_ink;no_visible_line;low_edge_detail,False,,,,False,,,,,,,2,time_series_png,,basic,,,C009_colorblind_safe,missing_or_empty,False,qwen2.5-coder_7b,1,experiments/05_choropleth_reliability_benchmark/outputs/runs_iterative_repair/deepseek-coder_6.7b/basic/deepseek-coder_6.7b_basic_C009_colorblind_safe_iter02_20260624_231312,,0,,,,False,,,,,,missing_or_empty,False,,,,experiments/05_choropleth_reliability_benchmark/outputs/generated_code_iterative_repair/qwen2.5-coder_7b/deepseek-coder_6.7b/basic/C009_colorblind_safe_basic_iter02.py,deepseek-coder_6.7b,False,,,
map_interactive.html,experiments/05_choropleth_reliability_benchmark/outputs/runs_iterative_repair/deepseek-coder_6.7b/basic/deepseek-coder_6.7b_basic_C009_colorblind_safe_iter02_20260624_231312/map_interactive.html,False,0,missing_or_empty;html_not_rendered;low_rendered_map_ink;low_edge_detail,False,,,,False,,,,,missing,False,2,interactive_html,,basic,,,C009_colorblind_safe,,,qwen2.5-coder_7b,1,experiments/05_choropleth_reliability_benchmark/outputs/runs_iterative_repair/deepseek-coder_6.7b/basic/deepseek-coder_6.7b_basic_C009_colorblind_safe_iter02_20260624_231312,,0,,,,False,,,,,,missing_or_empty,False,,,,experiments/05_choropleth_reliability_benchmark/outputs/generated_code_iterative_repair/qwen2.5-coder_7b/deepseek-coder_6.7b/basic/C009_colorblind_safe_basic_iter02.py,deepseek-coder_6.7b,False,,False,
map_static.png,experiments/05_choropleth_reliability_benchmark/outputs/runs_iterative_repair/deepseek-coder_6.7b/basic/deepseek-coder_6.7b_basic_C009_colorblind_safe_iter02_20260624_234145/map_static.png,False,0,missing_or_empty;low_thematic_color;low_map_ink;low_edge_detail,False,,,,False,,,,,,,2,static_png,,basic,,,C009_colorblind_safe,missing_or_empty,False,qwen2.5-coder_14b,1,experiments/05_choropleth_reliability_benchmark/outputs/runs_iterative_repair/deepseek-coder_6.7b/basic/deepseek-coder_6.7b_basic_C009_colorblind_safe_iter02_20260624_234145,,0,,,,False,,,,,,missing_or_empty,False,,,,experiments/05_choropleth_reliability_benchmark/outputs/generated_code_iterative_repair/qwen2.5-coder_14b/deepseek-coder_6.7b/basic/C009_colorblind_safe_basic_iter02.py,deepseek-coder_6.7b,False,,,
time_series.png,experiments/05_choropleth_reliability_benchmark/outputs/runs_iterative_repair/deepseek-coder_6.7b/basic/deepseek-coder_6.7b_basic_C009_colorblind_safe_iter02_20260624_234145/time_series.png,False,0,missing_or_empty;low_plot_ink;no_visible_line;low_edge_detail,False,,,,False,,,,,,,2,time_series_png,,basic,,,C009_colorblind_safe,missing_or_empty,False,qwen2.5-coder_14b,1,experiments/05_choropleth_reliability_benchmark/outputs/runs_iterative_repair/deepseek-coder_6.7b/basic/deepseek-coder_6.7b_basic_C009_colorblind_safe_iter02_20260624_234145,,0,,,,False,,,,,,missing_or_empty,False,,,,experiments/05_choropleth_reliability_benchmark/outputs/generated_code_iterative_repair/qwen2.5-coder_14b/deepseek-coder_6.7b/basic/C009_colorblind_safe_basic_iter02.py,deepseek-coder_6.7b,False,,,
map_interactive.html,experiments/05_choropleth_reliability_benchmark/outputs/runs_iterative_repair/deepseek-coder_6.7b/basic/deepseek-coder_6.7b_basic_C009_colorblind_safe_iter02_20260624_234145/map_interactive.html,False,0,missing_or_empty;html_not_rendered;low_rendered_map_ink;low_edge_detail,False,,,,False,,,,,missing,False,2,interactive_html,,basic,,,C009_colorblind_safe,,,qwen2.5-coder_14b,1,experiments/05_choropleth_reliability_benchmark/outputs/runs_iterative_repair/deepseek-coder_6.7b/basic/deepseek-coder_6.7b_basic_C009_colorblind_safe_iter02_20260624_234145,,0,,,,False,,,,,,missing_or_empty,False,,,,experiments/05_choropleth_reliability_benchmark/outputs/generated_code_iterative_repair/qwen2.5-coder_14b/deepseek-coder_6.7b/basic/C009_colorblind_safe_basic_iter02.py,deepseek-coder_6.7b,False,,False,
map_static.png,experiments/05_choropleth_reliability_benchmark/outputs/runs_iterative_repair/deepseek-coder_6.7b/basic/deepseek-coder_6.7b_basic_C009_colorblind_safe_iter03_20260624_231325/map_static.png,False,0,missing_or_empty;low_thematic_color;low_map_ink;low_edge_detail,False,,,,False,,,,,,,3,static_png,,basic,,,C009_colorblind_safe,missing_or_empty,False,qwen2.5-coder_7b,1,experiments/05_choropleth_reliability_benchmark/outputs/runs_iterative_repair/deepseek-coder_6.7b/basic/deepseek-coder_6.7b_basic_C009_colorblind_safe_iter03_20260624_231325,,0,,,,False,,,,,,missing_or_empty,False,,,,experiments/05_choropleth_reliability_benchmark/outputs/generated_code_iterative_repair/qwen2.5-coder_7b/deepseek-coder_6.7b/basic/C009_colorblind_safe_basic_iter03.py,deepseek-coder_6.7b,False,,,
time_series.png,experiments/05_choropleth_reliability_benchmark/outputs/runs_iterative_repair/deepseek-coder_6.7b/basic/deepseek-coder_6.7b_basic_C009_colorblind_safe_iter03_20260624_231325/time_series.png,False,0,missing_or_empty;low_plot_ink;no_visible_line;low_edge_detail,False,,,,False,,,,,,,3,time_series_png,,basic,,,C009_colorblind_safe,missing_or_empty,False,qwen2.5-coder_7b,1,experiments/05_choropleth_reliability_benchmark/outputs/runs_iterative_repair/deepseek-coder_6.7b/basic/deepseek-coder_6.7b_basic_C009_colorblind_safe_iter03_20260624_231325,,0,,,,False,,,,,,missing_or_empty,False,,,,experiments/05_choropleth_reliability_benchmark/outputs/generated_code_iterative_repair/qwen2.5-coder_7b/deepseek-coder_6.7b/basic/C009_colorblind_safe_basic_iter03.py,deepseek-coder_6.7b,False,,,
map_interactive.html,experiments/05_choropleth_reliability_benchmark/outputs/runs_iterative_repair/deepseek-coder_6.7b/basic/deepseek-coder_6.7b_basic_C009_colorblind_safe_iter03_20260624_231325/map_interactive.html,False,0,missing_or_empty;html_not_rendered;low_rendered_map_ink;low_edge_detail,False,,,,False,,,,,missing,False,3,interactive_html,,basic,,,C009_colorblind_safe,,,qwen2.5-coder_7b,1,experiments/05_choropleth_reliability_benchmark/outputs/runs_iterative_repair/deepseek-coder_6.7b/basic/deepseek-coder_6.7b_basic_C009_colorblind_safe_iter03_20260624_231325,,0,,,,False,,,,,,missing_or_empty,False,,,,experiments/05_choropleth_reliability_benchmark/outputs/generated_code_iterative_repair/qwen2.5-coder_7b/deepseek-coder_6.7b/basic/C009_colorblind_safe_basic_iter03.py,deepseek-coder_6.7b,False,,False,
map_static.png,experiments/05_choropleth_reliability_benchmark/outputs/runs_iterative_repair/deepseek-coder_6.7b/basic/deepseek-coder_6.7b_basic_C009_colorblind_safe_iter03_20260624_234205/map_static.png,False,0,missing_or_empty;low_thematic_color;low_map_ink;low_edge_detail,False,,,,False,,,,,,,3,static_png,,basic,,,C009_colorblind_safe,missing_or_empty,False,qwen2.5-coder_14b,1,experiments/05_choropleth_reliability_benchmark/outputs/runs_iterative_repair/deepseek-coder_6.7b/basic/deepseek-coder_6.7b_basic_C009_colorblind_safe_iter03_20260624_234205,,0,,,,False,,,,,,missing_or_empty,False,,,,experiments/05_choropleth_reliability_benchmark/outputs/generated_code_iterative_repair/qwen2.5-coder_14b/deepseek-coder_6.7b/basic/C009_colorblind_safe_basic_iter03.py,deepseek-coder_6.7b,False,,,
time_series.png,experiments/05_choropleth_reliability_benchmark/outputs/runs_iterative_repair/deepseek-coder_6.7b/basic/deepseek-coder_6.7b_basic_C009_colorblind_safe_iter03_20260624_234205/time_series.png,False,0,missing_or_empty;low_plot_ink;no_visible_line;low_edge_detail,False,,,,False,,,,,,,3,time_series_png,,basic,,,C009_colorblind_safe,missing_or_empty,False,qwen2.5-coder_14b,1,experiments/05_choropleth_reliability_benchmark/outputs/runs_iterative_repair/deepseek-coder_6.7b/basic/deepseek-coder_6.7b_basic_C009_colorblind_safe_iter03_20260624_234205,,0,,,,False,,,,,,missing_or_empty,False,,,,experiments/05_choropleth_reliability_benchmark/outputs/generated_code_iterative_repair/qwen2.5-coder_14b/deepseek-coder_6.7b/basic/C009_colorblind_safe_basic_iter03.py,deepseek-coder_6.7b,False,,,
map_interactive.html,experiments/05_choropleth_reliability_benchmark/outputs/runs_iterative_repair/deepseek-coder_6.7b/basic/deepseek-coder_6.7b_basic_C009_colorblind_safe_iter03_20260624_234205/map_interactive.html,False,0,missing_or_empty;html_not_rendered;low_rendered_map_ink;low_edge_detail,False,,,,False,,,,,missing,False,3,interactive_html,,basic,,,C009_colorblind_safe,,,qwen2.5-coder_14b,1,experiments/05_choropleth_reliability_benchmark/outputs/runs_iterative_repair/deepseek-coder_6.7b/basic/deepseek-coder_6.7b_basic_C009_colorblind_safe_iter03_20260624_234205,,0,,,,False,,,,,,missing_or_empty,False,,,,experiments/05_choropleth_reliability_benchmark/outputs/generated_code_iterative_repair/qwen2.5-coder_14b/deepseek-coder_6.7b/basic/C009_colorblind_safe_basic_iter03.py,deepseek-coder_6.7b,False,,False,
map_static.png,experiments/05_choropleth_reliability_benchmark/outputs/runs_iterative_repair/deepseek-coder_6.7b/basic/deepseek-coder_6.7b_basic_C010_interactive_tooltips_iter01_20260624_043811/map_static.png,False,0,missing_or_empty;low_thematic_color;low_map_ink;low_edge_detail,False,,,,False,,,,,,,1,static_png,,basic,,,C010_interactive_tooltips,missing_or_empty,False,qwen2.5-coder_32b,1,experiments/05_choropleth_reliability_benchmark/outputs/runs_iterative_repair/deepseek-coder_6.7b/basic/deepseek-coder_6.7b_basic_C010_interactive_tooltips_iter01_20260624_043811,,0,,,,False,,,,,,missing_or_empty,False,,,,experiments/05_choropleth_reliability_benchmark/outputs/generated_code_iterative_repair/qwen2.5-coder_32b/deepseek-coder_6.7b/basic/C010_interactive_tooltips_basic_iter01.py,deepseek-coder_6.7b,False,,,
time_series.png,experiments/05_choropleth_reliability_benchmark/outputs/runs_iterative_repair/deepseek-coder_6.7b/basic/deepseek-coder_6.7b_basic_C010_interactive_tooltips_iter01_20260624_043811/time_series.png,False,0,missing_or_empty;low_plot_ink;no_visible_line;low_edge_detail,False,,,,False,,,,,,,1,time_series_png,,basic,,,C010_interactive_tooltips,missing_or_empty,False,qwen2.5-coder_32b,1,experiments/05_choropleth_reliability_benchmark/outputs/runs_iterative_repair/deepseek-coder_6.7b/basic/deepseek-coder_6.7b_basic_C010_interactive_tooltips_iter01_20260624_043811,,0,,,,False,,,,,,missing_or_empty,False,,,,experiments/05_choropleth_reliability_benchmark/outputs/generated_code_iterative_repair/qwen2.5-coder_32b/deepseek-coder_6.7b/basic/C010_interactive_tooltips_basic_iter01.py,deepseek-coder_6.7b,False,,,
map_interactive.html,experiments/05_choropleth_reliability_benchmark/outputs/runs_iterative_repair/deepseek-coder_6.7b/basic/deepseek-coder_6.7b_basic_C010_interactive_tooltips_iter01_20260624_043811/map_interactive.html,False,0,html_not_rendered;low_rendered_map_ink;low_edge_detail,False,,,,True,,,,,missing,False,1,interactive_html,,basic,,,C010_interactive_tooltips,,,qwen2.5-coder_32b,1,experiments/05_choropleth_reliability_benchmark/outputs/runs_iterative_repair/deepseek-coder_6.7b/basic/deepseek-coder_6.7b_basic_C010_interactive_tooltips_iter01_20260624_043811,,0,,,,True,,,,,,missing_or_empty,False,,,,experiments/05_choropleth_reliability_benchmark/outputs/generated_code_iterative_repair/qwen2.5-coder_32b/deepseek-coder_6.7b/basic/C010_interactive_tooltips_basic_iter01.py,deepseek-coder_6.7b,False,,False,
map_static.png,experiments/05_choropleth_reliability_benchmark/outputs/runs_iterative_repair/deepseek-coder_6.7b/basic/deepseek-coder_6.7b_basic_C010_interactive_tooltips_iter01_20260624_231340/map_static.png,False,0,missing_or_empty;low_thematic_color;low_map_ink;low_edge_detail,False,,,,False,,,,,,,1,static_png,,basic,,,C010_interactive_tooltips,missing_or_empty,False,qwen2.5-coder_7b,1,experiments/05_choropleth_reliability_benchmark/outputs/runs_iterative_repair/deepseek-coder_6.7b/basic/deepseek-coder_6.7b_basic_C010_interactive_tooltips_iter01_20260624_231340,,0,,,,False,,,,,,missing_or_empty,False,,,,experiments/05_choropleth_reliability_benchmark/outputs/generated_code_iterative_repair/qwen2.5-coder_7b/deepseek-coder_6.7b/basic/C010_interactive_tooltips_basic_iter01.py,deepseek-coder_6.7b,False,,,
time_series.png,experiments/05_choropleth_reliability_benchmark/outputs/runs_iterative_repair/deepseek-coder_6.7b/basic/deepseek-coder_6.7b_basic_C010_interactive_tooltips_iter01_20260624_231340/time_series.png,False,0,missing_or_empty;low_plot_ink;no_visible_line;low_edge_detail,False,,,,False,,,,,,,1,time_series_png,,basic,,,C010_interactive_tooltips,missing_or_empty,False,qwen2.5-coder_7b,1,experiments/05_choropleth_reliability_benchmark/outputs/runs_iterative_repair/deepseek-coder_6.7b/basic/deepseek-coder_6.7b_basic_C010_interactive_tooltips_iter01_20260624_231340,,0,,,,False,,,,,,missing_or_empty,False,,,,experiments/05_choropleth_reliability_benchmark/outputs/generated_code_iterative_repair/qwen2.5-coder_7b/deepseek-coder_6.7b/basic/C010_interactive_tooltips_basic_iter01.py,deepseek-coder_6.7b,False,,,
map_interactive.html,experiments/05_choropleth_reliability_benchmark/outputs/runs_iterative_repair/deepseek-coder_6.7b/basic/deepseek-coder_6.7b_basic_C010_interactive_tooltips_iter01_20260624_231340/map_interactive.html,False,0,missing_or_empty;html_not_rendered;low_rendered_map_ink;low_edge_detail,False,,,,False,,,,,missing,False,1,interactive_html,,basic,,,C010_interactive_tooltips,,,qwen2.5-coder_7b,1,experiments/05_choropleth_reliability_benchmark/outputs/runs_iterative_repair/deepseek-coder_6.7b/basic/deepseek-coder_6.7b_basic_C010_interactive_tooltips_iter01_20260624_231340,,0,,,,False,,,,,,missing_or_empty,False,,,,experiments/05_choropleth_reliability_benchmark/outputs/generated_code_iterative_repair/qwen2.5-coder_7b/deepseek-coder_6.7b/basic/C010_interactive_tooltips_basic_iter01.py,deepseek-coder_6.7b,False,,False,
map_static.png,experiments/05_choropleth_reliability_benchmark/outputs/runs_iterative_repair/deepseek-coder_6.7b/basic/deepseek-coder_6.7b_basic_C010_interactive_tooltips_iter01_20260624_234229/map_static.png,False,0,missing_or_empty;low_thematic_color;low_map_ink;low_edge_detail,False,,,,False,,,,,,,1,static_png,,basic,,,C010_interactive_tooltips,missing_or_empty,False,qwen2.5-coder_14b,1,experiments/05_choropleth_reliability_benchmark/outputs/runs_iterative_repair/deepseek-coder_6.7b/basic/deepseek-coder_6.7b_basic_C010_interactive_tooltips_iter01_20260624_234229,,0,,,,False,,,,,,missing_or_empty,False,,,,experiments/05_choropleth_reliability_benchmark/outputs/generated_code_iterative_repair/qwen2.5-coder_14b/deepseek-coder_6.7b/basic/C010_interactive_tooltips_basic_iter01.py,deepseek-coder_6.7b,False,,,
time_series.png,experiments/05_choropleth_reliability_benchmark/outputs/runs_iterative_repair/deepseek-coder_6.7b/basic/deepseek-coder_6.7b_basic_C010_interactive_tooltips_iter01_20260624_234229/time_series.png,False,0,missing_or_empty;low_plot_ink;no_visible_line;low_edge_detail,False,,,,False,,,,,,,1,time_series_png,,basic,,,C010_interactive_tooltips,missing_or_empty,False,qwen2.5-coder_14b,1,experiments/05_choropleth_reliability_benchmark/outputs/runs_iterative_repair/deepseek-coder_6.7b/basic/deepseek-coder_6.7b_basic_C010_interactive_tooltips_iter01_20260624_234229,,0,,,,False,,,,,,missing_or_empty,False,,,,experiments/05_choropleth_reliability_benchmark/outputs/generated_code_iterative_repair/qwen2.5-coder_14b/deepseek-coder_6.7b/basic/C010_interactive_tooltips_basic_iter01.py,deepseek-coder_6.7b,False,,,
map_interactive.html,experiments/05_choropleth_reliability_benchmark/outputs/runs_iterative_repair/deepseek-coder_6.7b/basic/deepseek-coder_6.7b_basic_C010_interactive_tooltips_iter01_20260624_234229/map_interactive.html,False,0,missing_or_empty;html_not_rendered;low_rendered_map_ink;low_edge_detail,False,,,,False,,,,,missing,False,1,interactive_html,,basic,,,C010_interactive_tooltips,,,qwen2.5-coder_14b,1,experiments/05_choropleth_reliability_benchmark/outputs/runs_iterative_repair/deepseek-coder_6.7b/basic/deepseek-coder_6.7b_basic_C010_interactive_tooltips_iter01_20260624_234229,,0,,,,False,,,,,,missing_or_empty,False,,,,experiments/05_choropleth_reliability_benchmark/outputs/generated_code_iterative_repair/qwen2.5-coder_14b/deepseek-coder_6.7b/basic/C010_interactive_tooltips_basic_iter01.py,deepseek-coder_6.7b,False,,False,
map_static.png,experiments/05_choropleth_reliability_benchmark/outputs/runs_iterative_repair/deepseek-coder_6.7b/basic/deepseek-coder_6.7b_basic_C010_interactive_tooltips_iter01_20260625_001743/map_static.png,False,0,missing_or_empty;low_thematic_color;low_map_ink;low_edge_detail,False,,,,False,,,,,,,1,static_png,,basic,,,C010_interactive_tooltips,missing_or_empty,False,deepseek-coder_6.7b,1,experiments/05_choropleth_reliability_benchmark/outputs/runs_iterative_repair/deepseek-coder_6.7b/basic/deepseek-coder_6.7b_basic_C010_interactive_tooltips_iter01_20260625_001743,,0,,,,False,,,,,,missing_or_empty,False,,,,experiments/05_choropleth_reliability_benchmark/outputs/generated_code_iterative_repair/deepseek-coder_6.7b/deepseek-coder_6.7b/basic/C010_interactive_tooltips_basic_iter01.py,deepseek-coder_6.7b,False,,,
time_series.png,experiments/05_choropleth_reliability_benchmark/outputs/runs_iterative_repair/deepseek-coder_6.7b/basic/deepseek-coder_6.7b_basic_C010_interactive_tooltips_iter01_20260625_001743/time_series.png,False,0,missing_or_empty;low_plot_ink;no_visible_line;low_edge_detail,False,,,,False,,,,,,,1,time_series_png,,basic,,,C010_interactive_tooltips,missing_or_empty,False,deepseek-coder_6.7b,1,experiments/05_choropleth_reliability_benchmark/outputs/runs_iterative_repair/deepseek-coder_6.7b/basic/deepseek-coder_6.7b_basic_C010_interactive_tooltips_iter01_20260625_001743,,0,,,,False,,,,,,missing_or_empty,False,,,,experiments/05_choropleth_reliability_benchmark/outputs/generated_code_iterative_repair/deepseek-coder_6.7b/deepseek-coder_6.7b/basic/C010_interactive_tooltips_basic_iter01.py,deepseek-coder_6.7b,False,,,
map_interactive.html,experiments/05_choropleth_reliability_benchmark/outputs/runs_iterative_repair/deepseek-coder_6.7b/basic/deepseek-coder_6.7b_basic_C010_interactive_tooltips_iter01_20260625_001743/map_interactive.html,False,0,missing_or_empty;html_not_rendered;low_rendered_map_ink;low_edge_detail,False,,,,False,,,,,missing,False,1,interactive_html,,basic,,,C010_interactive_tooltips,,,deepseek-coder_6.7b,1,experiments/05_choropleth_reliability_benchmark/outputs/runs_iterative_repair/deepseek-coder_6.7b/basic/deepseek-coder_6.7b_basic_C010_interactive_tooltips_iter01_20260625_001743,,0,,,,False,,,,,,missing_or_empty,False,,,,experiments/05_choropleth_reliability_benchmark/outputs/generated_code_iterative_repair/deepseek-coder_6.7b/deepseek-coder_6.7b/basic/C010_interactive_tooltips_basic_iter01.py,deepseek-coder_6.7b,False,,False,
map_static.png,experiments/05_choropleth_reliability_benchmark/outputs/runs_iterative_repair/deepseek-coder_6.7b/basic/deepseek-coder_6.7b_basic_C010_interactive_tooltips_iter02_20260624_043903/map_static.png,False,0,missing_or_empty;low_thematic_color;low_map_ink;low_edge_detail,False,,,,False,,,,,,,2,static_png,,basic,,,C010_interactive_tooltips,missing_or_empty,False,qwen2.5-coder_32b,1,experiments/05_choropleth_reliability_benchmark/outputs/runs_iterative_repair/deepseek-coder_6.7b/basic/deepseek-coder_6.7b_basic_C010_interactive_tooltips_iter02_20260624_043903,,0,,,,False,,,,,,missing_or_empty,False,,,,experiments/05_choropleth_reliability_benchmark/outputs/generated_code_iterative_repair/qwen2.5-coder_32b/deepseek-coder_6.7b/basic/C010_interactive_tooltips_basic_iter02.py,deepseek-coder_6.7b,False,,,
time_series.png,experiments/05_choropleth_reliability_benchmark/outputs/runs_iterative_repair/deepseek-coder_6.7b/basic/deepseek-coder_6.7b_basic_C010_interactive_tooltips_iter02_20260624_043903/time_series.png,False,0,missing_or_empty;low_plot_ink;no_visible_line;low_edge_detail,False,,,,False,,,,,,,2,time_series_png,,basic,,,C010_interactive_tooltips,missing_or_empty,False,qwen2.5-coder_32b,1,experiments/05_choropleth_reliability_benchmark/outputs/runs_iterative_repair/deepseek-coder_6.7b/basic/deepseek-coder_6.7b_basic_C010_interactive_tooltips_iter02_20260624_043903,,0,,,,False,,,,,,missing_or_empty,False,,,,experiments/05_choropleth_reliability_benchmark/outputs/generated_code_iterative_repair/qwen2.5-coder_32b/deepseek-coder_6.7b/basic/C010_interactive_tooltips_basic_iter02.py,deepseek-coder_6.7b,False,,,
map_interactive.html,experiments/05_choropleth_reliability_benchmark/outputs/runs_iterative_repair/deepseek-coder_6.7b/basic/deepseek-coder_6.7b_basic_C010_interactive_tooltips_iter02_20260624_043903/map_interactive.html,False,0,missing_or_empty;html_not_rendered;low_rendered_map_ink;low_edge_detail,False,,,,False,,,,,missing,False,2,interactive_html,,basic,,,C010_interactive_tooltips,,,qwen2.5-coder_32b,1,experiments/05_choropleth_reliability_benchmark/outputs/runs_iterative_repair/deepseek-coder_6.7b/basic/deepseek-coder_6.7b_basic_C010_interactive_tooltips_iter02_20260624_043903,,0,,,,False,,,,,,missing_or_empty,False,,,,experiments/05_choropleth_reliability_benchmark/outputs/generated_code_iterative_repair/qwen2.5-coder_32b/deepseek-coder_6.7b/basic/C010_interactive_tooltips_basic_iter02.py,deepseek-coder_6.7b,False,,False,
map_static.png,experiments/05_choropleth_reliability_benchmark/outputs/runs_iterative_repair/deepseek-coder_6.7b/basic/deepseek-coder_6.7b_basic_C010_interactive_tooltips_iter02_20260624_231354/map_static.png,False,0,missing_or_empty;low_thematic_color;low_map_ink;low_edge_detail,False,,,,False,,,,,,,2,static_png,,basic,,,C010_interactive_tooltips,missing_or_empty,False,qwen2.5-coder_7b,1,experiments/05_choropleth_reliability_benchmark/outputs/runs_iterative_repair/deepseek-coder_6.7b/basic/deepseek-coder_6.7b_basic_C010_interactive_tooltips_iter02_20260624_231354,,0,,,,False,,,,,,missing_or_empty,False,,,,experiments/05_choropleth_reliability_benchmark/outputs/generated_code_iterative_repair/qwen2.5-coder_7b/deepseek-coder_6.7b/basic/C010_interactive_tooltips_basic_iter02.py,deepseek-coder_6.7b,False,,,
time_series.png,experiments/05_choropleth_reliability_benchmark/outputs/runs_iterative_repair/deepseek-coder_6.7b/basic/deepseek-coder_6.7b_basic_C010_interactive_tooltips_iter02_20260624_231354/time_series.png,False,0,missing_or_empty;low_plot_ink;no_visible_line;low_edge_detail,False,,,,False,,,,,,,2,time_series_png,,basic,,,C010_interactive_tooltips,missing_or_empty,False,qwen2.5-coder_7b,1,experiments/05_choropleth_reliability_benchmark/outputs/runs_iterative_repair/deepseek-coder_6.7b/basic/deepseek-coder_6.7b_basic_C010_interactive_tooltips_iter02_20260624_231354,,0,,,,False,,,,,,missing_or_empty,False,,,,experiments/05_choropleth_reliability_benchmark/outputs/generated_code_iterative_repair/qwen2.5-coder_7b/deepseek-coder_6.7b/basic/C010_interactive_tooltips_basic_iter02.py,deepseek-coder_6.7b,False,,,
map_interactive.html,experiments/05_choropleth_reliability_benchmark/outputs/runs_iterative_repair/deepseek-coder_6.7b/basic/deepseek-coder_6.7b_basic_C010_interactive_tooltips_iter02_20260624_231354/map_interactive.html,False,0,missing_or_empty;html_not_rendered;low_rendered_map_ink;low_edge_detail,False,,,,False,,,,,missing,False,2,interactive_html,,basic,,,C010_interactive_tooltips,,,qwen2.5-coder_7b,1,experiments/05_choropleth_reliability_benchmark/outputs/runs_iterative_repair/deepseek-coder_6.7b/basic/deepseek-coder_6.7b_basic_C010_interactive_tooltips_iter02_20260624_231354,,0,,,,False,,,,,,missing_or_empty,False,,,,experiments/05_choropleth_reliability_benchmark/outputs/generated_code_iterative_repair/qwen2.5-coder_7b/deepseek-coder_6.7b/basic/C010_interactive_tooltips_basic_iter02.py,deepseek-coder_6.7b,False,,False,
map_static.png,experiments/05_choropleth_reliability_benchmark/outputs/runs_iterative_repair/deepseek-coder_6.7b/basic/deepseek-coder_6.7b_basic_C010_interactive_tooltips_iter02_20260624_234252/map_static.png,False,0,missing_or_empty;low_thematic_color;low_map_ink;low_edge_detail,False,,,,False,,,,,,,2,static_png,,basic,,,C010_interactive_tooltips,missing_or_empty,False,qwen2.5-coder_14b,1,experiments/05_choropleth_reliability_benchmark/outputs/runs_iterative_repair/deepseek-coder_6.7b/basic/deepseek-coder_6.7b_basic_C010_interactive_tooltips_iter02_20260624_234252,,0,,,,False,,,,,,missing_or_empty,False,,,,experiments/05_choropleth_reliability_benchmark/outputs/generated_code_iterative_repair/qwen2.5-coder_14b/deepseek-coder_6.7b/basic/C010_interactive_tooltips_basic_iter02.py,deepseek-coder_6.7b,False,,,
time_series.png,experiments/05_choropleth_reliability_benchmark/outputs/runs_iterative_repair/deepseek-coder_6.7b/basic/deepseek-coder_6.7b_basic_C010_interactive_tooltips_iter02_20260624_234252/time_series.png,False,0,missing_or_empty;low_plot_ink;no_visible_line;low_edge_detail,False,,,,False,,,,,,,2,time_series_png,,basic,,,C010_interactive_tooltips,missing_or_empty,False,qwen2.5-coder_14b,1,experiments/05_choropleth_reliability_benchmark/outputs/runs_iterative_repair/deepseek-coder_6.7b/basic/deepseek-coder_6.7b_basic_C010_interactive_tooltips_iter02_20260624_234252,,0,,,,False,,,,,,missing_or_empty,False,,,,experiments/05_choropleth_reliability_benchmark/outputs/generated_code_iterative_repair/qwen2.5-coder_14b/deepseek-coder_6.7b/basic/C010_interactive_tooltips_basic_iter02.py,deepseek-coder_6.7b,False,,,
map_interactive.html,experiments/05_choropleth_reliability_benchmark/outputs/runs_iterative_repair/deepseek-coder_6.7b/basic/deepseek-coder_6.7b_basic_C010_interactive_tooltips_iter02_20260624_234252/map_interactive.html,False,0,missing_or_empty;html_not_rendered;low_rendered_map_ink;low_edge_detail,False,,,,False,,,,,missing,False,2,interactive_html,,basic,,,C010_interactive_tooltips,,,qwen2.5-coder_14b,1,experiments/05_choropleth_reliability_benchmark/outputs/runs_iterative_repair/deepseek-coder_6.7b/basic/deepseek-coder_6.7b_basic_C010_interactive_tooltips_iter02_20260624_234252,,0,,,,False,,,,,,missing_or_empty,False,,,,experiments/05_choropleth_reliability_benchmark/outputs/generated_code_iterative_repair/qwen2.5-coder_14b/deepseek-coder_6.7b/basic/C010_interactive_tooltips_basic_iter02.py,deepseek-coder_6.7b,False,,False,
map_static.png,experiments/05_choropleth_reliability_benchmark/outputs/runs_iterative_repair/deepseek-coder_6.7b/basic/deepseek-coder_6.7b_basic_C010_interactive_tooltips_iter03_20260624_062136/map_static.png,False,0,missing_or_empty;low_thematic_color;low_map_ink;low_edge_detail,False,,,,False,,,,,,,3,static_png,,basic,,,C010_interactive_tooltips,missing_or_empty,False,qwen2.5-coder_32b,1,experiments/05_choropleth_reliability_benchmark/outputs/runs_iterative_repair/deepseek-coder_6.7b/basic/deepseek-coder_6.7b_basic_C010_interactive_tooltips_iter03_20260624_062136,,0,,,,False,,,,,,missing_or_empty,False,,,,experiments/05_choropleth_reliability_benchmark/outputs/generated_code_iterative_repair/qwen2.5-coder_32b/deepseek-coder_6.7b/basic/C010_interactive_tooltips_basic_iter03.py,deepseek-coder_6.7b,False,,,
time_series.png,experiments/05_choropleth_reliability_benchmark/outputs/runs_iterative_repair/deepseek-coder_6.7b/basic/deepseek-coder_6.7b_basic_C010_interactive_tooltips_iter03_20260624_062136/time_series.png,False,0,missing_or_empty;low_plot_ink;no_visible_line;low_edge_detail,False,,,,False,,,,,,,3,time_series_png,,basic,,,C010_interactive_tooltips,missing_or_empty,False,qwen2.5-coder_32b,1,experiments/05_choropleth_reliability_benchmark/outputs/runs_iterative_repair/deepseek-coder_6.7b/basic/deepseek-coder_6.7b_basic_C010_interactive_tooltips_iter03_20260624_062136,,0,,,,False,,,,,,missing_or_empty,False,,,,experiments/05_choropleth_reliability_benchmark/outputs/generated_code_iterative_repair/qwen2.5-coder_32b/deepseek-coder_6.7b/basic/C010_interactive_tooltips_basic_iter03.py,deepseek-coder_6.7b,False,,,
map_interactive.html,experiments/05_choropleth_reliability_benchmark/outputs/runs_iterative_repair/deepseek-coder_6.7b/basic/deepseek-coder_6.7b_basic_C010_interactive_tooltips_iter03_20260624_062136/map_interactive.html,False,0,missing_or_empty;html_not_rendered;low_rendered_map_ink;low_edge_detail,False,,,,False,,,,,missing,False,3,interactive_html,,basic,,,C010_interactive_tooltips,,,qwen2.5-coder_32b,1,experiments/05_choropleth_reliability_benchmark/outputs/runs_iterative_repair/deepseek-coder_6.7b/basic/deepseek-coder_6.7b_basic_C010_interactive_tooltips_iter03_20260624_062136,,0,,,,False,,,,,,missing_or_empty,False,,,,experiments/05_choropleth_reliability_benchmark/outputs/generated_code_iterative_repair/qwen2.5-coder_32b/deepseek-coder_6.7b/basic/C010_interactive_tooltips_basic_iter03.py,deepseek-coder_6.7b,False,,False,
map_static.png,experiments/05_choropleth_reliability_benchmark/outputs/runs_iterative_repair/deepseek-coder_6.7b/basic/deepseek-coder_6.7b_basic_C010_interactive_tooltips_iter03_20260624_231407/map_static.png,False,0,missing_or_empty;low_thematic_color;low_map_ink;low_edge_detail,False,,,,False,,,,,,,3,static_png,,basic,,,C010_interactive_tooltips,missing_or_empty,False,qwen2.5-coder_7b,1,experiments/05_choropleth_reliability_benchmark/outputs/runs_iterative_repair/deepseek-coder_6.7b/basic/deepseek-coder_6.7b_basic_C010_interactive_tooltips_iter03_20260624_231407,,0,,,,False,,,,,,missing_or_empty,False,,,,experiments/05_choropleth_reliability_benchmark/outputs/generated_code_iterative_repair/qwen2.5-coder_7b/deepseek-coder_6.7b/basic/C010_interactive_tooltips_basic_iter03.py,deepseek-coder_6.7b,False,,,
time_series.png,experiments/05_choropleth_reliability_benchmark/outputs/runs_iterative_repair/deepseek-coder_6.7b/basic/deepseek-coder_6.7b_basic_C010_interactive_tooltips_iter03_20260624_231407/time_series.png,False,0,missing_or_empty;low_plot_ink;no_visible_line;low_edge_detail,False,,,,False,,,,,,,3,time_series_png,,basic,,,C010_interactive_tooltips,missing_or_empty,False,qwen2.5-coder_7b,1,experiments/05_choropleth_reliability_benchmark/outputs/runs_iterative_repair/deepseek-coder_6.7b/basic/deepseek-coder_6.7b_basic_C010_interactive_tooltips_iter03_20260624_231407,,0,,,,False,,,,,,missing_or_empty,False,,,,experiments/05_choropleth_reliability_benchmark/outputs/generated_code_iterative_repair/qwen2.5-coder_7b/deepseek-coder_6.7b/basic/C010_interactive_tooltips_basic_iter03.py,deepseek-coder_6.7b,False,,,
map_interactive.html,experiments/05_choropleth_reliability_benchmark/outputs/runs_iterative_repair/deepseek-coder_6.7b/basic/deepseek-coder_6.7b_basic_C010_interactive_tooltips_iter03_20260624_231407/map_interactive.html,False,0,missing_or_empty;html_not_rendered;low_rendered_map_ink;low_edge_detail,False,,,,False,,,,,missing,False,3,interactive_html,,basic,,,C010_interactive_tooltips,,,qwen2.5-coder_7b,1,experiments/05_choropleth_reliability_benchmark/outputs/runs_iterative_repair/deepseek-coder_6.7b/basic/deepseek-coder_6.7b_basic_C010_interactive_tooltips_iter03_20260624_231407,,0,,,,False,,,,,,missing_or_empty,False,,,,experiments/05_choropleth_reliability_benchmark/outputs/generated_code_iterative_repair/qwen2.5-coder_7b/deepseek-coder_6.7b/basic/C010_interactive_tooltips_basic_iter03.py,deepseek-coder_6.7b,False,,False,
map_static.png,experiments/05_choropleth_reliability_benchmark/outputs/runs_iterative_repair/deepseek-coder_6.7b/basic/deepseek-coder_6.7b_basic_C010_interactive_tooltips_iter03_20260624_234315/map_static.png,False,0,missing_or_empty;low_thematic_color;low_map_ink;low_edge_detail,False,,,,False,,,,,,,3,static_png,,basic,,,C010_interactive_tooltips,missing_or_empty,False,qwen2.5-coder_14b,1,experiments/05_choropleth_reliability_benchmark/outputs/runs_iterative_repair/deepseek-coder_6.7b/basic/deepseek-coder_6.7b_basic_C010_interactive_tooltips_iter03_20260624_234315,,0,,,,False,,,,,,missing_or_empty,False,,,,experiments/05_choropleth_reliability_benchmark/outputs/generated_code_iterative_repair/qwen2.5-coder_14b/deepseek-coder_6.7b/basic/C010_interactive_tooltips_basic_iter03.py,deepseek-coder_6.7b,False,,,
time_series.png,experiments/05_choropleth_reliability_benchmark/outputs/runs_iterative_repair/deepseek-coder_6.7b/basic/deepseek-coder_6.7b_basic_C010_interactive_tooltips_iter03_20260624_234315/time_series.png,False,0,missing_or_empty;low_plot_ink;no_visible_line;low_edge_detail,False,,,,False,,,,,,,3,time_series_png,,basic,,,C010_interactive_tooltips,missing_or_empty,False,qwen2.5-coder_14b,1,experiments/05_choropleth_reliability_benchmark/outputs/runs_iterative_repair/deepseek-coder_6.7b/basic/deepseek-coder_6.7b_basic_C010_interactive_tooltips_iter03_20260624_234315,,0,,,,False,,,,,,missing_or_empty,False,,,,experiments/05_choropleth_reliability_benchmark/outputs/generated_code_iterative_repair/qwen2.5-coder_14b/deepseek-coder_6.7b/basic/C010_interactive_tooltips_basic_iter03.py,deepseek-coder_6.7b,False,,,
map_interactive.html,experiments/05_choropleth_reliability_benchmark/outputs/runs_iterative_repair/deepseek-coder_6.7b/basic/deepseek-coder_6.7b_basic_C010_interactive_tooltips_iter03_20260624_234315/map_interactive.html,False,0,missing_or_empty;html_not_rendered;low_rendered_map_ink;low_edge_detail,False,,,,False,,,,,missing,False,3,interactive_html,,basic,,,C010_interactive_tooltips,,,qwen2.5-coder_14b,1,experiments/05_choropleth_reliability_benchmark/outputs/runs_iterative_repair/deepseek-coder_6.7b/basic/deepseek-coder_6.7b_basic_C010_interactive_tooltips_iter03_20260624_234315,,0,,,,False,,,,,,missing_or_empty,False,,,,experiments/05_choropleth_reliability_benchmark/outputs/generated_code_iterative_repair/qwen2.5-coder_14b/deepseek-coder_6.7b/basic/C010_interactive_tooltips_basic_iter03.py,deepseek-coder_6.7b,False,,False,
map_static.png,experiments/05_choropleth_reliability_benchmark/outputs/runs_iterative_repair/deepseek-coder_6.7b/rules/deepseek-coder_6.7b_rules_C002_static_number_fires_iter01_20260624_044023/map_static.png,False,0,missing_or_empty;low_thematic_color;low_map_ink;low_edge_detail,False,,,,False,,,,,,,1,static_png,,rules,,,C002_static_number_fires,missing_or_empty,False,qwen2.5-coder_32b,1,experiments/05_choropleth_reliability_benchmark/outputs/runs_iterative_repair/deepseek-coder_6.7b/rules/deepseek-coder_6.7b_rules_C002_static_number_fires_iter01_20260624_044023,,0,,,,False,,,,,,missing_or_empty,False,,,,experiments/05_choropleth_reliability_benchmark/outputs/generated_code_iterative_repair/qwen2.5-coder_32b/deepseek-coder_6.7b/rules/C002_static_number_fires_rules_iter01.py,deepseek-coder_6.7b,False,,,
time_series.png,experiments/05_choropleth_reliability_benchmark/outputs/runs_iterative_repair/deepseek-coder_6.7b/rules/deepseek-coder_6.7b_rules_C002_static_number_fires_iter01_20260624_044023/time_series.png,False,0,missing_or_empty;low_plot_ink;no_visible_line;low_edge_detail,False,,,,False,,,,,,,1,time_series_png,,rules,,,C002_static_number_fires,missing_or_empty,False,qwen2.5-coder_32b,1,experiments/05_choropleth_reliability_benchmark/outputs/runs_iterative_repair/deepseek-coder_6.7b/rules/deepseek-coder_6.7b_rules_C002_static_number_fires_iter01_20260624_044023,,0,,,,False,,,,,,missing_or_empty,False,,,,experiments/05_choropleth_reliability_benchmark/outputs/generated_code_iterative_repair/qwen2.5-coder_32b/deepseek-coder_6.7b/rules/C002_static_number_fires_rules_iter01.py,deepseek-coder_6.7b,False,,,
map_interactive.html,experiments/05_choropleth_reliability_benchmark/outputs/runs_iterative_repair/deepseek-coder_6.7b/rules/deepseek-coder_6.7b_rules_C002_static_number_fires_iter01_20260624_044023/map_interactive.html,False,0,missing_or_empty;html_not_rendered;low_rendered_map_ink;low_edge_detail,False,,,,False,,,,,missing,False,1,interactive_html,,rules,,,C002_static_number_fires,,,qwen2.5-coder_32b,1,experiments/05_choropleth_reliability_benchmark/outputs/runs_iterative_repair/deepseek-coder_6.7b/rules/deepseek-coder_6.7b_rules_C002_static_number_fires_iter01_20260624_044023,,0,,,,False,,,,,,missing_or_empty,False,,,,experiments/05_choropleth_reliability_benchmark/outputs/generated_code_iterative_repair/qwen2.5-coder_32b/deepseek-coder_6.7b/rules/C002_static_number_fires_rules_iter01.py,deepseek-coder_6.7b,False,,False,
map_static.png,experiments/05_choropleth_reliability_benchmark/outputs/runs_iterative_repair/deepseek-coder_6.7b/rules/deepseek-coder_6.7b_rules_C002_static_number_fires_iter01_20260624_231424/map_static.png,False,0,missing_or_empty;low_thematic_color;low_map_ink;low_edge_detail,False,,,,False,,,,,,,1,static_png,,rules,,,C002_static_number_fires,missing_or_empty,False,qwen2.5-coder_7b,1,experiments/05_choropleth_reliability_benchmark/outputs/runs_iterative_repair/deepseek-coder_6.7b/rules/deepseek-coder_6.7b_rules_C002_static_number_fires_iter01_20260624_231424,,0,,,,False,,,,,,missing_or_empty,False,,,,experiments/05_choropleth_reliability_benchmark/outputs/generated_code_iterative_repair/qwen2.5-coder_7b/deepseek-coder_6.7b/rules/C002_static_number_fires_rules_iter01.py,deepseek-coder_6.7b,False,,,
time_series.png,experiments/05_choropleth_reliability_benchmark/outputs/runs_iterative_repair/deepseek-coder_6.7b/rules/deepseek-coder_6.7b_rules_C002_static_number_fires_iter01_20260624_231424/time_series.png,False,0,missing_or_empty;low_plot_ink;no_visible_line;low_edge_detail,False,,,,False,,,,,,,1,time_series_png,,rules,,,C002_static_number_fires,missing_or_empty,False,qwen2.5-coder_7b,1,experiments/05_choropleth_reliability_benchmark/outputs/runs_iterative_repair/deepseek-coder_6.7b/rules/deepseek-coder_6.7b_rules_C002_static_number_fires_iter01_20260624_231424,,0,,,,False,,,,,,missing_or_empty,False,,,,experiments/05_choropleth_reliability_benchmark/outputs/generated_code_iterative_repair/qwen2.5-coder_7b/deepseek-coder_6.7b/rules/C002_static_number_fires_rules_iter01.py,deepseek-coder_6.7b,False,,,
map_interactive.html,experiments/05_choropleth_reliability_benchmark/outputs/runs_iterative_repair/deepseek-coder_6.7b/rules/deepseek-coder_6.7b_rules_C002_static_number_fires_iter01_20260624_231424/map_interactive.html,False,0,missing_or_empty;html_not_rendered;low_rendered_map_ink;low_edge_detail,False,,,,False,,,,,missing,False,1,interactive_html,,rules,,,C002_static_number_fires,,,qwen2.5-coder_7b,1,experiments/05_choropleth_reliability_benchmark/outputs/runs_iterative_repair/deepseek-coder_6.7b/rules/deepseek-coder_6.7b_rules_C002_static_number_fires_iter01_20260624_231424,,0,,,,False,,,,,,missing_or_empty,False,,,,experiments/05_choropleth_reliability_benchmark/outputs/generated_code_iterative_repair/qwen2.5-coder_7b/deepseek-coder_6.7b/rules/C002_static_number_fires_rules_iter01.py,deepseek-coder_6.7b,False,,False,
map_static.png,experiments/05_choropleth_reliability_benchmark/outputs/runs_iterative_repair/deepseek-coder_6.7b/rules/deepseek-coder_6.7b_rules_C002_static_number_fires_iter01_20260624_234346/map_static.png,False,0,missing_or_empty;low_thematic_color;low_map_ink;low_edge_detail,False,,,,False,,,,,,,1,static_png,,rules,,,C002_static_number_fires,missing_or_empty,False,qwen2.5-coder_14b,1,experiments/05_choropleth_reliability_benchmark/outputs/runs_iterative_repair/deepseek-coder_6.7b/rules/deepseek-coder_6.7b_rules_C002_static_number_fires_iter01_20260624_234346,,0,,,,False,,,,,,missing_or_empty,False,,,,experiments/05_choropleth_reliability_benchmark/outputs/generated_code_iterative_repair/qwen2.5-coder_14b/deepseek-coder_6.7b/rules/C002_static_number_fires_rules_iter01.py,deepseek-coder_6.7b,False,,,
time_series.png,experiments/05_choropleth_reliability_benchmark/outputs/runs_iterative_repair/deepseek-coder_6.7b/rules/deepseek-coder_6.7b_rules_C002_static_number_fires_iter01_20260624_234346/time_series.png,False,0,missing_or_empty;low_plot_ink;no_visible_line;low_edge_detail,False,,,,False,,,,,,,1,time_series_png,,rules,,,C002_static_number_fires,missing_or_empty,False,qwen2.5-coder_14b,1,experiments/05_choropleth_reliability_benchmark/outputs/runs_iterative_repair/deepseek-coder_6.7b/rules/deepseek-coder_6.7b_rules_C002_static_number_fires_iter01_20260624_234346,,0,,,,False,,,,,,missing_or_empty,False,,,,experiments/05_choropleth_reliability_benchmark/outputs/generated_code_iterative_repair/qwen2.5-coder_14b/deepseek-coder_6.7b/rules/C002_static_number_fires_rules_iter01.py,deepseek-coder_6.7b,False,,,
map_interactive.html,experiments/05_choropleth_reliability_benchmark/outputs/runs_iterative_repair/deepseek-coder_6.7b/rules/deepseek-coder_6.7b_rules_C002_static_number_fires_iter01_20260624_234346/map_interactive.html,False,0,missing_or_empty;html_not_rendered;low_rendered_map_ink;low_edge_detail,False,,,,False,,,,,missing,False,1,interactive_html,,rules,,,C002_static_number_fires,,,qwen2.5-coder_14b,1,experiments/05_choropleth_reliability_benchmark/outputs/runs_iterative_repair/deepseek-coder_6.7b/rules/deepseek-coder_6.7b_rules_C002_static_number_fires_iter01_20260624_234346,,0,,,,False,,,,,,missing_or_empty,False,,,,experiments/05_choropleth_reliability_benchmark/outputs/generated_code_iterative_repair/qwen2.5-coder_14b/deepseek-coder_6.7b/rules/C002_static_number_fires_rules_iter01.py,deepseek-coder_6.7b,False,,False,
map_static.png,experiments/05_choropleth_reliability_benchmark/outputs/runs_iterative_repair/deepseek-coder_6.7b/rules/deepseek-coder_6.7b_rules_C002_static_number_fires_iter01_20260625_001819/map_static.png,False,0,missing_or_empty;low_thematic_color;low_map_ink;low_edge_detail,False,,,,False,,,,,,,1,static_png,,rules,,,C002_static_number_fires,missing_or_empty,False,deepseek-coder_6.7b,1,experiments/05_choropleth_reliability_benchmark/outputs/runs_iterative_repair/deepseek-coder_6.7b/rules/deepseek-coder_6.7b_rules_C002_static_number_fires_iter01_20260625_001819,,0,,,,False,,,,,,missing_or_empty,False,,,,experiments/05_choropleth_reliability_benchmark/outputs/generated_code_iterative_repair/deepseek-coder_6.7b/deepseek-coder_6.7b/rules/C002_static_number_fires_rules_iter01.py,deepseek-coder_6.7b,False,,,
time_series.png,experiments/05_choropleth_reliability_benchmark/outputs/runs_iterative_repair/deepseek-coder_6.7b/rules/deepseek-coder_6.7b_rules_C002_static_number_fires_iter01_20260625_001819/time_series.png,False,0,missing_or_empty;low_plot_ink;no_visible_line;low_edge_detail,False,,,,False,,,,,,,1,time_series_png,,rules,,,C002_static_number_fires,missing_or_empty,False,deepseek-coder_6.7b,1,experiments/05_choropleth_reliability_benchmark/outputs/runs_iterative_repair/deepseek-coder_6.7b/rules/deepseek-coder_6.7b_rules_C002_static_number_fires_iter01_20260625_001819,,0,,,,False,,,,,,missing_or_empty,False,,,,experiments/05_choropleth_reliability_benchmark/outputs/generated_code_iterative_repair/deepseek-coder_6.7b/deepseek-coder_6.7b/rules/C002_static_number_fires_rules_iter01.py,deepseek-coder_6.7b,False,,,
map_interactive.html,experiments/05_choropleth_reliability_benchmark/outputs/runs_iterative_repair/deepseek-coder_6.7b/rules/deepseek-coder_6.7b_rules_C002_static_number_fires_iter01_20260625_001819/map_interactive.html,False,0,missing_or_empty;html_not_rendered;low_rendered_map_ink;low_edge_detail,False,,,,False,,,,,missing,False,1,interactive_html,,rules,,,C002_static_number_fires,,,deepseek-coder_6.7b,1,experiments/05_choropleth_reliability_benchmark/outputs/runs_iterative_repair/deepseek-coder_6.7b/rules/deepseek-coder_6.7b_rules_C002_static_number_fires_iter01_20260625_001819,,0,,,,False,,,,,,missing_or_empty,False,,,,experiments/05_choropleth_reliability_benchmark/outputs/generated_code_iterative_repair/deepseek-coder_6.7b/deepseek-coder_6.7b/rules/C002_static_number_fires_rules_iter01.py,deepseek-coder_6.7b,False,,False,
map_static.png,experiments/05_choropleth_reliability_benchmark/outputs/runs_iterative_repair/deepseek-coder_6.7b/rules/deepseek-coder_6.7b_rules_C002_static_number_fires_iter02_20260624_044122/map_static.png,True,74965,,True,0.0433,255,19.329,True,,,,682,,,2,static_png,223.725,rules,0.9681,0.3417,C002_static_number_fires,,True,qwen2.5-coder_32b,0,experiments/05_choropleth_reliability_benchmark/outputs/runs_iterative_repair/deepseek-coder_6.7b/rules/deepseek-coder_6.7b_rules_C002_static_number_fires_iter02_20260624_044122,0.0620,74965,0.0433,255,19.329,True,682,223.725,0.9681,0.3417,,,True,0.0620,61,508,experiments/05_choropleth_reliability_benchmark/outputs/generated_code_iterative_repair/qwen2.5-coder_32b/deepseek-coder_6.7b/rules/C002_static_number_fires_rules_iter02.py,deepseek-coder_6.7b,False,61,,508
time_series.png,experiments/05_choropleth_reliability_benchmark/outputs/runs_iterative_repair/deepseek-coder_6.7b/rules/deepseek-coder_6.7b_rules_C002_static_number_fires_iter02_20260624_044122/time_series.png,False,0,missing_or_empty;low_plot_ink;no_visible_line;low_edge_detail,False,,,,False,,,,,,,2,time_series_png,,rules,,,C002_static_number_fires,missing_or_empty,False,qwen2.5-coder_32b,0,experiments/05_choropleth_reliability_benchmark/outputs/runs_iterative_repair/deepseek-coder_6.7b/rules/deepseek-coder_6.7b_rules_C002_static_number_fires_iter02_20260624_044122,,0,,,,False,,,,,,missing_or_empty,False,,,,experiments/05_choropleth_reliability_benchmark/outputs/generated_code_iterative_repair/qwen2.5-coder_32b/deepseek-coder_6.7b/rules/C002_static_number_fires_rules_iter02.py,deepseek-coder_6.7b,False,,,
map_interactive.html,experiments/05_choropleth_reliability_benchmark/outputs/runs_iterative_repair/deepseek-coder_6.7b/rules/deepseek-coder_6.7b_rules_C002_static_number_fires_iter02_20260624_044122/map_interactive.html,False,0,missing_or_empty;html_not_rendered;low_rendered_map_ink;low_edge_detail,False,,,,False,,,,,missing,False,2,interactive_html,,rules,,,C002_static_number_fires,,,qwen2.5-coder_32b,0,experiments/05_choropleth_reliability_benchmark/outputs/runs_iterative_repair/deepseek-coder_6.7b/rules/deepseek-coder_6.7b_rules_C002_static_number_fires_iter02_20260624_044122,,0,,,,False,,,,,,missing_or_empty,False,,,,experiments/05_choropleth_reliability_benchmark/outputs/generated_code_iterative_repair/qwen2.5-coder_32b/deepseek-coder_6.7b/rules/C002_static_number_fires_rules_iter02.py,deepseek-coder_6.7b,False,,False,
map_static.png,experiments/05_choropleth_reliability_benchmark/outputs/runs_iterative_repair/deepseek-coder_6.7b/rules/deepseek-coder_6.7b_rules_C002_static_number_fires_iter02_20260624_231443/map_static.png,False,0,missing_or_empty;low_thematic_color;low_map_ink;low_edge_detail,False,,,,False,,,,,,,2,static_png,,rules,,,C002_static_number_fires,missing_or_empty,False,qwen2.5-coder_7b,1,experiments/05_choropleth_reliability_benchmark/outputs/runs_iterative_repair/deepseek-coder_6.7b/rules/deepseek-coder_6.7b_rules_C002_static_number_fires_iter02_20260624_231443,,0,,,,False,,,,,,missing_or_empty,False,,,,experiments/05_choropleth_reliability_benchmark/outputs/generated_code_iterative_repair/qwen2.5-coder_7b/deepseek-coder_6.7b/rules/C002_static_number_fires_rules_iter02.py,deepseek-coder_6.7b,False,,,
time_series.png,experiments/05_choropleth_reliability_benchmark/outputs/runs_iterative_repair/deepseek-coder_6.7b/rules/deepseek-coder_6.7b_rules_C002_static_number_fires_iter02_20260624_231443/time_series.png,False,0,missing_or_empty;low_plot_ink;no_visible_line;low_edge_detail,False,,,,False,,,,,,,2,time_series_png,,rules,,,C002_static_number_fires,missing_or_empty,False,qwen2.5-coder_7b,1,experiments/05_choropleth_reliability_benchmark/outputs/runs_iterative_repair/deepseek-coder_6.7b/rules/deepseek-coder_6.7b_rules_C002_static_number_fires_iter02_20260624_231443,,0,,,,False,,,,,,missing_or_empty,False,,,,experiments/05_choropleth_reliability_benchmark/outputs/generated_code_iterative_repair/qwen2.5-coder_7b/deepseek-coder_6.7b/rules/C002_static_number_fires_rules_iter02.py,deepseek-coder_6.7b,False,,,
map_interactive.html,experiments/05_choropleth_reliability_benchmark/outputs/runs_iterative_repair/deepseek-coder_6.7b/rules/deepseek-coder_6.7b_rules_C002_static_number_fires_iter02_20260624_231443/map_interactive.html,False,0,missing_or_empty;html_not_rendered;low_rendered_map_ink;low_edge_detail,False,,,,False,,,,,missing,False,2,interactive_html,,rules,,,C002_static_number_fires,,,qwen2.5-coder_7b,1,experiments/05_choropleth_reliability_benchmark/outputs/runs_iterative_repair/deepseek-coder_6.7b/rules/deepseek-coder_6.7b_rules_C002_static_number_fires_iter02_20260624_231443,,0,,,,False,,,,,,missing_or_empty,False,,,,experiments/05_choropleth_reliability_benchmark/outputs/generated_code_iterative_repair/qwen2.5-coder_7b/deepseek-coder_6.7b/rules/C002_static_number_fires_rules_iter02.py,deepseek-coder_6.7b,False,,False,
map_static.png,experiments/05_choropleth_reliability_benchmark/outputs/runs_iterative_repair/deepseek-coder_6.7b/rules/deepseek-coder_6.7b_rules_C002_static_number_fires_iter02_20260624_234418/map_static.png,False,0,missing_or_empty;low_thematic_color;low_map_ink;low_edge_detail,False,,,,False,,,,,,,2,static_png,,rules,,,C002_static_number_fires,missing_or_empty,False,qwen2.5-coder_14b,1,experiments/05_choropleth_reliability_benchmark/outputs/runs_iterative_repair/deepseek-coder_6.7b/rules/deepseek-coder_6.7b_rules_C002_static_number_fires_iter02_20260624_234418,,0,,,,False,,,,,,missing_or_empty,False,,,,experiments/05_choropleth_reliability_benchmark/outputs/generated_code_iterative_repair/qwen2.5-coder_14b/deepseek-coder_6.7b/rules/C002_static_number_fires_rules_iter02.py,deepseek-coder_6.7b,False,,,
time_series.png,experiments/05_choropleth_reliability_benchmark/outputs/runs_iterative_repair/deepseek-coder_6.7b/rules/deepseek-coder_6.7b_rules_C002_static_number_fires_iter02_20260624_234418/time_series.png,False,0,missing_or_empty;low_plot_ink;no_visible_line;low_edge_detail,False,,,,False,,,,,,,2,time_series_png,,rules,,,C002_static_number_fires,missing_or_empty,False,qwen2.5-coder_14b,1,experiments/05_choropleth_reliability_benchmark/outputs/runs_iterative_repair/deepseek-coder_6.7b/rules/deepseek-coder_6.7b_rules_C002_static_number_fires_iter02_20260624_234418,,0,,,,False,,,,,,missing_or_empty,False,,,,experiments/05_choropleth_reliability_benchmark/outputs/generated_code_iterative_repair/qwen2.5-coder_14b/deepseek-coder_6.7b/rules/C002_static_number_fires_rules_iter02.py,deepseek-coder_6.7b,False,,,
map_interactive.html,experiments/05_choropleth_reliability_benchmark/outputs/runs_iterative_repair/deepseek-coder_6.7b/rules/deepseek-coder_6.7b_rules_C002_static_number_fires_iter02_20260624_234418/map_interactive.html,False,0,missing_or_empty;html_not_rendered;low_rendered_map_ink;low_edge_detail,False,,,,False,,,,,missing,False,2,interactive_html,,rules,,,C002_static_number_fires,,,qwen2.5-coder_14b,1,experiments/05_choropleth_reliability_benchmark/outputs/runs_iterative_repair/deepseek-coder_6.7b/rules/deepseek-coder_6.7b_rules_C002_static_number_fires_iter02_20260624_234418,,0,,,,False,,,,,,missing_or_empty,False,,,,experiments/05_choropleth_reliability_benchmark/outputs/generated_code_iterative_repair/qwen2.5-coder_14b/deepseek-coder_6.7b/rules/C002_static_number_fires_rules_iter02.py,deepseek-coder_6.7b,False,,False,
map_static.png,experiments/05_choropleth_reliability_benchmark/outputs/runs_iterative_repair/deepseek-coder_6.7b/rules/deepseek-coder_6.7b_rules_C002_static_number_fires_iter02_20260625_001835/map_static.png,False,0,missing_or_empty;low_thematic_color;low_map_ink;low_edge_detail,False,,,,False,,,,,,,2,static_png,,rules,,,C002_static_number_fires,missing_or_empty,False,deepseek-coder_6.7b,1,experiments/05_choropleth_reliability_benchmark/outputs/runs_iterative_repair/deepseek-coder_6.7b/rules/deepseek-coder_6.7b_rules_C002_static_number_fires_iter02_20260625_001835,,0,,,,False,,,,,,missing_or_empty,False,,,,experiments/05_choropleth_reliability_benchmark/outputs/generated_code_iterative_repair/deepseek-coder_6.7b/deepseek-coder_6.7b/rules/C002_static_number_fires_rules_iter02.py,deepseek-coder_6.7b,False,,,
time_series.png,experiments/05_choropleth_reliability_benchmark/outputs/runs_iterative_repair/deepseek-coder_6.7b/rules/deepseek-coder_6.7b_rules_C002_static_number_fires_iter02_20260625_001835/time_series.png,False,0,missing_or_empty;low_plot_ink;no_visible_line;low_edge_detail,False,,,,False,,,,,,,2,time_series_png,,rules,,,C002_static_number_fires,missing_or_empty,False,deepseek-coder_6.7b,1,experiments/05_choropleth_reliability_benchmark/outputs/runs_iterative_repair/deepseek-coder_6.7b/rules/deepseek-coder_6.7b_rules_C002_static_number_fires_iter02_20260625_001835,,0,,,,False,,,,,,missing_or_empty,False,,,,experiments/05_choropleth_reliability_benchmark/outputs/generated_code_iterative_repair/deepseek-coder_6.7b/deepseek-coder_6.7b/rules/C002_static_number_fires_rules_iter02.py,deepseek-coder_6.7b,False,,,
map_interactive.html,experiments/05_choropleth_reliability_benchmark/outputs/runs_iterative_repair/deepseek-coder_6.7b/rules/deepseek-coder_6.7b_rules_C002_static_number_fires_iter02_20260625_001835/map_interactive.html,False,0,missing_or_empty;html_not_rendered;low_rendered_map_ink;low_edge_detail,False,,,,False,,,,,missing,False,2,interactive_html,,rules,,,C002_static_number_fires,,,deepseek-coder_6.7b,1,experiments/05_choropleth_reliability_benchmark/outputs/runs_iterative_repair/deepseek-coder_6.7b/rules/deepseek-coder_6.7b_rules_C002_static_number_fires_iter02_20260625_001835,,0,,,,False,,,,,,missing_or_empty,False,,,,experiments/05_choropleth_reliability_benchmark/outputs/generated_code_iterative_repair/deepseek-coder_6.7b/deepseek-coder_6.7b/rules/C002_static_number_fires_rules_iter02.py,deepseek-coder_6.7b,False,,False,
map_static.png,experiments/05_choropleth_reliability_benchmark/outputs/runs_iterative_repair/deepseek-coder_6.7b/rules/deepseek-coder_6.7b_rules_C002_static_number_fires_iter03_20260624_231502/map_static.png,False,0,missing_or_empty;low_thematic_color;low_map_ink;low_edge_detail,False,,,,False,,,,,,,3,static_png,,rules,,,C002_static_number_fires,missing_or_empty,False,qwen2.5-coder_7b,1,experiments/05_choropleth_reliability_benchmark/outputs/runs_iterative_repair/deepseek-coder_6.7b/rules/deepseek-coder_6.7b_rules_C002_static_number_fires_iter03_20260624_231502,,0,,,,False,,,,,,missing_or_empty,False,,,,experiments/05_choropleth_reliability_benchmark/outputs/generated_code_iterative_repair/qwen2.5-coder_7b/deepseek-coder_6.7b/rules/C002_static_number_fires_rules_iter03.py,deepseek-coder_6.7b,False,,,
time_series.png,experiments/05_choropleth_reliability_benchmark/outputs/runs_iterative_repair/deepseek-coder_6.7b/rules/deepseek-coder_6.7b_rules_C002_static_number_fires_iter03_20260624_231502/time_series.png,False,0,missing_or_empty;low_plot_ink;no_visible_line;low_edge_detail,False,,,,False,,,,,,,3,time_series_png,,rules,,,C002_static_number_fires,missing_or_empty,False,qwen2.5-coder_7b,1,experiments/05_choropleth_reliability_benchmark/outputs/runs_iterative_repair/deepseek-coder_6.7b/rules/deepseek-coder_6.7b_rules_C002_static_number_fires_iter03_20260624_231502,,0,,,,False,,,,,,missing_or_empty,False,,,,experiments/05_choropleth_reliability_benchmark/outputs/generated_code_iterative_repair/qwen2.5-coder_7b/deepseek-coder_6.7b/rules/C002_static_number_fires_rules_iter03.py,deepseek-coder_6.7b,False,,,
map_interactive.html,experiments/05_choropleth_reliability_benchmark/outputs/runs_iterative_repair/deepseek-coder_6.7b/rules/deepseek-coder_6.7b_rules_C002_static_number_fires_iter03_20260624_231502/map_interactive.html,False,0,missing_or_empty;html_not_rendered;low_rendered_map_ink;low_edge_detail,False,,,,False,,,,,missing,False,3,interactive_html,,rules,,,C002_static_number_fires,,,qwen2.5-coder_7b,1,experiments/05_choropleth_reliability_benchmark/outputs/runs_iterative_repair/deepseek-coder_6.7b/rules/deepseek-coder_6.7b_rules_C002_static_number_fires_iter03_20260624_231502,,0,,,,False,,,,,,missing_or_empty,False,,,,experiments/05_choropleth_reliability_benchmark/outputs/generated_code_iterative_repair/qwen2.5-coder_7b/deepseek-coder_6.7b/rules/C002_static_number_fires_rules_iter03.py,deepseek-coder_6.7b,False,,False,
map_static.png,experiments/05_choropleth_reliability_benchmark/outputs/runs_iterative_repair/deepseek-coder_6.7b/rules/deepseek-coder_6.7b_rules_C002_static_number_fires_iter03_20260624_234448/map_static.png,False,0,missing_or_empty;low_thematic_color;low_map_ink;low_edge_detail,False,,,,False,,,,,,,3,static_png,,rules,,,C002_static_number_fires,missing_or_empty,False,qwen2.5-coder_14b,1,experiments/05_choropleth_reliability_benchmark/outputs/runs_iterative_repair/deepseek-coder_6.7b/rules/deepseek-coder_6.7b_rules_C002_static_number_fires_iter03_20260624_234448,,0,,,,False,,,,,,missing_or_empty,False,,,,experiments/05_choropleth_reliability_benchmark/outputs/generated_code_iterative_repair/qwen2.5-coder_14b/deepseek-coder_6.7b/rules/C002_static_number_fires_rules_iter03.py,deepseek-coder_6.7b,False,,,
time_series.png,experiments/05_choropleth_reliability_benchmark/outputs/runs_iterative_repair/deepseek-coder_6.7b/rules/deepseek-coder_6.7b_rules_C002_static_number_fires_iter03_20260624_234448/time_series.png,False,0,missing_or_empty;low_plot_ink;no_visible_line;low_edge_detail,False,,,,False,,,,,,,3,time_series_png,,rules,,,C002_static_number_fires,missing_or_empty,False,qwen2.5-coder_14b,1,experiments/05_choropleth_reliability_benchmark/outputs/runs_iterative_repair/deepseek-coder_6.7b/rules/deepseek-coder_6.7b_rules_C002_static_number_fires_iter03_20260624_234448,,0,,,,False,,,,,,missing_or_empty,False,,,,experiments/05_choropleth_reliability_benchmark/outputs/generated_code_iterative_repair/qwen2.5-coder_14b/deepseek-coder_6.7b/rules/C002_static_number_fires_rules_iter03.py,deepseek-coder_6.7b,False,,,
map_interactive.html,experiments/05_choropleth_reliability_benchmark/outputs/runs_iterative_repair/deepseek-coder_6.7b/rules/deepseek-coder_6.7b_rules_C002_static_number_fires_iter03_20260624_234448/map_interactive.html,False,0,missing_or_empty;html_not_rendered;low_rendered_map_ink;low_edge_detail,False,,,,False,,,,,missing,False,3,interactive_html,,rules,,,C002_static_number_fires,,,qwen2.5-coder_14b,1,experiments/05_choropleth_reliability_benchmark/outputs/runs_iterative_repair/deepseek-coder_6.7b/rules/deepseek-coder_6.7b_rules_C002_static_number_fires_iter03_20260624_234448,,0,,,,False,,,,,,missing_or_empty,False,,,,experiments/05_choropleth_reliability_benchmark/outputs/generated_code_iterative_repair/qwen2.5-coder_14b/deepseek-coder_6.7b/rules/C002_static_number_fires_rules_iter03.py,deepseek-coder_6.7b,False,,False,
map_static.png,experiments/05_choropleth_reliability_benchmark/outputs/runs_iterative_repair/deepseek-coder_6.7b/rules/deepseek-coder_6.7b_rules_C002_static_number_fires_iter03_20260625_001850/map_static.png,False,0,missing_or_empty;low_thematic_color;low_map_ink;low_edge_detail,False,,,,False,,,,,,,3,static_png,,rules,,,C002_static_number_fires,missing_or_empty,False,deepseek-coder_6.7b,1,experiments/05_choropleth_reliability_benchmark/outputs/runs_iterative_repair/deepseek-coder_6.7b/rules/deepseek-coder_6.7b_rules_C002_static_number_fires_iter03_20260625_001850,,0,,,,False,,,,,,missing_or_empty,False,,,,experiments/05_choropleth_reliability_benchmark/outputs/generated_code_iterative_repair/deepseek-coder_6.7b/deepseek-coder_6.7b/rules/C002_static_number_fires_rules_iter03.py,deepseek-coder_6.7b,False,,,
time_series.png,experiments/05_choropleth_reliability_benchmark/outputs/runs_iterative_repair/deepseek-coder_6.7b/rules/deepseek-coder_6.7b_rules_C002_static_number_fires_iter03_20260625_001850/time_series.png,False,0,missing_or_empty;low_plot_ink;no_visible_line;low_edge_detail,False,,,,False,,,,,,,3,time_series_png,,rules,,,C002_static_number_fires,missing_or_empty,False,deepseek-coder_6.7b,1,experiments/05_choropleth_reliability_benchmark/outputs/runs_iterative_repair/deepseek-coder_6.7b/rules/deepseek-coder_6.7b_rules_C002_static_number_fires_iter03_20260625_001850,,0,,,,False,,,,,,missing_or_empty,False,,,,experiments/05_choropleth_reliability_benchmark/outputs/generated_code_iterative_repair/deepseek-coder_6.7b/deepseek-coder_6.7b/rules/C002_static_number_fires_rules_iter03.py,deepseek-coder_6.7b,False,,,
map_interactive.html,experiments/05_choropleth_reliability_benchmark/outputs/runs_iterative_repair/deepseek-coder_6.7b/rules/deepseek-coder_6.7b_rules_C002_static_number_fires_iter03_20260625_001850/map_interactive.html,False,0,missing_or_empty;html_not_rendered;low_rendered_map_ink;low_edge_detail,False,,,,False,,,,,missing,False,3,interactive_html,,rules,,,C002_static_number_fires,,,deepseek-coder_6.7b,1,experiments/05_choropleth_reliability_benchmark/outputs/runs_iterative_repair/deepseek-coder_6.7b/rules/deepseek-coder_6.7b_rules_C002_static_number_fires_iter03_20260625_001850,,0,,,,False,,,,,,missing_or_empty,False,,,,experiments/05_choropleth_reliability_benchmark/outputs/generated_code_iterative_repair/deepseek-coder_6.7b/deepseek-coder_6.7b/rules/C002_static_number_fires_rules_iter03.py,deepseek-coder_6.7b,False,,False,
map_static.png,experiments/05_choropleth_reliability_benchmark/outputs/runs_iterative_repair/deepseek-coder_6.7b/rules/deepseek-coder_6.7b_rules_C003_static_full_layout_iter01_20260624_040903/map_static.png,False,0,missing_or_empty;low_thematic_color;low_map_ink;low_edge_detail,False,,,,False,,,,,,,1,static_png,,rules,,,C003_static_full_layout,missing_or_empty,False,qwen2.5-coder_32b,0,experiments/05_choropleth_reliability_benchmark/outputs/runs_iterative_repair/deepseek-coder_6.7b/rules/deepseek-coder_6.7b_rules_C003_static_full_layout_iter01_20260624_040903,,0,,,,False,,,,,,missing_or_empty,False,,,,experiments/05_choropleth_reliability_benchmark/outputs/generated_code_iterative_repair/qwen2.5-coder_32b/deepseek-coder_6.7b/rules/C003_static_full_layout_rules_iter01.py,deepseek-coder_6.7b,False,,,
time_series.png,experiments/05_choropleth_reliability_benchmark/outputs/runs_iterative_repair/deepseek-coder_6.7b/rules/deepseek-coder_6.7b_rules_C003_static_full_layout_iter01_20260624_040903/time_series.png,False,0,missing_or_empty;low_plot_ink;no_visible_line;low_edge_detail,False,,,,False,,,,,,,1,time_series_png,,rules,,,C003_static_full_layout,missing_or_empty,False,qwen2.5-coder_32b,0,experiments/05_choropleth_reliability_benchmark/outputs/runs_iterative_repair/deepseek-coder_6.7b/rules/deepseek-coder_6.7b_rules_C003_static_full_layout_iter01_20260624_040903,,0,,,,False,,,,,,missing_or_empty,False,,,,experiments/05_choropleth_reliability_benchmark/outputs/generated_code_iterative_repair/qwen2.5-coder_32b/deepseek-coder_6.7b/rules/C003_static_full_layout_rules_iter01.py,deepseek-coder_6.7b,False,,,
map_interactive.html,experiments/05_choropleth_reliability_benchmark/outputs/runs_iterative_repair/deepseek-coder_6.7b/rules/deepseek-coder_6.7b_rules_C003_static_full_layout_iter01_20260624_040903/map_interactive.html,False,0,missing_or_empty;html_not_rendered;low_rendered_map_ink;low_edge_detail,False,,,,False,,,,,missing,False,1,interactive_html,,rules,,,C003_static_full_layout,,,qwen2.5-coder_32b,0,experiments/05_choropleth_reliability_benchmark/outputs/runs_iterative_repair/deepseek-coder_6.7b/rules/deepseek-coder_6.7b_rules_C003_static_full_layout_iter01_20260624_040903,,0,,,,False,,,,,,missing_or_empty,False,,,,experiments/05_choropleth_reliability_benchmark/outputs/generated_code_iterative_repair/qwen2.5-coder_32b/deepseek-coder_6.7b/rules/C003_static_full_layout_rules_iter01.py,deepseek-coder_6.7b,False,,False,
map_static.png,experiments/05_choropleth_reliability_benchmark/outputs/runs_iterative_repair/deepseek-coder_6.7b/rules/deepseek-coder_6.7b_rules_C003_static_full_layout_iter01_20260624_070930/map_static.png,False,0,missing_or_empty;low_thematic_color;low_map_ink;low_edge_detail,False,,,,False,,,,,,,1,static_png,,rules,,,C003_static_full_layout,missing_or_empty,False,qwen2.5-coder_14b,0,experiments/05_choropleth_reliability_benchmark/outputs/runs_iterative_repair/deepseek-coder_6.7b/rules/deepseek-coder_6.7b_rules_C003_static_full_layout_iter01_20260624_070930,,0,,,,False,,,,,,missing_or_empty,False,,,,experiments/05_choropleth_reliability_benchmark/outputs/generated_code_iterative_repair/qwen2.5-coder_14b/deepseek-coder_6.7b/rules/C003_static_full_layout_rules_iter01.py,deepseek-coder_6.7b,False,,,
time_series.png,experiments/05_choropleth_reliability_benchmark/outputs/runs_iterative_repair/deepseek-coder_6.7b/rules/deepseek-coder_6.7b_rules_C003_static_full_layout_iter01_20260624_070930/time_series.png,False,0,missing_or_empty;low_plot_ink;no_visible_line;low_edge_detail,False,,,,False,,,,,,,1,time_series_png,,rules,,,C003_static_full_layout,missing_or_empty,False,qwen2.5-coder_14b,0,experiments/05_choropleth_reliability_benchmark/outputs/runs_iterative_repair/deepseek-coder_6.7b/rules/deepseek-coder_6.7b_rules_C003_static_full_layout_iter01_20260624_070930,,0,,,,False,,,,,,missing_or_empty,False,,,,experiments/05_choropleth_reliability_benchmark/outputs/generated_code_iterative_repair/qwen2.5-coder_14b/deepseek-coder_6.7b/rules/C003_static_full_layout_rules_iter01.py,deepseek-coder_6.7b,False,,,
map_interactive.html,experiments/05_choropleth_reliability_benchmark/outputs/runs_iterative_repair/deepseek-coder_6.7b/rules/deepseek-coder_6.7b_rules_C003_static_full_layout_iter01_20260624_070930/map_interactive.html,False,0,missing_or_empty;html_not_rendered;low_rendered_map_ink;low_edge_detail,False,,,,False,,,,,missing,False,1,interactive_html,,rules,,,C003_static_full_layout,,,qwen2.5-coder_14b,0,experiments/05_choropleth_reliability_benchmark/outputs/runs_iterative_repair/deepseek-coder_6.7b/rules/deepseek-coder_6.7b_rules_C003_static_full_layout_iter01_20260624_070930,,0,,,,False,,,,,,missing_or_empty,False,,,,experiments/05_choropleth_reliability_benchmark/outputs/generated_code_iterative_repair/qwen2.5-coder_14b/deepseek-coder_6.7b/rules/C003_static_full_layout_rules_iter01.py,deepseek-coder_6.7b,False,,False,
map_static.png,experiments/05_choropleth_reliability_benchmark/outputs/runs_iterative_repair/deepseek-coder_6.7b/rules/deepseek-coder_6.7b_rules_C003_static_full_layout_iter01_20260624_071849/map_static.png,False,0,missing_or_empty;low_thematic_color;low_map_ink;low_edge_detail,False,,,,False,,,,,,,1,static_png,,rules,,,C003_static_full_layout,missing_or_empty,False,qwen2.5-coder_7b,0,experiments/05_choropleth_reliability_benchmark/outputs/runs_iterative_repair/deepseek-coder_6.7b/rules/deepseek-coder_6.7b_rules_C003_static_full_layout_iter01_20260624_071849,,0,,,,False,,,,,,missing_or_empty,False,,,,experiments/05_choropleth_reliability_benchmark/outputs/generated_code_iterative_repair/qwen2.5-coder_7b/deepseek-coder_6.7b/rules/C003_static_full_layout_rules_iter01.py,deepseek-coder_6.7b,False,,,
time_series.png,experiments/05_choropleth_reliability_benchmark/outputs/runs_iterative_repair/deepseek-coder_6.7b/rules/deepseek-coder_6.7b_rules_C003_static_full_layout_iter01_20260624_071849/time_series.png,False,0,missing_or_empty;low_plot_ink;no_visible_line;low_edge_detail,False,,,,False,,,,,,,1,time_series_png,,rules,,,C003_static_full_layout,missing_or_empty,False,qwen2.5-coder_7b,0,experiments/05_choropleth_reliability_benchmark/outputs/runs_iterative_repair/deepseek-coder_6.7b/rules/deepseek-coder_6.7b_rules_C003_static_full_layout_iter01_20260624_071849,,0,,,,False,,,,,,missing_or_empty,False,,,,experiments/05_choropleth_reliability_benchmark/outputs/generated_code_iterative_repair/qwen2.5-coder_7b/deepseek-coder_6.7b/rules/C003_static_full_layout_rules_iter01.py,deepseek-coder_6.7b,False,,,
map_interactive.html,experiments/05_choropleth_reliability_benchmark/outputs/runs_iterative_repair/deepseek-coder_6.7b/rules/deepseek-coder_6.7b_rules_C003_static_full_layout_iter01_20260624_071849/map_interactive.html,False,0,missing_or_empty;html_not_rendered;low_rendered_map_ink;low_edge_detail,False,,,,False,,,,,missing,False,1,interactive_html,,rules,,,C003_static_full_layout,,,qwen2.5-coder_7b,0,experiments/05_choropleth_reliability_benchmark/outputs/runs_iterative_repair/deepseek-coder_6.7b/rules/deepseek-coder_6.7b_rules_C003_static_full_layout_iter01_20260624_071849,,0,,,,False,,,,,,missing_or_empty,False,,,,experiments/05_choropleth_reliability_benchmark/outputs/generated_code_iterative_repair/qwen2.5-coder_7b/deepseek-coder_6.7b/rules/C003_static_full_layout_rules_iter01.py,deepseek-coder_6.7b,False,,False,
map_static.png,experiments/05_choropleth_reliability_benchmark/outputs/runs_iterative_repair/deepseek-coder_6.7b/rules/deepseek-coder_6.7b_rules_C003_static_full_layout_iter01_20260624_072857/map_static.png,False,0,missing_or_empty;low_thematic_color;low_map_ink;low_edge_detail,False,,,,False,,,,,,,1,static_png,,rules,,,C003_static_full_layout,missing_or_empty,False,deepseek-coder_6.7b,0,experiments/05_choropleth_reliability_benchmark/outputs/runs_iterative_repair/deepseek-coder_6.7b/rules/deepseek-coder_6.7b_rules_C003_static_full_layout_iter01_20260624_072857,,0,,,,False,,,,,,missing_or_empty,False,,,,experiments/05_choropleth_reliability_benchmark/outputs/generated_code_iterative_repair/deepseek-coder_6.7b/deepseek-coder_6.7b/rules/C003_static_full_layout_rules_iter01.py,deepseek-coder_6.7b,False,,,
time_series.png,experiments/05_choropleth_reliability_benchmark/outputs/runs_iterative_repair/deepseek-coder_6.7b/rules/deepseek-coder_6.7b_rules_C003_static_full_layout_iter01_20260624_072857/time_series.png,False,0,missing_or_empty;low_plot_ink;no_visible_line;low_edge_detail,False,,,,False,,,,,,,1,time_series_png,,rules,,,C003_static_full_layout,missing_or_empty,False,deepseek-coder_6.7b,0,experiments/05_choropleth_reliability_benchmark/outputs/runs_iterative_repair/deepseek-coder_6.7b/rules/deepseek-coder_6.7b_rules_C003_static_full_layout_iter01_20260624_072857,,0,,,,False,,,,,,missing_or_empty,False,,,,experiments/05_choropleth_reliability_benchmark/outputs/generated_code_iterative_repair/deepseek-coder_6.7b/deepseek-coder_6.7b/rules/C003_static_full_layout_rules_iter01.py,deepseek-coder_6.7b,False,,,
map_interactive.html,experiments/05_choropleth_reliability_benchmark/outputs/runs_iterative_repair/deepseek-coder_6.7b/rules/deepseek-coder_6.7b_rules_C003_static_full_layout_iter01_20260624_072857/map_interactive.html,False,0,missing_or_empty;html_not_rendered;low_rendered_map_ink;low_edge_detail,False,,,,False,,,,,missing,False,1,interactive_html,,rules,,,C003_static_full_layout,,,deepseek-coder_6.7b,0,experiments/05_choropleth_reliability_benchmark/outputs/runs_iterative_repair/deepseek-coder_6.7b/rules/deepseek-coder_6.7b_rules_C003_static_full_layout_iter01_20260624_072857,,0,,,,False,,,,,,missing_or_empty,False,,,,experiments/05_choropleth_reliability_benchmark/outputs/generated_code_iterative_repair/deepseek-coder_6.7b/deepseek-coder_6.7b/rules/C003_static_full_layout_rules_iter01.py,deepseek-coder_6.7b,False,,False,
map_static.png,experiments/05_choropleth_reliability_benchmark/outputs/runs_iterative_repair/deepseek-coder_6.7b/rules/deepseek-coder_6.7b_rules_C003_static_full_layout_iter02_20260624_040946/map_static.png,False,0,missing_or_empty;low_thematic_color;low_map_ink;low_edge_detail,False,,,,False,,,,,,,2,static_png,,rules,,,C003_static_full_layout,missing_or_empty,False,qwen2.5-coder_32b,0,experiments/05_choropleth_reliability_benchmark/outputs/runs_iterative_repair/deepseek-coder_6.7b/rules/deepseek-coder_6.7b_rules_C003_static_full_layout_iter02_20260624_040946,,0,,,,False,,,,,,missing_or_empty,False,,,,experiments/05_choropleth_reliability_benchmark/outputs/generated_code_iterative_repair/qwen2.5-coder_32b/deepseek-coder_6.7b/rules/C003_static_full_layout_rules_iter02.py,deepseek-coder_6.7b,False,,,
time_series.png,experiments/05_choropleth_reliability_benchmark/outputs/runs_iterative_repair/deepseek-coder_6.7b/rules/deepseek-coder_6.7b_rules_C003_static_full_layout_iter02_20260624_040946/time_series.png,False,0,missing_or_empty;low_plot_ink;no_visible_line;low_edge_detail,False,,,,False,,,,,,,2,time_series_png,,rules,,,C003_static_full_layout,missing_or_empty,False,qwen2.5-coder_32b,0,experiments/05_choropleth_reliability_benchmark/outputs/runs_iterative_repair/deepseek-coder_6.7b/rules/deepseek-coder_6.7b_rules_C003_static_full_layout_iter02_20260624_040946,,0,,,,False,,,,,,missing_or_empty,False,,,,experiments/05_choropleth_reliability_benchmark/outputs/generated_code_iterative_repair/qwen2.5-coder_32b/deepseek-coder_6.7b/rules/C003_static_full_layout_rules_iter02.py,deepseek-coder_6.7b,False,,,
map_interactive.html,experiments/05_choropleth_reliability_benchmark/outputs/runs_iterative_repair/deepseek-coder_6.7b/rules/deepseek-coder_6.7b_rules_C003_static_full_layout_iter02_20260624_040946/map_interactive.html,False,0,missing_or_empty;html_not_rendered;low_rendered_map_ink;low_edge_detail,False,,,,False,,,,,missing,False,2,interactive_html,,rules,,,C003_static_full_layout,,,qwen2.5-coder_32b,0,experiments/05_choropleth_reliability_benchmark/outputs/runs_iterative_repair/deepseek-coder_6.7b/rules/deepseek-coder_6.7b_rules_C003_static_full_layout_iter02_20260624_040946,,0,,,,False,,,,,,missing_or_empty,False,,,,experiments/05_choropleth_reliability_benchmark/outputs/generated_code_iterative_repair/qwen2.5-coder_32b/deepseek-coder_6.7b/rules/C003_static_full_layout_rules_iter02.py,deepseek-coder_6.7b,False,,False,
map_static.png,experiments/05_choropleth_reliability_benchmark/outputs/runs_iterative_repair/deepseek-coder_6.7b/rules/deepseek-coder_6.7b_rules_C003_static_full_layout_iter02_20260624_070950/map_static.png,False,0,missing_or_empty;low_thematic_color;low_map_ink;low_edge_detail,False,,,,False,,,,,,,2,static_png,,rules,,,C003_static_full_layout,missing_or_empty,False,qwen2.5-coder_14b,0,experiments/05_choropleth_reliability_benchmark/outputs/runs_iterative_repair/deepseek-coder_6.7b/rules/deepseek-coder_6.7b_rules_C003_static_full_layout_iter02_20260624_070950,,0,,,,False,,,,,,missing_or_empty,False,,,,experiments/05_choropleth_reliability_benchmark/outputs/generated_code_iterative_repair/qwen2.5-coder_14b/deepseek-coder_6.7b/rules/C003_static_full_layout_rules_iter02.py,deepseek-coder_6.7b,False,,,
time_series.png,experiments/05_choropleth_reliability_benchmark/outputs/runs_iterative_repair/deepseek-coder_6.7b/rules/deepseek-coder_6.7b_rules_C003_static_full_layout_iter02_20260624_070950/time_series.png,False,0,missing_or_empty;low_plot_ink;no_visible_line;low_edge_detail,False,,,,False,,,,,,,2,time_series_png,,rules,,,C003_static_full_layout,missing_or_empty,False,qwen2.5-coder_14b,0,experiments/05_choropleth_reliability_benchmark/outputs/runs_iterative_repair/deepseek-coder_6.7b/rules/deepseek-coder_6.7b_rules_C003_static_full_layout_iter02_20260624_070950,,0,,,,False,,,,,,missing_or_empty,False,,,,experiments/05_choropleth_reliability_benchmark/outputs/generated_code_iterative_repair/qwen2.5-coder_14b/deepseek-coder_6.7b/rules/C003_static_full_layout_rules_iter02.py,deepseek-coder_6.7b,False,,,
map_interactive.html,experiments/05_choropleth_reliability_benchmark/outputs/runs_iterative_repair/deepseek-coder_6.7b/rules/deepseek-coder_6.7b_rules_C003_static_full_layout_iter02_20260624_070950/map_interactive.html,False,0,missing_or_empty;html_not_rendered;low_rendered_map_ink;low_edge_detail,False,,,,False,,,,,missing,False,2,interactive_html,,rules,,,C003_static_full_layout,,,qwen2.5-coder_14b,0,experiments/05_choropleth_reliability_benchmark/outputs/runs_iterative_repair/deepseek-coder_6.7b/rules/deepseek-coder_6.7b_rules_C003_static_full_layout_iter02_20260624_070950,,0,,,,False,,,,,,missing_or_empty,False,,,,experiments/05_choropleth_reliability_benchmark/outputs/generated_code_iterative_repair/qwen2.5-coder_14b/deepseek-coder_6.7b/rules/C003_static_full_layout_rules_iter02.py,deepseek-coder_6.7b,False,,False,
map_static.png,experiments/05_choropleth_reliability_benchmark/outputs/runs_iterative_repair/deepseek-coder_6.7b/rules/deepseek-coder_6.7b_rules_C003_static_full_layout_iter02_20260624_071900/map_static.png,False,0,missing_or_empty;low_thematic_color;low_map_ink;low_edge_detail,False,,,,False,,,,,,,2,static_png,,rules,,,C003_static_full_layout,missing_or_empty,False,qwen2.5-coder_7b,0,experiments/05_choropleth_reliability_benchmark/outputs/runs_iterative_repair/deepseek-coder_6.7b/rules/deepseek-coder_6.7b_rules_C003_static_full_layout_iter02_20260624_071900,,0,,,,False,,,,,,missing_or_empty,False,,,,experiments/05_choropleth_reliability_benchmark/outputs/generated_code_iterative_repair/qwen2.5-coder_7b/deepseek-coder_6.7b/rules/C003_static_full_layout_rules_iter02.py,deepseek-coder_6.7b,False,,,
time_series.png,experiments/05_choropleth_reliability_benchmark/outputs/runs_iterative_repair/deepseek-coder_6.7b/rules/deepseek-coder_6.7b_rules_C003_static_full_layout_iter02_20260624_071900/time_series.png,False,0,missing_or_empty;low_plot_ink;no_visible_line;low_edge_detail,False,,,,False,,,,,,,2,time_series_png,,rules,,,C003_static_full_layout,missing_or_empty,False,qwen2.5-coder_7b,0,experiments/05_choropleth_reliability_benchmark/outputs/runs_iterative_repair/deepseek-coder_6.7b/rules/deepseek-coder_6.7b_rules_C003_static_full_layout_iter02_20260624_071900,,0,,,,False,,,,,,missing_or_empty,False,,,,experiments/05_choropleth_reliability_benchmark/outputs/generated_code_iterative_repair/qwen2.5-coder_7b/deepseek-coder_6.7b/rules/C003_static_full_layout_rules_iter02.py,deepseek-coder_6.7b,False,,,
map_interactive.html,experiments/05_choropleth_reliability_benchmark/outputs/runs_iterative_repair/deepseek-coder_6.7b/rules/deepseek-coder_6.7b_rules_C003_static_full_layout_iter02_20260624_071900/map_interactive.html,False,0,missing_or_empty;html_not_rendered;low_rendered_map_ink;low_edge_detail,False,,,,False,,,,,missing,False,2,interactive_html,,rules,,,C003_static_full_layout,,,qwen2.5-coder_7b,0,experiments/05_choropleth_reliability_benchmark/outputs/runs_iterative_repair/deepseek-coder_6.7b/rules/deepseek-coder_6.7b_rules_C003_static_full_layout_iter02_20260624_071900,,0,,,,False,,,,,,missing_or_empty,False,,,,experiments/05_choropleth_reliability_benchmark/outputs/generated_code_iterative_repair/qwen2.5-coder_7b/deepseek-coder_6.7b/rules/C003_static_full_layout_rules_iter02.py,deepseek-coder_6.7b,False,,False,
map_static.png,experiments/05_choropleth_reliability_benchmark/outputs/runs_iterative_repair/deepseek-coder_6.7b/rules/deepseek-coder_6.7b_rules_C003_static_full_layout_iter02_20260624_072910/map_static.png,False,0,missing_or_empty;low_thematic_color;low_map_ink;low_edge_detail,False,,,,False,,,,,,,2,static_png,,rules,,,C003_static_full_layout,missing_or_empty,False,deepseek-coder_6.7b,0,experiments/05_choropleth_reliability_benchmark/outputs/runs_iterative_repair/deepseek-coder_6.7b/rules/deepseek-coder_6.7b_rules_C003_static_full_layout_iter02_20260624_072910,,0,,,,False,,,,,,missing_or_empty,False,,,,experiments/05_choropleth_reliability_benchmark/outputs/generated_code_iterative_repair/deepseek-coder_6.7b/deepseek-coder_6.7b/rules/C003_static_full_layout_rules_iter02.py,deepseek-coder_6.7b,False,,,
time_series.png,experiments/05_choropleth_reliability_benchmark/outputs/runs_iterative_repair/deepseek-coder_6.7b/rules/deepseek-coder_6.7b_rules_C003_static_full_layout_iter02_20260624_072910/time_series.png,False,0,missing_or_empty;low_plot_ink;no_visible_line;low_edge_detail,False,,,,False,,,,,,,2,time_series_png,,rules,,,C003_static_full_layout,missing_or_empty,False,deepseek-coder_6.7b,0,experiments/05_choropleth_reliability_benchmark/outputs/runs_iterative_repair/deepseek-coder_6.7b/rules/deepseek-coder_6.7b_rules_C003_static_full_layout_iter02_20260624_072910,,0,,,,False,,,,,,missing_or_empty,False,,,,experiments/05_choropleth_reliability_benchmark/outputs/generated_code_iterative_repair/deepseek-coder_6.7b/deepseek-coder_6.7b/rules/C003_static_full_layout_rules_iter02.py,deepseek-coder_6.7b,False,,,
map_interactive.html,experiments/05_choropleth_reliability_benchmark/outputs/runs_iterative_repair/deepseek-coder_6.7b/rules/deepseek-coder_6.7b_rules_C003_static_full_layout_iter02_20260624_072910/map_interactive.html,False,0,missing_or_empty;html_not_rendered;low_rendered_map_ink;low_edge_detail,False,,,,False,,,,,missing,False,2,interactive_html,,rules,,,C003_static_full_layout,,,deepseek-coder_6.7b,0,experiments/05_choropleth_reliability_benchmark/outputs/runs_iterative_repair/deepseek-coder_6.7b/rules/deepseek-coder_6.7b_rules_C003_static_full_layout_iter02_20260624_072910,,0,,,,False,,,,,,missing_or_empty,False,,,,experiments/05_choropleth_reliability_benchmark/outputs/generated_code_iterative_repair/deepseek-coder_6.7b/deepseek-coder_6.7b/rules/C003_static_full_layout_rules_iter02.py,deepseek-coder_6.7b,False,,False,
map_static.png,experiments/05_choropleth_reliability_benchmark/outputs/runs_iterative_repair/deepseek-coder_6.7b/rules/deepseek-coder_6.7b_rules_C003_static_full_layout_iter03_20260624_061627/map_static.png,False,0,missing_or_empty;low_thematic_color;low_map_ink;low_edge_detail,False,,,,False,,,,,,,3,static_png,,rules,,,C003_static_full_layout,missing_or_empty,False,qwen2.5-coder_32b,0,experiments/05_choropleth_reliability_benchmark/outputs/runs_iterative_repair/deepseek-coder_6.7b/rules/deepseek-coder_6.7b_rules_C003_static_full_layout_iter03_20260624_061627,,0,,,,False,,,,,,missing_or_empty,False,,,,experiments/05_choropleth_reliability_benchmark/outputs/generated_code_iterative_repair/qwen2.5-coder_32b/deepseek-coder_6.7b/rules/C003_static_full_layout_rules_iter03.py,deepseek-coder_6.7b,False,,,
time_series.png,experiments/05_choropleth_reliability_benchmark/outputs/runs_iterative_repair/deepseek-coder_6.7b/rules/deepseek-coder_6.7b_rules_C003_static_full_layout_iter03_20260624_061627/time_series.png,False,0,missing_or_empty;low_plot_ink;no_visible_line;low_edge_detail,False,,,,False,,,,,,,3,time_series_png,,rules,,,C003_static_full_layout,missing_or_empty,False,qwen2.5-coder_32b,0,experiments/05_choropleth_reliability_benchmark/outputs/runs_iterative_repair/deepseek-coder_6.7b/rules/deepseek-coder_6.7b_rules_C003_static_full_layout_iter03_20260624_061627,,0,,,,False,,,,,,missing_or_empty,False,,,,experiments/05_choropleth_reliability_benchmark/outputs/generated_code_iterative_repair/qwen2.5-coder_32b/deepseek-coder_6.7b/rules/C003_static_full_layout_rules_iter03.py,deepseek-coder_6.7b,False,,,
map_interactive.html,experiments/05_choropleth_reliability_benchmark/outputs/runs_iterative_repair/deepseek-coder_6.7b/rules/deepseek-coder_6.7b_rules_C003_static_full_layout_iter03_20260624_061627/map_interactive.html,False,0,missing_or_empty;html_not_rendered;low_rendered_map_ink;low_edge_detail,False,,,,False,,,,,missing,False,3,interactive_html,,rules,,,C003_static_full_layout,,,qwen2.5-coder_32b,0,experiments/05_choropleth_reliability_benchmark/outputs/runs_iterative_repair/deepseek-coder_6.7b/rules/deepseek-coder_6.7b_rules_C003_static_full_layout_iter03_20260624_061627,,0,,,,False,,,,,,missing_or_empty,False,,,,experiments/05_choropleth_reliability_benchmark/outputs/generated_code_iterative_repair/qwen2.5-coder_32b/deepseek-coder_6.7b/rules/C003_static_full_layout_rules_iter03.py,deepseek-coder_6.7b,False,,False,
map_static.png,experiments/05_choropleth_reliability_benchmark/outputs/runs_iterative_repair/deepseek-coder_6.7b/rules/deepseek-coder_6.7b_rules_C003_static_full_layout_iter03_20260624_230846/map_static.png,False,0,missing_or_empty;low_thematic_color;low_map_ink;low_edge_detail,False,,,,False,,,,,,,3,static_png,,rules,,,C003_static_full_layout,missing_or_empty,False,qwen2.5-coder_7b,0,experiments/05_choropleth_reliability_benchmark/outputs/runs_iterative_repair/deepseek-coder_6.7b/rules/deepseek-coder_6.7b_rules_C003_static_full_layout_iter03_20260624_230846,,0,,,,False,,,,,,missing_or_empty,False,,,,experiments/05_choropleth_reliability_benchmark/outputs/generated_code_iterative_repair/qwen2.5-coder_7b/deepseek-coder_6.7b/rules/C003_static_full_layout_rules_iter03.py,deepseek-coder_6.7b,False,,,
time_series.png,experiments/05_choropleth_reliability_benchmark/outputs/runs_iterative_repair/deepseek-coder_6.7b/rules/deepseek-coder_6.7b_rules_C003_static_full_layout_iter03_20260624_230846/time_series.png,False,0,missing_or_empty;low_plot_ink;no_visible_line;low_edge_detail,False,,,,False,,,,,,,3,time_series_png,,rules,,,C003_static_full_layout,missing_or_empty,False,qwen2.5-coder_7b,0,experiments/05_choropleth_reliability_benchmark/outputs/runs_iterative_repair/deepseek-coder_6.7b/rules/deepseek-coder_6.7b_rules_C003_static_full_layout_iter03_20260624_230846,,0,,,,False,,,,,,missing_or_empty,False,,,,experiments/05_choropleth_reliability_benchmark/outputs/generated_code_iterative_repair/qwen2.5-coder_7b/deepseek-coder_6.7b/rules/C003_static_full_layout_rules_iter03.py,deepseek-coder_6.7b,False,,,
map_interactive.html,experiments/05_choropleth_reliability_benchmark/outputs/runs_iterative_repair/deepseek-coder_6.7b/rules/deepseek-coder_6.7b_rules_C003_static_full_layout_iter03_20260624_230846/map_interactive.html,False,0,missing_or_empty;html_not_rendered;low_rendered_map_ink;low_edge_detail,False,,,,False,,,,,missing,False,3,interactive_html,,rules,,,C003_static_full_layout,,,qwen2.5-coder_7b,0,experiments/05_choropleth_reliability_benchmark/outputs/runs_iterative_repair/deepseek-coder_6.7b/rules/deepseek-coder_6.7b_rules_C003_static_full_layout_iter03_20260624_230846,,0,,,,False,,,,,,missing_or_empty,False,,,,experiments/05_choropleth_reliability_benchmark/outputs/generated_code_iterative_repair/qwen2.5-coder_7b/deepseek-coder_6.7b/rules/C003_static_full_layout_rules_iter03.py,deepseek-coder_6.7b,False,,False,
map_static.png,experiments/05_choropleth_reliability_benchmark/outputs/runs_iterative_repair/deepseek-coder_6.7b/rules/deepseek-coder_6.7b_rules_C003_static_full_layout_iter03_20260624_233226/map_static.png,False,0,missing_or_empty;low_thematic_color;low_map_ink;low_edge_detail,False,,,,False,,,,,,,3,static_png,,rules,,,C003_static_full_layout,missing_or_empty,False,qwen2.5-coder_14b,0,experiments/05_choropleth_reliability_benchmark/outputs/runs_iterative_repair/deepseek-coder_6.7b/rules/deepseek-coder_6.7b_rules_C003_static_full_layout_iter03_20260624_233226,,0,,,,False,,,,,,missing_or_empty,False,,,,experiments/05_choropleth_reliability_benchmark/outputs/generated_code_iterative_repair/qwen2.5-coder_14b/deepseek-coder_6.7b/rules/C003_static_full_layout_rules_iter03.py,deepseek-coder_6.7b,False,,,
time_series.png,experiments/05_choropleth_reliability_benchmark/outputs/runs_iterative_repair/deepseek-coder_6.7b/rules/deepseek-coder_6.7b_rules_C003_static_full_layout_iter03_20260624_233226/time_series.png,False,0,missing_or_empty;low_plot_ink;no_visible_line;low_edge_detail,False,,,,False,,,,,,,3,time_series_png,,rules,,,C003_static_full_layout,missing_or_empty,False,qwen2.5-coder_14b,0,experiments/05_choropleth_reliability_benchmark/outputs/runs_iterative_repair/deepseek-coder_6.7b/rules/deepseek-coder_6.7b_rules_C003_static_full_layout_iter03_20260624_233226,,0,,,,False,,,,,,missing_or_empty,False,,,,experiments/05_choropleth_reliability_benchmark/outputs/generated_code_iterative_repair/qwen2.5-coder_14b/deepseek-coder_6.7b/rules/C003_static_full_layout_rules_iter03.py,deepseek-coder_6.7b,False,,,
map_interactive.html,experiments/05_choropleth_reliability_benchmark/outputs/runs_iterative_repair/deepseek-coder_6.7b/rules/deepseek-coder_6.7b_rules_C003_static_full_layout_iter03_20260624_233226/map_interactive.html,False,0,missing_or_empty;html_not_rendered;low_rendered_map_ink;low_edge_detail,False,,,,False,,,,,missing,False,3,interactive_html,,rules,,,C003_static_full_layout,,,qwen2.5-coder_14b,0,experiments/05_choropleth_reliability_benchmark/outputs/runs_iterative_repair/deepseek-coder_6.7b/rules/deepseek-coder_6.7b_rules_C003_static_full_layout_iter03_20260624_233226,,0,,,,False,,,,,,missing_or_empty,False,,,,experiments/05_choropleth_reliability_benchmark/outputs/generated_code_iterative_repair/qwen2.5-coder_14b/deepseek-coder_6.7b/rules/C003_static_full_layout_rules_iter03.py,deepseek-coder_6.7b,False,,False,
map_static.png,experiments/05_choropleth_reliability_benchmark/outputs/runs_iterative_repair/deepseek-coder_6.7b/rules/deepseek-coder_6.7b_rules_C004_missing_crs_repair_iter01_20260624_042444/map_static.png,True,32943,,True,0.0123,255,9.754,True,,,,480,,,1,static_png,240.701,rules,0.9903,0.1475,C004_missing_crs_repair,,True,qwen2.5-coder_32b,0,experiments/05_choropleth_reliability_benchmark/outputs/runs_iterative_repair/deepseek-coder_6.7b/rules/deepseek-coder_6.7b_rules_C004_missing_crs_repair_iter01_20260624_042444,0.0333,32943,0.0123,255,9.754,True,480,240.701,0.9903,0.1475,,,True,0.0333,40,640,experiments/05_choropleth_reliability_benchmark/outputs/generated_code_iterative_repair/qwen2.5-coder_32b/deepseek-coder_6.7b/rules/C004_missing_crs_repair_rules_iter01.py,deepseek-coder_6.7b,False,40,,640
time_series.png,experiments/05_choropleth_reliability_benchmark/outputs/runs_iterative_repair/deepseek-coder_6.7b/rules/deepseek-coder_6.7b_rules_C004_missing_crs_repair_iter01_20260624_042444/time_series.png,False,0,missing_or_empty;low_plot_ink;no_visible_line;low_edge_detail,False,,,,False,,,,,,,1,time_series_png,,rules,,,C004_missing_crs_repair,missing_or_empty,False,qwen2.5-coder_32b,0,experiments/05_choropleth_reliability_benchmark/outputs/runs_iterative_repair/deepseek-coder_6.7b/rules/deepseek-coder_6.7b_rules_C004_missing_crs_repair_iter01_20260624_042444,,0,,,,False,,,,,,missing_or_empty,False,,,,experiments/05_choropleth_reliability_benchmark/outputs/generated_code_iterative_repair/qwen2.5-coder_32b/deepseek-coder_6.7b/rules/C004_missing_crs_repair_rules_iter01.py,deepseek-coder_6.7b,False,,,
map_interactive.html,experiments/05_choropleth_reliability_benchmark/outputs/runs_iterative_repair/deepseek-coder_6.7b/rules/deepseek-coder_6.7b_rules_C004_missing_crs_repair_iter01_20260624_042444/map_interactive.html,True,12518920,,True,,,,True,True,True,False,,,True,1,interactive_html,,rules,,,C004_missing_crs_repair,,,qwen2.5-coder_32b,0,experiments/05_choropleth_reliability_benchmark/outputs/runs_iterative_repair/deepseek-coder_6.7b/rules/deepseek-coder_6.7b_rules_C004_missing_crs_repair_iter01_20260624_042444,,701337,0.0056,255,16.099,True,850,205.776,0.9999,0.9881,experiments/05_choropleth_reliability_benchmark/outputs/scores/iterative_repair_screenshot_qa/qwen2.5-coder_32b_deepseek-coder_6.7b_rules_C004_missing_crs_repair_iter1_interactive.png,,True,0.7187,71,1200,experiments/05_choropleth_reliability_benchmark/outputs/generated_code_iterative_repair/qwen2.5-coder_32b/deepseek-coder_6.7b/rules/C004_missing_crs_repair_rules_iter01.py,deepseek-coder_6.7b,False,,True,
map_static.png,experiments/05_choropleth_reliability_benchmark/outputs/runs_iterative_repair/deepseek-coder_6.7b/rules/deepseek-coder_6.7b_rules_C004_missing_crs_repair_iter01_20260624_071300/map_static.png,False,0,missing_or_empty;low_thematic_color;low_map_ink;low_edge_detail,False,,,,False,,,,,,,1,static_png,,rules,,,C004_missing_crs_repair,missing_or_empty,False,qwen2.5-coder_14b,1,experiments/05_choropleth_reliability_benchmark/outputs/runs_iterative_repair/deepseek-coder_6.7b/rules/deepseek-coder_6.7b_rules_C004_missing_crs_repair_iter01_20260624_071300,,0,,,,False,,,,,,missing_or_empty,False,,,,experiments/05_choropleth_reliability_benchmark/outputs/generated_code_iterative_repair/qwen2.5-coder_14b/deepseek-coder_6.7b/rules/C004_missing_crs_repair_rules_iter01.py,deepseek-coder_6.7b,False,,,
time_series.png,experiments/05_choropleth_reliability_benchmark/outputs/runs_iterative_repair/deepseek-coder_6.7b/rules/deepseek-coder_6.7b_rules_C004_missing_crs_repair_iter01_20260624_071300/time_series.png,False,0,missing_or_empty;low_plot_ink;no_visible_line;low_edge_detail,False,,,,False,,,,,,,1,time_series_png,,rules,,,C004_missing_crs_repair,missing_or_empty,False,qwen2.5-coder_14b,1,experiments/05_choropleth_reliability_benchmark/outputs/runs_iterative_repair/deepseek-coder_6.7b/rules/deepseek-coder_6.7b_rules_C004_missing_crs_repair_iter01_20260624_071300,,0,,,,False,,,,,,missing_or_empty,False,,,,experiments/05_choropleth_reliability_benchmark/outputs/generated_code_iterative_repair/qwen2.5-coder_14b/deepseek-coder_6.7b/rules/C004_missing_crs_repair_rules_iter01.py,deepseek-coder_6.7b,False,,,
map_interactive.html,experiments/05_choropleth_reliability_benchmark/outputs/runs_iterative_repair/deepseek-coder_6.7b/rules/deepseek-coder_6.7b_rules_C004_missing_crs_repair_iter01_20260624_071300/map_interactive.html,False,0,missing_or_empty;html_not_rendered;low_rendered_map_ink;low_edge_detail,False,,,,False,,,,,missing,False,1,interactive_html,,rules,,,C004_missing_crs_repair,,,qwen2.5-coder_14b,1,experiments/05_choropleth_reliability_benchmark/outputs/runs_iterative_repair/deepseek-coder_6.7b/rules/deepseek-coder_6.7b_rules_C004_missing_crs_repair_iter01_20260624_071300,,0,,,,False,,,,,,missing_or_empty,False,,,,experiments/05_choropleth_reliability_benchmark/outputs/generated_code_iterative_repair/qwen2.5-coder_14b/deepseek-coder_6.7b/rules/C004_missing_crs_repair_rules_iter01.py,deepseek-coder_6.7b,False,,False,
map_static.png,experiments/05_choropleth_reliability_benchmark/outputs/runs_iterative_repair/deepseek-coder_6.7b/rules/deepseek-coder_6.7b_rules_C004_missing_crs_repair_iter01_20260624_072435/map_static.png,True,32943,,True,0.0123,255,9.754,True,,,,480,,,1,static_png,240.701,rules,0.9903,0.1475,C004_missing_crs_repair,,True,qwen2.5-coder_7b,0,experiments/05_choropleth_reliability_benchmark/outputs/runs_iterative_repair/deepseek-coder_6.7b/rules/deepseek-coder_6.7b_rules_C004_missing_crs_repair_iter01_20260624_072435,0.0333,32943,0.0123,255,9.754,True,480,240.701,0.9903,0.1475,,,True,0.0333,40,640,experiments/05_choropleth_reliability_benchmark/outputs/generated_code_iterative_repair/qwen2.5-coder_7b/deepseek-coder_6.7b/rules/C004_missing_crs_repair_rules_iter01.py,deepseek-coder_6.7b,False,40,,640
time_series.png,experiments/05_choropleth_reliability_benchmark/outputs/runs_iterative_repair/deepseek-coder_6.7b/rules/deepseek-coder_6.7b_rules_C004_missing_crs_repair_iter01_20260624_072435/time_series.png,False,0,missing_or_empty;low_plot_ink;no_visible_line;low_edge_detail,False,,,,False,,,,,,,1,time_series_png,,rules,,,C004_missing_crs_repair,missing_or_empty,False,qwen2.5-coder_7b,0,experiments/05_choropleth_reliability_benchmark/outputs/runs_iterative_repair/deepseek-coder_6.7b/rules/deepseek-coder_6.7b_rules_C004_missing_crs_repair_iter01_20260624_072435,,0,,,,False,,,,,,missing_or_empty,False,,,,experiments/05_choropleth_reliability_benchmark/outputs/generated_code_iterative_repair/qwen2.5-coder_7b/deepseek-coder_6.7b/rules/C004_missing_crs_repair_rules_iter01.py,deepseek-coder_6.7b,False,,,
map_interactive.html,experiments/05_choropleth_reliability_benchmark/outputs/runs_iterative_repair/deepseek-coder_6.7b/rules/deepseek-coder_6.7b_rules_C004_missing_crs_repair_iter01_20260624_072435/map_interactive.html,True,12518920,,True,,,,True,True,True,False,,,True,1,interactive_html,,rules,,,C004_missing_crs_repair,,,qwen2.5-coder_7b,0,experiments/05_choropleth_reliability_benchmark/outputs/runs_iterative_repair/deepseek-coder_6.7b/rules/deepseek-coder_6.7b_rules_C004_missing_crs_repair_iter01_20260624_072435,,701337,0.0056,255,16.099,True,850,205.776,0.9999,0.9881,experiments/05_choropleth_reliability_benchmark/outputs/scores/iterative_repair_screenshot_qa/qwen2.5-coder_7b_deepseek-coder_6.7b_rules_C004_missing_crs_repair_iter1_interactive.png,,True,0.7187,71,1200,experiments/05_choropleth_reliability_benchmark/outputs/generated_code_iterative_repair/qwen2.5-coder_7b/deepseek-coder_6.7b/rules/C004_missing_crs_repair_rules_iter01.py,deepseek-coder_6.7b,False,,True,
map_static.png,experiments/05_choropleth_reliability_benchmark/outputs/runs_iterative_repair/deepseek-coder_6.7b/rules/deepseek-coder_6.7b_rules_C004_missing_crs_repair_iter02_20260624_071321/map_static.png,False,0,missing_or_empty;low_thematic_color;low_map_ink;low_edge_detail,False,,,,False,,,,,,,2,static_png,,rules,,,C004_missing_crs_repair,missing_or_empty,False,qwen2.5-coder_14b,1,experiments/05_choropleth_reliability_benchmark/outputs/runs_iterative_repair/deepseek-coder_6.7b/rules/deepseek-coder_6.7b_rules_C004_missing_crs_repair_iter02_20260624_071321,,0,,,,False,,,,,,missing_or_empty,False,,,,experiments/05_choropleth_reliability_benchmark/outputs/generated_code_iterative_repair/qwen2.5-coder_14b/deepseek-coder_6.7b/rules/C004_missing_crs_repair_rules_iter02.py,deepseek-coder_6.7b,False,,,
time_series.png,experiments/05_choropleth_reliability_benchmark/outputs/runs_iterative_repair/deepseek-coder_6.7b/rules/deepseek-coder_6.7b_rules_C004_missing_crs_repair_iter02_20260624_071321/time_series.png,False,0,missing_or_empty;low_plot_ink;no_visible_line;low_edge_detail,False,,,,False,,,,,,,2,time_series_png,,rules,,,C004_missing_crs_repair,missing_or_empty,False,qwen2.5-coder_14b,1,experiments/05_choropleth_reliability_benchmark/outputs/runs_iterative_repair/deepseek-coder_6.7b/rules/deepseek-coder_6.7b_rules_C004_missing_crs_repair_iter02_20260624_071321,,0,,,,False,,,,,,missing_or_empty,False,,,,experiments/05_choropleth_reliability_benchmark/outputs/generated_code_iterative_repair/qwen2.5-coder_14b/deepseek-coder_6.7b/rules/C004_missing_crs_repair_rules_iter02.py,deepseek-coder_6.7b,False,,,
map_interactive.html,experiments/05_choropleth_reliability_benchmark/outputs/runs_iterative_repair/deepseek-coder_6.7b/rules/deepseek-coder_6.7b_rules_C004_missing_crs_repair_iter02_20260624_071321/map_interactive.html,False,0,missing_or_empty;html_not_rendered;low_rendered_map_ink;low_edge_detail,False,,,,False,,,,,missing,False,2,interactive_html,,rules,,,C004_missing_crs_repair,,,qwen2.5-coder_14b,1,experiments/05_choropleth_reliability_benchmark/outputs/runs_iterative_repair/deepseek-coder_6.7b/rules/deepseek-coder_6.7b_rules_C004_missing_crs_repair_iter02_20260624_071321,,0,,,,False,,,,,,missing_or_empty,False,,,,experiments/05_choropleth_reliability_benchmark/outputs/generated_code_iterative_repair/qwen2.5-coder_14b/deepseek-coder_6.7b/rules/C004_missing_crs_repair_rules_iter02.py,deepseek-coder_6.7b,False,,False,
map_static.png,experiments/05_choropleth_reliability_benchmark/outputs/runs_iterative_repair/deepseek-coder_6.7b/rules/deepseek-coder_6.7b_rules_C004_missing_crs_repair_iter03_20260624_233349/map_static.png,False,0,missing_or_empty;low_thematic_color;low_map_ink;low_edge_detail,False,,,,False,,,,,,,3,static_png,,rules,,,C004_missing_crs_repair,missing_or_empty,False,qwen2.5-coder_14b,1,experiments/05_choropleth_reliability_benchmark/outputs/runs_iterative_repair/deepseek-coder_6.7b/rules/deepseek-coder_6.7b_rules_C004_missing_crs_repair_iter03_20260624_233349,,0,,,,False,,,,,,missing_or_empty,False,,,,experiments/05_choropleth_reliability_benchmark/outputs/generated_code_iterative_repair/qwen2.5-coder_14b/deepseek-coder_6.7b/rules/C004_missing_crs_repair_rules_iter03.py,deepseek-coder_6.7b,False,,,
time_series.png,experiments/05_choropleth_reliability_benchmark/outputs/runs_iterative_repair/deepseek-coder_6.7b/rules/deepseek-coder_6.7b_rules_C004_missing_crs_repair_iter03_20260624_233349/time_series.png,False,0,missing_or_empty;low_plot_ink;no_visible_line;low_edge_detail,False,,,,False,,,,,,,3,time_series_png,,rules,,,C004_missing_crs_repair,missing_or_empty,False,qwen2.5-coder_14b,1,experiments/05_choropleth_reliability_benchmark/outputs/runs_iterative_repair/deepseek-coder_6.7b/rules/deepseek-coder_6.7b_rules_C004_missing_crs_repair_iter03_20260624_233349,,0,,,,False,,,,,,missing_or_empty,False,,,,experiments/05_choropleth_reliability_benchmark/outputs/generated_code_iterative_repair/qwen2.5-coder_14b/deepseek-coder_6.7b/rules/C004_missing_crs_repair_rules_iter03.py,deepseek-coder_6.7b,False,,,
map_interactive.html,experiments/05_choropleth_reliability_benchmark/outputs/runs_iterative_repair/deepseek-coder_6.7b/rules/deepseek-coder_6.7b_rules_C004_missing_crs_repair_iter03_20260624_233349/map_interactive.html,False,0,missing_or_empty;html_not_rendered;low_rendered_map_ink;low_edge_detail,False,,,,False,,,,,missing,False,3,interactive_html,,rules,,,C004_missing_crs_repair,,,qwen2.5-coder_14b,1,experiments/05_choropleth_reliability_benchmark/outputs/runs_iterative_repair/deepseek-coder_6.7b/rules/deepseek-coder_6.7b_rules_C004_missing_crs_repair_iter03_20260624_233349,,0,,,,False,,,,,,missing_or_empty,False,,,,experiments/05_choropleth_reliability_benchmark/outputs/generated_code_iterative_repair/qwen2.5-coder_14b/deepseek-coder_6.7b/rules/C004_missing_crs_repair_rules_iter03.py,deepseek-coder_6.7b,False,,False,
map_static.png,experiments/05_choropleth_reliability_benchmark/outputs/runs_iterative_repair/deepseek-coder_6.7b/rules/deepseek-coder_6.7b_rules_C005_geometry_repair_iter01_20260624_041015/map_static.png,True,41636,,True,0.0212,255,11.104,True,,,,480,,,1,static_png,242.636,rules,0.9852,0.1530,C005_geometry_repair,,True,qwen2.5-coder_32b,0,experiments/05_choropleth_reliability_benchmark/outputs/runs_iterative_repair/deepseek-coder_6.7b/rules/deepseek-coder_6.7b_rules_C005_geometry_repair_iter01_20260624_041015,0.0368,41636,0.0212,255,11.104,True,480,242.636,0.9852,0.1530,,,True,0.0368,64,640,experiments/05_choropleth_reliability_benchmark/outputs/generated_code_iterative_repair/qwen2.5-coder_32b/deepseek-coder_6.7b/rules/C005_geometry_repair_rules_iter01.py,deepseek-coder_6.7b,False,64,,640
time_series.png,experiments/05_choropleth_reliability_benchmark/outputs/runs_iterative_repair/deepseek-coder_6.7b/rules/deepseek-coder_6.7b_rules_C005_geometry_repair_iter01_20260624_041015/time_series.png,False,0,missing_or_empty;low_plot_ink;no_visible_line;low_edge_detail,False,,,,False,,,,,,,1,time_series_png,,rules,,,C005_geometry_repair,missing_or_empty,False,qwen2.5-coder_32b,0,experiments/05_choropleth_reliability_benchmark/outputs/runs_iterative_repair/deepseek-coder_6.7b/rules/deepseek-coder_6.7b_rules_C005_geometry_repair_iter01_20260624_041015,,0,,,,False,,,,,,missing_or_empty,False,,,,experiments/05_choropleth_reliability_benchmark/outputs/generated_code_iterative_repair/qwen2.5-coder_32b/deepseek-coder_6.7b/rules/C005_geometry_repair_rules_iter01.py,deepseek-coder_6.7b,False,,,
map_interactive.html,experiments/05_choropleth_reliability_benchmark/outputs/runs_iterative_repair/deepseek-coder_6.7b/rules/deepseek-coder_6.7b_rules_C005_geometry_repair_iter01_20260624_041015/map_interactive.html,False,0,missing_or_empty;html_not_rendered;low_rendered_map_ink;low_edge_detail,False,,,,False,,,,,missing,False,1,interactive_html,,rules,,,C005_geometry_repair,,,qwen2.5-coder_32b,0,experiments/05_choropleth_reliability_benchmark/outputs/runs_iterative_repair/deepseek-coder_6.7b/rules/deepseek-coder_6.7b_rules_C005_geometry_repair_iter01_20260624_041015,,0,,,,False,,,,,,missing_or_empty,False,,,,experiments/05_choropleth_reliability_benchmark/outputs/generated_code_iterative_repair/qwen2.5-coder_32b/deepseek-coder_6.7b/rules/C005_geometry_repair_rules_iter01.py,deepseek-coder_6.7b,False,,False,
map_static.png,experiments/05_choropleth_reliability_benchmark/outputs/runs_iterative_repair/deepseek-coder_6.7b/rules/deepseek-coder_6.7b_rules_C005_geometry_repair_iter01_20260624_071004/map_static.png,True,33961,low_thematic_color,False,0.0175,255,8.845,True,,,,480,,,1,static_png,241.943,rules,0.9884,0.1256,C005_geometry_repair,,True,qwen2.5-coder_14b,0,experiments/05_choropleth_reliability_benchmark/outputs/runs_iterative_repair/deepseek-coder_6.7b/rules/deepseek-coder_6.7b_rules_C005_geometry_repair_iter01_20260624_071004,0.0056,33961,0.0175,255,8.845,True,480,241.943,0.9884,0.1256,,,True,0.0056,18,640,experiments/05_choropleth_reliability_benchmark/outputs/generated_code_iterative_repair/qwen2.5-coder_14b/deepseek-coder_6.7b/rules/C005_geometry_repair_rules_iter01.py,deepseek-coder_6.7b,False,18,,640
time_series.png,experiments/05_choropleth_reliability_benchmark/outputs/runs_iterative_repair/deepseek-coder_6.7b/rules/deepseek-coder_6.7b_rules_C005_geometry_repair_iter01_20260624_071004/time_series.png,False,0,missing_or_empty;low_plot_ink;no_visible_line;low_edge_detail,False,,,,False,,,,,,,1,time_series_png,,rules,,,C005_geometry_repair,missing_or_empty,False,qwen2.5-coder_14b,0,experiments/05_choropleth_reliability_benchmark/outputs/runs_iterative_repair/deepseek-coder_6.7b/rules/deepseek-coder_6.7b_rules_C005_geometry_repair_iter01_20260624_071004,,0,,,,False,,,,,,missing_or_empty,False,,,,experiments/05_choropleth_reliability_benchmark/outputs/generated_code_iterative_repair/qwen2.5-coder_14b/deepseek-coder_6.7b/rules/C005_geometry_repair_rules_iter01.py,deepseek-coder_6.7b,False,,,
map_interactive.html,experiments/05_choropleth_reliability_benchmark/outputs/runs_iterative_repair/deepseek-coder_6.7b/rules/deepseek-coder_6.7b_rules_C005_geometry_repair_iter01_20260624_071004/map_interactive.html,False,0,missing_or_empty;html_not_rendered;low_rendered_map_ink;low_edge_detail,False,,,,False,,,,,missing,False,1,interactive_html,,rules,,,C005_geometry_repair,,,qwen2.5-coder_14b,0,experiments/05_choropleth_reliability_benchmark/outputs/runs_iterative_repair/deepseek-coder_6.7b/rules/deepseek-coder_6.7b_rules_C005_geometry_repair_iter01_20260624_071004,,0,,,,False,,,,,,missing_or_empty,False,,,,experiments/05_choropleth_reliability_benchmark/outputs/generated_code_iterative_repair/qwen2.5-coder_14b/deepseek-coder_6.7b/rules/C005_geometry_repair_rules_iter01.py,deepseek-coder_6.7b,False,,False,
map_static.png,experiments/05_choropleth_reliability_benchmark/outputs/runs_iterative_repair/deepseek-coder_6.7b/rules/deepseek-coder_6.7b_rules_C005_geometry_repair_iter01_20260624_071906/map_static.png,True,33961,low_thematic_color,False,0.0175,255,8.845,True,,,,480,,,1,static_png,241.943,rules,0.9884,0.1256,C005_geometry_repair,,True,qwen2.5-coder_7b,None,experiments/05_choropleth_reliability_benchmark/outputs/runs_iterative_repair/deepseek-coder_6.7b/rules/deepseek-coder_6.7b_rules_C005_geometry_repair_iter01_20260624_071906,0.0056,33961,0.0175,255,8.845,True,480,241.943,0.9884,0.1256,,,True,0.0056,18,640,experiments/05_choropleth_reliability_benchmark/outputs/generated_code_iterative_repair/qwen2.5-coder_7b/deepseek-coder_6.7b/rules/C005_geometry_repair_rules_iter01.py,deepseek-coder_6.7b,True,18,,640
time_series.png,experiments/05_choropleth_reliability_benchmark/outputs/runs_iterative_repair/deepseek-coder_6.7b/rules/deepseek-coder_6.7b_rules_C005_geometry_repair_iter01_20260624_071906/time_series.png,False,0,missing_or_empty;low_plot_ink;no_visible_line;low_edge_detail,False,,,,False,,,,,,,1,time_series_png,,rules,,,C005_geometry_repair,missing_or_empty,False,qwen2.5-coder_7b,None,experiments/05_choropleth_reliability_benchmark/outputs/runs_iterative_repair/deepseek-coder_6.7b/rules/deepseek-coder_6.7b_rules_C005_geometry_repair_iter01_20260624_071906,,0,,,,False,,,,,,missing_or_empty,False,,,,experiments/05_choropleth_reliability_benchmark/outputs/generated_code_iterative_repair/qwen2.5-coder_7b/deepseek-coder_6.7b/rules/C005_geometry_repair_rules_iter01.py,deepseek-coder_6.7b,True,,,
map_interactive.html,experiments/05_choropleth_reliability_benchmark/outputs/runs_iterative_repair/deepseek-coder_6.7b/rules/deepseek-coder_6.7b_rules_C005_geometry_repair_iter01_20260624_071906/map_interactive.html,False,0,missing_or_empty;html_not_rendered;low_rendered_map_ink;low_edge_detail,False,,,,False,,,,,missing,False,1,interactive_html,,rules,,,C005_geometry_repair,,,qwen2.5-coder_7b,None,experiments/05_choropleth_reliability_benchmark/outputs/runs_iterative_repair/deepseek-coder_6.7b/rules/deepseek-coder_6.7b_rules_C005_geometry_repair_iter01_20260624_071906,,0,,,,False,,,,,,missing_or_empty,False,,,,experiments/05_choropleth_reliability_benchmark/outputs/generated_code_iterative_repair/qwen2.5-coder_7b/deepseek-coder_6.7b/rules/C005_geometry_repair_rules_iter01.py,deepseek-coder_6.7b,True,,False,
map_static.png,experiments/05_choropleth_reliability_benchmark/outputs/runs_iterative_repair/deepseek-coder_6.7b/rules/deepseek-coder_6.7b_rules_C005_geometry_repair_iter02_20260624_072112/map_static.png,True,33961,low_thematic_color,False,0.0175,255,8.845,True,,,,480,,,2,static_png,241.943,rules,0.9884,0.1256,C005_geometry_repair,,True,qwen2.5-coder_7b,None,experiments/05_choropleth_reliability_benchmark/outputs/runs_iterative_repair/deepseek-coder_6.7b/rules/deepseek-coder_6.7b_rules_C005_geometry_repair_iter02_20260624_072112,0.0056,33961,0.0175,255,8.845,True,480,241.943,0.9884,0.1256,,,True,0.0056,18,640,experiments/05_choropleth_reliability_benchmark/outputs/generated_code_iterative_repair/qwen2.5-coder_7b/deepseek-coder_6.7b/rules/C005_geometry_repair_rules_iter02.py,deepseek-coder_6.7b,True,18,,640
time_series.png,experiments/05_choropleth_reliability_benchmark/outputs/runs_iterative_repair/deepseek-coder_6.7b/rules/deepseek-coder_6.7b_rules_C005_geometry_repair_iter02_20260624_072112/time_series.png,False,0,missing_or_empty;low_plot_ink;no_visible_line;low_edge_detail,False,,,,False,,,,,,,2,time_series_png,,rules,,,C005_geometry_repair,missing_or_empty,False,qwen2.5-coder_7b,None,experiments/05_choropleth_reliability_benchmark/outputs/runs_iterative_repair/deepseek-coder_6.7b/rules/deepseek-coder_6.7b_rules_C005_geometry_repair_iter02_20260624_072112,,0,,,,False,,,,,,missing_or_empty,False,,,,experiments/05_choropleth_reliability_benchmark/outputs/generated_code_iterative_repair/qwen2.5-coder_7b/deepseek-coder_6.7b/rules/C005_geometry_repair_rules_iter02.py,deepseek-coder_6.7b,True,,,
map_interactive.html,experiments/05_choropleth_reliability_benchmark/outputs/runs_iterative_repair/deepseek-coder_6.7b/rules/deepseek-coder_6.7b_rules_C005_geometry_repair_iter02_20260624_072112/map_interactive.html,False,0,missing_or_empty;html_not_rendered;low_rendered_map_ink;low_edge_detail,False,,,,False,,,,,missing,False,2,interactive_html,,rules,,,C005_geometry_repair,,,qwen2.5-coder_7b,None,experiments/05_choropleth_reliability_benchmark/outputs/runs_iterative_repair/deepseek-coder_6.7b/rules/deepseek-coder_6.7b_rules_C005_geometry_repair_iter02_20260624_072112,,0,,,,False,,,,,,missing_or_empty,False,,,,experiments/05_choropleth_reliability_benchmark/outputs/generated_code_iterative_repair/qwen2.5-coder_7b/deepseek-coder_6.7b/rules/C005_geometry_repair_rules_iter02.py,deepseek-coder_6.7b,True,,False,
map_static.png,experiments/05_choropleth_reliability_benchmark/outputs/runs_iterative_repair/deepseek-coder_6.7b/rules/deepseek-coder_6.7b_rules_C005_geometry_repair_iter02_20260625_001315/map_static.png,False,0,missing_or_empty;low_thematic_color;low_map_ink;low_edge_detail,False,,,,False,,,,,,,2,static_png,,rules,,,C005_geometry_repair,missing_or_empty,False,deepseek-coder_6.7b,0,experiments/05_choropleth_reliability_benchmark/outputs/runs_iterative_repair/deepseek-coder_6.7b/rules/deepseek-coder_6.7b_rules_C005_geometry_repair_iter02_20260625_001315,,0,,,,False,,,,,,missing_or_empty,False,,,,experiments/05_choropleth_reliability_benchmark/outputs/generated_code_iterative_repair/deepseek-coder_6.7b/deepseek-coder_6.7b/rules/C005_geometry_repair_rules_iter02.py,deepseek-coder_6.7b,False,,,
time_series.png,experiments/05_choropleth_reliability_benchmark/outputs/runs_iterative_repair/deepseek-coder_6.7b/rules/deepseek-coder_6.7b_rules_C005_geometry_repair_iter02_20260625_001315/time_series.png,False,0,missing_or_empty;low_plot_ink;no_visible_line;low_edge_detail,False,,,,False,,,,,,,2,time_series_png,,rules,,,C005_geometry_repair,missing_or_empty,False,deepseek-coder_6.7b,0,experiments/05_choropleth_reliability_benchmark/outputs/runs_iterative_repair/deepseek-coder_6.7b/rules/deepseek-coder_6.7b_rules_C005_geometry_repair_iter02_20260625_001315,,0,,,,False,,,,,,missing_or_empty,False,,,,experiments/05_choropleth_reliability_benchmark/outputs/generated_code_iterative_repair/deepseek-coder_6.7b/deepseek-coder_6.7b/rules/C005_geometry_repair_rules_iter02.py,deepseek-coder_6.7b,False,,,
map_interactive.html,experiments/05_choropleth_reliability_benchmark/outputs/runs_iterative_repair/deepseek-coder_6.7b/rules/deepseek-coder_6.7b_rules_C005_geometry_repair_iter02_20260625_001315/map_interactive.html,False,0,missing_or_empty;html_not_rendered;low_rendered_map_ink;low_edge_detail,False,,,,False,,,,,missing,False,2,interactive_html,,rules,,,C005_geometry_repair,,,deepseek-coder_6.7b,0,experiments/05_choropleth_reliability_benchmark/outputs/runs_iterative_repair/deepseek-coder_6.7b/rules/deepseek-coder_6.7b_rules_C005_geometry_repair_iter02_20260625_001315,,0,,,,False,,,,,,missing_or_empty,False,,,,experiments/05_choropleth_reliability_benchmark/outputs/generated_code_iterative_repair/deepseek-coder_6.7b/deepseek-coder_6.7b/rules/C005_geometry_repair_rules_iter02.py,deepseek-coder_6.7b,False,,False,
map_static.png,experiments/05_choropleth_reliability_benchmark/outputs/runs_iterative_repair/deepseek-coder_6.7b/rules/deepseek-coder_6.7b_rules_C005_geometry_repair_iter03_20260624_230853/map_static.png,True,33961,low_thematic_color,False,0.0175,255,8.845,True,,,,480,,,3,static_png,241.943,rules,0.9884,0.1256,C005_geometry_repair,,True,qwen2.5-coder_7b,0,experiments/05_choropleth_reliability_benchmark/outputs/runs_iterative_repair/deepseek-coder_6.7b/rules/deepseek-coder_6.7b_rules_C005_geometry_repair_iter03_20260624_230853,0.0056,33961,0.0175,255,8.845,True,480,241.943,0.9884,0.1256,,,True,0.0056,18,640,experiments/05_choropleth_reliability_benchmark/outputs/generated_code_iterative_repair/qwen2.5-coder_7b/deepseek-coder_6.7b/rules/C005_geometry_repair_rules_iter03.py,deepseek-coder_6.7b,False,18,,640
time_series.png,experiments/05_choropleth_reliability_benchmark/outputs/runs_iterative_repair/deepseek-coder_6.7b/rules/deepseek-coder_6.7b_rules_C005_geometry_repair_iter03_20260624_230853/time_series.png,False,0,missing_or_empty;low_plot_ink;no_visible_line;low_edge_detail,False,,,,False,,,,,,,3,time_series_png,,rules,,,C005_geometry_repair,missing_or_empty,False,qwen2.5-coder_7b,0,experiments/05_choropleth_reliability_benchmark/outputs/runs_iterative_repair/deepseek-coder_6.7b/rules/deepseek-coder_6.7b_rules_C005_geometry_repair_iter03_20260624_230853,,0,,,,False,,,,,,missing_or_empty,False,,,,experiments/05_choropleth_reliability_benchmark/outputs/generated_code_iterative_repair/qwen2.5-coder_7b/deepseek-coder_6.7b/rules/C005_geometry_repair_rules_iter03.py,deepseek-coder_6.7b,False,,,
map_interactive.html,experiments/05_choropleth_reliability_benchmark/outputs/runs_iterative_repair/deepseek-coder_6.7b/rules/deepseek-coder_6.7b_rules_C005_geometry_repair_iter03_20260624_230853/map_interactive.html,False,0,missing_or_empty;html_not_rendered;low_rendered_map_ink;low_edge_detail,False,,,,False,,,,,missing,False,3,interactive_html,,rules,,,C005_geometry_repair,,,qwen2.5-coder_7b,0,experiments/05_choropleth_reliability_benchmark/outputs/runs_iterative_repair/deepseek-coder_6.7b/rules/deepseek-coder_6.7b_rules_C005_geometry_repair_iter03_20260624_230853,,0,,,,False,,,,,,missing_or_empty,False,,,,experiments/05_choropleth_reliability_benchmark/outputs/generated_code_iterative_repair/qwen2.5-coder_7b/deepseek-coder_6.7b/rules/C005_geometry_repair_rules_iter03.py,deepseek-coder_6.7b,False,,False,
map_static.png,experiments/05_choropleth_reliability_benchmark/outputs/runs_iterative_repair/deepseek-coder_6.7b/rules/deepseek-coder_6.7b_rules_C006_join_diagnostics_iter01_20260624_044208/map_static.png,False,0,missing_or_empty;low_thematic_color;low_map_ink;low_edge_detail,False,,,,False,,,,,,,1,static_png,,rules,,,C006_join_diagnostics,missing_or_empty,False,qwen2.5-coder_32b,1,experiments/05_choropleth_reliability_benchmark/outputs/runs_iterative_repair/deepseek-coder_6.7b/rules/deepseek-coder_6.7b_rules_C006_join_diagnostics_iter01_20260624_044208,,0,,,,False,,,,,,missing_or_empty,False,,,,experiments/05_choropleth_reliability_benchmark/outputs/generated_code_iterative_repair/qwen2.5-coder_32b/deepseek-coder_6.7b/rules/C006_join_diagnostics_rules_iter01.py,deepseek-coder_6.7b,False,,,
time_series.png,experiments/05_choropleth_reliability_benchmark/outputs/runs_iterative_repair/deepseek-coder_6.7b/rules/deepseek-coder_6.7b_rules_C006_join_diagnostics_iter01_20260624_044208/time_series.png,False,0,missing_or_empty;low_plot_ink;no_visible_line;low_edge_detail,False,,,,False,,,,,,,1,time_series_png,,rules,,,C006_join_diagnostics,missing_or_empty,False,qwen2.5-coder_32b,1,experiments/05_choropleth_reliability_benchmark/outputs/runs_iterative_repair/deepseek-coder_6.7b/rules/deepseek-coder_6.7b_rules_C006_join_diagnostics_iter01_20260624_044208,,0,,,,False,,,,,,missing_or_empty,False,,,,experiments/05_choropleth_reliability_benchmark/outputs/generated_code_iterative_repair/qwen2.5-coder_32b/deepseek-coder_6.7b/rules/C006_join_diagnostics_rules_iter01.py,deepseek-coder_6.7b,False,,,
map_interactive.html,experiments/05_choropleth_reliability_benchmark/outputs/runs_iterative_repair/deepseek-coder_6.7b/rules/deepseek-coder_6.7b_rules_C006_join_diagnostics_iter01_20260624_044208/map_interactive.html,False,0,missing_or_empty;html_not_rendered;low_rendered_map_ink;low_edge_detail,False,,,,False,,,,,missing,False,1,interactive_html,,rules,,,C006_join_diagnostics,,,qwen2.5-coder_32b,1,experiments/05_choropleth_reliability_benchmark/outputs/runs_iterative_repair/deepseek-coder_6.7b/rules/deepseek-coder_6.7b_rules_C006_join_diagnostics_iter01_20260624_044208,,0,,,,False,,,,,,missing_or_empty,False,,,,experiments/05_choropleth_reliability_benchmark/outputs/generated_code_iterative_repair/qwen2.5-coder_32b/deepseek-coder_6.7b/rules/C006_join_diagnostics_rules_iter01.py,deepseek-coder_6.7b,False,,False,
map_static.png,experiments/05_choropleth_reliability_benchmark/outputs/runs_iterative_repair/deepseek-coder_6.7b/rules/deepseek-coder_6.7b_rules_C006_join_diagnostics_iter01_20260624_231515/map_static.png,False,0,missing_or_empty;low_thematic_color;low_map_ink;low_edge_detail,False,,,,False,,,,,,,1,static_png,,rules,,,C006_join_diagnostics,missing_or_empty,False,qwen2.5-coder_7b,1,experiments/05_choropleth_reliability_benchmark/outputs/runs_iterative_repair/deepseek-coder_6.7b/rules/deepseek-coder_6.7b_rules_C006_join_diagnostics_iter01_20260624_231515,,0,,,,False,,,,,,missing_or_empty,False,,,,experiments/05_choropleth_reliability_benchmark/outputs/generated_code_iterative_repair/qwen2.5-coder_7b/deepseek-coder_6.7b/rules/C006_join_diagnostics_rules_iter01.py,deepseek-coder_6.7b,False,,,
time_series.png,experiments/05_choropleth_reliability_benchmark/outputs/runs_iterative_repair/deepseek-coder_6.7b/rules/deepseek-coder_6.7b_rules_C006_join_diagnostics_iter01_20260624_231515/time_series.png,False,0,missing_or_empty;low_plot_ink;no_visible_line;low_edge_detail,False,,,,False,,,,,,,1,time_series_png,,rules,,,C006_join_diagnostics,missing_or_empty,False,qwen2.5-coder_7b,1,experiments/05_choropleth_reliability_benchmark/outputs/runs_iterative_repair/deepseek-coder_6.7b/rules/deepseek-coder_6.7b_rules_C006_join_diagnostics_iter01_20260624_231515,,0,,,,False,,,,,,missing_or_empty,False,,,,experiments/05_choropleth_reliability_benchmark/outputs/generated_code_iterative_repair/qwen2.5-coder_7b/deepseek-coder_6.7b/rules/C006_join_diagnostics_rules_iter01.py,deepseek-coder_6.7b,False,,,
map_interactive.html,experiments/05_choropleth_reliability_benchmark/outputs/runs_iterative_repair/deepseek-coder_6.7b/rules/deepseek-coder_6.7b_rules_C006_join_diagnostics_iter01_20260624_231515/map_interactive.html,False,0,missing_or_empty;html_not_rendered;low_rendered_map_ink;low_edge_detail,False,,,,False,,,,,missing,False,1,interactive_html,,rules,,,C006_join_diagnostics,,,qwen2.5-coder_7b,1,experiments/05_choropleth_reliability_benchmark/outputs/runs_iterative_repair/deepseek-coder_6.7b/rules/deepseek-coder_6.7b_rules_C006_join_diagnostics_iter01_20260624_231515,,0,,,,False,,,,,,missing_or_empty,False,,,,experiments/05_choropleth_reliability_benchmark/outputs/generated_code_iterative_repair/qwen2.5-coder_7b/deepseek-coder_6.7b/rules/C006_join_diagnostics_rules_iter01.py,deepseek-coder_6.7b,False,,False,
map_static.png,experiments/05_choropleth_reliability_benchmark/outputs/runs_iterative_repair/deepseek-coder_6.7b/rules/deepseek-coder_6.7b_rules_C006_join_diagnostics_iter01_20260624_234511/map_static.png,False,0,missing_or_empty;low_thematic_color;low_map_ink;low_edge_detail,False,,,,False,,,,,,,1,static_png,,rules,,,C006_join_diagnostics,missing_or_empty,False,qwen2.5-coder_14b,1,experiments/05_choropleth_reliability_benchmark/outputs/runs_iterative_repair/deepseek-coder_6.7b/rules/deepseek-coder_6.7b_rules_C006_join_diagnostics_iter01_20260624_234511,,0,,,,False,,,,,,missing_or_empty,False,,,,experiments/05_choropleth_reliability_benchmark/outputs/generated_code_iterative_repair/qwen2.5-coder_14b/deepseek-coder_6.7b/rules/C006_join_diagnostics_rules_iter01.py,deepseek-coder_6.7b,False,,,
time_series.png,experiments/05_choropleth_reliability_benchmark/outputs/runs_iterative_repair/deepseek-coder_6.7b/rules/deepseek-coder_6.7b_rules_C006_join_diagnostics_iter01_20260624_234511/time_series.png,False,0,missing_or_empty;low_plot_ink;no_visible_line;low_edge_detail,False,,,,False,,,,,,,1,time_series_png,,rules,,,C006_join_diagnostics,missing_or_empty,False,qwen2.5-coder_14b,1,experiments/05_choropleth_reliability_benchmark/outputs/runs_iterative_repair/deepseek-coder_6.7b/rules/deepseek-coder_6.7b_rules_C006_join_diagnostics_iter01_20260624_234511,,0,,,,False,,,,,,missing_or_empty,False,,,,experiments/05_choropleth_reliability_benchmark/outputs/generated_code_iterative_repair/qwen2.5-coder_14b/deepseek-coder_6.7b/rules/C006_join_diagnostics_rules_iter01.py,deepseek-coder_6.7b,False,,,
map_interactive.html,experiments/05_choropleth_reliability_benchmark/outputs/runs_iterative_repair/deepseek-coder_6.7b/rules/deepseek-coder_6.7b_rules_C006_join_diagnostics_iter01_20260624_234511/map_interactive.html,False,0,missing_or_empty;html_not_rendered;low_rendered_map_ink;low_edge_detail,False,,,,False,,,,,missing,False,1,interactive_html,,rules,,,C006_join_diagnostics,,,qwen2.5-coder_14b,1,experiments/05_choropleth_reliability_benchmark/outputs/runs_iterative_repair/deepseek-coder_6.7b/rules/deepseek-coder_6.7b_rules_C006_join_diagnostics_iter01_20260624_234511,,0,,,,False,,,,,,missing_or_empty,False,,,,experiments/05_choropleth_reliability_benchmark/outputs/generated_code_iterative_repair/qwen2.5-coder_14b/deepseek-coder_6.7b/rules/C006_join_diagnostics_rules_iter01.py,deepseek-coder_6.7b,False,,False,
map_static.png,experiments/05_choropleth_reliability_benchmark/outputs/runs_iterative_repair/deepseek-coder_6.7b/rules/deepseek-coder_6.7b_rules_C006_join_diagnostics_iter02_20260624_044259/map_static.png,False,0,missing_or_empty;low_thematic_color;low_map_ink;low_edge_detail,False,,,,False,,,,,,,2,static_png,,rules,,,C006_join_diagnostics,missing_or_empty,False,qwen2.5-coder_32b,1,experiments/05_choropleth_reliability_benchmark/outputs/runs_iterative_repair/deepseek-coder_6.7b/rules/deepseek-coder_6.7b_rules_C006_join_diagnostics_iter02_20260624_044259,,0,,,,False,,,,,,missing_or_empty,False,,,,experiments/05_choropleth_reliability_benchmark/outputs/generated_code_iterative_repair/qwen2.5-coder_32b/deepseek-coder_6.7b/rules/C006_join_diagnostics_rules_iter02.py,deepseek-coder_6.7b,False,,,
time_series.png,experiments/05_choropleth_reliability_benchmark/outputs/runs_iterative_repair/deepseek-coder_6.7b/rules/deepseek-coder_6.7b_rules_C006_join_diagnostics_iter02_20260624_044259/time_series.png,False,0,missing_or_empty;low_plot_ink;no_visible_line;low_edge_detail,False,,,,False,,,,,,,2,time_series_png,,rules,,,C006_join_diagnostics,missing_or_empty,False,qwen2.5-coder_32b,1,experiments/05_choropleth_reliability_benchmark/outputs/runs_iterative_repair/deepseek-coder_6.7b/rules/deepseek-coder_6.7b_rules_C006_join_diagnostics_iter02_20260624_044259,,0,,,,False,,,,,,missing_or_empty,False,,,,experiments/05_choropleth_reliability_benchmark/outputs/generated_code_iterative_repair/qwen2.5-coder_32b/deepseek-coder_6.7b/rules/C006_join_diagnostics_rules_iter02.py,deepseek-coder_6.7b,False,,,
map_interactive.html,experiments/05_choropleth_reliability_benchmark/outputs/runs_iterative_repair/deepseek-coder_6.7b/rules/deepseek-coder_6.7b_rules_C006_join_diagnostics_iter02_20260624_044259/map_interactive.html,False,0,missing_or_empty;html_not_rendered;low_rendered_map_ink;low_edge_detail,False,,,,False,,,,,missing,False,2,interactive_html,,rules,,,C006_join_diagnostics,,,qwen2.5-coder_32b,1,experiments/05_choropleth_reliability_benchmark/outputs/runs_iterative_repair/deepseek-coder_6.7b/rules/deepseek-coder_6.7b_rules_C006_join_diagnostics_iter02_20260624_044259,,0,,,,False,,,,,,missing_or_empty,False,,,,experiments/05_choropleth_reliability_benchmark/outputs/generated_code_iterative_repair/qwen2.5-coder_32b/deepseek-coder_6.7b/rules/C006_join_diagnostics_rules_iter02.py,deepseek-coder_6.7b,False,,False,
map_static.png,experiments/05_choropleth_reliability_benchmark/outputs/runs_iterative_repair/deepseek-coder_6.7b/rules/deepseek-coder_6.7b_rules_C006_join_diagnostics_iter02_20260624_231528/map_static.png,False,0,missing_or_empty;low_thematic_color;low_map_ink;low_edge_detail,False,,,,False,,,,,,,2,static_png,,rules,,,C006_join_diagnostics,missing_or_empty,False,qwen2.5-coder_7b,1,experiments/05_choropleth_reliability_benchmark/outputs/runs_iterative_repair/deepseek-coder_6.7b/rules/deepseek-coder_6.7b_rules_C006_join_diagnostics_iter02_20260624_231528,,0,,,,False,,,,,,missing_or_empty,False,,,,experiments/05_choropleth_reliability_benchmark/outputs/generated_code_iterative_repair/qwen2.5-coder_7b/deepseek-coder_6.7b/rules/C006_join_diagnostics_rules_iter02.py,deepseek-coder_6.7b,False,,,
time_series.png,experiments/05_choropleth_reliability_benchmark/outputs/runs_iterative_repair/deepseek-coder_6.7b/rules/deepseek-coder_6.7b_rules_C006_join_diagnostics_iter02_20260624_231528/time_series.png,False,0,missing_or_empty;low_plot_ink;no_visible_line;low_edge_detail,False,,,,False,,,,,,,2,time_series_png,,rules,,,C006_join_diagnostics,missing_or_empty,False,qwen2.5-coder_7b,1,experiments/05_choropleth_reliability_benchmark/outputs/runs_iterative_repair/deepseek-coder_6.7b/rules/deepseek-coder_6.7b_rules_C006_join_diagnostics_iter02_20260624_231528,,0,,,,False,,,,,,missing_or_empty,False,,,,experiments/05_choropleth_reliability_benchmark/outputs/generated_code_iterative_repair/qwen2.5-coder_7b/deepseek-coder_6.7b/rules/C006_join_diagnostics_rules_iter02.py,deepseek-coder_6.7b,False,,,
map_interactive.html,experiments/05_choropleth_reliability_benchmark/outputs/runs_iterative_repair/deepseek-coder_6.7b/rules/deepseek-coder_6.7b_rules_C006_join_diagnostics_iter02_20260624_231528/map_interactive.html,False,0,missing_or_empty;html_not_rendered;low_rendered_map_ink;low_edge_detail,False,,,,False,,,,,missing,False,2,interactive_html,,rules,,,C006_join_diagnostics,,,qwen2.5-coder_7b,1,experiments/05_choropleth_reliability_benchmark/outputs/runs_iterative_repair/deepseek-coder_6.7b/rules/deepseek-coder_6.7b_rules_C006_join_diagnostics_iter02_20260624_231528,,0,,,,False,,,,,,missing_or_empty,False,,,,experiments/05_choropleth_reliability_benchmark/outputs/generated_code_iterative_repair/qwen2.5-coder_7b/deepseek-coder_6.7b/rules/C006_join_diagnostics_rules_iter02.py,deepseek-coder_6.7b,False,,False,
map_static.png,experiments/05_choropleth_reliability_benchmark/outputs/runs_iterative_repair/deepseek-coder_6.7b/rules/deepseek-coder_6.7b_rules_C006_join_diagnostics_iter02_20260624_234531/map_static.png,False,0,missing_or_empty;low_thematic_color;low_map_ink;low_edge_detail,False,,,,False,,,,,,,2,static_png,,rules,,,C006_join_diagnostics,missing_or_empty,False,qwen2.5-coder_14b,1,experiments/05_choropleth_reliability_benchmark/outputs/runs_iterative_repair/deepseek-coder_6.7b/rules/deepseek-coder_6.7b_rules_C006_join_diagnostics_iter02_20260624_234531,,0,,,,False,,,,,,missing_or_empty,False,,,,experiments/05_choropleth_reliability_benchmark/outputs/generated_code_iterative_repair/qwen2.5-coder_14b/deepseek-coder_6.7b/rules/C006_join_diagnostics_rules_iter02.py,deepseek-coder_6.7b,False,,,
time_series.png,experiments/05_choropleth_reliability_benchmark/outputs/runs_iterative_repair/deepseek-coder_6.7b/rules/deepseek-coder_6.7b_rules_C006_join_diagnostics_iter02_20260624_234531/time_series.png,False,0,missing_or_empty;low_plot_ink;no_visible_line;low_edge_detail,False,,,,False,,,,,,,2,time_series_png,,rules,,,C006_join_diagnostics,missing_or_empty,False,qwen2.5-coder_14b,1,experiments/05_choropleth_reliability_benchmark/outputs/runs_iterative_repair/deepseek-coder_6.7b/rules/deepseek-coder_6.7b_rules_C006_join_diagnostics_iter02_20260624_234531,,0,,,,False,,,,,,missing_or_empty,False,,,,experiments/05_choropleth_reliability_benchmark/outputs/generated_code_iterative_repair/qwen2.5-coder_14b/deepseek-coder_6.7b/rules/C006_join_diagnostics_rules_iter02.py,deepseek-coder_6.7b,False,,,
map_interactive.html,experiments/05_choropleth_reliability_benchmark/outputs/runs_iterative_repair/deepseek-coder_6.7b/rules/deepseek-coder_6.7b_rules_C006_join_diagnostics_iter02_20260624_234531/map_interactive.html,False,0,missing_or_empty;html_not_rendered;low_rendered_map_ink;low_edge_detail,False,,,,False,,,,,missing,False,2,interactive_html,,rules,,,C006_join_diagnostics,,,qwen2.5-coder_14b,1,experiments/05_choropleth_reliability_benchmark/outputs/runs_iterative_repair/deepseek-coder_6.7b/rules/deepseek-coder_6.7b_rules_C006_join_diagnostics_iter02_20260624_234531,,0,,,,False,,,,,,missing_or_empty,False,,,,experiments/05_choropleth_reliability_benchmark/outputs/generated_code_iterative_repair/qwen2.5-coder_14b/deepseek-coder_6.7b/rules/C006_join_diagnostics_rules_iter02.py,deepseek-coder_6.7b,False,,False,
map_static.png,experiments/05_choropleth_reliability_benchmark/outputs/runs_iterative_repair/deepseek-coder_6.7b/rules/deepseek-coder_6.7b_rules_C006_join_diagnostics_iter03_20260624_062224/map_static.png,False,0,missing_or_empty;low_thematic_color;low_map_ink;low_edge_detail,False,,,,False,,,,,,,3,static_png,,rules,,,C006_join_diagnostics,missing_or_empty,False,qwen2.5-coder_32b,1,experiments/05_choropleth_reliability_benchmark/outputs/runs_iterative_repair/deepseek-coder_6.7b/rules/deepseek-coder_6.7b_rules_C006_join_diagnostics_iter03_20260624_062224,,0,,,,False,,,,,,missing_or_empty,False,,,,experiments/05_choropleth_reliability_benchmark/outputs/generated_code_iterative_repair/qwen2.5-coder_32b/deepseek-coder_6.7b/rules/C006_join_diagnostics_rules_iter03.py,deepseek-coder_6.7b,False,,,
time_series.png,experiments/05_choropleth_reliability_benchmark/outputs/runs_iterative_repair/deepseek-coder_6.7b/rules/deepseek-coder_6.7b_rules_C006_join_diagnostics_iter03_20260624_062224/time_series.png,False,0,missing_or_empty;low_plot_ink;no_visible_line;low_edge_detail,False,,,,False,,,,,,,3,time_series_png,,rules,,,C006_join_diagnostics,missing_or_empty,False,qwen2.5-coder_32b,1,experiments/05_choropleth_reliability_benchmark/outputs/runs_iterative_repair/deepseek-coder_6.7b/rules/deepseek-coder_6.7b_rules_C006_join_diagnostics_iter03_20260624_062224,,0,,,,False,,,,,,missing_or_empty,False,,,,experiments/05_choropleth_reliability_benchmark/outputs/generated_code_iterative_repair/qwen2.5-coder_32b/deepseek-coder_6.7b/rules/C006_join_diagnostics_rules_iter03.py,deepseek-coder_6.7b,False,,,
map_interactive.html,experiments/05_choropleth_reliability_benchmark/outputs/runs_iterative_repair/deepseek-coder_6.7b/rules/deepseek-coder_6.7b_rules_C006_join_diagnostics_iter03_20260624_062224/map_interactive.html,False,0,missing_or_empty;html_not_rendered;low_rendered_map_ink;low_edge_detail,False,,,,False,,,,,missing,False,3,interactive_html,,rules,,,C006_join_diagnostics,,,qwen2.5-coder_32b,1,experiments/05_choropleth_reliability_benchmark/outputs/runs_iterative_repair/deepseek-coder_6.7b/rules/deepseek-coder_6.7b_rules_C006_join_diagnostics_iter03_20260624_062224,,0,,,,False,,,,,,missing_or_empty,False,,,,experiments/05_choropleth_reliability_benchmark/outputs/generated_code_iterative_repair/qwen2.5-coder_32b/deepseek-coder_6.7b/rules/C006_join_diagnostics_rules_iter03.py,deepseek-coder_6.7b,False,,False,
map_static.png,experiments/05_choropleth_reliability_benchmark/outputs/runs_iterative_repair/deepseek-coder_6.7b/rules/deepseek-coder_6.7b_rules_C006_join_diagnostics_iter03_20260624_231540/map_static.png,False,0,missing_or_empty;low_thematic_color;low_map_ink;low_edge_detail,False,,,,False,,,,,,,3,static_png,,rules,,,C006_join_diagnostics,missing_or_empty,False,qwen2.5-coder_7b,1,experiments/05_choropleth_reliability_benchmark/outputs/runs_iterative_repair/deepseek-coder_6.7b/rules/deepseek-coder_6.7b_rules_C006_join_diagnostics_iter03_20260624_231540,,0,,,,False,,,,,,missing_or_empty,False,,,,experiments/05_choropleth_reliability_benchmark/outputs/generated_code_iterative_repair/qwen2.5-coder_7b/deepseek-coder_6.7b/rules/C006_join_diagnostics_rules_iter03.py,deepseek-coder_6.7b,False,,,
time_series.png,experiments/05_choropleth_reliability_benchmark/outputs/runs_iterative_repair/deepseek-coder_6.7b/rules/deepseek-coder_6.7b_rules_C006_join_diagnostics_iter03_20260624_231540/time_series.png,False,0,missing_or_empty;low_plot_ink;no_visible_line;low_edge_detail,False,,,,False,,,,,,,3,time_series_png,,rules,,,C006_join_diagnostics,missing_or_empty,False,qwen2.5-coder_7b,1,experiments/05_choropleth_reliability_benchmark/outputs/runs_iterative_repair/deepseek-coder_6.7b/rules/deepseek-coder_6.7b_rules_C006_join_diagnostics_iter03_20260624_231540,,0,,,,False,,,,,,missing_or_empty,False,,,,experiments/05_choropleth_reliability_benchmark/outputs/generated_code_iterative_repair/qwen2.5-coder_7b/deepseek-coder_6.7b/rules/C006_join_diagnostics_rules_iter03.py,deepseek-coder_6.7b,False,,,
map_interactive.html,experiments/05_choropleth_reliability_benchmark/outputs/runs_iterative_repair/deepseek-coder_6.7b/rules/deepseek-coder_6.7b_rules_C006_join_diagnostics_iter03_20260624_231540/map_interactive.html,False,0,missing_or_empty;html_not_rendered;low_rendered_map_ink;low_edge_detail,False,,,,False,,,,,missing,False,3,interactive_html,,rules,,,C006_join_diagnostics,,,qwen2.5-coder_7b,1,experiments/05_choropleth_reliability_benchmark/outputs/runs_iterative_repair/deepseek-coder_6.7b/rules/deepseek-coder_6.7b_rules_C006_join_diagnostics_iter03_20260624_231540,,0,,,,False,,,,,,missing_or_empty,False,,,,experiments/05_choropleth_reliability_benchmark/outputs/generated_code_iterative_repair/qwen2.5-coder_7b/deepseek-coder_6.7b/rules/C006_join_diagnostics_rules_iter03.py,deepseek-coder_6.7b,False,,False,
map_static.png,experiments/05_choropleth_reliability_benchmark/outputs/runs_iterative_repair/deepseek-coder_6.7b/rules/deepseek-coder_6.7b_rules_C006_join_diagnostics_iter03_20260624_234552/map_static.png,False,0,missing_or_empty;low_thematic_color;low_map_ink;low_edge_detail,False,,,,False,,,,,,,3,static_png,,rules,,,C006_join_diagnostics,missing_or_empty,False,qwen2.5-coder_14b,1,experiments/05_choropleth_reliability_benchmark/outputs/runs_iterative_repair/deepseek-coder_6.7b/rules/deepseek-coder_6.7b_rules_C006_join_diagnostics_iter03_20260624_234552,,0,,,,False,,,,,,missing_or_empty,False,,,,experiments/05_choropleth_reliability_benchmark/outputs/generated_code_iterative_repair/qwen2.5-coder_14b/deepseek-coder_6.7b/rules/C006_join_diagnostics_rules_iter03.py,deepseek-coder_6.7b,False,,,
time_series.png,experiments/05_choropleth_reliability_benchmark/outputs/runs_iterative_repair/deepseek-coder_6.7b/rules/deepseek-coder_6.7b_rules_C006_join_diagnostics_iter03_20260624_234552/time_series.png,False,0,missing_or_empty;low_plot_ink;no_visible_line;low_edge_detail,False,,,,False,,,,,,,3,time_series_png,,rules,,,C006_join_diagnostics,missing_or_empty,False,qwen2.5-coder_14b,1,experiments/05_choropleth_reliability_benchmark/outputs/runs_iterative_repair/deepseek-coder_6.7b/rules/deepseek-coder_6.7b_rules_C006_join_diagnostics_iter03_20260624_234552,,0,,,,False,,,,,,missing_or_empty,False,,,,experiments/05_choropleth_reliability_benchmark/outputs/generated_code_iterative_repair/qwen2.5-coder_14b/deepseek-coder_6.7b/rules/C006_join_diagnostics_rules_iter03.py,deepseek-coder_6.7b,False,,,
map_interactive.html,experiments/05_choropleth_reliability_benchmark/outputs/runs_iterative_repair/deepseek-coder_6.7b/rules/deepseek-coder_6.7b_rules_C006_join_diagnostics_iter03_20260624_234552/map_interactive.html,False,0,missing_or_empty;html_not_rendered;low_rendered_map_ink;low_edge_detail,False,,,,False,,,,,missing,False,3,interactive_html,,rules,,,C006_join_diagnostics,,,qwen2.5-coder_14b,1,experiments/05_choropleth_reliability_benchmark/outputs/runs_iterative_repair/deepseek-coder_6.7b/rules/deepseek-coder_6.7b_rules_C006_join_diagnostics_iter03_20260624_234552,,0,,,,False,,,,,,missing_or_empty,False,,,,experiments/05_choropleth_reliability_benchmark/outputs/generated_code_iterative_repair/qwen2.5-coder_14b/deepseek-coder_6.7b/rules/C006_join_diagnostics_rules_iter03.py,deepseek-coder_6.7b,False,,False,
map_static.png,experiments/05_choropleth_reliability_benchmark/outputs/runs_iterative_repair/deepseek-coder_6.7b/rules/deepseek-coder_6.7b_rules_C008_quantile_classes_iter01_20260624_051052/map_static.png,False,0,missing_or_empty;low_thematic_color;low_map_ink;low_edge_detail,False,,,,False,,,,,,,1,static_png,,rules,,,C008_quantile_classes,missing_or_empty,False,qwen2.5-coder_32b,1,experiments/05_choropleth_reliability_benchmark/outputs/runs_iterative_repair/deepseek-coder_6.7b/rules/deepseek-coder_6.7b_rules_C008_quantile_classes_iter01_20260624_051052,,0,,,,False,,,,,,missing_or_empty,False,,,,experiments/05_choropleth_reliability_benchmark/outputs/generated_code_iterative_repair/qwen2.5-coder_32b/deepseek-coder_6.7b/rules/C008_quantile_classes_rules_iter01.py,deepseek-coder_6.7b,False,,,
time_series.png,experiments/05_choropleth_reliability_benchmark/outputs/runs_iterative_repair/deepseek-coder_6.7b/rules/deepseek-coder_6.7b_rules_C008_quantile_classes_iter01_20260624_051052/time_series.png,False,0,missing_or_empty;low_plot_ink;no_visible_line;low_edge_detail,False,,,,False,,,,,,,1,time_series_png,,rules,,,C008_quantile_classes,missing_or_empty,False,qwen2.5-coder_32b,1,experiments/05_choropleth_reliability_benchmark/outputs/runs_iterative_repair/deepseek-coder_6.7b/rules/deepseek-coder_6.7b_rules_C008_quantile_classes_iter01_20260624_051052,,0,,,,False,,,,,,missing_or_empty,False,,,,experiments/05_choropleth_reliability_benchmark/outputs/generated_code_iterative_repair/qwen2.5-coder_32b/deepseek-coder_6.7b/rules/C008_quantile_classes_rules_iter01.py,deepseek-coder_6.7b,False,,,
map_interactive.html,experiments/05_choropleth_reliability_benchmark/outputs/runs_iterative_repair/deepseek-coder_6.7b/rules/deepseek-coder_6.7b_rules_C008_quantile_classes_iter01_20260624_051052/map_interactive.html,False,0,missing_or_empty;html_not_rendered;low_rendered_map_ink;low_edge_detail,False,,,,False,,,,,missing,False,1,interactive_html,,rules,,,C008_quantile_classes,,,qwen2.5-coder_32b,1,experiments/05_choropleth_reliability_benchmark/outputs/runs_iterative_repair/deepseek-coder_6.7b/rules/deepseek-coder_6.7b_rules_C008_quantile_classes_iter01_20260624_051052,,0,,,,False,,,,,,missing_or_empty,False,,,,experiments/05_choropleth_reliability_benchmark/outputs/generated_code_iterative_repair/qwen2.5-coder_32b/deepseek-coder_6.7b/rules/C008_quantile_classes_rules_iter01.py,deepseek-coder_6.7b,False,,False,
map_static.png,experiments/05_choropleth_reliability_benchmark/outputs/runs_iterative_repair/deepseek-coder_6.7b/rules/deepseek-coder_6.7b_rules_C008_quantile_classes_iter01_20260624_232530/map_static.png,False,0,missing_or_empty;low_thematic_color;low_map_ink;low_edge_detail,False,,,,False,,,,,,,1,static_png,,rules,,,C008_quantile_classes,missing_or_empty,False,qwen2.5-coder_7b,1,experiments/05_choropleth_reliability_benchmark/outputs/runs_iterative_repair/deepseek-coder_6.7b/rules/deepseek-coder_6.7b_rules_C008_quantile_classes_iter01_20260624_232530,,0,,,,False,,,,,,missing_or_empty,False,,,,experiments/05_choropleth_reliability_benchmark/outputs/generated_code_iterative_repair/qwen2.5-coder_7b/deepseek-coder_6.7b/rules/C008_quantile_classes_rules_iter01.py,deepseek-coder_6.7b,False,,,
time_series.png,experiments/05_choropleth_reliability_benchmark/outputs/runs_iterative_repair/deepseek-coder_6.7b/rules/deepseek-coder_6.7b_rules_C008_quantile_classes_iter01_20260624_232530/time_series.png,False,0,missing_or_empty;low_plot_ink;no_visible_line;low_edge_detail,False,,,,False,,,,,,,1,time_series_png,,rules,,,C008_quantile_classes,missing_or_empty,False,qwen2.5-coder_7b,1,experiments/05_choropleth_reliability_benchmark/outputs/runs_iterative_repair/deepseek-coder_6.7b/rules/deepseek-coder_6.7b_rules_C008_quantile_classes_iter01_20260624_232530,,0,,,,False,,,,,,missing_or_empty,False,,,,experiments/05_choropleth_reliability_benchmark/outputs/generated_code_iterative_repair/qwen2.5-coder_7b/deepseek-coder_6.7b/rules/C008_quantile_classes_rules_iter01.py,deepseek-coder_6.7b,False,,,
map_interactive.html,experiments/05_choropleth_reliability_benchmark/outputs/runs_iterative_repair/deepseek-coder_6.7b/rules/deepseek-coder_6.7b_rules_C008_quantile_classes_iter01_20260624_232530/map_interactive.html,False,0,missing_or_empty;html_not_rendered;low_rendered_map_ink;low_edge_detail,False,,,,False,,,,,missing,False,1,interactive_html,,rules,,,C008_quantile_classes,,,qwen2.5-coder_7b,1,experiments/05_choropleth_reliability_benchmark/outputs/runs_iterative_repair/deepseek-coder_6.7b/rules/deepseek-coder_6.7b_rules_C008_quantile_classes_iter01_20260624_232530,,0,,,,False,,,,,,missing_or_empty,False,,,,experiments/05_choropleth_reliability_benchmark/outputs/generated_code_iterative_repair/qwen2.5-coder_7b/deepseek-coder_6.7b/rules/C008_quantile_classes_rules_iter01.py,deepseek-coder_6.7b,False,,False,
map_static.png,experiments/05_choropleth_reliability_benchmark/outputs/runs_iterative_repair/deepseek-coder_6.7b/rules/deepseek-coder_6.7b_rules_C008_quantile_classes_iter01_20260625_000144/map_static.png,False,0,missing_or_empty;low_thematic_color;low_map_ink;low_edge_detail,False,,,,False,,,,,,,1,static_png,,rules,,,C008_quantile_classes,missing_or_empty,False,qwen2.5-coder_14b,1,experiments/05_choropleth_reliability_benchmark/outputs/runs_iterative_repair/deepseek-coder_6.7b/rules/deepseek-coder_6.7b_rules_C008_quantile_classes_iter01_20260625_000144,,0,,,,False,,,,,,missing_or_empty,False,,,,experiments/05_choropleth_reliability_benchmark/outputs/generated_code_iterative_repair/qwen2.5-coder_14b/deepseek-coder_6.7b/rules/C008_quantile_classes_rules_iter01.py,deepseek-coder_6.7b,False,,,
time_series.png,experiments/05_choropleth_reliability_benchmark/outputs/runs_iterative_repair/deepseek-coder_6.7b/rules/deepseek-coder_6.7b_rules_C008_quantile_classes_iter01_20260625_000144/time_series.png,False,0,missing_or_empty;low_plot_ink;no_visible_line;low_edge_detail,False,,,,False,,,,,,,1,time_series_png,,rules,,,C008_quantile_classes,missing_or_empty,False,qwen2.5-coder_14b,1,experiments/05_choropleth_reliability_benchmark/outputs/runs_iterative_repair/deepseek-coder_6.7b/rules/deepseek-coder_6.7b_rules_C008_quantile_classes_iter01_20260625_000144,,0,,,,False,,,,,,missing_or_empty,False,,,,experiments/05_choropleth_reliability_benchmark/outputs/generated_code_iterative_repair/qwen2.5-coder_14b/deepseek-coder_6.7b/rules/C008_quantile_classes_rules_iter01.py,deepseek-coder_6.7b,False,,,
map_interactive.html,experiments/05_choropleth_reliability_benchmark/outputs/runs_iterative_repair/deepseek-coder_6.7b/rules/deepseek-coder_6.7b_rules_C008_quantile_classes_iter01_20260625_000144/map_interactive.html,False,0,missing_or_empty;html_not_rendered;low_rendered_map_ink;low_edge_detail,False,,,,False,,,,,missing,False,1,interactive_html,,rules,,,C008_quantile_classes,,,qwen2.5-coder_14b,1,experiments/05_choropleth_reliability_benchmark/outputs/runs_iterative_repair/deepseek-coder_6.7b/rules/deepseek-coder_6.7b_rules_C008_quantile_classes_iter01_20260625_000144,,0,,,,False,,,,,,missing_or_empty,False,,,,experiments/05_choropleth_reliability_benchmark/outputs/generated_code_iterative_repair/qwen2.5-coder_14b/deepseek-coder_6.7b/rules/C008_quantile_classes_rules_iter01.py,deepseek-coder_6.7b,False,,False,
map_static.png,experiments/05_choropleth_reliability_benchmark/outputs/runs_iterative_repair/deepseek-coder_6.7b/rules/deepseek-coder_6.7b_rules_C008_quantile_classes_iter01_20260625_002414/map_static.png,False,0,missing_or_empty;low_thematic_color;low_map_ink;low_edge_detail,False,,,,False,,,,,,,1,static_png,,rules,,,C008_quantile_classes,missing_or_empty,False,deepseek-coder_6.7b,1,experiments/05_choropleth_reliability_benchmark/outputs/runs_iterative_repair/deepseek-coder_6.7b/rules/deepseek-coder_6.7b_rules_C008_quantile_classes_iter01_20260625_002414,,0,,,,False,,,,,,missing_or_empty,False,,,,experiments/05_choropleth_reliability_benchmark/outputs/generated_code_iterative_repair/deepseek-coder_6.7b/deepseek-coder_6.7b/rules/C008_quantile_classes_rules_iter01.py,deepseek-coder_6.7b,False,,,
time_series.png,experiments/05_choropleth_reliability_benchmark/outputs/runs_iterative_repair/deepseek-coder_6.7b/rules/deepseek-coder_6.7b_rules_C008_quantile_classes_iter01_20260625_002414/time_series.png,False,0,missing_or_empty;low_plot_ink;no_visible_line;low_edge_detail,False,,,,False,,,,,,,1,time_series_png,,rules,,,C008_quantile_classes,missing_or_empty,False,deepseek-coder_6.7b,1,experiments/05_choropleth_reliability_benchmark/outputs/runs_iterative_repair/deepseek-coder_6.7b/rules/deepseek-coder_6.7b_rules_C008_quantile_classes_iter01_20260625_002414,,0,,,,False,,,,,,missing_or_empty,False,,,,experiments/05_choropleth_reliability_benchmark/outputs/generated_code_iterative_repair/deepseek-coder_6.7b/deepseek-coder_6.7b/rules/C008_quantile_classes_rules_iter01.py,deepseek-coder_6.7b,False,,,
map_interactive.html,experiments/05_choropleth_reliability_benchmark/outputs/runs_iterative_repair/deepseek-coder_6.7b/rules/deepseek-coder_6.7b_rules_C008_quantile_classes_iter01_20260625_002414/map_interactive.html,False,0,missing_or_empty;html_not_rendered;low_rendered_map_ink;low_edge_detail,False,,,,False,,,,,missing,False,1,interactive_html,,rules,,,C008_quantile_classes,,,deepseek-coder_6.7b,1,experiments/05_choropleth_reliability_benchmark/outputs/runs_iterative_repair/deepseek-coder_6.7b/rules/deepseek-coder_6.7b_rules_C008_quantile_classes_iter01_20260625_002414,,0,,,,False,,,,,,missing_or_empty,False,,,,experiments/05_choropleth_reliability_benchmark/outputs/generated_code_iterative_repair/deepseek-coder_6.7b/deepseek-coder_6.7b/rules/C008_quantile_classes_rules_iter01.py,deepseek-coder_6.7b,False,,False,
map_static.png,experiments/05_choropleth_reliability_benchmark/outputs/runs_iterative_repair/deepseek-coder_6.7b/rules/deepseek-coder_6.7b_rules_C008_quantile_classes_iter02_20260624_051144/map_static.png,False,0,missing_or_empty;low_thematic_color;low_map_ink;low_edge_detail,False,,,,False,,,,,,,2,static_png,,rules,,,C008_quantile_classes,missing_or_empty,False,qwen2.5-coder_32b,1,experiments/05_choropleth_reliability_benchmark/outputs/runs_iterative_repair/deepseek-coder_6.7b/rules/deepseek-coder_6.7b_rules_C008_quantile_classes_iter02_20260624_051144,,0,,,,False,,,,,,missing_or_empty,False,,,,experiments/05_choropleth_reliability_benchmark/outputs/generated_code_iterative_repair/qwen2.5-coder_32b/deepseek-coder_6.7b/rules/C008_quantile_classes_rules_iter02.py,deepseek-coder_6.7b,False,,,
time_series.png,experiments/05_choropleth_reliability_benchmark/outputs/runs_iterative_repair/deepseek-coder_6.7b/rules/deepseek-coder_6.7b_rules_C008_quantile_classes_iter02_20260624_051144/time_series.png,False,0,missing_or_empty;low_plot_ink;no_visible_line;low_edge_detail,False,,,,False,,,,,,,2,time_series_png,,rules,,,C008_quantile_classes,missing_or_empty,False,qwen2.5-coder_32b,1,experiments/05_choropleth_reliability_benchmark/outputs/runs_iterative_repair/deepseek-coder_6.7b/rules/deepseek-coder_6.7b_rules_C008_quantile_classes_iter02_20260624_051144,,0,,,,False,,,,,,missing_or_empty,False,,,,experiments/05_choropleth_reliability_benchmark/outputs/generated_code_iterative_repair/qwen2.5-coder_32b/deepseek-coder_6.7b/rules/C008_quantile_classes_rules_iter02.py,deepseek-coder_6.7b,False,,,
map_interactive.html,experiments/05_choropleth_reliability_benchmark/outputs/runs_iterative_repair/deepseek-coder_6.7b/rules/deepseek-coder_6.7b_rules_C008_quantile_classes_iter02_20260624_051144/map_interactive.html,False,0,missing_or_empty;html_not_rendered;low_rendered_map_ink;low_edge_detail,False,,,,False,,,,,missing,False,2,interactive_html,,rules,,,C008_quantile_classes,,,qwen2.5-coder_32b,1,experiments/05_choropleth_reliability_benchmark/outputs/runs_iterative_repair/deepseek-coder_6.7b/rules/deepseek-coder_6.7b_rules_C008_quantile_classes_iter02_20260624_051144,,0,,,,False,,,,,,missing_or_empty,False,,,,experiments/05_choropleth_reliability_benchmark/outputs/generated_code_iterative_repair/qwen2.5-coder_32b/deepseek-coder_6.7b/rules/C008_quantile_classes_rules_iter02.py,deepseek-coder_6.7b,False,,False,
map_static.png,experiments/05_choropleth_reliability_benchmark/outputs/runs_iterative_repair/deepseek-coder_6.7b/rules/deepseek-coder_6.7b_rules_C008_quantile_classes_iter02_20260624_232551/map_static.png,False,0,missing_or_empty;low_thematic_color;low_map_ink;low_edge_detail,False,,,,False,,,,,,,2,static_png,,rules,,,C008_quantile_classes,missing_or_empty,False,qwen2.5-coder_7b,1,experiments/05_choropleth_reliability_benchmark/outputs/runs_iterative_repair/deepseek-coder_6.7b/rules/deepseek-coder_6.7b_rules_C008_quantile_classes_iter02_20260624_232551,,0,,,,False,,,,,,missing_or_empty,False,,,,experiments/05_choropleth_reliability_benchmark/outputs/generated_code_iterative_repair/qwen2.5-coder_7b/deepseek-coder_6.7b/rules/C008_quantile_classes_rules_iter02.py,deepseek-coder_6.7b,False,,,
time_series.png,experiments/05_choropleth_reliability_benchmark/outputs/runs_iterative_repair/deepseek-coder_6.7b/rules/deepseek-coder_6.7b_rules_C008_quantile_classes_iter02_20260624_232551/time_series.png,False,0,missing_or_empty;low_plot_ink;no_visible_line;low_edge_detail,False,,,,False,,,,,,,2,time_series_png,,rules,,,C008_quantile_classes,missing_or_empty,False,qwen2.5-coder_7b,1,experiments/05_choropleth_reliability_benchmark/outputs/runs_iterative_repair/deepseek-coder_6.7b/rules/deepseek-coder_6.7b_rules_C008_quantile_classes_iter02_20260624_232551,,0,,,,False,,,,,,missing_or_empty,False,,,,experiments/05_choropleth_reliability_benchmark/outputs/generated_code_iterative_repair/qwen2.5-coder_7b/deepseek-coder_6.7b/rules/C008_quantile_classes_rules_iter02.py,deepseek-coder_6.7b,False,,,
map_interactive.html,experiments/05_choropleth_reliability_benchmark/outputs/runs_iterative_repair/deepseek-coder_6.7b/rules/deepseek-coder_6.7b_rules_C008_quantile_classes_iter02_20260624_232551/map_interactive.html,False,0,missing_or_empty;html_not_rendered;low_rendered_map_ink;low_edge_detail,False,,,,False,,,,,missing,False,2,interactive_html,,rules,,,C008_quantile_classes,,,qwen2.5-coder_7b,1,experiments/05_choropleth_reliability_benchmark/outputs/runs_iterative_repair/deepseek-coder_6.7b/rules/deepseek-coder_6.7b_rules_C008_quantile_classes_iter02_20260624_232551,,0,,,,False,,,,,,missing_or_empty,False,,,,experiments/05_choropleth_reliability_benchmark/outputs/generated_code_iterative_repair/qwen2.5-coder_7b/deepseek-coder_6.7b/rules/C008_quantile_classes_rules_iter02.py,deepseek-coder_6.7b,False,,False,
map_static.png,experiments/05_choropleth_reliability_benchmark/outputs/runs_iterative_repair/deepseek-coder_6.7b/rules/deepseek-coder_6.7b_rules_C008_quantile_classes_iter02_20260625_000211/map_static.png,False,0,missing_or_empty;low_thematic_color;low_map_ink;low_edge_detail,False,,,,False,,,,,,,2,static_png,,rules,,,C008_quantile_classes,missing_or_empty,False,qwen2.5-coder_14b,1,experiments/05_choropleth_reliability_benchmark/outputs/runs_iterative_repair/deepseek-coder_6.7b/rules/deepseek-coder_6.7b_rules_C008_quantile_classes_iter02_20260625_000211,,0,,,,False,,,,,,missing_or_empty,False,,,,experiments/05_choropleth_reliability_benchmark/outputs/generated_code_iterative_repair/qwen2.5-coder_14b/deepseek-coder_6.7b/rules/C008_quantile_classes_rules_iter02.py,deepseek-coder_6.7b,False,,,
time_series.png,experiments/05_choropleth_reliability_benchmark/outputs/runs_iterative_repair/deepseek-coder_6.7b/rules/deepseek-coder_6.7b_rules_C008_quantile_classes_iter02_20260625_000211/time_series.png,False,0,missing_or_empty;low_plot_ink;no_visible_line;low_edge_detail,False,,,,False,,,,,,,2,time_series_png,,rules,,,C008_quantile_classes,missing_or_empty,False,qwen2.5-coder_14b,1,experiments/05_choropleth_reliability_benchmark/outputs/runs_iterative_repair/deepseek-coder_6.7b/rules/deepseek-coder_6.7b_rules_C008_quantile_classes_iter02_20260625_000211,,0,,,,False,,,,,,missing_or_empty,False,,,,experiments/05_choropleth_reliability_benchmark/outputs/generated_code_iterative_repair/qwen2.5-coder_14b/deepseek-coder_6.7b/rules/C008_quantile_classes_rules_iter02.py,deepseek-coder_6.7b,False,,,
map_interactive.html,experiments/05_choropleth_reliability_benchmark/outputs/runs_iterative_repair/deepseek-coder_6.7b/rules/deepseek-coder_6.7b_rules_C008_quantile_classes_iter02_20260625_000211/map_interactive.html,False,0,missing_or_empty;html_not_rendered;low_rendered_map_ink;low_edge_detail,False,,,,False,,,,,missing,False,2,interactive_html,,rules,,,C008_quantile_classes,,,qwen2.5-coder_14b,1,experiments/05_choropleth_reliability_benchmark/outputs/runs_iterative_repair/deepseek-coder_6.7b/rules/deepseek-coder_6.7b_rules_C008_quantile_classes_iter02_20260625_000211,,0,,,,False,,,,,,missing_or_empty,False,,,,experiments/05_choropleth_reliability_benchmark/outputs/generated_code_iterative_repair/qwen2.5-coder_14b/deepseek-coder_6.7b/rules/C008_quantile_classes_rules_iter02.py,deepseek-coder_6.7b,False,,False,
map_static.png,experiments/05_choropleth_reliability_benchmark/outputs/runs_iterative_repair/deepseek-coder_6.7b/rules/deepseek-coder_6.7b_rules_C008_quantile_classes_iter03_20260624_062927/map_static.png,False,0,missing_or_empty;low_thematic_color;low_map_ink;low_edge_detail,False,,,,False,,,,,,,3,static_png,,rules,,,C008_quantile_classes,missing_or_empty,False,qwen2.5-coder_32b,1,experiments/05_choropleth_reliability_benchmark/outputs/runs_iterative_repair/deepseek-coder_6.7b/rules/deepseek-coder_6.7b_rules_C008_quantile_classes_iter03_20260624_062927,,0,,,,False,,,,,,missing_or_empty,False,,,,experiments/05_choropleth_reliability_benchmark/outputs/generated_code_iterative_repair/qwen2.5-coder_32b/deepseek-coder_6.7b/rules/C008_quantile_classes_rules_iter03.py,deepseek-coder_6.7b,False,,,
time_series.png,experiments/05_choropleth_reliability_benchmark/outputs/runs_iterative_repair/deepseek-coder_6.7b/rules/deepseek-coder_6.7b_rules_C008_quantile_classes_iter03_20260624_062927/time_series.png,False,0,missing_or_empty;low_plot_ink;no_visible_line;low_edge_detail,False,,,,False,,,,,,,3,time_series_png,,rules,,,C008_quantile_classes,missing_or_empty,False,qwen2.5-coder_32b,1,experiments/05_choropleth_reliability_benchmark/outputs/runs_iterative_repair/deepseek-coder_6.7b/rules/deepseek-coder_6.7b_rules_C008_quantile_classes_iter03_20260624_062927,,0,,,,False,,,,,,missing_or_empty,False,,,,experiments/05_choropleth_reliability_benchmark/outputs/generated_code_iterative_repair/qwen2.5-coder_32b/deepseek-coder_6.7b/rules/C008_quantile_classes_rules_iter03.py,deepseek-coder_6.7b,False,,,
map_interactive.html,experiments/05_choropleth_reliability_benchmark/outputs/runs_iterative_repair/deepseek-coder_6.7b/rules/deepseek-coder_6.7b_rules_C008_quantile_classes_iter03_20260624_062927/map_interactive.html,False,0,missing_or_empty;html_not_rendered;low_rendered_map_ink;low_edge_detail,False,,,,False,,,,,missing,False,3,interactive_html,,rules,,,C008_quantile_classes,,,qwen2.5-coder_32b,1,experiments/05_choropleth_reliability_benchmark/outputs/runs_iterative_repair/deepseek-coder_6.7b/rules/deepseek-coder_6.7b_rules_C008_quantile_classes_iter03_20260624_062927,,0,,,,False,,,,,,missing_or_empty,False,,,,experiments/05_choropleth_reliability_benchmark/outputs/generated_code_iterative_repair/qwen2.5-coder_32b/deepseek-coder_6.7b/rules/C008_quantile_classes_rules_iter03.py,deepseek-coder_6.7b,False,,False,
map_static.png,experiments/05_choropleth_reliability_benchmark/outputs/runs_iterative_repair/deepseek-coder_6.7b/rules/deepseek-coder_6.7b_rules_C008_quantile_classes_iter03_20260624_232612/map_static.png,False,0,missing_or_empty;low_thematic_color;low_map_ink;low_edge_detail,False,,,,False,,,,,,,3,static_png,,rules,,,C008_quantile_classes,missing_or_empty,False,qwen2.5-coder_7b,1,experiments/05_choropleth_reliability_benchmark/outputs/runs_iterative_repair/deepseek-coder_6.7b/rules/deepseek-coder_6.7b_rules_C008_quantile_classes_iter03_20260624_232612,,0,,,,False,,,,,,missing_or_empty,False,,,,experiments/05_choropleth_reliability_benchmark/outputs/generated_code_iterative_repair/qwen2.5-coder_7b/deepseek-coder_6.7b/rules/C008_quantile_classes_rules_iter03.py,deepseek-coder_6.7b,False,,,
time_series.png,experiments/05_choropleth_reliability_benchmark/outputs/runs_iterative_repair/deepseek-coder_6.7b/rules/deepseek-coder_6.7b_rules_C008_quantile_classes_iter03_20260624_232612/time_series.png,False,0,missing_or_empty;low_plot_ink;no_visible_line;low_edge_detail,False,,,,False,,,,,,,3,time_series_png,,rules,,,C008_quantile_classes,missing_or_empty,False,qwen2.5-coder_7b,1,experiments/05_choropleth_reliability_benchmark/outputs/runs_iterative_repair/deepseek-coder_6.7b/rules/deepseek-coder_6.7b_rules_C008_quantile_classes_iter03_20260624_232612,,0,,,,False,,,,,,missing_or_empty,False,,,,experiments/05_choropleth_reliability_benchmark/outputs/generated_code_iterative_repair/qwen2.5-coder_7b/deepseek-coder_6.7b/rules/C008_quantile_classes_rules_iter03.py,deepseek-coder_6.7b,False,,,
map_interactive.html,experiments/05_choropleth_reliability_benchmark/outputs/runs_iterative_repair/deepseek-coder_6.7b/rules/deepseek-coder_6.7b_rules_C008_quantile_classes_iter03_20260624_232612/map_interactive.html,False,0,missing_or_empty;html_not_rendered;low_rendered_map_ink;low_edge_detail,False,,,,False,,,,,missing,False,3,interactive_html,,rules,,,C008_quantile_classes,,,qwen2.5-coder_7b,1,experiments/05_choropleth_reliability_benchmark/outputs/runs_iterative_repair/deepseek-coder_6.7b/rules/deepseek-coder_6.7b_rules_C008_quantile_classes_iter03_20260624_232612,,0,,,,False,,,,,,missing_or_empty,False,,,,experiments/05_choropleth_reliability_benchmark/outputs/generated_code_iterative_repair/qwen2.5-coder_7b/deepseek-coder_6.7b/rules/C008_quantile_classes_rules_iter03.py,deepseek-coder_6.7b,False,,False,
map_static.png,experiments/05_choropleth_reliability_benchmark/outputs/runs_iterative_repair/deepseek-coder_6.7b/rules/deepseek-coder_6.7b_rules_C008_quantile_classes_iter03_20260625_000239/map_static.png,False,0,missing_or_empty;low_thematic_color;low_map_ink;low_edge_detail,False,,,,False,,,,,,,3,static_png,,rules,,,C008_quantile_classes,missing_or_empty,False,qwen2.5-coder_14b,1,experiments/05_choropleth_reliability_benchmark/outputs/runs_iterative_repair/deepseek-coder_6.7b/rules/deepseek-coder_6.7b_rules_C008_quantile_classes_iter03_20260625_000239,,0,,,,False,,,,,,missing_or_empty,False,,,,experiments/05_choropleth_reliability_benchmark/outputs/generated_code_iterative_repair/qwen2.5-coder_14b/deepseek-coder_6.7b/rules/C008_quantile_classes_rules_iter03.py,deepseek-coder_6.7b,False,,,
time_series.png,experiments/05_choropleth_reliability_benchmark/outputs/runs_iterative_repair/deepseek-coder_6.7b/rules/deepseek-coder_6.7b_rules_C008_quantile_classes_iter03_20260625_000239/time_series.png,False,0,missing_or_empty;low_plot_ink;no_visible_line;low_edge_detail,False,,,,False,,,,,,,3,time_series_png,,rules,,,C008_quantile_classes,missing_or_empty,False,qwen2.5-coder_14b,1,experiments/05_choropleth_reliability_benchmark/outputs/runs_iterative_repair/deepseek-coder_6.7b/rules/deepseek-coder_6.7b_rules_C008_quantile_classes_iter03_20260625_000239,,0,,,,False,,,,,,missing_or_empty,False,,,,experiments/05_choropleth_reliability_benchmark/outputs/generated_code_iterative_repair/qwen2.5-coder_14b/deepseek-coder_6.7b/rules/C008_quantile_classes_rules_iter03.py,deepseek-coder_6.7b,False,,,
map_interactive.html,experiments/05_choropleth_reliability_benchmark/outputs/runs_iterative_repair/deepseek-coder_6.7b/rules/deepseek-coder_6.7b_rules_C008_quantile_classes_iter03_20260625_000239/map_interactive.html,False,0,missing_or_empty;html_not_rendered;low_rendered_map_ink;low_edge_detail,False,,,,False,,,,,missing,False,3,interactive_html,,rules,,,C008_quantile_classes,,,qwen2.5-coder_14b,1,experiments/05_choropleth_reliability_benchmark/outputs/runs_iterative_repair/deepseek-coder_6.7b/rules/deepseek-coder_6.7b_rules_C008_quantile_classes_iter03_20260625_000239,,0,,,,False,,,,,,missing_or_empty,False,,,,experiments/05_choropleth_reliability_benchmark/outputs/generated_code_iterative_repair/qwen2.5-coder_14b/deepseek-coder_6.7b/rules/C008_quantile_classes_rules_iter03.py,deepseek-coder_6.7b,False,,False,
map_static.png,experiments/05_choropleth_reliability_benchmark/outputs/runs_iterative_repair/deepseek-coder_6.7b/rules/deepseek-coder_6.7b_rules_C009_colorblind_safe_iter01_20260624_044358/map_static.png,True,60434,,True,0.0183,255,7.956,True,,,,800,,,1,static_png,247.100,rules,0.9882,0.0535,C009_colorblind_safe,,True,qwen2.5-coder_32b,0,experiments/05_choropleth_reliability_benchmark/outputs/runs_iterative_repair/deepseek-coder_6.7b/rules/deepseek-coder_6.7b_rules_C009_colorblind_safe_iter01_20260624_044358,0.0230,60434,0.0183,255,7.956,True,800,247.100,0.9882,0.0535,,,True,0.0230,33,1000,experiments/05_choropleth_reliability_benchmark/outputs/generated_code_iterative_repair/qwen2.5-coder_32b/deepseek-coder_6.7b/rules/C009_colorblind_safe_rules_iter01.py,deepseek-coder_6.7b,False,33,,1000
time_series.png,experiments/05_choropleth_reliability_benchmark/outputs/runs_iterative_repair/deepseek-coder_6.7b/rules/deepseek-coder_6.7b_rules_C009_colorblind_safe_iter01_20260624_044358/time_series.png,False,0,missing_or_empty;low_plot_ink;no_visible_line;low_edge_detail,False,,,,False,,,,,,,1,time_series_png,,rules,,,C009_colorblind_safe,missing_or_empty,False,qwen2.5-coder_32b,0,experiments/05_choropleth_reliability_benchmark/outputs/runs_iterative_repair/deepseek-coder_6.7b/rules/deepseek-coder_6.7b_rules_C009_colorblind_safe_iter01_20260624_044358,,0,,,,False,,,,,,missing_or_empty,False,,,,experiments/05_choropleth_reliability_benchmark/outputs/generated_code_iterative_repair/qwen2.5-coder_32b/deepseek-coder_6.7b/rules/C009_colorblind_safe_rules_iter01.py,deepseek-coder_6.7b,False,,,
map_interactive.html,experiments/05_choropleth_reliability_benchmark/outputs/runs_iterative_repair/deepseek-coder_6.7b/rules/deepseek-coder_6.7b_rules_C009_colorblind_safe_iter01_20260624_044358/map_interactive.html,False,0,missing_or_empty;html_not_rendered;low_rendered_map_ink;low_edge_detail,False,,,,False,,,,,missing,False,1,interactive_html,,rules,,,C009_colorblind_safe,,,qwen2.5-coder_32b,0,experiments/05_choropleth_reliability_benchmark/outputs/runs_iterative_repair/deepseek-coder_6.7b/rules/deepseek-coder_6.7b_rules_C009_colorblind_safe_iter01_20260624_044358,,0,,,,False,,,,,,missing_or_empty,False,,,,experiments/05_choropleth_reliability_benchmark/outputs/generated_code_iterative_repair/qwen2.5-coder_32b/deepseek-coder_6.7b/rules/C009_colorblind_safe_rules_iter01.py,deepseek-coder_6.7b,False,,False,
map_static.png,experiments/05_choropleth_reliability_benchmark/outputs/runs_iterative_repair/deepseek-coder_6.7b/rules/deepseek-coder_6.7b_rules_C009_colorblind_safe_iter01_20260624_231554/map_static.png,False,0,missing_or_empty;low_thematic_color;low_map_ink;low_edge_detail,False,,,,False,,,,,,,1,static_png,,rules,,,C009_colorblind_safe,missing_or_empty,False,qwen2.5-coder_7b,1,experiments/05_choropleth_reliability_benchmark/outputs/runs_iterative_repair/deepseek-coder_6.7b/rules/deepseek-coder_6.7b_rules_C009_colorblind_safe_iter01_20260624_231554,,0,,,,False,,,,,,missing_or_empty,False,,,,experiments/05_choropleth_reliability_benchmark/outputs/generated_code_iterative_repair/qwen2.5-coder_7b/deepseek-coder_6.7b/rules/C009_colorblind_safe_rules_iter01.py,deepseek-coder_6.7b,False,,,
time_series.png,experiments/05_choropleth_reliability_benchmark/outputs/runs_iterative_repair/deepseek-coder_6.7b/rules/deepseek-coder_6.7b_rules_C009_colorblind_safe_iter01_20260624_231554/time_series.png,False,0,missing_or_empty;low_plot_ink;no_visible_line;low_edge_detail,False,,,,False,,,,,,,1,time_series_png,,rules,,,C009_colorblind_safe,missing_or_empty,False,qwen2.5-coder_7b,1,experiments/05_choropleth_reliability_benchmark/outputs/runs_iterative_repair/deepseek-coder_6.7b/rules/deepseek-coder_6.7b_rules_C009_colorblind_safe_iter01_20260624_231554,,0,,,,False,,,,,,missing_or_empty,False,,,,experiments/05_choropleth_reliability_benchmark/outputs/generated_code_iterative_repair/qwen2.5-coder_7b/deepseek-coder_6.7b/rules/C009_colorblind_safe_rules_iter01.py,deepseek-coder_6.7b,False,,,
map_interactive.html,experiments/05_choropleth_reliability_benchmark/outputs/runs_iterative_repair/deepseek-coder_6.7b/rules/deepseek-coder_6.7b_rules_C009_colorblind_safe_iter01_20260624_231554/map_interactive.html,False,0,missing_or_empty;html_not_rendered;low_rendered_map_ink;low_edge_detail,False,,,,False,,,,,missing,False,1,interactive_html,,rules,,,C009_colorblind_safe,,,qwen2.5-coder_7b,1,experiments/05_choropleth_reliability_benchmark/outputs/runs_iterative_repair/deepseek-coder_6.7b/rules/deepseek-coder_6.7b_rules_C009_colorblind_safe_iter01_20260624_231554,,0,,,,False,,,,,,missing_or_empty,False,,,,experiments/05_choropleth_reliability_benchmark/outputs/generated_code_iterative_repair/qwen2.5-coder_7b/deepseek-coder_6.7b/rules/C009_colorblind_safe_rules_iter01.py,deepseek-coder_6.7b,False,,False,
map_static.png,experiments/05_choropleth_reliability_benchmark/outputs/runs_iterative_repair/deepseek-coder_6.7b/rules/deepseek-coder_6.7b_rules_C009_colorblind_safe_iter01_20260624_234615/map_static.png,False,0,missing_or_empty;low_thematic_color;low_map_ink;low_edge_detail,False,,,,False,,,,,,,1,static_png,,rules,,,C009_colorblind_safe,missing_or_empty,False,qwen2.5-coder_14b,1,experiments/05_choropleth_reliability_benchmark/outputs/runs_iterative_repair/deepseek-coder_6.7b/rules/deepseek-coder_6.7b_rules_C009_colorblind_safe_iter01_20260624_234615,,0,,,,False,,,,,,missing_or_empty,False,,,,experiments/05_choropleth_reliability_benchmark/outputs/generated_code_iterative_repair/qwen2.5-coder_14b/deepseek-coder_6.7b/rules/C009_colorblind_safe_rules_iter01.py,deepseek-coder_6.7b,False,,,
time_series.png,experiments/05_choropleth_reliability_benchmark/outputs/runs_iterative_repair/deepseek-coder_6.7b/rules/deepseek-coder_6.7b_rules_C009_colorblind_safe_iter01_20260624_234615/time_series.png,False,0,missing_or_empty;low_plot_ink;no_visible_line;low_edge_detail,False,,,,False,,,,,,,1,time_series_png,,rules,,,C009_colorblind_safe,missing_or_empty,False,qwen2.5-coder_14b,1,experiments/05_choropleth_reliability_benchmark/outputs/runs_iterative_repair/deepseek-coder_6.7b/rules/deepseek-coder_6.7b_rules_C009_colorblind_safe_iter01_20260624_234615,,0,,,,False,,,,,,missing_or_empty,False,,,,experiments/05_choropleth_reliability_benchmark/outputs/generated_code_iterative_repair/qwen2.5-coder_14b/deepseek-coder_6.7b/rules/C009_colorblind_safe_rules_iter01.py,deepseek-coder_6.7b,False,,,
map_interactive.html,experiments/05_choropleth_reliability_benchmark/outputs/runs_iterative_repair/deepseek-coder_6.7b/rules/deepseek-coder_6.7b_rules_C009_colorblind_safe_iter01_20260624_234615/map_interactive.html,False,0,missing_or_empty;html_not_rendered;low_rendered_map_ink;low_edge_detail,False,,,,False,,,,,missing,False,1,interactive_html,,rules,,,C009_colorblind_safe,,,qwen2.5-coder_14b,1,experiments/05_choropleth_reliability_benchmark/outputs/runs_iterative_repair/deepseek-coder_6.7b/rules/deepseek-coder_6.7b_rules_C009_colorblind_safe_iter01_20260624_234615,,0,,,,False,,,,,,missing_or_empty,False,,,,experiments/05_choropleth_reliability_benchmark/outputs/generated_code_iterative_repair/qwen2.5-coder_14b/deepseek-coder_6.7b/rules/C009_colorblind_safe_rules_iter01.py,deepseek-coder_6.7b,False,,False,
map_static.png,experiments/05_choropleth_reliability_benchmark/outputs/runs_iterative_repair/deepseek-coder_6.7b/rules/deepseek-coder_6.7b_rules_C009_colorblind_safe_iter02_20260624_231609/map_static.png,False,0,missing_or_empty;low_thematic_color;low_map_ink;low_edge_detail,False,,,,False,,,,,,,2,static_png,,rules,,,C009_colorblind_safe,missing_or_empty,False,qwen2.5-coder_7b,1,experiments/05_choropleth_reliability_benchmark/outputs/runs_iterative_repair/deepseek-coder_6.7b/rules/deepseek-coder_6.7b_rules_C009_colorblind_safe_iter02_20260624_231609,,0,,,,False,,,,,,missing_or_empty,False,,,,experiments/05_choropleth_reliability_benchmark/outputs/generated_code_iterative_repair/qwen2.5-coder_7b/deepseek-coder_6.7b/rules/C009_colorblind_safe_rules_iter02.py,deepseek-coder_6.7b,False,,,
time_series.png,experiments/05_choropleth_reliability_benchmark/outputs/runs_iterative_repair/deepseek-coder_6.7b/rules/deepseek-coder_6.7b_rules_C009_colorblind_safe_iter02_20260624_231609/time_series.png,False,0,missing_or_empty;low_plot_ink;no_visible_line;low_edge_detail,False,,,,False,,,,,,,2,time_series_png,,rules,,,C009_colorblind_safe,missing_or_empty,False,qwen2.5-coder_7b,1,experiments/05_choropleth_reliability_benchmark/outputs/runs_iterative_repair/deepseek-coder_6.7b/rules/deepseek-coder_6.7b_rules_C009_colorblind_safe_iter02_20260624_231609,,0,,,,False,,,,,,missing_or_empty,False,,,,experiments/05_choropleth_reliability_benchmark/outputs/generated_code_iterative_repair/qwen2.5-coder_7b/deepseek-coder_6.7b/rules/C009_colorblind_safe_rules_iter02.py,deepseek-coder_6.7b,False,,,
map_interactive.html,experiments/05_choropleth_reliability_benchmark/outputs/runs_iterative_repair/deepseek-coder_6.7b/rules/deepseek-coder_6.7b_rules_C009_colorblind_safe_iter02_20260624_231609/map_interactive.html,False,0,missing_or_empty;html_not_rendered;low_rendered_map_ink;low_edge_detail,False,,,,False,,,,,missing,False,2,interactive_html,,rules,,,C009_colorblind_safe,,,qwen2.5-coder_7b,1,experiments/05_choropleth_reliability_benchmark/outputs/runs_iterative_repair/deepseek-coder_6.7b/rules/deepseek-coder_6.7b_rules_C009_colorblind_safe_iter02_20260624_231609,,0,,,,False,,,,,,missing_or_empty,False,,,,experiments/05_choropleth_reliability_benchmark/outputs/generated_code_iterative_repair/qwen2.5-coder_7b/deepseek-coder_6.7b/rules/C009_colorblind_safe_rules_iter02.py,deepseek-coder_6.7b,False,,False,
map_static.png,experiments/05_choropleth_reliability_benchmark/outputs/runs_iterative_repair/deepseek-coder_6.7b/rules/deepseek-coder_6.7b_rules_C009_colorblind_safe_iter02_20260624_234642/map_static.png,False,0,missing_or_empty;low_thematic_color;low_map_ink;low_edge_detail,False,,,,False,,,,,,,2,static_png,,rules,,,C009_colorblind_safe,missing_or_empty,False,qwen2.5-coder_14b,1,experiments/05_choropleth_reliability_benchmark/outputs/runs_iterative_repair/deepseek-coder_6.7b/rules/deepseek-coder_6.7b_rules_C009_colorblind_safe_iter02_20260624_234642,,0,,,,False,,,,,,missing_or_empty,False,,,,experiments/05_choropleth_reliability_benchmark/outputs/generated_code_iterative_repair/qwen2.5-coder_14b/deepseek-coder_6.7b/rules/C009_colorblind_safe_rules_iter02.py,deepseek-coder_6.7b,False,,,
time_series.png,experiments/05_choropleth_reliability_benchmark/outputs/runs_iterative_repair/deepseek-coder_6.7b/rules/deepseek-coder_6.7b_rules_C009_colorblind_safe_iter02_20260624_234642/time_series.png,False,0,missing_or_empty;low_plot_ink;no_visible_line;low_edge_detail,False,,,,False,,,,,,,2,time_series_png,,rules,,,C009_colorblind_safe,missing_or_empty,False,qwen2.5-coder_14b,1,experiments/05_choropleth_reliability_benchmark/outputs/runs_iterative_repair/deepseek-coder_6.7b/rules/deepseek-coder_6.7b_rules_C009_colorblind_safe_iter02_20260624_234642,,0,,,,False,,,,,,missing_or_empty,False,,,,experiments/05_choropleth_reliability_benchmark/outputs/generated_code_iterative_repair/qwen2.5-coder_14b/deepseek-coder_6.7b/rules/C009_colorblind_safe_rules_iter02.py,deepseek-coder_6.7b,False,,,
map_interactive.html,experiments/05_choropleth_reliability_benchmark/outputs/runs_iterative_repair/deepseek-coder_6.7b/rules/deepseek-coder_6.7b_rules_C009_colorblind_safe_iter02_20260624_234642/map_interactive.html,False,0,missing_or_empty;html_not_rendered;low_rendered_map_ink;low_edge_detail,False,,,,False,,,,,missing,False,2,interactive_html,,rules,,,C009_colorblind_safe,,,qwen2.5-coder_14b,1,experiments/05_choropleth_reliability_benchmark/outputs/runs_iterative_repair/deepseek-coder_6.7b/rules/deepseek-coder_6.7b_rules_C009_colorblind_safe_iter02_20260624_234642,,0,,,,False,,,,,,missing_or_empty,False,,,,experiments/05_choropleth_reliability_benchmark/outputs/generated_code_iterative_repair/qwen2.5-coder_14b/deepseek-coder_6.7b/rules/C009_colorblind_safe_rules_iter02.py,deepseek-coder_6.7b,False,,False,
map_static.png,experiments/05_choropleth_reliability_benchmark/outputs/runs_iterative_repair/deepseek-coder_6.7b/rules/deepseek-coder_6.7b_rules_C009_colorblind_safe_iter03_20260624_231623/map_static.png,False,0,missing_or_empty;low_thematic_color;low_map_ink;low_edge_detail,False,,,,False,,,,,,,3,static_png,,rules,,,C009_colorblind_safe,missing_or_empty,False,qwen2.5-coder_7b,1,experiments/05_choropleth_reliability_benchmark/outputs/runs_iterative_repair/deepseek-coder_6.7b/rules/deepseek-coder_6.7b_rules_C009_colorblind_safe_iter03_20260624_231623,,0,,,,False,,,,,,missing_or_empty,False,,,,experiments/05_choropleth_reliability_benchmark/outputs/generated_code_iterative_repair/qwen2.5-coder_7b/deepseek-coder_6.7b/rules/C009_colorblind_safe_rules_iter03.py,deepseek-coder_6.7b,False,,,
time_series.png,experiments/05_choropleth_reliability_benchmark/outputs/runs_iterative_repair/deepseek-coder_6.7b/rules/deepseek-coder_6.7b_rules_C009_colorblind_safe_iter03_20260624_231623/time_series.png,False,0,missing_or_empty;low_plot_ink;no_visible_line;low_edge_detail,False,,,,False,,,,,,,3,time_series_png,,rules,,,C009_colorblind_safe,missing_or_empty,False,qwen2.5-coder_7b,1,experiments/05_choropleth_reliability_benchmark/outputs/runs_iterative_repair/deepseek-coder_6.7b/rules/deepseek-coder_6.7b_rules_C009_colorblind_safe_iter03_20260624_231623,,0,,,,False,,,,,,missing_or_empty,False,,,,experiments/05_choropleth_reliability_benchmark/outputs/generated_code_iterative_repair/qwen2.5-coder_7b/deepseek-coder_6.7b/rules/C009_colorblind_safe_rules_iter03.py,deepseek-coder_6.7b,False,,,
map_interactive.html,experiments/05_choropleth_reliability_benchmark/outputs/runs_iterative_repair/deepseek-coder_6.7b/rules/deepseek-coder_6.7b_rules_C009_colorblind_safe_iter03_20260624_231623/map_interactive.html,False,0,missing_or_empty;html_not_rendered;low_rendered_map_ink;low_edge_detail,False,,,,False,,,,,missing,False,3,interactive_html,,rules,,,C009_colorblind_safe,,,qwen2.5-coder_7b,1,experiments/05_choropleth_reliability_benchmark/outputs/runs_iterative_repair/deepseek-coder_6.7b/rules/deepseek-coder_6.7b_rules_C009_colorblind_safe_iter03_20260624_231623,,0,,,,False,,,,,,missing_or_empty,False,,,,experiments/05_choropleth_reliability_benchmark/outputs/generated_code_iterative_repair/qwen2.5-coder_7b/deepseek-coder_6.7b/rules/C009_colorblind_safe_rules_iter03.py,deepseek-coder_6.7b,False,,False,
map_static.png,experiments/05_choropleth_reliability_benchmark/outputs/runs_iterative_repair/deepseek-coder_6.7b/rules/deepseek-coder_6.7b_rules_C009_colorblind_safe_iter03_20260624_234714/map_static.png,False,0,missing_or_empty;low_thematic_color;low_map_ink;low_edge_detail,False,,,,False,,,,,,,3,static_png,,rules,,,C009_colorblind_safe,missing_or_empty,False,qwen2.5-coder_14b,1,experiments/05_choropleth_reliability_benchmark/outputs/runs_iterative_repair/deepseek-coder_6.7b/rules/deepseek-coder_6.7b_rules_C009_colorblind_safe_iter03_20260624_234714,,0,,,,False,,,,,,missing_or_empty,False,,,,experiments/05_choropleth_reliability_benchmark/outputs/generated_code_iterative_repair/qwen2.5-coder_14b/deepseek-coder_6.7b/rules/C009_colorblind_safe_rules_iter03.py,deepseek-coder_6.7b,False,,,
time_series.png,experiments/05_choropleth_reliability_benchmark/outputs/runs_iterative_repair/deepseek-coder_6.7b/rules/deepseek-coder_6.7b_rules_C009_colorblind_safe_iter03_20260624_234714/time_series.png,False,0,missing_or_empty;low_plot_ink;no_visible_line;low_edge_detail,False,,,,False,,,,,,,3,time_series_png,,rules,,,C009_colorblind_safe,missing_or_empty,False,qwen2.5-coder_14b,1,experiments/05_choropleth_reliability_benchmark/outputs/runs_iterative_repair/deepseek-coder_6.7b/rules/deepseek-coder_6.7b_rules_C009_colorblind_safe_iter03_20260624_234714,,0,,,,False,,,,,,missing_or_empty,False,,,,experiments/05_choropleth_reliability_benchmark/outputs/generated_code_iterative_repair/qwen2.5-coder_14b/deepseek-coder_6.7b/rules/C009_colorblind_safe_rules_iter03.py,deepseek-coder_6.7b,False,,,
map_interactive.html,experiments/05_choropleth_reliability_benchmark/outputs/runs_iterative_repair/deepseek-coder_6.7b/rules/deepseek-coder_6.7b_rules_C009_colorblind_safe_iter03_20260624_234714/map_interactive.html,False,0,missing_or_empty;html_not_rendered;low_rendered_map_ink;low_edge_detail,False,,,,False,,,,,missing,False,3,interactive_html,,rules,,,C009_colorblind_safe,,,qwen2.5-coder_14b,1,experiments/05_choropleth_reliability_benchmark/outputs/runs_iterative_repair/deepseek-coder_6.7b/rules/deepseek-coder_6.7b_rules_C009_colorblind_safe_iter03_20260624_234714,,0,,,,False,,,,,,missing_or_empty,False,,,,experiments/05_choropleth_reliability_benchmark/outputs/generated_code_iterative_repair/qwen2.5-coder_14b/deepseek-coder_6.7b/rules/C009_colorblind_safe_rules_iter03.py,deepseek-coder_6.7b,False,,False,
map_static.png,experiments/05_choropleth_reliability_benchmark/outputs/runs_iterative_repair/deepseek-coder_6.7b/rules/deepseek-coder_6.7b_rules_C010_interactive_tooltips_iter01_20260624_044500/map_static.png,False,0,missing_or_empty;low_thematic_color;low_map_ink;low_edge_detail,False,,,,False,,,,,,,1,static_png,,rules,,,C010_interactive_tooltips,missing_or_empty,False,qwen2.5-coder_32b,1,experiments/05_choropleth_reliability_benchmark/outputs/runs_iterative_repair/deepseek-coder_6.7b/rules/deepseek-coder_6.7b_rules_C010_interactive_tooltips_iter01_20260624_044500,,0,,,,False,,,,,,missing_or_empty,False,,,,experiments/05_choropleth_reliability_benchmark/outputs/generated_code_iterative_repair/qwen2.5-coder_32b/deepseek-coder_6.7b/rules/C010_interactive_tooltips_rules_iter01.py,deepseek-coder_6.7b,False,,,
time_series.png,experiments/05_choropleth_reliability_benchmark/outputs/runs_iterative_repair/deepseek-coder_6.7b/rules/deepseek-coder_6.7b_rules_C010_interactive_tooltips_iter01_20260624_044500/time_series.png,False,0,missing_or_empty;low_plot_ink;no_visible_line;low_edge_detail,False,,,,False,,,,,,,1,time_series_png,,rules,,,C010_interactive_tooltips,missing_or_empty,False,qwen2.5-coder_32b,1,experiments/05_choropleth_reliability_benchmark/outputs/runs_iterative_repair/deepseek-coder_6.7b/rules/deepseek-coder_6.7b_rules_C010_interactive_tooltips_iter01_20260624_044500,,0,,,,False,,,,,,missing_or_empty,False,,,,experiments/05_choropleth_reliability_benchmark/outputs/generated_code_iterative_repair/qwen2.5-coder_32b/deepseek-coder_6.7b/rules/C010_interactive_tooltips_rules_iter01.py,deepseek-coder_6.7b,False,,,
map_interactive.html,experiments/05_choropleth_reliability_benchmark/outputs/runs_iterative_repair/deepseek-coder_6.7b/rules/deepseek-coder_6.7b_rules_C010_interactive_tooltips_iter01_20260624_044500/map_interactive.html,False,0,html_not_rendered;low_rendered_map_ink;low_edge_detail,False,,,,True,,,,,missing,False,1,interactive_html,,rules,,,C010_interactive_tooltips,,,qwen2.5-coder_32b,1,experiments/05_choropleth_reliability_benchmark/outputs/runs_iterative_repair/deepseek-coder_6.7b/rules/deepseek-coder_6.7b_rules_C010_interactive_tooltips_iter01_20260624_044500,,0,,,,True,,,,,,missing_or_empty,False,,,,experiments/05_choropleth_reliability_benchmark/outputs/generated_code_iterative_repair/qwen2.5-coder_32b/deepseek-coder_6.7b/rules/C010_interactive_tooltips_rules_iter01.py,deepseek-coder_6.7b,False,,False,
map_static.png,experiments/05_choropleth_reliability_benchmark/outputs/runs_iterative_repair/deepseek-coder_6.7b/rules/deepseek-coder_6.7b_rules_C010_interactive_tooltips_iter01_20260624_231638/map_static.png,False,0,missing_or_empty;low_thematic_color;low_map_ink;low_edge_detail,False,,,,False,,,,,,,1,static_png,,rules,,,C010_interactive_tooltips,missing_or_empty,False,qwen2.5-coder_7b,1,experiments/05_choropleth_reliability_benchmark/outputs/runs_iterative_repair/deepseek-coder_6.7b/rules/deepseek-coder_6.7b_rules_C010_interactive_tooltips_iter01_20260624_231638,,0,,,,False,,,,,,missing_or_empty,False,,,,experiments/05_choropleth_reliability_benchmark/outputs/generated_code_iterative_repair/qwen2.5-coder_7b/deepseek-coder_6.7b/rules/C010_interactive_tooltips_rules_iter01.py,deepseek-coder_6.7b,False,,,
time_series.png,experiments/05_choropleth_reliability_benchmark/outputs/runs_iterative_repair/deepseek-coder_6.7b/rules/deepseek-coder_6.7b_rules_C010_interactive_tooltips_iter01_20260624_231638/time_series.png,False,0,missing_or_empty;low_plot_ink;no_visible_line;low_edge_detail,False,,,,False,,,,,,,1,time_series_png,,rules,,,C010_interactive_tooltips,missing_or_empty,False,qwen2.5-coder_7b,1,experiments/05_choropleth_reliability_benchmark/outputs/runs_iterative_repair/deepseek-coder_6.7b/rules/deepseek-coder_6.7b_rules_C010_interactive_tooltips_iter01_20260624_231638,,0,,,,False,,,,,,missing_or_empty,False,,,,experiments/05_choropleth_reliability_benchmark/outputs/generated_code_iterative_repair/qwen2.5-coder_7b/deepseek-coder_6.7b/rules/C010_interactive_tooltips_rules_iter01.py,deepseek-coder_6.7b,False,,,
map_interactive.html,experiments/05_choropleth_reliability_benchmark/outputs/runs_iterative_repair/deepseek-coder_6.7b/rules/deepseek-coder_6.7b_rules_C010_interactive_tooltips_iter01_20260624_231638/map_interactive.html,False,0,missing_or_empty;html_not_rendered;low_rendered_map_ink;low_edge_detail,False,,,,False,,,,,missing,False,1,interactive_html,,rules,,,C010_interactive_tooltips,,,qwen2.5-coder_7b,1,experiments/05_choropleth_reliability_benchmark/outputs/runs_iterative_repair/deepseek-coder_6.7b/rules/deepseek-coder_6.7b_rules_C010_interactive_tooltips_iter01_20260624_231638,,0,,,,False,,,,,,missing_or_empty,False,,,,experiments/05_choropleth_reliability_benchmark/outputs/generated_code_iterative_repair/qwen2.5-coder_7b/deepseek-coder_6.7b/rules/C010_interactive_tooltips_rules_iter01.py,deepseek-coder_6.7b,False,,False,
map_static.png,experiments/05_choropleth_reliability_benchmark/outputs/runs_iterative_repair/deepseek-coder_6.7b/rules/deepseek-coder_6.7b_rules_C010_interactive_tooltips_iter01_20260624_234743/map_static.png,False,0,missing_or_empty;low_thematic_color;low_map_ink;low_edge_detail,False,,,,False,,,,,,,1,static_png,,rules,,,C010_interactive_tooltips,missing_or_empty,False,qwen2.5-coder_14b,1,experiments/05_choropleth_reliability_benchmark/outputs/runs_iterative_repair/deepseek-coder_6.7b/rules/deepseek-coder_6.7b_rules_C010_interactive_tooltips_iter01_20260624_234743,,0,,,,False,,,,,,missing_or_empty,False,,,,experiments/05_choropleth_reliability_benchmark/outputs/generated_code_iterative_repair/qwen2.5-coder_14b/deepseek-coder_6.7b/rules/C010_interactive_tooltips_rules_iter01.py,deepseek-coder_6.7b,False,,,
time_series.png,experiments/05_choropleth_reliability_benchmark/outputs/runs_iterative_repair/deepseek-coder_6.7b/rules/deepseek-coder_6.7b_rules_C010_interactive_tooltips_iter01_20260624_234743/time_series.png,False,0,missing_or_empty;low_plot_ink;no_visible_line;low_edge_detail,False,,,,False,,,,,,,1,time_series_png,,rules,,,C010_interactive_tooltips,missing_or_empty,False,qwen2.5-coder_14b,1,experiments/05_choropleth_reliability_benchmark/outputs/runs_iterative_repair/deepseek-coder_6.7b/rules/deepseek-coder_6.7b_rules_C010_interactive_tooltips_iter01_20260624_234743,,0,,,,False,,,,,,missing_or_empty,False,,,,experiments/05_choropleth_reliability_benchmark/outputs/generated_code_iterative_repair/qwen2.5-coder_14b/deepseek-coder_6.7b/rules/C010_interactive_tooltips_rules_iter01.py,deepseek-coder_6.7b,False,,,
map_interactive.html,experiments/05_choropleth_reliability_benchmark/outputs/runs_iterative_repair/deepseek-coder_6.7b/rules/deepseek-coder_6.7b_rules_C010_interactive_tooltips_iter01_20260624_234743/map_interactive.html,False,0,missing_or_empty;html_not_rendered;low_rendered_map_ink;low_edge_detail,False,,,,False,,,,,missing,False,1,interactive_html,,rules,,,C010_interactive_tooltips,,,qwen2.5-coder_14b,1,experiments/05_choropleth_reliability_benchmark/outputs/runs_iterative_repair/deepseek-coder_6.7b/rules/deepseek-coder_6.7b_rules_C010_interactive_tooltips_iter01_20260624_234743,,0,,,,False,,,,,,missing_or_empty,False,,,,experiments/05_choropleth_reliability_benchmark/outputs/generated_code_iterative_repair/qwen2.5-coder_14b/deepseek-coder_6.7b/rules/C010_interactive_tooltips_rules_iter01.py,deepseek-coder_6.7b,False,,False,
map_static.png,experiments/05_choropleth_reliability_benchmark/outputs/runs_iterative_repair/deepseek-coder_6.7b/rules/deepseek-coder_6.7b_rules_C010_interactive_tooltips_iter02_20260624_044550/map_static.png,False,0,missing_or_empty;low_thematic_color;low_map_ink;low_edge_detail,False,,,,False,,,,,,,2,static_png,,rules,,,C010_interactive_tooltips,missing_or_empty,False,qwen2.5-coder_32b,0,experiments/05_choropleth_reliability_benchmark/outputs/runs_iterative_repair/deepseek-coder_6.7b/rules/deepseek-coder_6.7b_rules_C010_interactive_tooltips_iter02_20260624_044550,,0,,,,False,,,,,,missing_or_empty,False,,,,experiments/05_choropleth_reliability_benchmark/outputs/generated_code_iterative_repair/qwen2.5-coder_32b/deepseek-coder_6.7b/rules/C010_interactive_tooltips_rules_iter02.py,deepseek-coder_6.7b,False,,,
time_series.png,experiments/05_choropleth_reliability_benchmark/outputs/runs_iterative_repair/deepseek-coder_6.7b/rules/deepseek-coder_6.7b_rules_C010_interactive_tooltips_iter02_20260624_044550/time_series.png,False,0,missing_or_empty;low_plot_ink;no_visible_line;low_edge_detail,False,,,,False,,,,,,,2,time_series_png,,rules,,,C010_interactive_tooltips,missing_or_empty,False,qwen2.5-coder_32b,0,experiments/05_choropleth_reliability_benchmark/outputs/runs_iterative_repair/deepseek-coder_6.7b/rules/deepseek-coder_6.7b_rules_C010_interactive_tooltips_iter02_20260624_044550,,0,,,,False,,,,,,missing_or_empty,False,,,,experiments/05_choropleth_reliability_benchmark/outputs/generated_code_iterative_repair/qwen2.5-coder_32b/deepseek-coder_6.7b/rules/C010_interactive_tooltips_rules_iter02.py,deepseek-coder_6.7b,False,,,
map_interactive.html,experiments/05_choropleth_reliability_benchmark/outputs/runs_iterative_repair/deepseek-coder_6.7b/rules/deepseek-coder_6.7b_rules_C010_interactive_tooltips_iter02_20260624_044550/map_interactive.html,True,12539487,,True,,,,True,True,True,True,,,True,2,interactive_html,,rules,,,C010_interactive_tooltips,,,qwen2.5-coder_32b,0,experiments/05_choropleth_reliability_benchmark/outputs/runs_iterative_repair/deepseek-coder_6.7b/rules/deepseek-coder_6.7b_rules_C010_interactive_tooltips_iter02_20260624_044550,,724422,0.0090,255,18.323,True,850,206.821,0.9989,0.9865,experiments/05_choropleth_reliability_benchmark/outputs/scores/iterative_repair_screenshot_qa/qwen2.5-coder_32b_deepseek-coder_6.7b_rules_C010_interactive_tooltips_iter2_interactive.png,,True,0.6766,84,1200,experiments/05_choropleth_reliability_benchmark/outputs/generated_code_iterative_repair/qwen2.5-coder_32b/deepseek-coder_6.7b/rules/C010_interactive_tooltips_rules_iter02.py,deepseek-coder_6.7b,False,,True,
map_static.png,experiments/05_choropleth_reliability_benchmark/outputs/runs_iterative_repair/deepseek-coder_6.7b/rules/deepseek-coder_6.7b_rules_C010_interactive_tooltips_iter02_20260624_231655/map_static.png,False,0,missing_or_empty;low_thematic_color;low_map_ink;low_edge_detail,False,,,,False,,,,,,,2,static_png,,rules,,,C010_interactive_tooltips,missing_or_empty,False,qwen2.5-coder_7b,1,experiments/05_choropleth_reliability_benchmark/outputs/runs_iterative_repair/deepseek-coder_6.7b/rules/deepseek-coder_6.7b_rules_C010_interactive_tooltips_iter02_20260624_231655,,0,,,,False,,,,,,missing_or_empty,False,,,,experiments/05_choropleth_reliability_benchmark/outputs/generated_code_iterative_repair/qwen2.5-coder_7b/deepseek-coder_6.7b/rules/C010_interactive_tooltips_rules_iter02.py,deepseek-coder_6.7b,False,,,
time_series.png,experiments/05_choropleth_reliability_benchmark/outputs/runs_iterative_repair/deepseek-coder_6.7b/rules/deepseek-coder_6.7b_rules_C010_interactive_tooltips_iter02_20260624_231655/time_series.png,False,0,missing_or_empty;low_plot_ink;no_visible_line;low_edge_detail,False,,,,False,,,,,,,2,time_series_png,,rules,,,C010_interactive_tooltips,missing_or_empty,False,qwen2.5-coder_7b,1,experiments/05_choropleth_reliability_benchmark/outputs/runs_iterative_repair/deepseek-coder_6.7b/rules/deepseek-coder_6.7b_rules_C010_interactive_tooltips_iter02_20260624_231655,,0,,,,False,,,,,,missing_or_empty,False,,,,experiments/05_choropleth_reliability_benchmark/outputs/generated_code_iterative_repair/qwen2.5-coder_7b/deepseek-coder_6.7b/rules/C010_interactive_tooltips_rules_iter02.py,deepseek-coder_6.7b,False,,,
map_interactive.html,experiments/05_choropleth_reliability_benchmark/outputs/runs_iterative_repair/deepseek-coder_6.7b/rules/deepseek-coder_6.7b_rules_C010_interactive_tooltips_iter02_20260624_231655/map_interactive.html,False,0,missing_or_empty;html_not_rendered;low_rendered_map_ink;low_edge_detail,False,,,,False,,,,,missing,False,2,interactive_html,,rules,,,C010_interactive_tooltips,,,qwen2.5-coder_7b,1,experiments/05_choropleth_reliability_benchmark/outputs/runs_iterative_repair/deepseek-coder_6.7b/rules/deepseek-coder_6.7b_rules_C010_interactive_tooltips_iter02_20260624_231655,,0,,,,False,,,,,,missing_or_empty,False,,,,experiments/05_choropleth_reliability_benchmark/outputs/generated_code_iterative_repair/qwen2.5-coder_7b/deepseek-coder_6.7b/rules/C010_interactive_tooltips_rules_iter02.py,deepseek-coder_6.7b,False,,False,
map_static.png,experiments/05_choropleth_reliability_benchmark/outputs/runs_iterative_repair/deepseek-coder_6.7b/rules/deepseek-coder_6.7b_rules_C010_interactive_tooltips_iter02_20260624_234810/map_static.png,False,0,missing_or_empty;low_thematic_color;low_map_ink;low_edge_detail,False,,,,False,,,,,,,2,static_png,,rules,,,C010_interactive_tooltips,missing_or_empty,False,qwen2.5-coder_14b,1,experiments/05_choropleth_reliability_benchmark/outputs/runs_iterative_repair/deepseek-coder_6.7b/rules/deepseek-coder_6.7b_rules_C010_interactive_tooltips_iter02_20260624_234810,,0,,,,False,,,,,,missing_or_empty,False,,,,experiments/05_choropleth_reliability_benchmark/outputs/generated_code_iterative_repair/qwen2.5-coder_14b/deepseek-coder_6.7b/rules/C010_interactive_tooltips_rules_iter02.py,deepseek-coder_6.7b,False,,,
time_series.png,experiments/05_choropleth_reliability_benchmark/outputs/runs_iterative_repair/deepseek-coder_6.7b/rules/deepseek-coder_6.7b_rules_C010_interactive_tooltips_iter02_20260624_234810/time_series.png,False,0,missing_or_empty;low_plot_ink;no_visible_line;low_edge_detail,False,,,,False,,,,,,,2,time_series_png,,rules,,,C010_interactive_tooltips,missing_or_empty,False,qwen2.5-coder_14b,1,experiments/05_choropleth_reliability_benchmark/outputs/runs_iterative_repair/deepseek-coder_6.7b/rules/deepseek-coder_6.7b_rules_C010_interactive_tooltips_iter02_20260624_234810,,0,,,,False,,,,,,missing_or_empty,False,,,,experiments/05_choropleth_reliability_benchmark/outputs/generated_code_iterative_repair/qwen2.5-coder_14b/deepseek-coder_6.7b/rules/C010_interactive_tooltips_rules_iter02.py,deepseek-coder_6.7b,False,,,
map_interactive.html,experiments/05_choropleth_reliability_benchmark/outputs/runs_iterative_repair/deepseek-coder_6.7b/rules/deepseek-coder_6.7b_rules_C010_interactive_tooltips_iter02_20260624_234810/map_interactive.html,False,0,missing_or_empty;html_not_rendered;low_rendered_map_ink;low_edge_detail,False,,,,False,,,,,missing,False,2,interactive_html,,rules,,,C010_interactive_tooltips,,,qwen2.5-coder_14b,1,experiments/05_choropleth_reliability_benchmark/outputs/runs_iterative_repair/deepseek-coder_6.7b/rules/deepseek-coder_6.7b_rules_C010_interactive_tooltips_iter02_20260624_234810,,0,,,,False,,,,,,missing_or_empty,False,,,,experiments/05_choropleth_reliability_benchmark/outputs/generated_code_iterative_repair/qwen2.5-coder_14b/deepseek-coder_6.7b/rules/C010_interactive_tooltips_rules_iter02.py,deepseek-coder_6.7b,False,,False,
map_static.png,experiments/05_choropleth_reliability_benchmark/outputs/runs_iterative_repair/deepseek-coder_6.7b/rules/deepseek-coder_6.7b_rules_C010_interactive_tooltips_iter03_20260624_231712/map_static.png,False,0,missing_or_empty;low_thematic_color;low_map_ink;low_edge_detail,False,,,,False,,,,,,,3,static_png,,rules,,,C010_interactive_tooltips,missing_or_empty,False,qwen2.5-coder_7b,1,experiments/05_choropleth_reliability_benchmark/outputs/runs_iterative_repair/deepseek-coder_6.7b/rules/deepseek-coder_6.7b_rules_C010_interactive_tooltips_iter03_20260624_231712,,0,,,,False,,,,,,missing_or_empty,False,,,,experiments/05_choropleth_reliability_benchmark/outputs/generated_code_iterative_repair/qwen2.5-coder_7b/deepseek-coder_6.7b/rules/C010_interactive_tooltips_rules_iter03.py,deepseek-coder_6.7b,False,,,
time_series.png,experiments/05_choropleth_reliability_benchmark/outputs/runs_iterative_repair/deepseek-coder_6.7b/rules/deepseek-coder_6.7b_rules_C010_interactive_tooltips_iter03_20260624_231712/time_series.png,False,0,missing_or_empty;low_plot_ink;no_visible_line;low_edge_detail,False,,,,False,,,,,,,3,time_series_png,,rules,,,C010_interactive_tooltips,missing_or_empty,False,qwen2.5-coder_7b,1,experiments/05_choropleth_reliability_benchmark/outputs/runs_iterative_repair/deepseek-coder_6.7b/rules/deepseek-coder_6.7b_rules_C010_interactive_tooltips_iter03_20260624_231712,,0,,,,False,,,,,,missing_or_empty,False,,,,experiments/05_choropleth_reliability_benchmark/outputs/generated_code_iterative_repair/qwen2.5-coder_7b/deepseek-coder_6.7b/rules/C010_interactive_tooltips_rules_iter03.py,deepseek-coder_6.7b,False,,,
map_interactive.html,experiments/05_choropleth_reliability_benchmark/outputs/runs_iterative_repair/deepseek-coder_6.7b/rules/deepseek-coder_6.7b_rules_C010_interactive_tooltips_iter03_20260624_231712/map_interactive.html,False,0,missing_or_empty;html_not_rendered;low_rendered_map_ink;low_edge_detail,False,,,,False,,,,,missing,False,3,interactive_html,,rules,,,C010_interactive_tooltips,,,qwen2.5-coder_7b,1,experiments/05_choropleth_reliability_benchmark/outputs/runs_iterative_repair/deepseek-coder_6.7b/rules/deepseek-coder_6.7b_rules_C010_interactive_tooltips_iter03_20260624_231712,,0,,,,False,,,,,,missing_or_empty,False,,,,experiments/05_choropleth_reliability_benchmark/outputs/generated_code_iterative_repair/qwen2.5-coder_7b/deepseek-coder_6.7b/rules/C010_interactive_tooltips_rules_iter03.py,deepseek-coder_6.7b,False,,False,
map_static.png,experiments/05_choropleth_reliability_benchmark/outputs/runs_iterative_repair/deepseek-coder_6.7b/rules/deepseek-coder_6.7b_rules_C010_interactive_tooltips_iter03_20260624_234836/map_static.png,False,0,missing_or_empty;low_thematic_color;low_map_ink;low_edge_detail,False,,,,False,,,,,,,3,static_png,,rules,,,C010_interactive_tooltips,missing_or_empty,False,qwen2.5-coder_14b,1,experiments/05_choropleth_reliability_benchmark/outputs/runs_iterative_repair/deepseek-coder_6.7b/rules/deepseek-coder_6.7b_rules_C010_interactive_tooltips_iter03_20260624_234836,,0,,,,False,,,,,,missing_or_empty,False,,,,experiments/05_choropleth_reliability_benchmark/outputs/generated_code_iterative_repair/qwen2.5-coder_14b/deepseek-coder_6.7b/rules/C010_interactive_tooltips_rules_iter03.py,deepseek-coder_6.7b,False,,,
time_series.png,experiments/05_choropleth_reliability_benchmark/outputs/runs_iterative_repair/deepseek-coder_6.7b/rules/deepseek-coder_6.7b_rules_C010_interactive_tooltips_iter03_20260624_234836/time_series.png,False,0,missing_or_empty;low_plot_ink;no_visible_line;low_edge_detail,False,,,,False,,,,,,,3,time_series_png,,rules,,,C010_interactive_tooltips,missing_or_empty,False,qwen2.5-coder_14b,1,experiments/05_choropleth_reliability_benchmark/outputs/runs_iterative_repair/deepseek-coder_6.7b/rules/deepseek-coder_6.7b_rules_C010_interactive_tooltips_iter03_20260624_234836,,0,,,,False,,,,,,missing_or_empty,False,,,,experiments/05_choropleth_reliability_benchmark/outputs/generated_code_iterative_repair/qwen2.5-coder_14b/deepseek-coder_6.7b/rules/C010_interactive_tooltips_rules_iter03.py,deepseek-coder_6.7b,False,,,
map_interactive.html,experiments/05_choropleth_reliability_benchmark/outputs/runs_iterative_repair/deepseek-coder_6.7b/rules/deepseek-coder_6.7b_rules_C010_interactive_tooltips_iter03_20260624_234836/map_interactive.html,False,0,missing_or_empty;html_not_rendered;low_rendered_map_ink;low_edge_detail,False,,,,False,,,,,missing,False,3,interactive_html,,rules,,,C010_interactive_tooltips,,,qwen2.5-coder_14b,1,experiments/05_choropleth_reliability_benchmark/outputs/runs_iterative_repair/deepseek-coder_6.7b/rules/deepseek-coder_6.7b_rules_C010_interactive_tooltips_iter03_20260624_234836,,0,,,,False,,,,,,missing_or_empty,False,,,,experiments/05_choropleth_reliability_benchmark/outputs/generated_code_iterative_repair/qwen2.5-coder_14b/deepseek-coder_6.7b/rules/C010_interactive_tooltips_rules_iter03.py,deepseek-coder_6.7b,False,,False,
map_static.png,experiments/05_choropleth_reliability_benchmark/outputs/runs_iterative_repair/deepseek-coder_6.7b/rules/deepseek-coder_6.7b_rules_C011_static_and_interactive_iter01_20260624_051847/map_static.png,False,0,missing_or_empty;low_thematic_color;low_map_ink;low_edge_detail,False,,,,False,,,,,,,1,static_png,,rules,,,C011_static_and_interactive,missing_or_empty,False,qwen2.5-coder_32b,1,experiments/05_choropleth_reliability_benchmark/outputs/runs_iterative_repair/deepseek-coder_6.7b/rules/deepseek-coder_6.7b_rules_C011_static_and_interactive_iter01_20260624_051847,,0,,,,False,,,,,,missing_or_empty,False,,,,experiments/05_choropleth_reliability_benchmark/outputs/generated_code_iterative_repair/qwen2.5-coder_32b/deepseek-coder_6.7b/rules/C011_static_and_interactive_rules_iter01.py,deepseek-coder_6.7b,False,,,
time_series.png,experiments/05_choropleth_reliability_benchmark/outputs/runs_iterative_repair/deepseek-coder_6.7b/rules/deepseek-coder_6.7b_rules_C011_static_and_interactive_iter01_20260624_051847/time_series.png,False,0,missing_or_empty;low_plot_ink;no_visible_line;low_edge_detail,False,,,,False,,,,,,,1,time_series_png,,rules,,,C011_static_and_interactive,missing_or_empty,False,qwen2.5-coder_32b,1,experiments/05_choropleth_reliability_benchmark/outputs/runs_iterative_repair/deepseek-coder_6.7b/rules/deepseek-coder_6.7b_rules_C011_static_and_interactive_iter01_20260624_051847,,0,,,,False,,,,,,missing_or_empty,False,,,,experiments/05_choropleth_reliability_benchmark/outputs/generated_code_iterative_repair/qwen2.5-coder_32b/deepseek-coder_6.7b/rules/C011_static_and_interactive_rules_iter01.py,deepseek-coder_6.7b,False,,,
map_interactive.html,experiments/05_choropleth_reliability_benchmark/outputs/runs_iterative_repair/deepseek-coder_6.7b/rules/deepseek-coder_6.7b_rules_C011_static_and_interactive_iter01_20260624_051847/map_interactive.html,False,0,missing_or_empty;html_not_rendered;low_rendered_map_ink;low_edge_detail,False,,,,False,,,,,missing,False,1,interactive_html,,rules,,,C011_static_and_interactive,,,qwen2.5-coder_32b,1,experiments/05_choropleth_reliability_benchmark/outputs/runs_iterative_repair/deepseek-coder_6.7b/rules/deepseek-coder_6.7b_rules_C011_static_and_interactive_iter01_20260624_051847,,0,,,,False,,,,,,missing_or_empty,False,,,,experiments/05_choropleth_reliability_benchmark/outputs/generated_code_iterative_repair/qwen2.5-coder_32b/deepseek-coder_6.7b/rules/C011_static_and_interactive_rules_iter01.py,deepseek-coder_6.7b,False,,False,
map_static.png,experiments/05_choropleth_reliability_benchmark/outputs/runs_iterative_repair/deepseek-coder_6.7b/rules/deepseek-coder_6.7b_rules_C011_static_and_interactive_iter01_20260624_232930/map_static.png,False,0,missing_or_empty;low_thematic_color;low_map_ink;low_edge_detail,False,,,,False,,,,,,,1,static_png,,rules,,,C011_static_and_interactive,missing_or_empty,False,qwen2.5-coder_7b,1,experiments/05_choropleth_reliability_benchmark/outputs/runs_iterative_repair/deepseek-coder_6.7b/rules/deepseek-coder_6.7b_rules_C011_static_and_interactive_iter01_20260624_232930,,0,,,,False,,,,,,missing_or_empty,False,,,,experiments/05_choropleth_reliability_benchmark/outputs/generated_code_iterative_repair/qwen2.5-coder_7b/deepseek-coder_6.7b/rules/C011_static_and_interactive_rules_iter01.py,deepseek-coder_6.7b,False,,,
time_series.png,experiments/05_choropleth_reliability_benchmark/outputs/runs_iterative_repair/deepseek-coder_6.7b/rules/deepseek-coder_6.7b_rules_C011_static_and_interactive_iter01_20260624_232930/time_series.png,False,0,missing_or_empty;low_plot_ink;no_visible_line;low_edge_detail,False,,,,False,,,,,,,1,time_series_png,,rules,,,C011_static_and_interactive,missing_or_empty,False,qwen2.5-coder_7b,1,experiments/05_choropleth_reliability_benchmark/outputs/runs_iterative_repair/deepseek-coder_6.7b/rules/deepseek-coder_6.7b_rules_C011_static_and_interactive_iter01_20260624_232930,,0,,,,False,,,,,,missing_or_empty,False,,,,experiments/05_choropleth_reliability_benchmark/outputs/generated_code_iterative_repair/qwen2.5-coder_7b/deepseek-coder_6.7b/rules/C011_static_and_interactive_rules_iter01.py,deepseek-coder_6.7b,False,,,
map_interactive.html,experiments/05_choropleth_reliability_benchmark/outputs/runs_iterative_repair/deepseek-coder_6.7b/rules/deepseek-coder_6.7b_rules_C011_static_and_interactive_iter01_20260624_232930/map_interactive.html,False,0,missing_or_empty;html_not_rendered;low_rendered_map_ink;low_edge_detail,False,,,,False,,,,,missing,False,1,interactive_html,,rules,,,C011_static_and_interactive,,,qwen2.5-coder_7b,1,experiments/05_choropleth_reliability_benchmark/outputs/runs_iterative_repair/deepseek-coder_6.7b/rules/deepseek-coder_6.7b_rules_C011_static_and_interactive_iter01_20260624_232930,,0,,,,False,,,,,,missing_or_empty,False,,,,experiments/05_choropleth_reliability_benchmark/outputs/generated_code_iterative_repair/qwen2.5-coder_7b/deepseek-coder_6.7b/rules/C011_static_and_interactive_rules_iter01.py,deepseek-coder_6.7b,False,,False,
map_static.png,experiments/05_choropleth_reliability_benchmark/outputs/runs_iterative_repair/deepseek-coder_6.7b/rules/deepseek-coder_6.7b_rules_C011_static_and_interactive_iter01_20260625_000815/map_static.png,False,0,missing_or_empty;low_thematic_color;low_map_ink;low_edge_detail,False,,,,False,,,,,,,1,static_png,,rules,,,C011_static_and_interactive,missing_or_empty,False,qwen2.5-coder_14b,1,experiments/05_choropleth_reliability_benchmark/outputs/runs_iterative_repair/deepseek-coder_6.7b/rules/deepseek-coder_6.7b_rules_C011_static_and_interactive_iter01_20260625_000815,,0,,,,False,,,,,,missing_or_empty,False,,,,experiments/05_choropleth_reliability_benchmark/outputs/generated_code_iterative_repair/qwen2.5-coder_14b/deepseek-coder_6.7b/rules/C011_static_and_interactive_rules_iter01.py,deepseek-coder_6.7b,False,,,
time_series.png,experiments/05_choropleth_reliability_benchmark/outputs/runs_iterative_repair/deepseek-coder_6.7b/rules/deepseek-coder_6.7b_rules_C011_static_and_interactive_iter01_20260625_000815/time_series.png,False,0,missing_or_empty;low_plot_ink;no_visible_line;low_edge_detail,False,,,,False,,,,,,,1,time_series_png,,rules,,,C011_static_and_interactive,missing_or_empty,False,qwen2.5-coder_14b,1,experiments/05_choropleth_reliability_benchmark/outputs/runs_iterative_repair/deepseek-coder_6.7b/rules/deepseek-coder_6.7b_rules_C011_static_and_interactive_iter01_20260625_000815,,0,,,,False,,,,,,missing_or_empty,False,,,,experiments/05_choropleth_reliability_benchmark/outputs/generated_code_iterative_repair/qwen2.5-coder_14b/deepseek-coder_6.7b/rules/C011_static_and_interactive_rules_iter01.py,deepseek-coder_6.7b,False,,,
map_interactive.html,experiments/05_choropleth_reliability_benchmark/outputs/runs_iterative_repair/deepseek-coder_6.7b/rules/deepseek-coder_6.7b_rules_C011_static_and_interactive_iter01_20260625_000815/map_interactive.html,False,0,missing_or_empty;html_not_rendered;low_rendered_map_ink;low_edge_detail,False,,,,False,,,,,missing,False,1,interactive_html,,rules,,,C011_static_and_interactive,,,qwen2.5-coder_14b,1,experiments/05_choropleth_reliability_benchmark/outputs/runs_iterative_repair/deepseek-coder_6.7b/rules/deepseek-coder_6.7b_rules_C011_static_and_interactive_iter01_20260625_000815,,0,,,,False,,,,,,missing_or_empty,False,,,,experiments/05_choropleth_reliability_benchmark/outputs/generated_code_iterative_repair/qwen2.5-coder_14b/deepseek-coder_6.7b/rules/C011_static_and_interactive_rules_iter01.py,deepseek-coder_6.7b,False,,False,
map_static.png,experiments/05_choropleth_reliability_benchmark/outputs/runs_iterative_repair/deepseek-coder_6.7b/rules/deepseek-coder_6.7b_rules_C011_static_and_interactive_iter01_20260625_002634/map_static.png,False,0,missing_or_empty;low_thematic_color;low_map_ink;low_edge_detail,False,,,,False,,,,,,,1,static_png,,rules,,,C011_static_and_interactive,missing_or_empty,False,deepseek-coder_6.7b,1,experiments/05_choropleth_reliability_benchmark/outputs/runs_iterative_repair/deepseek-coder_6.7b/rules/deepseek-coder_6.7b_rules_C011_static_and_interactive_iter01_20260625_002634,,0,,,,False,,,,,,missing_or_empty,False,,,,experiments/05_choropleth_reliability_benchmark/outputs/generated_code_iterative_repair/deepseek-coder_6.7b/deepseek-coder_6.7b/rules/C011_static_and_interactive_rules_iter01.py,deepseek-coder_6.7b,False,,,
time_series.png,experiments/05_choropleth_reliability_benchmark/outputs/runs_iterative_repair/deepseek-coder_6.7b/rules/deepseek-coder_6.7b_rules_C011_static_and_interactive_iter01_20260625_002634/time_series.png,False,0,missing_or_empty;low_plot_ink;no_visible_line;low_edge_detail,False,,,,False,,,,,,,1,time_series_png,,rules,,,C011_static_and_interactive,missing_or_empty,False,deepseek-coder_6.7b,1,experiments/05_choropleth_reliability_benchmark/outputs/runs_iterative_repair/deepseek-coder_6.7b/rules/deepseek-coder_6.7b_rules_C011_static_and_interactive_iter01_20260625_002634,,0,,,,False,,,,,,missing_or_empty,False,,,,experiments/05_choropleth_reliability_benchmark/outputs/generated_code_iterative_repair/deepseek-coder_6.7b/deepseek-coder_6.7b/rules/C011_static_and_interactive_rules_iter01.py,deepseek-coder_6.7b,False,,,
map_interactive.html,experiments/05_choropleth_reliability_benchmark/outputs/runs_iterative_repair/deepseek-coder_6.7b/rules/deepseek-coder_6.7b_rules_C011_static_and_interactive_iter01_20260625_002634/map_interactive.html,False,0,missing_or_empty;html_not_rendered;low_rendered_map_ink;low_edge_detail,False,,,,False,,,,,missing,False,1,interactive_html,,rules,,,C011_static_and_interactive,,,deepseek-coder_6.7b,1,experiments/05_choropleth_reliability_benchmark/outputs/runs_iterative_repair/deepseek-coder_6.7b/rules/deepseek-coder_6.7b_rules_C011_static_and_interactive_iter01_20260625_002634,,0,,,,False,,,,,,missing_or_empty,False,,,,experiments/05_choropleth_reliability_benchmark/outputs/generated_code_iterative_repair/deepseek-coder_6.7b/deepseek-coder_6.7b/rules/C011_static_and_interactive_rules_iter01.py,deepseek-coder_6.7b,False,,False,
map_static.png,experiments/05_choropleth_reliability_benchmark/outputs/runs_iterative_repair/deepseek-coder_6.7b/rules/deepseek-coder_6.7b_rules_C011_static_and_interactive_iter02_20260624_051959/map_static.png,False,0,missing_or_empty;low_thematic_color;low_map_ink;low_edge_detail,False,,,,False,,,,,,,2,static_png,,rules,,,C011_static_and_interactive,missing_or_empty,False,qwen2.5-coder_32b,1,experiments/05_choropleth_reliability_benchmark/outputs/runs_iterative_repair/deepseek-coder_6.7b/rules/deepseek-coder_6.7b_rules_C011_static_and_interactive_iter02_20260624_051959,,0,,,,False,,,,,,missing_or_empty,False,,,,experiments/05_choropleth_reliability_benchmark/outputs/generated_code_iterative_repair/qwen2.5-coder_32b/deepseek-coder_6.7b/rules/C011_static_and_interactive_rules_iter02.py,deepseek-coder_6.7b,False,,,
time_series.png,experiments/05_choropleth_reliability_benchmark/outputs/runs_iterative_repair/deepseek-coder_6.7b/rules/deepseek-coder_6.7b_rules_C011_static_and_interactive_iter02_20260624_051959/time_series.png,False,0,missing_or_empty;low_plot_ink;no_visible_line;low_edge_detail,False,,,,False,,,,,,,2,time_series_png,,rules,,,C011_static_and_interactive,missing_or_empty,False,qwen2.5-coder_32b,1,experiments/05_choropleth_reliability_benchmark/outputs/runs_iterative_repair/deepseek-coder_6.7b/rules/deepseek-coder_6.7b_rules_C011_static_and_interactive_iter02_20260624_051959,,0,,,,False,,,,,,missing_or_empty,False,,,,experiments/05_choropleth_reliability_benchmark/outputs/generated_code_iterative_repair/qwen2.5-coder_32b/deepseek-coder_6.7b/rules/C011_static_and_interactive_rules_iter02.py,deepseek-coder_6.7b,False,,,
map_interactive.html,experiments/05_choropleth_reliability_benchmark/outputs/runs_iterative_repair/deepseek-coder_6.7b/rules/deepseek-coder_6.7b_rules_C011_static_and_interactive_iter02_20260624_051959/map_interactive.html,False,0,missing_or_empty;html_not_rendered;low_rendered_map_ink;low_edge_detail,False,,,,False,,,,,missing,False,2,interactive_html,,rules,,,C011_static_and_interactive,,,qwen2.5-coder_32b,1,experiments/05_choropleth_reliability_benchmark/outputs/runs_iterative_repair/deepseek-coder_6.7b/rules/deepseek-coder_6.7b_rules_C011_static_and_interactive_iter02_20260624_051959,,0,,,,False,,,,,,missing_or_empty,False,,,,experiments/05_choropleth_reliability_benchmark/outputs/generated_code_iterative_repair/qwen2.5-coder_32b/deepseek-coder_6.7b/rules/C011_static_and_interactive_rules_iter02.py,deepseek-coder_6.7b,False,,False,
map_static.png,experiments/05_choropleth_reliability_benchmark/outputs/runs_iterative_repair/deepseek-coder_6.7b/rules/deepseek-coder_6.7b_rules_C011_static_and_interactive_iter02_20260624_232949/map_static.png,False,0,missing_or_empty;low_thematic_color;low_map_ink;low_edge_detail,False,,,,False,,,,,,,2,static_png,,rules,,,C011_static_and_interactive,missing_or_empty,False,qwen2.5-coder_7b,1,experiments/05_choropleth_reliability_benchmark/outputs/runs_iterative_repair/deepseek-coder_6.7b/rules/deepseek-coder_6.7b_rules_C011_static_and_interactive_iter02_20260624_232949,,0,,,,False,,,,,,missing_or_empty,False,,,,experiments/05_choropleth_reliability_benchmark/outputs/generated_code_iterative_repair/qwen2.5-coder_7b/deepseek-coder_6.7b/rules/C011_static_and_interactive_rules_iter02.py,deepseek-coder_6.7b,False,,,
time_series.png,experiments/05_choropleth_reliability_benchmark/outputs/runs_iterative_repair/deepseek-coder_6.7b/rules/deepseek-coder_6.7b_rules_C011_static_and_interactive_iter02_20260624_232949/time_series.png,False,0,missing_or_empty;low_plot_ink;no_visible_line;low_edge_detail,False,,,,False,,,,,,,2,time_series_png,,rules,,,C011_static_and_interactive,missing_or_empty,False,qwen2.5-coder_7b,1,experiments/05_choropleth_reliability_benchmark/outputs/runs_iterative_repair/deepseek-coder_6.7b/rules/deepseek-coder_6.7b_rules_C011_static_and_interactive_iter02_20260624_232949,,0,,,,False,,,,,,missing_or_empty,False,,,,experiments/05_choropleth_reliability_benchmark/outputs/generated_code_iterative_repair/qwen2.5-coder_7b/deepseek-coder_6.7b/rules/C011_static_and_interactive_rules_iter02.py,deepseek-coder_6.7b,False,,,
map_interactive.html,experiments/05_choropleth_reliability_benchmark/outputs/runs_iterative_repair/deepseek-coder_6.7b/rules/deepseek-coder_6.7b_rules_C011_static_and_interactive_iter02_20260624_232949/map_interactive.html,False,0,missing_or_empty;html_not_rendered;low_rendered_map_ink;low_edge_detail,False,,,,False,,,,,missing,False,2,interactive_html,,rules,,,C011_static_and_interactive,,,qwen2.5-coder_7b,1,experiments/05_choropleth_reliability_benchmark/outputs/runs_iterative_repair/deepseek-coder_6.7b/rules/deepseek-coder_6.7b_rules_C011_static_and_interactive_iter02_20260624_232949,,0,,,,False,,,,,,missing_or_empty,False,,,,experiments/05_choropleth_reliability_benchmark/outputs/generated_code_iterative_repair/qwen2.5-coder_7b/deepseek-coder_6.7b/rules/C011_static_and_interactive_rules_iter02.py,deepseek-coder_6.7b,False,,False,
map_static.png,experiments/05_choropleth_reliability_benchmark/outputs/runs_iterative_repair/deepseek-coder_6.7b/rules/deepseek-coder_6.7b_rules_C011_static_and_interactive_iter02_20260625_000900/map_static.png,False,0,missing_or_empty;low_thematic_color;low_map_ink;low_edge_detail,False,,,,False,,,,,,,2,static_png,,rules,,,C011_static_and_interactive,missing_or_empty,False,qwen2.5-coder_14b,1,experiments/05_choropleth_reliability_benchmark/outputs/runs_iterative_repair/deepseek-coder_6.7b/rules/deepseek-coder_6.7b_rules_C011_static_and_interactive_iter02_20260625_000900,,0,,,,False,,,,,,missing_or_empty,False,,,,experiments/05_choropleth_reliability_benchmark/outputs/generated_code_iterative_repair/qwen2.5-coder_14b/deepseek-coder_6.7b/rules/C011_static_and_interactive_rules_iter02.py,deepseek-coder_6.7b,False,,,
time_series.png,experiments/05_choropleth_reliability_benchmark/outputs/runs_iterative_repair/deepseek-coder_6.7b/rules/deepseek-coder_6.7b_rules_C011_static_and_interactive_iter02_20260625_000900/time_series.png,False,0,missing_or_empty;low_plot_ink;no_visible_line;low_edge_detail,False,,,,False,,,,,,,2,time_series_png,,rules,,,C011_static_and_interactive,missing_or_empty,False,qwen2.5-coder_14b,1,experiments/05_choropleth_reliability_benchmark/outputs/runs_iterative_repair/deepseek-coder_6.7b/rules/deepseek-coder_6.7b_rules_C011_static_and_interactive_iter02_20260625_000900,,0,,,,False,,,,,,missing_or_empty,False,,,,experiments/05_choropleth_reliability_benchmark/outputs/generated_code_iterative_repair/qwen2.5-coder_14b/deepseek-coder_6.7b/rules/C011_static_and_interactive_rules_iter02.py,deepseek-coder_6.7b,False,,,
map_interactive.html,experiments/05_choropleth_reliability_benchmark/outputs/runs_iterative_repair/deepseek-coder_6.7b/rules/deepseek-coder_6.7b_rules_C011_static_and_interactive_iter02_20260625_000900/map_interactive.html,False,0,missing_or_empty;html_not_rendered;low_rendered_map_ink;low_edge_detail,False,,,,False,,,,,missing,False,2,interactive_html,,rules,,,C011_static_and_interactive,,,qwen2.5-coder_14b,1,experiments/05_choropleth_reliability_benchmark/outputs/runs_iterative_repair/deepseek-coder_6.7b/rules/deepseek-coder_6.7b_rules_C011_static_and_interactive_iter02_20260625_000900,,0,,,,False,,,,,,missing_or_empty,False,,,,experiments/05_choropleth_reliability_benchmark/outputs/generated_code_iterative_repair/qwen2.5-coder_14b/deepseek-coder_6.7b/rules/C011_static_and_interactive_rules_iter02.py,deepseek-coder_6.7b,False,,False,
map_static.png,experiments/05_choropleth_reliability_benchmark/outputs/runs_iterative_repair/deepseek-coder_6.7b/rules/deepseek-coder_6.7b_rules_C011_static_and_interactive_iter03_20260624_063113/map_static.png,True,40341,,True,0.0114,255,9.768,True,,,,480,,,3,static_png,241.960,rules,0.9908,0.1430,C011_static_and_interactive,,True,qwen2.5-coder_32b,0,experiments/05_choropleth_reliability_benchmark/outputs/runs_iterative_repair/deepseek-coder_6.7b/rules/deepseek-coder_6.7b_rules_C011_static_and_interactive_iter03_20260624_063113,0.0295,40341,0.0114,255,9.768,True,480,241.960,0.9908,0.1430,,,True,0.0295,45,640,experiments/05_choropleth_reliability_benchmark/outputs/generated_code_iterative_repair/qwen2.5-coder_32b/deepseek-coder_6.7b/rules/C011_static_and_interactive_rules_iter03.py,deepseek-coder_6.7b,False,45,,640
time_series.png,experiments/05_choropleth_reliability_benchmark/outputs/runs_iterative_repair/deepseek-coder_6.7b/rules/deepseek-coder_6.7b_rules_C011_static_and_interactive_iter03_20260624_063113/time_series.png,False,0,missing_or_empty;low_plot_ink;no_visible_line;low_edge_detail,False,,,,False,,,,,,,3,time_series_png,,rules,,,C011_static_and_interactive,missing_or_empty,False,qwen2.5-coder_32b,0,experiments/05_choropleth_reliability_benchmark/outputs/runs_iterative_repair/deepseek-coder_6.7b/rules/deepseek-coder_6.7b_rules_C011_static_and_interactive_iter03_20260624_063113,,0,,,,False,,,,,,missing_or_empty,False,,,,experiments/05_choropleth_reliability_benchmark/outputs/generated_code_iterative_repair/qwen2.5-coder_32b/deepseek-coder_6.7b/rules/C011_static_and_interactive_rules_iter03.py,deepseek-coder_6.7b,False,,,
map_interactive.html,experiments/05_choropleth_reliability_benchmark/outputs/runs_iterative_repair/deepseek-coder_6.7b/rules/deepseek-coder_6.7b_rules_C011_static_and_interactive_iter03_20260624_063113/map_interactive.html,True,24238537,,True,,,,True,True,True,True,,,True,3,interactive_html,,rules,,,C011_static_and_interactive,,,qwen2.5-coder_32b,0,experiments/05_choropleth_reliability_benchmark/outputs/runs_iterative_repair/deepseek-coder_6.7b/rules/deepseek-coder_6.7b_rules_C011_static_and_interactive_iter03_20260624_063113,,702562,0.0056,255,15.965,True,850,205.492,0.9999,0.9895,experiments/05_choropleth_reliability_benchmark/outputs/scores/iterative_repair_screenshot_qa/qwen2.5-coder_32b_deepseek-coder_6.7b_rules_C011_static_and_interactive_iter3_interactive.png,,True,0.7107,66,1200,experiments/05_choropleth_reliability_benchmark/outputs/generated_code_iterative_repair/qwen2.5-coder_32b/deepseek-coder_6.7b/rules/C011_static_and_interactive_rules_iter03.py,deepseek-coder_6.7b,False,,True,
map_static.png,experiments/05_choropleth_reliability_benchmark/outputs/runs_iterative_repair/deepseek-coder_6.7b/rules/deepseek-coder_6.7b_rules_C011_static_and_interactive_iter03_20260624_233007/map_static.png,False,0,missing_or_empty;low_thematic_color;low_map_ink;low_edge_detail,False,,,,False,,,,,,,3,static_png,,rules,,,C011_static_and_interactive,missing_or_empty,False,qwen2.5-coder_7b,1,experiments/05_choropleth_reliability_benchmark/outputs/runs_iterative_repair/deepseek-coder_6.7b/rules/deepseek-coder_6.7b_rules_C011_static_and_interactive_iter03_20260624_233007,,0,,,,False,,,,,,missing_or_empty,False,,,,experiments/05_choropleth_reliability_benchmark/outputs/generated_code_iterative_repair/qwen2.5-coder_7b/deepseek-coder_6.7b/rules/C011_static_and_interactive_rules_iter03.py,deepseek-coder_6.7b,False,,,
time_series.png,experiments/05_choropleth_reliability_benchmark/outputs/runs_iterative_repair/deepseek-coder_6.7b/rules/deepseek-coder_6.7b_rules_C011_static_and_interactive_iter03_20260624_233007/time_series.png,False,0,missing_or_empty;low_plot_ink;no_visible_line;low_edge_detail,False,,,,False,,,,,,,3,time_series_png,,rules,,,C011_static_and_interactive,missing_or_empty,False,qwen2.5-coder_7b,1,experiments/05_choropleth_reliability_benchmark/outputs/runs_iterative_repair/deepseek-coder_6.7b/rules/deepseek-coder_6.7b_rules_C011_static_and_interactive_iter03_20260624_233007,,0,,,,False,,,,,,missing_or_empty,False,,,,experiments/05_choropleth_reliability_benchmark/outputs/generated_code_iterative_repair/qwen2.5-coder_7b/deepseek-coder_6.7b/rules/C011_static_and_interactive_rules_iter03.py,deepseek-coder_6.7b,False,,,
map_interactive.html,experiments/05_choropleth_reliability_benchmark/outputs/runs_iterative_repair/deepseek-coder_6.7b/rules/deepseek-coder_6.7b_rules_C011_static_and_interactive_iter03_20260624_233007/map_interactive.html,False,0,missing_or_empty;html_not_rendered;low_rendered_map_ink;low_edge_detail,False,,,,False,,,,,missing,False,3,interactive_html,,rules,,,C011_static_and_interactive,,,qwen2.5-coder_7b,1,experiments/05_choropleth_reliability_benchmark/outputs/runs_iterative_repair/deepseek-coder_6.7b/rules/deepseek-coder_6.7b_rules_C011_static_and_interactive_iter03_20260624_233007,,0,,,,False,,,,,,missing_or_empty,False,,,,experiments/05_choropleth_reliability_benchmark/outputs/generated_code_iterative_repair/qwen2.5-coder_7b/deepseek-coder_6.7b/rules/C011_static_and_interactive_rules_iter03.py,deepseek-coder_6.7b,False,,False,
map_static.png,experiments/05_choropleth_reliability_benchmark/outputs/runs_iterative_repair/deepseek-coder_6.7b/rules/deepseek-coder_6.7b_rules_C011_static_and_interactive_iter03_20260625_000941/map_static.png,False,0,missing_or_empty;low_thematic_color;low_map_ink;low_edge_detail,False,,,,False,,,,,,,3,static_png,,rules,,,C011_static_and_interactive,missing_or_empty,False,qwen2.5-coder_14b,1,experiments/05_choropleth_reliability_benchmark/outputs/runs_iterative_repair/deepseek-coder_6.7b/rules/deepseek-coder_6.7b_rules_C011_static_and_interactive_iter03_20260625_000941,,0,,,,False,,,,,,missing_or_empty,False,,,,experiments/05_choropleth_reliability_benchmark/outputs/generated_code_iterative_repair/qwen2.5-coder_14b/deepseek-coder_6.7b/rules/C011_static_and_interactive_rules_iter03.py,deepseek-coder_6.7b,False,,,
time_series.png,experiments/05_choropleth_reliability_benchmark/outputs/runs_iterative_repair/deepseek-coder_6.7b/rules/deepseek-coder_6.7b_rules_C011_static_and_interactive_iter03_20260625_000941/time_series.png,False,0,missing_or_empty;low_plot_ink;no_visible_line;low_edge_detail,False,,,,False,,,,,,,3,time_series_png,,rules,,,C011_static_and_interactive,missing_or_empty,False,qwen2.5-coder_14b,1,experiments/05_choropleth_reliability_benchmark/outputs/runs_iterative_repair/deepseek-coder_6.7b/rules/deepseek-coder_6.7b_rules_C011_static_and_interactive_iter03_20260625_000941,,0,,,,False,,,,,,missing_or_empty,False,,,,experiments/05_choropleth_reliability_benchmark/outputs/generated_code_iterative_repair/qwen2.5-coder_14b/deepseek-coder_6.7b/rules/C011_static_and_interactive_rules_iter03.py,deepseek-coder_6.7b,False,,,
map_interactive.html,experiments/05_choropleth_reliability_benchmark/outputs/runs_iterative_repair/deepseek-coder_6.7b/rules/deepseek-coder_6.7b_rules_C011_static_and_interactive_iter03_20260625_000941/map_interactive.html,False,0,missing_or_empty;html_not_rendered;low_rendered_map_ink;low_edge_detail,False,,,,False,,,,,missing,False,3,interactive_html,,rules,,,C011_static_and_interactive,,,qwen2.5-coder_14b,1,experiments/05_choropleth_reliability_benchmark/outputs/runs_iterative_repair/deepseek-coder_6.7b/rules/deepseek-coder_6.7b_rules_C011_static_and_interactive_iter03_20260625_000941,,0,,,,False,,,,,,missing_or_empty,False,,,,experiments/05_choropleth_reliability_benchmark/outputs/generated_code_iterative_repair/qwen2.5-coder_14b/deepseek-coder_6.7b/rules/C011_static_and_interactive_rules_iter03.py,deepseek-coder_6.7b,False,,False,
map_static.png,experiments/05_choropleth_reliability_benchmark/outputs/runs_iterative_repair/deepseek-coder_6.7b/rules/deepseek-coder_6.7b_rules_C012_time_series_report_iter01_20260624_051239/map_static.png,False,0,missing_or_empty;low_thematic_color;low_map_ink;low_edge_detail,False,,,,False,,,,,,,1,static_png,,rules,,,C012_time_series_report,missing_or_empty,False,qwen2.5-coder_32b,1,experiments/05_choropleth_reliability_benchmark/outputs/runs_iterative_repair/deepseek-coder_6.7b/rules/deepseek-coder_6.7b_rules_C012_time_series_report_iter01_20260624_051239,,0,,,,False,,,,,,missing_or_empty,False,,,,experiments/05_choropleth_reliability_benchmark/outputs/generated_code_iterative_repair/qwen2.5-coder_32b/deepseek-coder_6.7b/rules/C012_time_series_report_rules_iter01.py,deepseek-coder_6.7b,False,,,
time_series.png,experiments/05_choropleth_reliability_benchmark/outputs/runs_iterative_repair/deepseek-coder_6.7b/rules/deepseek-coder_6.7b_rules_C012_time_series_report_iter01_20260624_051239/time_series.png,False,0,missing_or_empty;low_plot_ink;no_visible_line;low_edge_detail,False,,,,False,,,,,,,1,time_series_png,,rules,,,C012_time_series_report,missing_or_empty,False,qwen2.5-coder_32b,1,experiments/05_choropleth_reliability_benchmark/outputs/runs_iterative_repair/deepseek-coder_6.7b/rules/deepseek-coder_6.7b_rules_C012_time_series_report_iter01_20260624_051239,,0,,,,False,,,,,,missing_or_empty,False,,,,experiments/05_choropleth_reliability_benchmark/outputs/generated_code_iterative_repair/qwen2.5-coder_32b/deepseek-coder_6.7b/rules/C012_time_series_report_rules_iter01.py,deepseek-coder_6.7b,False,,,
map_interactive.html,experiments/05_choropleth_reliability_benchmark/outputs/runs_iterative_repair/deepseek-coder_6.7b/rules/deepseek-coder_6.7b_rules_C012_time_series_report_iter01_20260624_051239/map_interactive.html,False,0,missing_or_empty;html_not_rendered;low_rendered_map_ink;low_edge_detail,False,,,,False,,,,,missing,False,1,interactive_html,,rules,,,C012_time_series_report,,,qwen2.5-coder_32b,1,experiments/05_choropleth_reliability_benchmark/outputs/runs_iterative_repair/deepseek-coder_6.7b/rules/deepseek-coder_6.7b_rules_C012_time_series_report_iter01_20260624_051239,,0,,,,False,,,,,,missing_or_empty,False,,,,experiments/05_choropleth_reliability_benchmark/outputs/generated_code_iterative_repair/qwen2.5-coder_32b/deepseek-coder_6.7b/rules/C012_time_series_report_rules_iter01.py,deepseek-coder_6.7b,False,,False,
map_static.png,experiments/05_choropleth_reliability_benchmark/outputs/runs_iterative_repair/deepseek-coder_6.7b/rules/deepseek-coder_6.7b_rules_C012_time_series_report_iter01_20260624_232631/map_static.png,False,0,missing_or_empty;low_thematic_color;low_map_ink;low_edge_detail,False,,,,False,,,,,,,1,static_png,,rules,,,C012_time_series_report,missing_or_empty,False,qwen2.5-coder_7b,1,experiments/05_choropleth_reliability_benchmark/outputs/runs_iterative_repair/deepseek-coder_6.7b/rules/deepseek-coder_6.7b_rules_C012_time_series_report_iter01_20260624_232631,,0,,,,False,,,,,,missing_or_empty,False,,,,experiments/05_choropleth_reliability_benchmark/outputs/generated_code_iterative_repair/qwen2.5-coder_7b/deepseek-coder_6.7b/rules/C012_time_series_report_rules_iter01.py,deepseek-coder_6.7b,False,,,
time_series.png,experiments/05_choropleth_reliability_benchmark/outputs/runs_iterative_repair/deepseek-coder_6.7b/rules/deepseek-coder_6.7b_rules_C012_time_series_report_iter01_20260624_232631/time_series.png,False,0,missing_or_empty;low_plot_ink;no_visible_line;low_edge_detail,False,,,,False,,,,,,,1,time_series_png,,rules,,,C012_time_series_report,missing_or_empty,False,qwen2.5-coder_7b,1,experiments/05_choropleth_reliability_benchmark/outputs/runs_iterative_repair/deepseek-coder_6.7b/rules/deepseek-coder_6.7b_rules_C012_time_series_report_iter01_20260624_232631,,0,,,,False,,,,,,missing_or_empty,False,,,,experiments/05_choropleth_reliability_benchmark/outputs/generated_code_iterative_repair/qwen2.5-coder_7b/deepseek-coder_6.7b/rules/C012_time_series_report_rules_iter01.py,deepseek-coder_6.7b,False,,,
map_interactive.html,experiments/05_choropleth_reliability_benchmark/outputs/runs_iterative_repair/deepseek-coder_6.7b/rules/deepseek-coder_6.7b_rules_C012_time_series_report_iter01_20260624_232631/map_interactive.html,False,0,missing_or_empty;html_not_rendered;low_rendered_map_ink;low_edge_detail,False,,,,False,,,,,missing,False,1,interactive_html,,rules,,,C012_time_series_report,,,qwen2.5-coder_7b,1,experiments/05_choropleth_reliability_benchmark/outputs/runs_iterative_repair/deepseek-coder_6.7b/rules/deepseek-coder_6.7b_rules_C012_time_series_report_iter01_20260624_232631,,0,,,,False,,,,,,missing_or_empty,False,,,,experiments/05_choropleth_reliability_benchmark/outputs/generated_code_iterative_repair/qwen2.5-coder_7b/deepseek-coder_6.7b/rules/C012_time_series_report_rules_iter01.py,deepseek-coder_6.7b,False,,False,
map_static.png,experiments/05_choropleth_reliability_benchmark/outputs/runs_iterative_repair/deepseek-coder_6.7b/rules/deepseek-coder_6.7b_rules_C012_time_series_report_iter01_20260625_000307/map_static.png,False,0,missing_or_empty;low_thematic_color;low_map_ink;low_edge_detail,False,,,,False,,,,,,,1,static_png,,rules,,,C012_time_series_report,missing_or_empty,False,qwen2.5-coder_14b,1,experiments/05_choropleth_reliability_benchmark/outputs/runs_iterative_repair/deepseek-coder_6.7b/rules/deepseek-coder_6.7b_rules_C012_time_series_report_iter01_20260625_000307,,0,,,,False,,,,,,missing_or_empty,False,,,,experiments/05_choropleth_reliability_benchmark/outputs/generated_code_iterative_repair/qwen2.5-coder_14b/deepseek-coder_6.7b/rules/C012_time_series_report_rules_iter01.py,deepseek-coder_6.7b,False,,,
time_series.png,experiments/05_choropleth_reliability_benchmark/outputs/runs_iterative_repair/deepseek-coder_6.7b/rules/deepseek-coder_6.7b_rules_C012_time_series_report_iter01_20260625_000307/time_series.png,True,18090,no_visible_line,False,0.0100,255,7.045,True,,,,500,,,1,time_series_png,252.179,rules,0.9924,0.0238,C012_time_series_report,,True,qwen2.5-coder_14b,1,experiments/05_choropleth_reliability_benchmark/outputs/runs_iterative_repair/deepseek-coder_6.7b/rules/deepseek-coder_6.7b_rules_C012_time_series_report_iter01_20260625_000307,0.0000,18090,0.0100,255,7.045,True,500,252.179,0.9924,0.0238,,,True,0.0000,8,1000,experiments/05_choropleth_reliability_benchmark/outputs/generated_code_iterative_repair/qwen2.5-coder_14b/deepseek-coder_6.7b/rules/C012_time_series_report_rules_iter01.py,deepseek-coder_6.7b,False,8,,1000
map_interactive.html,experiments/05_choropleth_reliability_benchmark/outputs/runs_iterative_repair/deepseek-coder_6.7b/rules/deepseek-coder_6.7b_rules_C012_time_series_report_iter01_20260625_000307/map_interactive.html,False,0,missing_or_empty;html_not_rendered;low_rendered_map_ink;low_edge_detail,False,,,,False,,,,,missing,False,1,interactive_html,,rules,,,C012_time_series_report,,,qwen2.5-coder_14b,1,experiments/05_choropleth_reliability_benchmark/outputs/runs_iterative_repair/deepseek-coder_6.7b/rules/deepseek-coder_6.7b_rules_C012_time_series_report_iter01_20260625_000307,,0,,,,False,,,,,,missing_or_empty,False,,,,experiments/05_choropleth_reliability_benchmark/outputs/generated_code_iterative_repair/qwen2.5-coder_14b/deepseek-coder_6.7b/rules/C012_time_series_report_rules_iter01.py,deepseek-coder_6.7b,False,,False,
map_static.png,experiments/05_choropleth_reliability_benchmark/outputs/runs_iterative_repair/deepseek-coder_6.7b/rules/deepseek-coder_6.7b_rules_C012_time_series_report_iter02_20260624_051332/map_static.png,False,0,missing_or_empty;low_thematic_color;low_map_ink;low_edge_detail,False,,,,False,,,,,,,2,static_png,,rules,,,C012_time_series_report,missing_or_empty,False,qwen2.5-coder_32b,1,experiments/05_choropleth_reliability_benchmark/outputs/runs_iterative_repair/deepseek-coder_6.7b/rules/deepseek-coder_6.7b_rules_C012_time_series_report_iter02_20260624_051332,,0,,,,False,,,,,,missing_or_empty,False,,,,experiments/05_choropleth_reliability_benchmark/outputs/generated_code_iterative_repair/qwen2.5-coder_32b/deepseek-coder_6.7b/rules/C012_time_series_report_rules_iter02.py,deepseek-coder_6.7b,False,,,
time_series.png,experiments/05_choropleth_reliability_benchmark/outputs/runs_iterative_repair/deepseek-coder_6.7b/rules/deepseek-coder_6.7b_rules_C012_time_series_report_iter02_20260624_051332/time_series.png,False,0,missing_or_empty;low_plot_ink;no_visible_line;low_edge_detail,False,,,,False,,,,,,,2,time_series_png,,rules,,,C012_time_series_report,missing_or_empty,False,qwen2.5-coder_32b,1,experiments/05_choropleth_reliability_benchmark/outputs/runs_iterative_repair/deepseek-coder_6.7b/rules/deepseek-coder_6.7b_rules_C012_time_series_report_iter02_20260624_051332,,0,,,,False,,,,,,missing_or_empty,False,,,,experiments/05_choropleth_reliability_benchmark/outputs/generated_code_iterative_repair/qwen2.5-coder_32b/deepseek-coder_6.7b/rules/C012_time_series_report_rules_iter02.py,deepseek-coder_6.7b,False,,,
map_interactive.html,experiments/05_choropleth_reliability_benchmark/outputs/runs_iterative_repair/deepseek-coder_6.7b/rules/deepseek-coder_6.7b_rules_C012_time_series_report_iter02_20260624_051332/map_interactive.html,False,0,missing_or_empty;html_not_rendered;low_rendered_map_ink;low_edge_detail,False,,,,False,,,,,missing,False,2,interactive_html,,rules,,,C012_time_series_report,,,qwen2.5-coder_32b,1,experiments/05_choropleth_reliability_benchmark/outputs/runs_iterative_repair/deepseek-coder_6.7b/rules/deepseek-coder_6.7b_rules_C012_time_series_report_iter02_20260624_051332,,0,,,,False,,,,,,missing_or_empty,False,,,,experiments/05_choropleth_reliability_benchmark/outputs/generated_code_iterative_repair/qwen2.5-coder_32b/deepseek-coder_6.7b/rules/C012_time_series_report_rules_iter02.py,deepseek-coder_6.7b,False,,False,
map_static.png,experiments/05_choropleth_reliability_benchmark/outputs/runs_iterative_repair/deepseek-coder_6.7b/rules/deepseek-coder_6.7b_rules_C012_time_series_report_iter02_20260624_232648/map_static.png,False,0,missing_or_empty;low_thematic_color;low_map_ink;low_edge_detail,False,,,,False,,,,,,,2,static_png,,rules,,,C012_time_series_report,missing_or_empty,False,qwen2.5-coder_7b,1,experiments/05_choropleth_reliability_benchmark/outputs/runs_iterative_repair/deepseek-coder_6.7b/rules/deepseek-coder_6.7b_rules_C012_time_series_report_iter02_20260624_232648,,0,,,,False,,,,,,missing_or_empty,False,,,,experiments/05_choropleth_reliability_benchmark/outputs/generated_code_iterative_repair/qwen2.5-coder_7b/deepseek-coder_6.7b/rules/C012_time_series_report_rules_iter02.py,deepseek-coder_6.7b,False,,,
time_series.png,experiments/05_choropleth_reliability_benchmark/outputs/runs_iterative_repair/deepseek-coder_6.7b/rules/deepseek-coder_6.7b_rules_C012_time_series_report_iter02_20260624_232648/time_series.png,False,0,missing_or_empty;low_plot_ink;no_visible_line;low_edge_detail,False,,,,False,,,,,,,2,time_series_png,,rules,,,C012_time_series_report,missing_or_empty,False,qwen2.5-coder_7b,1,experiments/05_choropleth_reliability_benchmark/outputs/runs_iterative_repair/deepseek-coder_6.7b/rules/deepseek-coder_6.7b_rules_C012_time_series_report_iter02_20260624_232648,,0,,,,False,,,,,,missing_or_empty,False,,,,experiments/05_choropleth_reliability_benchmark/outputs/generated_code_iterative_repair/qwen2.5-coder_7b/deepseek-coder_6.7b/rules/C012_time_series_report_rules_iter02.py,deepseek-coder_6.7b,False,,,
map_interactive.html,experiments/05_choropleth_reliability_benchmark/outputs/runs_iterative_repair/deepseek-coder_6.7b/rules/deepseek-coder_6.7b_rules_C012_time_series_report_iter02_20260624_232648/map_interactive.html,False,0,missing_or_empty;html_not_rendered;low_rendered_map_ink;low_edge_detail,False,,,,False,,,,,missing,False,2,interactive_html,,rules,,,C012_time_series_report,,,qwen2.5-coder_7b,1,experiments/05_choropleth_reliability_benchmark/outputs/runs_iterative_repair/deepseek-coder_6.7b/rules/deepseek-coder_6.7b_rules_C012_time_series_report_iter02_20260624_232648,,0,,,,False,,,,,,missing_or_empty,False,,,,experiments/05_choropleth_reliability_benchmark/outputs/generated_code_iterative_repair/qwen2.5-coder_7b/deepseek-coder_6.7b/rules/C012_time_series_report_rules_iter02.py,deepseek-coder_6.7b,False,,False,
map_static.png,experiments/05_choropleth_reliability_benchmark/outputs/runs_iterative_repair/deepseek-coder_6.7b/rules/deepseek-coder_6.7b_rules_C012_time_series_report_iter02_20260625_000332/map_static.png,False,0,missing_or_empty;low_thematic_color;low_map_ink;low_edge_detail,False,,,,False,,,,,,,2,static_png,,rules,,,C012_time_series_report,missing_or_empty,False,qwen2.5-coder_14b,1,experiments/05_choropleth_reliability_benchmark/outputs/runs_iterative_repair/deepseek-coder_6.7b/rules/deepseek-coder_6.7b_rules_C012_time_series_report_iter02_20260625_000332,,0,,,,False,,,,,,missing_or_empty,False,,,,experiments/05_choropleth_reliability_benchmark/outputs/generated_code_iterative_repair/qwen2.5-coder_14b/deepseek-coder_6.7b/rules/C012_time_series_report_rules_iter02.py,deepseek-coder_6.7b,False,,,
time_series.png,experiments/05_choropleth_reliability_benchmark/outputs/runs_iterative_repair/deepseek-coder_6.7b/rules/deepseek-coder_6.7b_rules_C012_time_series_report_iter02_20260625_000332/time_series.png,True,18090,no_visible_line,False,0.0100,255,7.045,True,,,,500,,,2,time_series_png,252.179,rules,0.9924,0.0238,C012_time_series_report,,True,qwen2.5-coder_14b,1,experiments/05_choropleth_reliability_benchmark/outputs/runs_iterative_repair/deepseek-coder_6.7b/rules/deepseek-coder_6.7b_rules_C012_time_series_report_iter02_20260625_000332,0.0000,18090,0.0100,255,7.045,True,500,252.179,0.9924,0.0238,,,True,0.0000,8,1000,experiments/05_choropleth_reliability_benchmark/outputs/generated_code_iterative_repair/qwen2.5-coder_14b/deepseek-coder_6.7b/rules/C012_time_series_report_rules_iter02.py,deepseek-coder_6.7b,False,8,,1000
map_interactive.html,experiments/05_choropleth_reliability_benchmark/outputs/runs_iterative_repair/deepseek-coder_6.7b/rules/deepseek-coder_6.7b_rules_C012_time_series_report_iter02_20260625_000332/map_interactive.html,False,0,missing_or_empty;html_not_rendered;low_rendered_map_ink;low_edge_detail,False,,,,False,,,,,missing,False,2,interactive_html,,rules,,,C012_time_series_report,,,qwen2.5-coder_14b,1,experiments/05_choropleth_reliability_benchmark/outputs/runs_iterative_repair/deepseek-coder_6.7b/rules/deepseek-coder_6.7b_rules_C012_time_series_report_iter02_20260625_000332,,0,,,,False,,,,,,missing_or_empty,False,,,,experiments/05_choropleth_reliability_benchmark/outputs/generated_code_iterative_repair/qwen2.5-coder_14b/deepseek-coder_6.7b/rules/C012_time_series_report_rules_iter02.py,deepseek-coder_6.7b,False,,False,
map_static.png,experiments/05_choropleth_reliability_benchmark/outputs/runs_iterative_repair/deepseek-coder_6.7b/rules/deepseek-coder_6.7b_rules_C012_time_series_report_iter03_20260624_063011/map_static.png,False,0,missing_or_empty;low_thematic_color;low_map_ink;low_edge_detail,False,,,,False,,,,,,,3,static_png,,rules,,,C012_time_series_report,missing_or_empty,False,qwen2.5-coder_32b,0,experiments/05_choropleth_reliability_benchmark/outputs/runs_iterative_repair/deepseek-coder_6.7b/rules/deepseek-coder_6.7b_rules_C012_time_series_report_iter03_20260624_063011,,0,,,,False,,,,,,missing_or_empty,False,,,,experiments/05_choropleth_reliability_benchmark/outputs/generated_code_iterative_repair/qwen2.5-coder_32b/deepseek-coder_6.7b/rules/C012_time_series_report_rules_iter03.py,deepseek-coder_6.7b,False,,,
time_series.png,experiments/05_choropleth_reliability_benchmark/outputs/runs_iterative_repair/deepseek-coder_6.7b/rules/deepseek-coder_6.7b_rules_C012_time_series_report_iter03_20260624_063011/time_series.png,True,43290,,True,0.0122,255,10.773,True,,,,500,,,3,time_series_png,250.205,rules,0.9912,0.0413,C012_time_series_report,,True,qwen2.5-coder_32b,0,experiments/05_choropleth_reliability_benchmark/outputs/runs_iterative_repair/deepseek-coder_6.7b/rules/deepseek-coder_6.7b_rules_C012_time_series_report_iter03_20260624_063011,0.0112,43290,0.0122,255,10.773,True,500,250.205,0.9912,0.0413,,,True,0.0112,21,1000,experiments/05_choropleth_reliability_benchmark/outputs/generated_code_iterative_repair/qwen2.5-coder_32b/deepseek-coder_6.7b/rules/C012_time_series_report_rules_iter03.py,deepseek-coder_6.7b,False,21,,1000
map_interactive.html,experiments/05_choropleth_reliability_benchmark/outputs/runs_iterative_repair/deepseek-coder_6.7b/rules/deepseek-coder_6.7b_rules_C012_time_series_report_iter03_20260624_063011/map_interactive.html,False,0,missing_or_empty;html_not_rendered;low_rendered_map_ink;low_edge_detail,False,,,,False,,,,,missing,False,3,interactive_html,,rules,,,C012_time_series_report,,,qwen2.5-coder_32b,0,experiments/05_choropleth_reliability_benchmark/outputs/runs_iterative_repair/deepseek-coder_6.7b/rules/deepseek-coder_6.7b_rules_C012_time_series_report_iter03_20260624_063011,,0,,,,False,,,,,,missing_or_empty,False,,,,experiments/05_choropleth_reliability_benchmark/outputs/generated_code_iterative_repair/qwen2.5-coder_32b/deepseek-coder_6.7b/rules/C012_time_series_report_rules_iter03.py,deepseek-coder_6.7b,False,,False,
map_static.png,experiments/05_choropleth_reliability_benchmark/outputs/runs_iterative_repair/deepseek-coder_6.7b/rules/deepseek-coder_6.7b_rules_C012_time_series_report_iter03_20260624_232704/map_static.png,False,0,missing_or_empty;low_thematic_color;low_map_ink;low_edge_detail,False,,,,False,,,,,,,3,static_png,,rules,,,C012_time_series_report,missing_or_empty,False,qwen2.5-coder_7b,1,experiments/05_choropleth_reliability_benchmark/outputs/runs_iterative_repair/deepseek-coder_6.7b/rules/deepseek-coder_6.7b_rules_C012_time_series_report_iter03_20260624_232704,,0,,,,False,,,,,,missing_or_empty,False,,,,experiments/05_choropleth_reliability_benchmark/outputs/generated_code_iterative_repair/qwen2.5-coder_7b/deepseek-coder_6.7b/rules/C012_time_series_report_rules_iter03.py,deepseek-coder_6.7b,False,,,
time_series.png,experiments/05_choropleth_reliability_benchmark/outputs/runs_iterative_repair/deepseek-coder_6.7b/rules/deepseek-coder_6.7b_rules_C012_time_series_report_iter03_20260624_232704/time_series.png,False,0,missing_or_empty;low_plot_ink;no_visible_line;low_edge_detail,False,,,,False,,,,,,,3,time_series_png,,rules,,,C012_time_series_report,missing_or_empty,False,qwen2.5-coder_7b,1,experiments/05_choropleth_reliability_benchmark/outputs/runs_iterative_repair/deepseek-coder_6.7b/rules/deepseek-coder_6.7b_rules_C012_time_series_report_iter03_20260624_232704,,0,,,,False,,,,,,missing_or_empty,False,,,,experiments/05_choropleth_reliability_benchmark/outputs/generated_code_iterative_repair/qwen2.5-coder_7b/deepseek-coder_6.7b/rules/C012_time_series_report_rules_iter03.py,deepseek-coder_6.7b,False,,,
map_interactive.html,experiments/05_choropleth_reliability_benchmark/outputs/runs_iterative_repair/deepseek-coder_6.7b/rules/deepseek-coder_6.7b_rules_C012_time_series_report_iter03_20260624_232704/map_interactive.html,False,0,missing_or_empty;html_not_rendered;low_rendered_map_ink;low_edge_detail,False,,,,False,,,,,missing,False,3,interactive_html,,rules,,,C012_time_series_report,,,qwen2.5-coder_7b,1,experiments/05_choropleth_reliability_benchmark/outputs/runs_iterative_repair/deepseek-coder_6.7b/rules/deepseek-coder_6.7b_rules_C012_time_series_report_iter03_20260624_232704,,0,,,,False,,,,,,missing_or_empty,False,,,,experiments/05_choropleth_reliability_benchmark/outputs/generated_code_iterative_repair/qwen2.5-coder_7b/deepseek-coder_6.7b/rules/C012_time_series_report_rules_iter03.py,deepseek-coder_6.7b,False,,False,
map_static.png,experiments/05_choropleth_reliability_benchmark/outputs/runs_iterative_repair/deepseek-coder_6.7b/rules/deepseek-coder_6.7b_rules_C012_time_series_report_iter03_20260625_000359/map_static.png,False,0,missing_or_empty;low_thematic_color;low_map_ink;low_edge_detail,False,,,,False,,,,,,,3,static_png,,rules,,,C012_time_series_report,missing_or_empty,False,qwen2.5-coder_14b,0,experiments/05_choropleth_reliability_benchmark/outputs/runs_iterative_repair/deepseek-coder_6.7b/rules/deepseek-coder_6.7b_rules_C012_time_series_report_iter03_20260625_000359,,0,,,,False,,,,,,missing_or_empty,False,,,,experiments/05_choropleth_reliability_benchmark/outputs/generated_code_iterative_repair/qwen2.5-coder_14b/deepseek-coder_6.7b/rules/C012_time_series_report_rules_iter03.py,deepseek-coder_6.7b,False,,,
time_series.png,experiments/05_choropleth_reliability_benchmark/outputs/runs_iterative_repair/deepseek-coder_6.7b/rules/deepseek-coder_6.7b_rules_C012_time_series_report_iter03_20260625_000359/time_series.png,True,18090,no_visible_line,False,0.0100,255,7.045,True,,,,500,,,3,time_series_png,252.179,rules,0.9924,0.0238,C012_time_series_report,,True,qwen2.5-coder_14b,0,experiments/05_choropleth_reliability_benchmark/outputs/runs_iterative_repair/deepseek-coder_6.7b/rules/deepseek-coder_6.7b_rules_C012_time_series_report_iter03_20260625_000359,0.0000,18090,0.0100,255,7.045,True,500,252.179,0.9924,0.0238,,,True,0.0000,8,1000,experiments/05_choropleth_reliability_benchmark/outputs/generated_code_iterative_repair/qwen2.5-coder_14b/deepseek-coder_6.7b/rules/C012_time_series_report_rules_iter03.py,deepseek-coder_6.7b,False,8,,1000
map_interactive.html,experiments/05_choropleth_reliability_benchmark/outputs/runs_iterative_repair/deepseek-coder_6.7b/rules/deepseek-coder_6.7b_rules_C012_time_series_report_iter03_20260625_000359/map_interactive.html,False,0,missing_or_empty;html_not_rendered;low_rendered_map_ink;low_edge_detail,False,,,,False,,,,,missing,False,3,interactive_html,,rules,,,C012_time_series_report,,,qwen2.5-coder_14b,0,experiments/05_choropleth_reliability_benchmark/outputs/runs_iterative_repair/deepseek-coder_6.7b/rules/deepseek-coder_6.7b_rules_C012_time_series_report_iter03_20260625_000359,,0,,,,False,,,,,,missing_or_empty,False,,,,experiments/05_choropleth_reliability_benchmark/outputs/generated_code_iterative_repair/qwen2.5-coder_14b/deepseek-coder_6.7b/rules/C012_time_series_report_rules_iter03.py,deepseek-coder_6.7b,False,,False,
map_static.png,experiments/05_choropleth_reliability_benchmark/outputs/runs_iterative_repair/qwen2.5-coder_7b/basic/qwen2.5-coder_7b_basic_C001_static_burned_area_iter01_20260624_044643/map_static.png,True,50521,,True,0.0062,255,5.361,True,,,,800,,,1,static_png,244.955,basic,0.9949,0.1024,C001_static_burned_area,,True,qwen2.5-coder_32b,1,experiments/05_choropleth_reliability_benchmark/outputs/runs_iterative_repair/qwen2.5-coder_7b/basic/qwen2.5-coder_7b_basic_C001_static_burned_area_iter01_20260624_044643,0.0277,50521,0.0062,255,5.361,True,800,244.955,0.9949,0.1024,,,True,0.0277,39,1000,experiments/05_choropleth_reliability_benchmark/outputs/generated_code_iterative_repair/qwen2.5-coder_32b/qwen2.5-coder_7b/basic/C001_static_burned_area_basic_iter01.py,qwen2.5-coder_7b,False,39,,1000
time_series.png,experiments/05_choropleth_reliability_benchmark/outputs/runs_iterative_repair/qwen2.5-coder_7b/basic/qwen2.5-coder_7b_basic_C001_static_burned_area_iter01_20260624_044643/time_series.png,False,0,missing_or_empty;low_plot_ink;no_visible_line;low_edge_detail,False,,,,False,,,,,,,1,time_series_png,,basic,,,C001_static_burned_area,missing_or_empty,False,qwen2.5-coder_32b,1,experiments/05_choropleth_reliability_benchmark/outputs/runs_iterative_repair/qwen2.5-coder_7b/basic/qwen2.5-coder_7b_basic_C001_static_burned_area_iter01_20260624_044643,,0,,,,False,,,,,,missing_or_empty,False,,,,experiments/05_choropleth_reliability_benchmark/outputs/generated_code_iterative_repair/qwen2.5-coder_32b/qwen2.5-coder_7b/basic/C001_static_burned_area_basic_iter01.py,qwen2.5-coder_7b,False,,,
map_interactive.html,experiments/05_choropleth_reliability_benchmark/outputs/runs_iterative_repair/qwen2.5-coder_7b/basic/qwen2.5-coder_7b_basic_C001_static_burned_area_iter01_20260624_044643/map_interactive.html,False,0,missing_or_empty;html_not_rendered;low_rendered_map_ink;low_edge_detail,False,,,,False,,,,,missing,False,1,interactive_html,,basic,,,C001_static_burned_area,,,qwen2.5-coder_32b,1,experiments/05_choropleth_reliability_benchmark/outputs/runs_iterative_repair/qwen2.5-coder_7b/basic/qwen2.5-coder_7b_basic_C001_static_burned_area_iter01_20260624_044643,,0,,,,False,,,,,,missing_or_empty,False,,,,experiments/05_choropleth_reliability_benchmark/outputs/generated_code_iterative_repair/qwen2.5-coder_32b/qwen2.5-coder_7b/basic/C001_static_burned_area_basic_iter01.py,qwen2.5-coder_7b,False,,False,
map_static.png,experiments/05_choropleth_reliability_benchmark/outputs/runs_iterative_repair/qwen2.5-coder_7b/basic/qwen2.5-coder_7b_basic_C001_static_burned_area_iter01_20260624_231727/map_static.png,False,0,missing_or_empty;low_thematic_color;low_map_ink;low_edge_detail,False,,,,False,,,,,,,1,static_png,,basic,,,C001_static_burned_area,missing_or_empty,False,qwen2.5-coder_7b,1,experiments/05_choropleth_reliability_benchmark/outputs/runs_iterative_repair/qwen2.5-coder_7b/basic/qwen2.5-coder_7b_basic_C001_static_burned_area_iter01_20260624_231727,,0,,,,False,,,,,,missing_or_empty,False,,,,experiments/05_choropleth_reliability_benchmark/outputs/generated_code_iterative_repair/qwen2.5-coder_7b/qwen2.5-coder_7b/basic/C001_static_burned_area_basic_iter01.py,qwen2.5-coder_7b,False,,,
time_series.png,experiments/05_choropleth_reliability_benchmark/outputs/runs_iterative_repair/qwen2.5-coder_7b/basic/qwen2.5-coder_7b_basic_C001_static_burned_area_iter01_20260624_231727/time_series.png,False,0,missing_or_empty;low_plot_ink;no_visible_line;low_edge_detail,False,,,,False,,,,,,,1,time_series_png,,basic,,,C001_static_burned_area,missing_or_empty,False,qwen2.5-coder_7b,1,experiments/05_choropleth_reliability_benchmark/outputs/runs_iterative_repair/qwen2.5-coder_7b/basic/qwen2.5-coder_7b_basic_C001_static_burned_area_iter01_20260624_231727,,0,,,,False,,,,,,missing_or_empty,False,,,,experiments/05_choropleth_reliability_benchmark/outputs/generated_code_iterative_repair/qwen2.5-coder_7b/qwen2.5-coder_7b/basic/C001_static_burned_area_basic_iter01.py,qwen2.5-coder_7b,False,,,
map_interactive.html,experiments/05_choropleth_reliability_benchmark/outputs/runs_iterative_repair/qwen2.5-coder_7b/basic/qwen2.5-coder_7b_basic_C001_static_burned_area_iter01_20260624_231727/map_interactive.html,False,0,missing_or_empty;html_not_rendered;low_rendered_map_ink;low_edge_detail,False,,,,False,,,,,missing,False,1,interactive_html,,basic,,,C001_static_burned_area,,,qwen2.5-coder_7b,1,experiments/05_choropleth_reliability_benchmark/outputs/runs_iterative_repair/qwen2.5-coder_7b/basic/qwen2.5-coder_7b_basic_C001_static_burned_area_iter01_20260624_231727,,0,,,,False,,,,,,missing_or_empty,False,,,,experiments/05_choropleth_reliability_benchmark/outputs/generated_code_iterative_repair/qwen2.5-coder_7b/qwen2.5-coder_7b/basic/C001_static_burned_area_basic_iter01.py,qwen2.5-coder_7b,False,,False,
map_static.png,experiments/05_choropleth_reliability_benchmark/outputs/runs_iterative_repair/qwen2.5-coder_7b/basic/qwen2.5-coder_7b_basic_C001_static_burned_area_iter01_20260624_234859/map_static.png,False,0,missing_or_empty;low_thematic_color;low_map_ink;low_edge_detail,False,,,,False,,,,,,,1,static_png,,basic,,,C001_static_burned_area,missing_or_empty,False,qwen2.5-coder_14b,1,experiments/05_choropleth_reliability_benchmark/outputs/runs_iterative_repair/qwen2.5-coder_7b/basic/qwen2.5-coder_7b_basic_C001_static_burned_area_iter01_20260624_234859,,0,,,,False,,,,,,missing_or_empty,False,,,,experiments/05_choropleth_reliability_benchmark/outputs/generated_code_iterative_repair/qwen2.5-coder_14b/qwen2.5-coder_7b/basic/C001_static_burned_area_basic_iter01.py,qwen2.5-coder_7b,False,,,
time_series.png,experiments/05_choropleth_reliability_benchmark/outputs/runs_iterative_repair/qwen2.5-coder_7b/basic/qwen2.5-coder_7b_basic_C001_static_burned_area_iter01_20260624_234859/time_series.png,False,0,missing_or_empty;low_plot_ink;no_visible_line;low_edge_detail,False,,,,False,,,,,,,1,time_series_png,,basic,,,C001_static_burned_area,missing_or_empty,False,qwen2.5-coder_14b,1,experiments/05_choropleth_reliability_benchmark/outputs/runs_iterative_repair/qwen2.5-coder_7b/basic/qwen2.5-coder_7b_basic_C001_static_burned_area_iter01_20260624_234859,,0,,,,False,,,,,,missing_or_empty,False,,,,experiments/05_choropleth_reliability_benchmark/outputs/generated_code_iterative_repair/qwen2.5-coder_14b/qwen2.5-coder_7b/basic/C001_static_burned_area_basic_iter01.py,qwen2.5-coder_7b,False,,,
map_interactive.html,experiments/05_choropleth_reliability_benchmark/outputs/runs_iterative_repair/qwen2.5-coder_7b/basic/qwen2.5-coder_7b_basic_C001_static_burned_area_iter01_20260624_234859/map_interactive.html,False,0,missing_or_empty;html_not_rendered;low_rendered_map_ink;low_edge_detail,False,,,,False,,,,,missing,False,1,interactive_html,,basic,,,C001_static_burned_area,,,qwen2.5-coder_14b,1,experiments/05_choropleth_reliability_benchmark/outputs/runs_iterative_repair/qwen2.5-coder_7b/basic/qwen2.5-coder_7b_basic_C001_static_burned_area_iter01_20260624_234859,,0,,,,False,,,,,,missing_or_empty,False,,,,experiments/05_choropleth_reliability_benchmark/outputs/generated_code_iterative_repair/qwen2.5-coder_14b/qwen2.5-coder_7b/basic/C001_static_burned_area_basic_iter01.py,qwen2.5-coder_7b,False,,False,
map_static.png,experiments/05_choropleth_reliability_benchmark/outputs/runs_iterative_repair/qwen2.5-coder_7b/basic/qwen2.5-coder_7b_basic_C001_static_burned_area_iter01_20260625_002005/map_static.png,False,0,missing_or_empty;low_thematic_color;low_map_ink;low_edge_detail,False,,,,False,,,,,,,1,static_png,,basic,,,C001_static_burned_area,missing_or_empty,False,deepseek-coder_6.7b,1,experiments/05_choropleth_reliability_benchmark/outputs/runs_iterative_repair/qwen2.5-coder_7b/basic/qwen2.5-coder_7b_basic_C001_static_burned_area_iter01_20260625_002005,,0,,,,False,,,,,,missing_or_empty,False,,,,experiments/05_choropleth_reliability_benchmark/outputs/generated_code_iterative_repair/deepseek-coder_6.7b/qwen2.5-coder_7b/basic/C001_static_burned_area_basic_iter01.py,qwen2.5-coder_7b,False,,,
time_series.png,experiments/05_choropleth_reliability_benchmark/outputs/runs_iterative_repair/qwen2.5-coder_7b/basic/qwen2.5-coder_7b_basic_C001_static_burned_area_iter01_20260625_002005/time_series.png,False,0,missing_or_empty;low_plot_ink;no_visible_line;low_edge_detail,False,,,,False,,,,,,,1,time_series_png,,basic,,,C001_static_burned_area,missing_or_empty,False,deepseek-coder_6.7b,1,experiments/05_choropleth_reliability_benchmark/outputs/runs_iterative_repair/qwen2.5-coder_7b/basic/qwen2.5-coder_7b_basic_C001_static_burned_area_iter01_20260625_002005,,0,,,,False,,,,,,missing_or_empty,False,,,,experiments/05_choropleth_reliability_benchmark/outputs/generated_code_iterative_repair/deepseek-coder_6.7b/qwen2.5-coder_7b/basic/C001_static_burned_area_basic_iter01.py,qwen2.5-coder_7b,False,,,
map_interactive.html,experiments/05_choropleth_reliability_benchmark/outputs/runs_iterative_repair/qwen2.5-coder_7b/basic/qwen2.5-coder_7b_basic_C001_static_burned_area_iter01_20260625_002005/map_interactive.html,False,0,missing_or_empty;html_not_rendered;low_rendered_map_ink;low_edge_detail,False,,,,False,,,,,missing,False,1,interactive_html,,basic,,,C001_static_burned_area,,,deepseek-coder_6.7b,1,experiments/05_choropleth_reliability_benchmark/outputs/runs_iterative_repair/qwen2.5-coder_7b/basic/qwen2.5-coder_7b_basic_C001_static_burned_area_iter01_20260625_002005,,0,,,,False,,,,,,missing_or_empty,False,,,,experiments/05_choropleth_reliability_benchmark/outputs/generated_code_iterative_repair/deepseek-coder_6.7b/qwen2.5-coder_7b/basic/C001_static_burned_area_basic_iter01.py,qwen2.5-coder_7b,False,,False,
map_static.png,experiments/05_choropleth_reliability_benchmark/outputs/runs_iterative_repair/qwen2.5-coder_7b/basic/qwen2.5-coder_7b_basic_C001_static_burned_area_iter02_20260624_044729/map_static.png,True,50521,,True,0.0062,255,5.361,True,,,,800,,,2,static_png,244.955,basic,0.9949,0.1024,C001_static_burned_area,,True,qwen2.5-coder_32b,0,experiments/05_choropleth_reliability_benchmark/outputs/runs_iterative_repair/qwen2.5-coder_7b/basic/qwen2.5-coder_7b_basic_C001_static_burned_area_iter02_20260624_044729,0.0277,50521,0.0062,255,5.361,True,800,244.955,0.9949,0.1024,,,True,0.0277,39,1000,experiments/05_choropleth_reliability_benchmark/outputs/generated_code_iterative_repair/qwen2.5-coder_32b/qwen2.5-coder_7b/basic/C001_static_burned_area_basic_iter02.py,qwen2.5-coder_7b,False,39,,1000
time_series.png,experiments/05_choropleth_reliability_benchmark/outputs/runs_iterative_repair/qwen2.5-coder_7b/basic/qwen2.5-coder_7b_basic_C001_static_burned_area_iter02_20260624_044729/time_series.png,False,0,missing_or_empty;low_plot_ink;no_visible_line;low_edge_detail,False,,,,False,,,,,,,2,time_series_png,,basic,,,C001_static_burned_area,missing_or_empty,False,qwen2.5-coder_32b,0,experiments/05_choropleth_reliability_benchmark/outputs/runs_iterative_repair/qwen2.5-coder_7b/basic/qwen2.5-coder_7b_basic_C001_static_burned_area_iter02_20260624_044729,,0,,,,False,,,,,,missing_or_empty,False,,,,experiments/05_choropleth_reliability_benchmark/outputs/generated_code_iterative_repair/qwen2.5-coder_32b/qwen2.5-coder_7b/basic/C001_static_burned_area_basic_iter02.py,qwen2.5-coder_7b,False,,,
map_interactive.html,experiments/05_choropleth_reliability_benchmark/outputs/runs_iterative_repair/qwen2.5-coder_7b/basic/qwen2.5-coder_7b_basic_C001_static_burned_area_iter02_20260624_044729/map_interactive.html,False,0,missing_or_empty;html_not_rendered;low_rendered_map_ink;low_edge_detail,False,,,,False,,,,,missing,False,2,interactive_html,,basic,,,C001_static_burned_area,,,qwen2.5-coder_32b,0,experiments/05_choropleth_reliability_benchmark/outputs/runs_iterative_repair/qwen2.5-coder_7b/basic/qwen2.5-coder_7b_basic_C001_static_burned_area_iter02_20260624_044729,,0,,,,False,,,,,,missing_or_empty,False,,,,experiments/05_choropleth_reliability_benchmark/outputs/generated_code_iterative_repair/qwen2.5-coder_32b/qwen2.5-coder_7b/basic/C001_static_burned_area_basic_iter02.py,qwen2.5-coder_7b,False,,False,
map_static.png,experiments/05_choropleth_reliability_benchmark/outputs/runs_iterative_repair/qwen2.5-coder_7b/basic/qwen2.5-coder_7b_basic_C001_static_burned_area_iter02_20260624_231741/map_static.png,False,0,missing_or_empty;low_thematic_color;low_map_ink;low_edge_detail,False,,,,False,,,,,,,2,static_png,,basic,,,C001_static_burned_area,missing_or_empty,False,qwen2.5-coder_7b,1,experiments/05_choropleth_reliability_benchmark/outputs/runs_iterative_repair/qwen2.5-coder_7b/basic/qwen2.5-coder_7b_basic_C001_static_burned_area_iter02_20260624_231741,,0,,,,False,,,,,,missing_or_empty,False,,,,experiments/05_choropleth_reliability_benchmark/outputs/generated_code_iterative_repair/qwen2.5-coder_7b/qwen2.5-coder_7b/basic/C001_static_burned_area_basic_iter02.py,qwen2.5-coder_7b,False,,,
time_series.png,experiments/05_choropleth_reliability_benchmark/outputs/runs_iterative_repair/qwen2.5-coder_7b/basic/qwen2.5-coder_7b_basic_C001_static_burned_area_iter02_20260624_231741/time_series.png,False,0,missing_or_empty;low_plot_ink;no_visible_line;low_edge_detail,False,,,,False,,,,,,,2,time_series_png,,basic,,,C001_static_burned_area,missing_or_empty,False,qwen2.5-coder_7b,1,experiments/05_choropleth_reliability_benchmark/outputs/runs_iterative_repair/qwen2.5-coder_7b/basic/qwen2.5-coder_7b_basic_C001_static_burned_area_iter02_20260624_231741,,0,,,,False,,,,,,missing_or_empty,False,,,,experiments/05_choropleth_reliability_benchmark/outputs/generated_code_iterative_repair/qwen2.5-coder_7b/qwen2.5-coder_7b/basic/C001_static_burned_area_basic_iter02.py,qwen2.5-coder_7b,False,,,
map_interactive.html,experiments/05_choropleth_reliability_benchmark/outputs/runs_iterative_repair/qwen2.5-coder_7b/basic/qwen2.5-coder_7b_basic_C001_static_burned_area_iter02_20260624_231741/map_interactive.html,False,0,missing_or_empty;html_not_rendered;low_rendered_map_ink;low_edge_detail,False,,,,False,,,,,missing,False,2,interactive_html,,basic,,,C001_static_burned_area,,,qwen2.5-coder_7b,1,experiments/05_choropleth_reliability_benchmark/outputs/runs_iterative_repair/qwen2.5-coder_7b/basic/qwen2.5-coder_7b_basic_C001_static_burned_area_iter02_20260624_231741,,0,,,,False,,,,,,missing_or_empty,False,,,,experiments/05_choropleth_reliability_benchmark/outputs/generated_code_iterative_repair/qwen2.5-coder_7b/qwen2.5-coder_7b/basic/C001_static_burned_area_basic_iter02.py,qwen2.5-coder_7b,False,,False,
map_static.png,experiments/05_choropleth_reliability_benchmark/outputs/runs_iterative_repair/qwen2.5-coder_7b/basic/qwen2.5-coder_7b_basic_C001_static_burned_area_iter02_20260624_234925/map_static.png,False,0,missing_or_empty;low_thematic_color;low_map_ink;low_edge_detail,False,,,,False,,,,,,,2,static_png,,basic,,,C001_static_burned_area,missing_or_empty,False,qwen2.5-coder_14b,1,experiments/05_choropleth_reliability_benchmark/outputs/runs_iterative_repair/qwen2.5-coder_7b/basic/qwen2.5-coder_7b_basic_C001_static_burned_area_iter02_20260624_234925,,0,,,,False,,,,,,missing_or_empty,False,,,,experiments/05_choropleth_reliability_benchmark/outputs/generated_code_iterative_repair/qwen2.5-coder_14b/qwen2.5-coder_7b/basic/C001_static_burned_area_basic_iter02.py,qwen2.5-coder_7b,False,,,
time_series.png,experiments/05_choropleth_reliability_benchmark/outputs/runs_iterative_repair/qwen2.5-coder_7b/basic/qwen2.5-coder_7b_basic_C001_static_burned_area_iter02_20260624_234925/time_series.png,False,0,missing_or_empty;low_plot_ink;no_visible_line;low_edge_detail,False,,,,False,,,,,,,2,time_series_png,,basic,,,C001_static_burned_area,missing_or_empty,False,qwen2.5-coder_14b,1,experiments/05_choropleth_reliability_benchmark/outputs/runs_iterative_repair/qwen2.5-coder_7b/basic/qwen2.5-coder_7b_basic_C001_static_burned_area_iter02_20260624_234925,,0,,,,False,,,,,,missing_or_empty,False,,,,experiments/05_choropleth_reliability_benchmark/outputs/generated_code_iterative_repair/qwen2.5-coder_14b/qwen2.5-coder_7b/basic/C001_static_burned_area_basic_iter02.py,qwen2.5-coder_7b,False,,,
map_interactive.html,experiments/05_choropleth_reliability_benchmark/outputs/runs_iterative_repair/qwen2.5-coder_7b/basic/qwen2.5-coder_7b_basic_C001_static_burned_area_iter02_20260624_234925/map_interactive.html,False,0,missing_or_empty;html_not_rendered;low_rendered_map_ink;low_edge_detail,False,,,,False,,,,,missing,False,2,interactive_html,,basic,,,C001_static_burned_area,,,qwen2.5-coder_14b,1,experiments/05_choropleth_reliability_benchmark/outputs/runs_iterative_repair/qwen2.5-coder_7b/basic/qwen2.5-coder_7b_basic_C001_static_burned_area_iter02_20260624_234925,,0,,,,False,,,,,,missing_or_empty,False,,,,experiments/05_choropleth_reliability_benchmark/outputs/generated_code_iterative_repair/qwen2.5-coder_14b/qwen2.5-coder_7b/basic/C001_static_burned_area_basic_iter02.py,qwen2.5-coder_7b,False,,False,
map_static.png,experiments/05_choropleth_reliability_benchmark/outputs/runs_iterative_repair/qwen2.5-coder_7b/basic/qwen2.5-coder_7b_basic_C001_static_burned_area_iter03_20260624_231755/map_static.png,False,0,missing_or_empty;low_thematic_color;low_map_ink;low_edge_detail,False,,,,False,,,,,,,3,static_png,,basic,,,C001_static_burned_area,missing_or_empty,False,qwen2.5-coder_7b,1,experiments/05_choropleth_reliability_benchmark/outputs/runs_iterative_repair/qwen2.5-coder_7b/basic/qwen2.5-coder_7b_basic_C001_static_burned_area_iter03_20260624_231755,,0,,,,False,,,,,,missing_or_empty,False,,,,experiments/05_choropleth_reliability_benchmark/outputs/generated_code_iterative_repair/qwen2.5-coder_7b/qwen2.5-coder_7b/basic/C001_static_burned_area_basic_iter03.py,qwen2.5-coder_7b,False,,,
time_series.png,experiments/05_choropleth_reliability_benchmark/outputs/runs_iterative_repair/qwen2.5-coder_7b/basic/qwen2.5-coder_7b_basic_C001_static_burned_area_iter03_20260624_231755/time_series.png,False,0,missing_or_empty;low_plot_ink;no_visible_line;low_edge_detail,False,,,,False,,,,,,,3,time_series_png,,basic,,,C001_static_burned_area,missing_or_empty,False,qwen2.5-coder_7b,1,experiments/05_choropleth_reliability_benchmark/outputs/runs_iterative_repair/qwen2.5-coder_7b/basic/qwen2.5-coder_7b_basic_C001_static_burned_area_iter03_20260624_231755,,0,,,,False,,,,,,missing_or_empty,False,,,,experiments/05_choropleth_reliability_benchmark/outputs/generated_code_iterative_repair/qwen2.5-coder_7b/qwen2.5-coder_7b/basic/C001_static_burned_area_basic_iter03.py,qwen2.5-coder_7b,False,,,
map_interactive.html,experiments/05_choropleth_reliability_benchmark/outputs/runs_iterative_repair/qwen2.5-coder_7b/basic/qwen2.5-coder_7b_basic_C001_static_burned_area_iter03_20260624_231755/map_interactive.html,False,0,missing_or_empty;html_not_rendered;low_rendered_map_ink;low_edge_detail,False,,,,False,,,,,missing,False,3,interactive_html,,basic,,,C001_static_burned_area,,,qwen2.5-coder_7b,1,experiments/05_choropleth_reliability_benchmark/outputs/runs_iterative_repair/qwen2.5-coder_7b/basic/qwen2.5-coder_7b_basic_C001_static_burned_area_iter03_20260624_231755,,0,,,,False,,,,,,missing_or_empty,False,,,,experiments/05_choropleth_reliability_benchmark/outputs/generated_code_iterative_repair/qwen2.5-coder_7b/qwen2.5-coder_7b/basic/C001_static_burned_area_basic_iter03.py,qwen2.5-coder_7b,False,,False,
map_static.png,experiments/05_choropleth_reliability_benchmark/outputs/runs_iterative_repair/qwen2.5-coder_7b/basic/qwen2.5-coder_7b_basic_C001_static_burned_area_iter03_20260624_234948/map_static.png,False,0,missing_or_empty;low_thematic_color;low_map_ink;low_edge_detail,False,,,,False,,,,,,,3,static_png,,basic,,,C001_static_burned_area,missing_or_empty,False,qwen2.5-coder_14b,1,experiments/05_choropleth_reliability_benchmark/outputs/runs_iterative_repair/qwen2.5-coder_7b/basic/qwen2.5-coder_7b_basic_C001_static_burned_area_iter03_20260624_234948,,0,,,,False,,,,,,missing_or_empty,False,,,,experiments/05_choropleth_reliability_benchmark/outputs/generated_code_iterative_repair/qwen2.5-coder_14b/qwen2.5-coder_7b/basic/C001_static_burned_area_basic_iter03.py,qwen2.5-coder_7b,False,,,
time_series.png,experiments/05_choropleth_reliability_benchmark/outputs/runs_iterative_repair/qwen2.5-coder_7b/basic/qwen2.5-coder_7b_basic_C001_static_burned_area_iter03_20260624_234948/time_series.png,False,0,missing_or_empty;low_plot_ink;no_visible_line;low_edge_detail,False,,,,False,,,,,,,3,time_series_png,,basic,,,C001_static_burned_area,missing_or_empty,False,qwen2.5-coder_14b,1,experiments/05_choropleth_reliability_benchmark/outputs/runs_iterative_repair/qwen2.5-coder_7b/basic/qwen2.5-coder_7b_basic_C001_static_burned_area_iter03_20260624_234948,,0,,,,False,,,,,,missing_or_empty,False,,,,experiments/05_choropleth_reliability_benchmark/outputs/generated_code_iterative_repair/qwen2.5-coder_14b/qwen2.5-coder_7b/basic/C001_static_burned_area_basic_iter03.py,qwen2.5-coder_7b,False,,,
map_interactive.html,experiments/05_choropleth_reliability_benchmark/outputs/runs_iterative_repair/qwen2.5-coder_7b/basic/qwen2.5-coder_7b_basic_C001_static_burned_area_iter03_20260624_234948/map_interactive.html,False,0,missing_or_empty;html_not_rendered;low_rendered_map_ink;low_edge_detail,False,,,,False,,,,,missing,False,3,interactive_html,,basic,,,C001_static_burned_area,,,qwen2.5-coder_14b,1,experiments/05_choropleth_reliability_benchmark/outputs/runs_iterative_repair/qwen2.5-coder_7b/basic/qwen2.5-coder_7b_basic_C001_static_burned_area_iter03_20260624_234948,,0,,,,False,,,,,,missing_or_empty,False,,,,experiments/05_choropleth_reliability_benchmark/outputs/generated_code_iterative_repair/qwen2.5-coder_14b/qwen2.5-coder_7b/basic/C001_static_burned_area_basic_iter03.py,qwen2.5-coder_7b,False,,False,
map_static.png,experiments/05_choropleth_reliability_benchmark/outputs/runs_iterative_repair/qwen2.5-coder_7b/basic/qwen2.5-coder_7b_basic_C003_static_full_layout_iter01_20260624_044808/map_static.png,False,0,missing_or_empty;low_thematic_color;low_map_ink;low_edge_detail,False,,,,False,,,,,,,1,static_png,,basic,,,C003_static_full_layout,missing_or_empty,False,qwen2.5-coder_32b,1,experiments/05_choropleth_reliability_benchmark/outputs/runs_iterative_repair/qwen2.5-coder_7b/basic/qwen2.5-coder_7b_basic_C003_static_full_layout_iter01_20260624_044808,,0,,,,False,,,,,,missing_or_empty,False,,,,experiments/05_choropleth_reliability_benchmark/outputs/generated_code_iterative_repair/qwen2.5-coder_32b/qwen2.5-coder_7b/basic/C003_static_full_layout_basic_iter01.py,qwen2.5-coder_7b,False,,,
time_series.png,experiments/05_choropleth_reliability_benchmark/outputs/runs_iterative_repair/qwen2.5-coder_7b/basic/qwen2.5-coder_7b_basic_C003_static_full_layout_iter01_20260624_044808/time_series.png,False,0,missing_or_empty;low_plot_ink;no_visible_line;low_edge_detail,False,,,,False,,,,,,,1,time_series_png,,basic,,,C003_static_full_layout,missing_or_empty,False,qwen2.5-coder_32b,1,experiments/05_choropleth_reliability_benchmark/outputs/runs_iterative_repair/qwen2.5-coder_7b/basic/qwen2.5-coder_7b_basic_C003_static_full_layout_iter01_20260624_044808,,0,,,,False,,,,,,missing_or_empty,False,,,,experiments/05_choropleth_reliability_benchmark/outputs/generated_code_iterative_repair/qwen2.5-coder_32b/qwen2.5-coder_7b/basic/C003_static_full_layout_basic_iter01.py,qwen2.5-coder_7b,False,,,
map_interactive.html,experiments/05_choropleth_reliability_benchmark/outputs/runs_iterative_repair/qwen2.5-coder_7b/basic/qwen2.5-coder_7b_basic_C003_static_full_layout_iter01_20260624_044808/map_interactive.html,False,0,missing_or_empty;html_not_rendered;low_rendered_map_ink;low_edge_detail,False,,,,False,,,,,missing,False,1,interactive_html,,basic,,,C003_static_full_layout,,,qwen2.5-coder_32b,1,experiments/05_choropleth_reliability_benchmark/outputs/runs_iterative_repair/qwen2.5-coder_7b/basic/qwen2.5-coder_7b_basic_C003_static_full_layout_iter01_20260624_044808,,0,,,,False,,,,,,missing_or_empty,False,,,,experiments/05_choropleth_reliability_benchmark/outputs/generated_code_iterative_repair/qwen2.5-coder_32b/qwen2.5-coder_7b/basic/C003_static_full_layout_basic_iter01.py,qwen2.5-coder_7b,False,,False,
map_static.png,experiments/05_choropleth_reliability_benchmark/outputs/runs_iterative_repair/qwen2.5-coder_7b/basic/qwen2.5-coder_7b_basic_C003_static_full_layout_iter01_20260624_231808/map_static.png,False,0,missing_or_empty;low_thematic_color;low_map_ink;low_edge_detail,False,,,,False,,,,,,,1,static_png,,basic,,,C003_static_full_layout,missing_or_empty,False,qwen2.5-coder_7b,1,experiments/05_choropleth_reliability_benchmark/outputs/runs_iterative_repair/qwen2.5-coder_7b/basic/qwen2.5-coder_7b_basic_C003_static_full_layout_iter01_20260624_231808,,0,,,,False,,,,,,missing_or_empty,False,,,,experiments/05_choropleth_reliability_benchmark/outputs/generated_code_iterative_repair/qwen2.5-coder_7b/qwen2.5-coder_7b/basic/C003_static_full_layout_basic_iter01.py,qwen2.5-coder_7b,False,,,
time_series.png,experiments/05_choropleth_reliability_benchmark/outputs/runs_iterative_repair/qwen2.5-coder_7b/basic/qwen2.5-coder_7b_basic_C003_static_full_layout_iter01_20260624_231808/time_series.png,False,0,missing_or_empty;low_plot_ink;no_visible_line;low_edge_detail,False,,,,False,,,,,,,1,time_series_png,,basic,,,C003_static_full_layout,missing_or_empty,False,qwen2.5-coder_7b,1,experiments/05_choropleth_reliability_benchmark/outputs/runs_iterative_repair/qwen2.5-coder_7b/basic/qwen2.5-coder_7b_basic_C003_static_full_layout_iter01_20260624_231808,,0,,,,False,,,,,,missing_or_empty,False,,,,experiments/05_choropleth_reliability_benchmark/outputs/generated_code_iterative_repair/qwen2.5-coder_7b/qwen2.5-coder_7b/basic/C003_static_full_layout_basic_iter01.py,qwen2.5-coder_7b,False,,,
map_interactive.html,experiments/05_choropleth_reliability_benchmark/outputs/runs_iterative_repair/qwen2.5-coder_7b/basic/qwen2.5-coder_7b_basic_C003_static_full_layout_iter01_20260624_231808/map_interactive.html,False,0,missing_or_empty;html_not_rendered;low_rendered_map_ink;low_edge_detail,False,,,,False,,,,,missing,False,1,interactive_html,,basic,,,C003_static_full_layout,,,qwen2.5-coder_7b,1,experiments/05_choropleth_reliability_benchmark/outputs/runs_iterative_repair/qwen2.5-coder_7b/basic/qwen2.5-coder_7b_basic_C003_static_full_layout_iter01_20260624_231808,,0,,,,False,,,,,,missing_or_empty,False,,,,experiments/05_choropleth_reliability_benchmark/outputs/generated_code_iterative_repair/qwen2.5-coder_7b/qwen2.5-coder_7b/basic/C003_static_full_layout_basic_iter01.py,qwen2.5-coder_7b,False,,False,
map_static.png,experiments/05_choropleth_reliability_benchmark/outputs/runs_iterative_repair/qwen2.5-coder_7b/basic/qwen2.5-coder_7b_basic_C003_static_full_layout_iter01_20260624_235007/map_static.png,False,0,missing_or_empty;low_thematic_color;low_map_ink;low_edge_detail,False,,,,False,,,,,,,1,static_png,,basic,,,C003_static_full_layout,missing_or_empty,False,qwen2.5-coder_14b,1,experiments/05_choropleth_reliability_benchmark/outputs/runs_iterative_repair/qwen2.5-coder_7b/basic/qwen2.5-coder_7b_basic_C003_static_full_layout_iter01_20260624_235007,,0,,,,False,,,,,,missing_or_empty,False,,,,experiments/05_choropleth_reliability_benchmark/outputs/generated_code_iterative_repair/qwen2.5-coder_14b/qwen2.5-coder_7b/basic/C003_static_full_layout_basic_iter01.py,qwen2.5-coder_7b,False,,,
time_series.png,experiments/05_choropleth_reliability_benchmark/outputs/runs_iterative_repair/qwen2.5-coder_7b/basic/qwen2.5-coder_7b_basic_C003_static_full_layout_iter01_20260624_235007/time_series.png,False,0,missing_or_empty;low_plot_ink;no_visible_line;low_edge_detail,False,,,,False,,,,,,,1,time_series_png,,basic,,,C003_static_full_layout,missing_or_empty,False,qwen2.5-coder_14b,1,experiments/05_choropleth_reliability_benchmark/outputs/runs_iterative_repair/qwen2.5-coder_7b/basic/qwen2.5-coder_7b_basic_C003_static_full_layout_iter01_20260624_235007,,0,,,,False,,,,,,missing_or_empty,False,,,,experiments/05_choropleth_reliability_benchmark/outputs/generated_code_iterative_repair/qwen2.5-coder_14b/qwen2.5-coder_7b/basic/C003_static_full_layout_basic_iter01.py,qwen2.5-coder_7b,False,,,
map_interactive.html,experiments/05_choropleth_reliability_benchmark/outputs/runs_iterative_repair/qwen2.5-coder_7b/basic/qwen2.5-coder_7b_basic_C003_static_full_layout_iter01_20260624_235007/map_interactive.html,False,0,missing_or_empty;html_not_rendered;low_rendered_map_ink;low_edge_detail,False,,,,False,,,,,missing,False,1,interactive_html,,basic,,,C003_static_full_layout,,,qwen2.5-coder_14b,1,experiments/05_choropleth_reliability_benchmark/outputs/runs_iterative_repair/qwen2.5-coder_7b/basic/qwen2.5-coder_7b_basic_C003_static_full_layout_iter01_20260624_235007,,0,,,,False,,,,,,missing_or_empty,False,,,,experiments/05_choropleth_reliability_benchmark/outputs/generated_code_iterative_repair/qwen2.5-coder_14b/qwen2.5-coder_7b/basic/C003_static_full_layout_basic_iter01.py,qwen2.5-coder_7b,False,,False,
map_static.png,experiments/05_choropleth_reliability_benchmark/outputs/runs_iterative_repair/qwen2.5-coder_7b/basic/qwen2.5-coder_7b_basic_C003_static_full_layout_iter02_20260624_044846/map_static.png,False,0,missing_or_empty;low_thematic_color;low_map_ink;low_edge_detail,False,,,,False,,,,,,,2,static_png,,basic,,,C003_static_full_layout,missing_or_empty,False,qwen2.5-coder_32b,1,experiments/05_choropleth_reliability_benchmark/outputs/runs_iterative_repair/qwen2.5-coder_7b/basic/qwen2.5-coder_7b_basic_C003_static_full_layout_iter02_20260624_044846,,0,,,,False,,,,,,missing_or_empty,False,,,,experiments/05_choropleth_reliability_benchmark/outputs/generated_code_iterative_repair/qwen2.5-coder_32b/qwen2.5-coder_7b/basic/C003_static_full_layout_basic_iter02.py,qwen2.5-coder_7b,False,,,
time_series.png,experiments/05_choropleth_reliability_benchmark/outputs/runs_iterative_repair/qwen2.5-coder_7b/basic/qwen2.5-coder_7b_basic_C003_static_full_layout_iter02_20260624_044846/time_series.png,False,0,missing_or_empty;low_plot_ink;no_visible_line;low_edge_detail,False,,,,False,,,,,,,2,time_series_png,,basic,,,C003_static_full_layout,missing_or_empty,False,qwen2.5-coder_32b,1,experiments/05_choropleth_reliability_benchmark/outputs/runs_iterative_repair/qwen2.5-coder_7b/basic/qwen2.5-coder_7b_basic_C003_static_full_layout_iter02_20260624_044846,,0,,,,False,,,,,,missing_or_empty,False,,,,experiments/05_choropleth_reliability_benchmark/outputs/generated_code_iterative_repair/qwen2.5-coder_32b/qwen2.5-coder_7b/basic/C003_static_full_layout_basic_iter02.py,qwen2.5-coder_7b,False,,,
map_interactive.html,experiments/05_choropleth_reliability_benchmark/outputs/runs_iterative_repair/qwen2.5-coder_7b/basic/qwen2.5-coder_7b_basic_C003_static_full_layout_iter02_20260624_044846/map_interactive.html,False,0,missing_or_empty;html_not_rendered;low_rendered_map_ink;low_edge_detail,False,,,,False,,,,,missing,False,2,interactive_html,,basic,,,C003_static_full_layout,,,qwen2.5-coder_32b,1,experiments/05_choropleth_reliability_benchmark/outputs/runs_iterative_repair/qwen2.5-coder_7b/basic/qwen2.5-coder_7b_basic_C003_static_full_layout_iter02_20260624_044846,,0,,,,False,,,,,,missing_or_empty,False,,,,experiments/05_choropleth_reliability_benchmark/outputs/generated_code_iterative_repair/qwen2.5-coder_32b/qwen2.5-coder_7b/basic/C003_static_full_layout_basic_iter02.py,qwen2.5-coder_7b,False,,False,
map_static.png,experiments/05_choropleth_reliability_benchmark/outputs/runs_iterative_repair/qwen2.5-coder_7b/basic/qwen2.5-coder_7b_basic_C003_static_full_layout_iter02_20260624_231819/map_static.png,False,0,missing_or_empty;low_thematic_color;low_map_ink;low_edge_detail,False,,,,False,,,,,,,2,static_png,,basic,,,C003_static_full_layout,missing_or_empty,False,qwen2.5-coder_7b,1,experiments/05_choropleth_reliability_benchmark/outputs/runs_iterative_repair/qwen2.5-coder_7b/basic/qwen2.5-coder_7b_basic_C003_static_full_layout_iter02_20260624_231819,,0,,,,False,,,,,,missing_or_empty,False,,,,experiments/05_choropleth_reliability_benchmark/outputs/generated_code_iterative_repair/qwen2.5-coder_7b/qwen2.5-coder_7b/basic/C003_static_full_layout_basic_iter02.py,qwen2.5-coder_7b,False,,,
time_series.png,experiments/05_choropleth_reliability_benchmark/outputs/runs_iterative_repair/qwen2.5-coder_7b/basic/qwen2.5-coder_7b_basic_C003_static_full_layout_iter02_20260624_231819/time_series.png,False,0,missing_or_empty;low_plot_ink;no_visible_line;low_edge_detail,False,,,,False,,,,,,,2,time_series_png,,basic,,,C003_static_full_layout,missing_or_empty,False,qwen2.5-coder_7b,1,experiments/05_choropleth_reliability_benchmark/outputs/runs_iterative_repair/qwen2.5-coder_7b/basic/qwen2.5-coder_7b_basic_C003_static_full_layout_iter02_20260624_231819,,0,,,,False,,,,,,missing_or_empty,False,,,,experiments/05_choropleth_reliability_benchmark/outputs/generated_code_iterative_repair/qwen2.5-coder_7b/qwen2.5-coder_7b/basic/C003_static_full_layout_basic_iter02.py,qwen2.5-coder_7b,False,,,
map_interactive.html,experiments/05_choropleth_reliability_benchmark/outputs/runs_iterative_repair/qwen2.5-coder_7b/basic/qwen2.5-coder_7b_basic_C003_static_full_layout_iter02_20260624_231819/map_interactive.html,False,0,missing_or_empty;html_not_rendered;low_rendered_map_ink;low_edge_detail,False,,,,False,,,,,missing,False,2,interactive_html,,basic,,,C003_static_full_layout,,,qwen2.5-coder_7b,1,experiments/05_choropleth_reliability_benchmark/outputs/runs_iterative_repair/qwen2.5-coder_7b/basic/qwen2.5-coder_7b_basic_C003_static_full_layout_iter02_20260624_231819,,0,,,,False,,,,,,missing_or_empty,False,,,,experiments/05_choropleth_reliability_benchmark/outputs/generated_code_iterative_repair/qwen2.5-coder_7b/qwen2.5-coder_7b/basic/C003_static_full_layout_basic_iter02.py,qwen2.5-coder_7b,False,,False,
map_static.png,experiments/05_choropleth_reliability_benchmark/outputs/runs_iterative_repair/qwen2.5-coder_7b/basic/qwen2.5-coder_7b_basic_C003_static_full_layout_iter02_20260624_235027/map_static.png,True,94459,,True,0.0106,255,7.253,True,,,,1000,,,2,static_png,237.671,basic,0.9935,0.1788,C003_static_full_layout,,True,qwen2.5-coder_14b,0,experiments/05_choropleth_reliability_benchmark/outputs/runs_iterative_repair/qwen2.5-coder_7b/basic/qwen2.5-coder_7b_basic_C003_static_full_layout_iter02_20260624_235027,0.0445,94459,0.0106,255,7.253,True,1000,237.671,0.9935,0.1788,,,True,0.0445,57,1000,experiments/05_choropleth_reliability_benchmark/outputs/generated_code_iterative_repair/qwen2.5-coder_14b/qwen2.5-coder_7b/basic/C003_static_full_layout_basic_iter02.py,qwen2.5-coder_7b,False,57,,1000
time_series.png,experiments/05_choropleth_reliability_benchmark/outputs/runs_iterative_repair/qwen2.5-coder_7b/basic/qwen2.5-coder_7b_basic_C003_static_full_layout_iter02_20260624_235027/time_series.png,False,0,missing_or_empty;low_plot_ink;no_visible_line;low_edge_detail,False,,,,False,,,,,,,2,time_series_png,,basic,,,C003_static_full_layout,missing_or_empty,False,qwen2.5-coder_14b,0,experiments/05_choropleth_reliability_benchmark/outputs/runs_iterative_repair/qwen2.5-coder_7b/basic/qwen2.5-coder_7b_basic_C003_static_full_layout_iter02_20260624_235027,,0,,,,False,,,,,,missing_or_empty,False,,,,experiments/05_choropleth_reliability_benchmark/outputs/generated_code_iterative_repair/qwen2.5-coder_14b/qwen2.5-coder_7b/basic/C003_static_full_layout_basic_iter02.py,qwen2.5-coder_7b,False,,,
map_interactive.html,experiments/05_choropleth_reliability_benchmark/outputs/runs_iterative_repair/qwen2.5-coder_7b/basic/qwen2.5-coder_7b_basic_C003_static_full_layout_iter02_20260624_235027/map_interactive.html,False,0,missing_or_empty;html_not_rendered;low_rendered_map_ink;low_edge_detail,False,,,,False,,,,,missing,False,2,interactive_html,,basic,,,C003_static_full_layout,,,qwen2.5-coder_14b,0,experiments/05_choropleth_reliability_benchmark/outputs/runs_iterative_repair/qwen2.5-coder_7b/basic/qwen2.5-coder_7b_basic_C003_static_full_layout_iter02_20260624_235027,,0,,,,False,,,,,,missing_or_empty,False,,,,experiments/05_choropleth_reliability_benchmark/outputs/generated_code_iterative_repair/qwen2.5-coder_14b/qwen2.5-coder_7b/basic/C003_static_full_layout_basic_iter02.py,qwen2.5-coder_7b,False,,False,
map_static.png,experiments/05_choropleth_reliability_benchmark/outputs/runs_iterative_repair/qwen2.5-coder_7b/basic/qwen2.5-coder_7b_basic_C003_static_full_layout_iter03_20260624_062305/map_static.png,False,0,missing_or_empty;low_thematic_color;low_map_ink;low_edge_detail,False,,,,False,,,,,,,3,static_png,,basic,,,C003_static_full_layout,missing_or_empty,False,qwen2.5-coder_32b,1,experiments/05_choropleth_reliability_benchmark/outputs/runs_iterative_repair/qwen2.5-coder_7b/basic/qwen2.5-coder_7b_basic_C003_static_full_layout_iter03_20260624_062305,,0,,,,False,,,,,,missing_or_empty,False,,,,experiments/05_choropleth_reliability_benchmark/outputs/generated_code_iterative_repair/qwen2.5-coder_32b/qwen2.5-coder_7b/basic/C003_static_full_layout_basic_iter03.py,qwen2.5-coder_7b,False,,,
time_series.png,experiments/05_choropleth_reliability_benchmark/outputs/runs_iterative_repair/qwen2.5-coder_7b/basic/qwen2.5-coder_7b_basic_C003_static_full_layout_iter03_20260624_062305/time_series.png,False,0,missing_or_empty;low_plot_ink;no_visible_line;low_edge_detail,False,,,,False,,,,,,,3,time_series_png,,basic,,,C003_static_full_layout,missing_or_empty,False,qwen2.5-coder_32b,1,experiments/05_choropleth_reliability_benchmark/outputs/runs_iterative_repair/qwen2.5-coder_7b/basic/qwen2.5-coder_7b_basic_C003_static_full_layout_iter03_20260624_062305,,0,,,,False,,,,,,missing_or_empty,False,,,,experiments/05_choropleth_reliability_benchmark/outputs/generated_code_iterative_repair/qwen2.5-coder_32b/qwen2.5-coder_7b/basic/C003_static_full_layout_basic_iter03.py,qwen2.5-coder_7b,False,,,
map_interactive.html,experiments/05_choropleth_reliability_benchmark/outputs/runs_iterative_repair/qwen2.5-coder_7b/basic/qwen2.5-coder_7b_basic_C003_static_full_layout_iter03_20260624_062305/map_interactive.html,False,0,missing_or_empty;html_not_rendered;low_rendered_map_ink;low_edge_detail,False,,,,False,,,,,missing,False,3,interactive_html,,basic,,,C003_static_full_layout,,,qwen2.5-coder_32b,1,experiments/05_choropleth_reliability_benchmark/outputs/runs_iterative_repair/qwen2.5-coder_7b/basic/qwen2.5-coder_7b_basic_C003_static_full_layout_iter03_20260624_062305,,0,,,,False,,,,,,missing_or_empty,False,,,,experiments/05_choropleth_reliability_benchmark/outputs/generated_code_iterative_repair/qwen2.5-coder_32b/qwen2.5-coder_7b/basic/C003_static_full_layout_basic_iter03.py,qwen2.5-coder_7b,False,,False,
map_static.png,experiments/05_choropleth_reliability_benchmark/outputs/runs_iterative_repair/qwen2.5-coder_7b/basic/qwen2.5-coder_7b_basic_C003_static_full_layout_iter03_20260624_231829/map_static.png,False,0,missing_or_empty;low_thematic_color;low_map_ink;low_edge_detail,False,,,,False,,,,,,,3,static_png,,basic,,,C003_static_full_layout,missing_or_empty,False,qwen2.5-coder_7b,1,experiments/05_choropleth_reliability_benchmark/outputs/runs_iterative_repair/qwen2.5-coder_7b/basic/qwen2.5-coder_7b_basic_C003_static_full_layout_iter03_20260624_231829,,0,,,,False,,,,,,missing_or_empty,False,,,,experiments/05_choropleth_reliability_benchmark/outputs/generated_code_iterative_repair/qwen2.5-coder_7b/qwen2.5-coder_7b/basic/C003_static_full_layout_basic_iter03.py,qwen2.5-coder_7b,False,,,
time_series.png,experiments/05_choropleth_reliability_benchmark/outputs/runs_iterative_repair/qwen2.5-coder_7b/basic/qwen2.5-coder_7b_basic_C003_static_full_layout_iter03_20260624_231829/time_series.png,False,0,missing_or_empty;low_plot_ink;no_visible_line;low_edge_detail,False,,,,False,,,,,,,3,time_series_png,,basic,,,C003_static_full_layout,missing_or_empty,False,qwen2.5-coder_7b,1,experiments/05_choropleth_reliability_benchmark/outputs/runs_iterative_repair/qwen2.5-coder_7b/basic/qwen2.5-coder_7b_basic_C003_static_full_layout_iter03_20260624_231829,,0,,,,False,,,,,,missing_or_empty,False,,,,experiments/05_choropleth_reliability_benchmark/outputs/generated_code_iterative_repair/qwen2.5-coder_7b/qwen2.5-coder_7b/basic/C003_static_full_layout_basic_iter03.py,qwen2.5-coder_7b,False,,,
map_interactive.html,experiments/05_choropleth_reliability_benchmark/outputs/runs_iterative_repair/qwen2.5-coder_7b/basic/qwen2.5-coder_7b_basic_C003_static_full_layout_iter03_20260624_231829/map_interactive.html,False,0,missing_or_empty;html_not_rendered;low_rendered_map_ink;low_edge_detail,False,,,,False,,,,,missing,False,3,interactive_html,,basic,,,C003_static_full_layout,,,qwen2.5-coder_7b,1,experiments/05_choropleth_reliability_benchmark/outputs/runs_iterative_repair/qwen2.5-coder_7b/basic/qwen2.5-coder_7b_basic_C003_static_full_layout_iter03_20260624_231829,,0,,,,False,,,,,,missing_or_empty,False,,,,experiments/05_choropleth_reliability_benchmark/outputs/generated_code_iterative_repair/qwen2.5-coder_7b/qwen2.5-coder_7b/basic/C003_static_full_layout_basic_iter03.py,qwen2.5-coder_7b,False,,False,
map_static.png,experiments/05_choropleth_reliability_benchmark/outputs/runs_iterative_repair/qwen2.5-coder_7b/basic/qwen2.5-coder_7b_basic_C004_missing_crs_repair_iter01_20260624_042521/map_static.png,True,34761,,True,0.0135,255,10.310,True,,,,480,,,1,static_png,240.388,basic,0.9896,0.1494,C004_missing_crs_repair,,True,qwen2.5-coder_32b,0,experiments/05_choropleth_reliability_benchmark/outputs/runs_iterative_repair/qwen2.5-coder_7b/basic/qwen2.5-coder_7b_basic_C004_missing_crs_repair_iter01_20260624_042521,0.0333,34761,0.0135,255,10.310,True,480,240.388,0.9896,0.1494,,,True,0.0333,40,640,experiments/05_choropleth_reliability_benchmark/outputs/generated_code_iterative_repair/qwen2.5-coder_32b/qwen2.5-coder_7b/basic/C004_missing_crs_repair_basic_iter01.py,qwen2.5-coder_7b,False,40,,640
time_series.png,experiments/05_choropleth_reliability_benchmark/outputs/runs_iterative_repair/qwen2.5-coder_7b/basic/qwen2.5-coder_7b_basic_C004_missing_crs_repair_iter01_20260624_042521/time_series.png,False,0,missing_or_empty;low_plot_ink;no_visible_line;low_edge_detail,False,,,,False,,,,,,,1,time_series_png,,basic,,,C004_missing_crs_repair,missing_or_empty,False,qwen2.5-coder_32b,0,experiments/05_choropleth_reliability_benchmark/outputs/runs_iterative_repair/qwen2.5-coder_7b/basic/qwen2.5-coder_7b_basic_C004_missing_crs_repair_iter01_20260624_042521,,0,,,,False,,,,,,missing_or_empty,False,,,,experiments/05_choropleth_reliability_benchmark/outputs/generated_code_iterative_repair/qwen2.5-coder_32b/qwen2.5-coder_7b/basic/C004_missing_crs_repair_basic_iter01.py,qwen2.5-coder_7b,False,,,
map_interactive.html,experiments/05_choropleth_reliability_benchmark/outputs/runs_iterative_repair/qwen2.5-coder_7b/basic/qwen2.5-coder_7b_basic_C004_missing_crs_repair_iter01_20260624_042521/map_interactive.html,False,0,missing_or_empty;html_not_rendered;low_rendered_map_ink;low_edge_detail,False,,,,False,,,,,missing,False,1,interactive_html,,basic,,,C004_missing_crs_repair,,,qwen2.5-coder_32b,0,experiments/05_choropleth_reliability_benchmark/outputs/runs_iterative_repair/qwen2.5-coder_7b/basic/qwen2.5-coder_7b_basic_C004_missing_crs_repair_iter01_20260624_042521,,0,,,,False,,,,,,missing_or_empty,False,,,,experiments/05_choropleth_reliability_benchmark/outputs/generated_code_iterative_repair/qwen2.5-coder_32b/qwen2.5-coder_7b/basic/C004_missing_crs_repair_basic_iter01.py,qwen2.5-coder_7b,False,,False,
map_static.png,experiments/05_choropleth_reliability_benchmark/outputs/runs_iterative_repair/qwen2.5-coder_7b/basic/qwen2.5-coder_7b_basic_C004_missing_crs_repair_iter01_20260624_071341/map_static.png,False,0,missing_or_empty;low_thematic_color;low_map_ink;low_edge_detail,False,,,,False,,,,,,,1,static_png,,basic,,,C004_missing_crs_repair,missing_or_empty,False,qwen2.5-coder_14b,1,experiments/05_choropleth_reliability_benchmark/outputs/runs_iterative_repair/qwen2.5-coder_7b/basic/qwen2.5-coder_7b_basic_C004_missing_crs_repair_iter01_20260624_071341,,0,,,,False,,,,,,missing_or_empty,False,,,,experiments/05_choropleth_reliability_benchmark/outputs/generated_code_iterative_repair/qwen2.5-coder_14b/qwen2.5-coder_7b/basic/C004_missing_crs_repair_basic_iter01.py,qwen2.5-coder_7b,False,,,
time_series.png,experiments/05_choropleth_reliability_benchmark/outputs/runs_iterative_repair/qwen2.5-coder_7b/basic/qwen2.5-coder_7b_basic_C004_missing_crs_repair_iter01_20260624_071341/time_series.png,False,0,missing_or_empty;low_plot_ink;no_visible_line;low_edge_detail,False,,,,False,,,,,,,1,time_series_png,,basic,,,C004_missing_crs_repair,missing_or_empty,False,qwen2.5-coder_14b,1,experiments/05_choropleth_reliability_benchmark/outputs/runs_iterative_repair/qwen2.5-coder_7b/basic/qwen2.5-coder_7b_basic_C004_missing_crs_repair_iter01_20260624_071341,,0,,,,False,,,,,,missing_or_empty,False,,,,experiments/05_choropleth_reliability_benchmark/outputs/generated_code_iterative_repair/qwen2.5-coder_14b/qwen2.5-coder_7b/basic/C004_missing_crs_repair_basic_iter01.py,qwen2.5-coder_7b,False,,,
map_interactive.html,experiments/05_choropleth_reliability_benchmark/outputs/runs_iterative_repair/qwen2.5-coder_7b/basic/qwen2.5-coder_7b_basic_C004_missing_crs_repair_iter01_20260624_071341/map_interactive.html,False,0,missing_or_empty;html_not_rendered;low_rendered_map_ink;low_edge_detail,False,,,,False,,,,,missing,False,1,interactive_html,,basic,,,C004_missing_crs_repair,,,qwen2.5-coder_14b,1,experiments/05_choropleth_reliability_benchmark/outputs/runs_iterative_repair/qwen2.5-coder_7b/basic/qwen2.5-coder_7b_basic_C004_missing_crs_repair_iter01_20260624_071341,,0,,,,False,,,,,,missing_or_empty,False,,,,experiments/05_choropleth_reliability_benchmark/outputs/generated_code_iterative_repair/qwen2.5-coder_14b/qwen2.5-coder_7b/basic/C004_missing_crs_repair_basic_iter01.py,qwen2.5-coder_7b,False,,False,
map_static.png,experiments/05_choropleth_reliability_benchmark/outputs/runs_iterative_repair/qwen2.5-coder_7b/basic/qwen2.5-coder_7b_basic_C004_missing_crs_repair_iter01_20260624_072444/map_static.png,False,0,missing_or_empty;low_thematic_color;low_map_ink;low_edge_detail,False,,,,False,,,,,,,1,static_png,,basic,,,C004_missing_crs_repair,missing_or_empty,False,qwen2.5-coder_7b,1,experiments/05_choropleth_reliability_benchmark/outputs/runs_iterative_repair/qwen2.5-coder_7b/basic/qwen2.5-coder_7b_basic_C004_missing_crs_repair_iter01_20260624_072444,,0,,,,False,,,,,,missing_or_empty,False,,,,experiments/05_choropleth_reliability_benchmark/outputs/generated_code_iterative_repair/qwen2.5-coder_7b/qwen2.5-coder_7b/basic/C004_missing_crs_repair_basic_iter01.py,qwen2.5-coder_7b,False,,,
time_series.png,experiments/05_choropleth_reliability_benchmark/outputs/runs_iterative_repair/qwen2.5-coder_7b/basic/qwen2.5-coder_7b_basic_C004_missing_crs_repair_iter01_20260624_072444/time_series.png,False,0,missing_or_empty;low_plot_ink;no_visible_line;low_edge_detail,False,,,,False,,,,,,,1,time_series_png,,basic,,,C004_missing_crs_repair,missing_or_empty,False,qwen2.5-coder_7b,1,experiments/05_choropleth_reliability_benchmark/outputs/runs_iterative_repair/qwen2.5-coder_7b/basic/qwen2.5-coder_7b_basic_C004_missing_crs_repair_iter01_20260624_072444,,0,,,,False,,,,,,missing_or_empty,False,,,,experiments/05_choropleth_reliability_benchmark/outputs/generated_code_iterative_repair/qwen2.5-coder_7b/qwen2.5-coder_7b/basic/C004_missing_crs_repair_basic_iter01.py,qwen2.5-coder_7b,False,,,
map_interactive.html,experiments/05_choropleth_reliability_benchmark/outputs/runs_iterative_repair/qwen2.5-coder_7b/basic/qwen2.5-coder_7b_basic_C004_missing_crs_repair_iter01_20260624_072444/map_interactive.html,False,0,missing_or_empty;html_not_rendered;low_rendered_map_ink;low_edge_detail,False,,,,False,,,,,missing,False,1,interactive_html,,basic,,,C004_missing_crs_repair,,,qwen2.5-coder_7b,1,experiments/05_choropleth_reliability_benchmark/outputs/runs_iterative_repair/qwen2.5-coder_7b/basic/qwen2.5-coder_7b_basic_C004_missing_crs_repair_iter01_20260624_072444,,0,,,,False,,,,,,missing_or_empty,False,,,,experiments/05_choropleth_reliability_benchmark/outputs/generated_code_iterative_repair/qwen2.5-coder_7b/qwen2.5-coder_7b/basic/C004_missing_crs_repair_basic_iter01.py,qwen2.5-coder_7b,False,,False,
map_static.png,experiments/05_choropleth_reliability_benchmark/outputs/runs_iterative_repair/qwen2.5-coder_7b/basic/qwen2.5-coder_7b_basic_C004_missing_crs_repair_iter02_20260624_071401/map_static.png,False,0,missing_or_empty;low_thematic_color;low_map_ink;low_edge_detail,False,,,,False,,,,,,,2,static_png,,basic,,,C004_missing_crs_repair,missing_or_empty,False,qwen2.5-coder_14b,1,experiments/05_choropleth_reliability_benchmark/outputs/runs_iterative_repair/qwen2.5-coder_7b/basic/qwen2.5-coder_7b_basic_C004_missing_crs_repair_iter02_20260624_071401,,0,,,,False,,,,,,missing_or_empty,False,,,,experiments/05_choropleth_reliability_benchmark/outputs/generated_code_iterative_repair/qwen2.5-coder_14b/qwen2.5-coder_7b/basic/C004_missing_crs_repair_basic_iter02.py,qwen2.5-coder_7b,False,,,
time_series.png,experiments/05_choropleth_reliability_benchmark/outputs/runs_iterative_repair/qwen2.5-coder_7b/basic/qwen2.5-coder_7b_basic_C004_missing_crs_repair_iter02_20260624_071401/time_series.png,False,0,missing_or_empty;low_plot_ink;no_visible_line;low_edge_detail,False,,,,False,,,,,,,2,time_series_png,,basic,,,C004_missing_crs_repair,missing_or_empty,False,qwen2.5-coder_14b,1,experiments/05_choropleth_reliability_benchmark/outputs/runs_iterative_repair/qwen2.5-coder_7b/basic/qwen2.5-coder_7b_basic_C004_missing_crs_repair_iter02_20260624_071401,,0,,,,False,,,,,,missing_or_empty,False,,,,experiments/05_choropleth_reliability_benchmark/outputs/generated_code_iterative_repair/qwen2.5-coder_14b/qwen2.5-coder_7b/basic/C004_missing_crs_repair_basic_iter02.py,qwen2.5-coder_7b,False,,,
map_interactive.html,experiments/05_choropleth_reliability_benchmark/outputs/runs_iterative_repair/qwen2.5-coder_7b/basic/qwen2.5-coder_7b_basic_C004_missing_crs_repair_iter02_20260624_071401/map_interactive.html,False,0,missing_or_empty;html_not_rendered;low_rendered_map_ink;low_edge_detail,False,,,,False,,,,,missing,False,2,interactive_html,,basic,,,C004_missing_crs_repair,,,qwen2.5-coder_14b,1,experiments/05_choropleth_reliability_benchmark/outputs/runs_iterative_repair/qwen2.5-coder_7b/basic/qwen2.5-coder_7b_basic_C004_missing_crs_repair_iter02_20260624_071401,,0,,,,False,,,,,,missing_or_empty,False,,,,experiments/05_choropleth_reliability_benchmark/outputs/generated_code_iterative_repair/qwen2.5-coder_14b/qwen2.5-coder_7b/basic/C004_missing_crs_repair_basic_iter02.py,qwen2.5-coder_7b,False,,False,
map_static.png,experiments/05_choropleth_reliability_benchmark/outputs/runs_iterative_repair/qwen2.5-coder_7b/basic/qwen2.5-coder_7b_basic_C004_missing_crs_repair_iter02_20260624_072452/map_static.png,True,34761,,True,0.0135,255,10.310,True,,,,480,,,2,static_png,240.388,basic,0.9896,0.1494,C004_missing_crs_repair,,True,qwen2.5-coder_7b,0,experiments/05_choropleth_reliability_benchmark/outputs/runs_iterative_repair/qwen2.5-coder_7b/basic/qwen2.5-coder_7b_basic_C004_missing_crs_repair_iter02_20260624_072452,0.0333,34761,0.0135,255,10.310,True,480,240.388,0.9896,0.1494,,,True,0.0333,40,640,experiments/05_choropleth_reliability_benchmark/outputs/generated_code_iterative_repair/qwen2.5-coder_7b/qwen2.5-coder_7b/basic/C004_missing_crs_repair_basic_iter02.py,qwen2.5-coder_7b,False,40,,640
time_series.png,experiments/05_choropleth_reliability_benchmark/outputs/runs_iterative_repair/qwen2.5-coder_7b/basic/qwen2.5-coder_7b_basic_C004_missing_crs_repair_iter02_20260624_072452/time_series.png,False,0,missing_or_empty;low_plot_ink;no_visible_line;low_edge_detail,False,,,,False,,,,,,,2,time_series_png,,basic,,,C004_missing_crs_repair,missing_or_empty,False,qwen2.5-coder_7b,0,experiments/05_choropleth_reliability_benchmark/outputs/runs_iterative_repair/qwen2.5-coder_7b/basic/qwen2.5-coder_7b_basic_C004_missing_crs_repair_iter02_20260624_072452,,0,,,,False,,,,,,missing_or_empty,False,,,,experiments/05_choropleth_reliability_benchmark/outputs/generated_code_iterative_repair/qwen2.5-coder_7b/qwen2.5-coder_7b/basic/C004_missing_crs_repair_basic_iter02.py,qwen2.5-coder_7b,False,,,
map_interactive.html,experiments/05_choropleth_reliability_benchmark/outputs/runs_iterative_repair/qwen2.5-coder_7b/basic/qwen2.5-coder_7b_basic_C004_missing_crs_repair_iter02_20260624_072452/map_interactive.html,False,0,missing_or_empty;html_not_rendered;low_rendered_map_ink;low_edge_detail,False,,,,False,,,,,missing,False,2,interactive_html,,basic,,,C004_missing_crs_repair,,,qwen2.5-coder_7b,0,experiments/05_choropleth_reliability_benchmark/outputs/runs_iterative_repair/qwen2.5-coder_7b/basic/qwen2.5-coder_7b_basic_C004_missing_crs_repair_iter02_20260624_072452,,0,,,,False,,,,,,missing_or_empty,False,,,,experiments/05_choropleth_reliability_benchmark/outputs/generated_code_iterative_repair/qwen2.5-coder_7b/qwen2.5-coder_7b/basic/C004_missing_crs_repair_basic_iter02.py,qwen2.5-coder_7b,False,,False,
map_static.png,experiments/05_choropleth_reliability_benchmark/outputs/runs_iterative_repair/qwen2.5-coder_7b/basic/qwen2.5-coder_7b_basic_C004_missing_crs_repair_iter02_20260625_001508/map_static.png,True,34460,,True,0.0133,255,10.244,True,,,,480,,,2,static_png,240.427,basic,0.9897,0.1492,C004_missing_crs_repair,,True,deepseek-coder_6.7b,0,experiments/05_choropleth_reliability_benchmark/outputs/runs_iterative_repair/qwen2.5-coder_7b/basic/qwen2.5-coder_7b_basic_C004_missing_crs_repair_iter02_20260625_001508,0.0333,34460,0.0133,255,10.244,True,480,240.427,0.9897,0.1492,,,True,0.0333,40,640,experiments/05_choropleth_reliability_benchmark/outputs/generated_code_iterative_repair/deepseek-coder_6.7b/qwen2.5-coder_7b/basic/C004_missing_crs_repair_basic_iter02.py,qwen2.5-coder_7b,False,40,,640
time_series.png,experiments/05_choropleth_reliability_benchmark/outputs/runs_iterative_repair/qwen2.5-coder_7b/basic/qwen2.5-coder_7b_basic_C004_missing_crs_repair_iter02_20260625_001508/time_series.png,False,0,missing_or_empty;low_plot_ink;no_visible_line;low_edge_detail,False,,,,False,,,,,,,2,time_series_png,,basic,,,C004_missing_crs_repair,missing_or_empty,False,deepseek-coder_6.7b,0,experiments/05_choropleth_reliability_benchmark/outputs/runs_iterative_repair/qwen2.5-coder_7b/basic/qwen2.5-coder_7b_basic_C004_missing_crs_repair_iter02_20260625_001508,,0,,,,False,,,,,,missing_or_empty,False,,,,experiments/05_choropleth_reliability_benchmark/outputs/generated_code_iterative_repair/deepseek-coder_6.7b/qwen2.5-coder_7b/basic/C004_missing_crs_repair_basic_iter02.py,qwen2.5-coder_7b,False,,,
map_interactive.html,experiments/05_choropleth_reliability_benchmark/outputs/runs_iterative_repair/qwen2.5-coder_7b/basic/qwen2.5-coder_7b_basic_C004_missing_crs_repair_iter02_20260625_001508/map_interactive.html,False,0,missing_or_empty;html_not_rendered;low_rendered_map_ink;low_edge_detail,False,,,,False,,,,,missing,False,2,interactive_html,,basic,,,C004_missing_crs_repair,,,deepseek-coder_6.7b,0,experiments/05_choropleth_reliability_benchmark/outputs/runs_iterative_repair/qwen2.5-coder_7b/basic/qwen2.5-coder_7b_basic_C004_missing_crs_repair_iter02_20260625_001508,,0,,,,False,,,,,,missing_or_empty,False,,,,experiments/05_choropleth_reliability_benchmark/outputs/generated_code_iterative_repair/deepseek-coder_6.7b/qwen2.5-coder_7b/basic/C004_missing_crs_repair_basic_iter02.py,qwen2.5-coder_7b,False,,False,
map_static.png,experiments/05_choropleth_reliability_benchmark/outputs/runs_iterative_repair/qwen2.5-coder_7b/basic/qwen2.5-coder_7b_basic_C004_missing_crs_repair_iter03_20260624_233410/map_static.png,False,0,missing_or_empty;low_thematic_color;low_map_ink;low_edge_detail,False,,,,False,,,,,,,3,static_png,,basic,,,C004_missing_crs_repair,missing_or_empty,False,qwen2.5-coder_14b,1,experiments/05_choropleth_reliability_benchmark/outputs/runs_iterative_repair/qwen2.5-coder_7b/basic/qwen2.5-coder_7b_basic_C004_missing_crs_repair_iter03_20260624_233410,,0,,,,False,,,,,,missing_or_empty,False,,,,experiments/05_choropleth_reliability_benchmark/outputs/generated_code_iterative_repair/qwen2.5-coder_14b/qwen2.5-coder_7b/basic/C004_missing_crs_repair_basic_iter03.py,qwen2.5-coder_7b,False,,,
time_series.png,experiments/05_choropleth_reliability_benchmark/outputs/runs_iterative_repair/qwen2.5-coder_7b/basic/qwen2.5-coder_7b_basic_C004_missing_crs_repair_iter03_20260624_233410/time_series.png,False,0,missing_or_empty;low_plot_ink;no_visible_line;low_edge_detail,False,,,,False,,,,,,,3,time_series_png,,basic,,,C004_missing_crs_repair,missing_or_empty,False,qwen2.5-coder_14b,1,experiments/05_choropleth_reliability_benchmark/outputs/runs_iterative_repair/qwen2.5-coder_7b/basic/qwen2.5-coder_7b_basic_C004_missing_crs_repair_iter03_20260624_233410,,0,,,,False,,,,,,missing_or_empty,False,,,,experiments/05_choropleth_reliability_benchmark/outputs/generated_code_iterative_repair/qwen2.5-coder_14b/qwen2.5-coder_7b/basic/C004_missing_crs_repair_basic_iter03.py,qwen2.5-coder_7b,False,,,
map_interactive.html,experiments/05_choropleth_reliability_benchmark/outputs/runs_iterative_repair/qwen2.5-coder_7b/basic/qwen2.5-coder_7b_basic_C004_missing_crs_repair_iter03_20260624_233410/map_interactive.html,False,0,missing_or_empty;html_not_rendered;low_rendered_map_ink;low_edge_detail,False,,,,False,,,,,missing,False,3,interactive_html,,basic,,,C004_missing_crs_repair,,,qwen2.5-coder_14b,1,experiments/05_choropleth_reliability_benchmark/outputs/runs_iterative_repair/qwen2.5-coder_7b/basic/qwen2.5-coder_7b_basic_C004_missing_crs_repair_iter03_20260624_233410,,0,,,,False,,,,,,missing_or_empty,False,,,,experiments/05_choropleth_reliability_benchmark/outputs/generated_code_iterative_repair/qwen2.5-coder_14b/qwen2.5-coder_7b/basic/C004_missing_crs_repair_basic_iter03.py,qwen2.5-coder_7b,False,,False,
map_static.png,experiments/05_choropleth_reliability_benchmark/outputs/runs_iterative_repair/qwen2.5-coder_7b/basic/qwen2.5-coder_7b_basic_C005_geometry_repair_iter01_20260624_042553/map_static.png,True,39513,,True,0.0427,255,11.304,True,,,,480,,,1,static_png,230.762,basic,0.9778,0.1553,C005_geometry_repair,,True,qwen2.5-coder_32b,0,experiments/05_choropleth_reliability_benchmark/outputs/runs_iterative_repair/qwen2.5-coder_7b/basic/qwen2.5-coder_7b_basic_C005_geometry_repair_iter01_20260624_042553,0.1101,39513,0.0427,255,11.304,True,480,230.762,0.9778,0.1553,,,True,0.1101,65,640,experiments/05_choropleth_reliability_benchmark/outputs/generated_code_iterative_repair/qwen2.5-coder_32b/qwen2.5-coder_7b/basic/C005_geometry_repair_basic_iter01.py,qwen2.5-coder_7b,False,65,,640
time_series.png,experiments/05_choropleth_reliability_benchmark/outputs/runs_iterative_repair/qwen2.5-coder_7b/basic/qwen2.5-coder_7b_basic_C005_geometry_repair_iter01_20260624_042553/time_series.png,False,0,missing_or_empty;low_plot_ink;no_visible_line;low_edge_detail,False,,,,False,,,,,,,1,time_series_png,,basic,,,C005_geometry_repair,missing_or_empty,False,qwen2.5-coder_32b,0,experiments/05_choropleth_reliability_benchmark/outputs/runs_iterative_repair/qwen2.5-coder_7b/basic/qwen2.5-coder_7b_basic_C005_geometry_repair_iter01_20260624_042553,,0,,,,False,,,,,,missing_or_empty,False,,,,experiments/05_choropleth_reliability_benchmark/outputs/generated_code_iterative_repair/qwen2.5-coder_32b/qwen2.5-coder_7b/basic/C005_geometry_repair_basic_iter01.py,qwen2.5-coder_7b,False,,,
map_interactive.html,experiments/05_choropleth_reliability_benchmark/outputs/runs_iterative_repair/qwen2.5-coder_7b/basic/qwen2.5-coder_7b_basic_C005_geometry_repair_iter01_20260624_042553/map_interactive.html,False,0,missing_or_empty;html_not_rendered;low_rendered_map_ink;low_edge_detail,False,,,,False,,,,,missing,False,1,interactive_html,,basic,,,C005_geometry_repair,,,qwen2.5-coder_32b,0,experiments/05_choropleth_reliability_benchmark/outputs/runs_iterative_repair/qwen2.5-coder_7b/basic/qwen2.5-coder_7b_basic_C005_geometry_repair_iter01_20260624_042553,,0,,,,False,,,,,,missing_or_empty,False,,,,experiments/05_choropleth_reliability_benchmark/outputs/generated_code_iterative_repair/qwen2.5-coder_32b/qwen2.5-coder_7b/basic/C005_geometry_repair_basic_iter01.py,qwen2.5-coder_7b,False,,False,
map_static.png,experiments/05_choropleth_reliability_benchmark/outputs/runs_iterative_repair/qwen2.5-coder_7b/basic/qwen2.5-coder_7b_basic_C005_geometry_repair_iter01_20260624_230940/map_static.png,False,0,missing_or_empty;low_thematic_color;low_map_ink;low_edge_detail,False,,,,False,,,,,,,1,static_png,,basic,,,C005_geometry_repair,missing_or_empty,False,qwen2.5-coder_7b,1,experiments/05_choropleth_reliability_benchmark/outputs/runs_iterative_repair/qwen2.5-coder_7b/basic/qwen2.5-coder_7b_basic_C005_geometry_repair_iter01_20260624_230940,,0,,,,False,,,,,,missing_or_empty,False,,,,experiments/05_choropleth_reliability_benchmark/outputs/generated_code_iterative_repair/qwen2.5-coder_7b/qwen2.5-coder_7b/basic/C005_geometry_repair_basic_iter01.py,qwen2.5-coder_7b,False,,,
time_series.png,experiments/05_choropleth_reliability_benchmark/outputs/runs_iterative_repair/qwen2.5-coder_7b/basic/qwen2.5-coder_7b_basic_C005_geometry_repair_iter01_20260624_230940/time_series.png,False,0,missing_or_empty;low_plot_ink;no_visible_line;low_edge_detail,False,,,,False,,,,,,,1,time_series_png,,basic,,,C005_geometry_repair,missing_or_empty,False,qwen2.5-coder_7b,1,experiments/05_choropleth_reliability_benchmark/outputs/runs_iterative_repair/qwen2.5-coder_7b/basic/qwen2.5-coder_7b_basic_C005_geometry_repair_iter01_20260624_230940,,0,,,,False,,,,,,missing_or_empty,False,,,,experiments/05_choropleth_reliability_benchmark/outputs/generated_code_iterative_repair/qwen2.5-coder_7b/qwen2.5-coder_7b/basic/C005_geometry_repair_basic_iter01.py,qwen2.5-coder_7b,False,,,
map_interactive.html,experiments/05_choropleth_reliability_benchmark/outputs/runs_iterative_repair/qwen2.5-coder_7b/basic/qwen2.5-coder_7b_basic_C005_geometry_repair_iter01_20260624_230940/map_interactive.html,False,0,missing_or_empty;html_not_rendered;low_rendered_map_ink;low_edge_detail,False,,,,False,,,,,missing,False,1,interactive_html,,basic,,,C005_geometry_repair,,,qwen2.5-coder_7b,1,experiments/05_choropleth_reliability_benchmark/outputs/runs_iterative_repair/qwen2.5-coder_7b/basic/qwen2.5-coder_7b_basic_C005_geometry_repair_iter01_20260624_230940,,0,,,,False,,,,,,missing_or_empty,False,,,,experiments/05_choropleth_reliability_benchmark/outputs/generated_code_iterative_repair/qwen2.5-coder_7b/qwen2.5-coder_7b/basic/C005_geometry_repair_basic_iter01.py,qwen2.5-coder_7b,False,,False,
map_static.png,experiments/05_choropleth_reliability_benchmark/outputs/runs_iterative_repair/qwen2.5-coder_7b/basic/qwen2.5-coder_7b_basic_C005_geometry_repair_iter01_20260624_233429/map_static.png,False,0,missing_or_empty;low_thematic_color;low_map_ink;low_edge_detail,False,,,,False,,,,,,,1,static_png,,basic,,,C005_geometry_repair,missing_or_empty,False,qwen2.5-coder_14b,1,experiments/05_choropleth_reliability_benchmark/outputs/runs_iterative_repair/qwen2.5-coder_7b/basic/qwen2.5-coder_7b_basic_C005_geometry_repair_iter01_20260624_233429,,0,,,,False,,,,,,missing_or_empty,False,,,,experiments/05_choropleth_reliability_benchmark/outputs/generated_code_iterative_repair/qwen2.5-coder_14b/qwen2.5-coder_7b/basic/C005_geometry_repair_basic_iter01.py,qwen2.5-coder_7b,False,,,
time_series.png,experiments/05_choropleth_reliability_benchmark/outputs/runs_iterative_repair/qwen2.5-coder_7b/basic/qwen2.5-coder_7b_basic_C005_geometry_repair_iter01_20260624_233429/time_series.png,False,0,missing_or_empty;low_plot_ink;no_visible_line;low_edge_detail,False,,,,False,,,,,,,1,time_series_png,,basic,,,C005_geometry_repair,missing_or_empty,False,qwen2.5-coder_14b,1,experiments/05_choropleth_reliability_benchmark/outputs/runs_iterative_repair/qwen2.5-coder_7b/basic/qwen2.5-coder_7b_basic_C005_geometry_repair_iter01_20260624_233429,,0,,,,False,,,,,,missing_or_empty,False,,,,experiments/05_choropleth_reliability_benchmark/outputs/generated_code_iterative_repair/qwen2.5-coder_14b/qwen2.5-coder_7b/basic/C005_geometry_repair_basic_iter01.py,qwen2.5-coder_7b,False,,,
map_interactive.html,experiments/05_choropleth_reliability_benchmark/outputs/runs_iterative_repair/qwen2.5-coder_7b/basic/qwen2.5-coder_7b_basic_C005_geometry_repair_iter01_20260624_233429/map_interactive.html,False,0,missing_or_empty;html_not_rendered;low_rendered_map_ink;low_edge_detail,False,,,,False,,,,,missing,False,1,interactive_html,,basic,,,C005_geometry_repair,,,qwen2.5-coder_14b,1,experiments/05_choropleth_reliability_benchmark/outputs/runs_iterative_repair/qwen2.5-coder_7b/basic/qwen2.5-coder_7b_basic_C005_geometry_repair_iter01_20260624_233429,,0,,,,False,,,,,,missing_or_empty,False,,,,experiments/05_choropleth_reliability_benchmark/outputs/generated_code_iterative_repair/qwen2.5-coder_14b/qwen2.5-coder_7b/basic/C005_geometry_repair_basic_iter01.py,qwen2.5-coder_7b,False,,False,
map_static.png,experiments/05_choropleth_reliability_benchmark/outputs/runs_iterative_repair/qwen2.5-coder_7b/basic/qwen2.5-coder_7b_basic_C005_geometry_repair_iter02_20260624_230949/map_static.png,False,0,missing_or_empty;low_thematic_color;low_map_ink;low_edge_detail,False,,,,False,,,,,,,2,static_png,,basic,,,C005_geometry_repair,missing_or_empty,False,qwen2.5-coder_7b,1,experiments/05_choropleth_reliability_benchmark/outputs/runs_iterative_repair/qwen2.5-coder_7b/basic/qwen2.5-coder_7b_basic_C005_geometry_repair_iter02_20260624_230949,,0,,,,False,,,,,,missing_or_empty,False,,,,experiments/05_choropleth_reliability_benchmark/outputs/generated_code_iterative_repair/qwen2.5-coder_7b/qwen2.5-coder_7b/basic/C005_geometry_repair_basic_iter02.py,qwen2.5-coder_7b,False,,,
time_series.png,experiments/05_choropleth_reliability_benchmark/outputs/runs_iterative_repair/qwen2.5-coder_7b/basic/qwen2.5-coder_7b_basic_C005_geometry_repair_iter02_20260624_230949/time_series.png,False,0,missing_or_empty;low_plot_ink;no_visible_line;low_edge_detail,False,,,,False,,,,,,,2,time_series_png,,basic,,,C005_geometry_repair,missing_or_empty,False,qwen2.5-coder_7b,1,experiments/05_choropleth_reliability_benchmark/outputs/runs_iterative_repair/qwen2.5-coder_7b/basic/qwen2.5-coder_7b_basic_C005_geometry_repair_iter02_20260624_230949,,0,,,,False,,,,,,missing_or_empty,False,,,,experiments/05_choropleth_reliability_benchmark/outputs/generated_code_iterative_repair/qwen2.5-coder_7b/qwen2.5-coder_7b/basic/C005_geometry_repair_basic_iter02.py,qwen2.5-coder_7b,False,,,
map_interactive.html,experiments/05_choropleth_reliability_benchmark/outputs/runs_iterative_repair/qwen2.5-coder_7b/basic/qwen2.5-coder_7b_basic_C005_geometry_repair_iter02_20260624_230949/map_interactive.html,False,0,missing_or_empty;html_not_rendered;low_rendered_map_ink;low_edge_detail,False,,,,False,,,,,missing,False,2,interactive_html,,basic,,,C005_geometry_repair,,,qwen2.5-coder_7b,1,experiments/05_choropleth_reliability_benchmark/outputs/runs_iterative_repair/qwen2.5-coder_7b/basic/qwen2.5-coder_7b_basic_C005_geometry_repair_iter02_20260624_230949,,0,,,,False,,,,,,missing_or_empty,False,,,,experiments/05_choropleth_reliability_benchmark/outputs/generated_code_iterative_repair/qwen2.5-coder_7b/qwen2.5-coder_7b/basic/C005_geometry_repair_basic_iter02.py,qwen2.5-coder_7b,False,,False,
map_static.png,experiments/05_choropleth_reliability_benchmark/outputs/runs_iterative_repair/qwen2.5-coder_7b/basic/qwen2.5-coder_7b_basic_C005_geometry_repair_iter02_20260624_233450/map_static.png,False,0,missing_or_empty;low_thematic_color;low_map_ink;low_edge_detail,False,,,,False,,,,,,,2,static_png,,basic,,,C005_geometry_repair,missing_or_empty,False,qwen2.5-coder_14b,1,experiments/05_choropleth_reliability_benchmark/outputs/runs_iterative_repair/qwen2.5-coder_7b/basic/qwen2.5-coder_7b_basic_C005_geometry_repair_iter02_20260624_233450,,0,,,,False,,,,,,missing_or_empty,False,,,,experiments/05_choropleth_reliability_benchmark/outputs/generated_code_iterative_repair/qwen2.5-coder_14b/qwen2.5-coder_7b/basic/C005_geometry_repair_basic_iter02.py,qwen2.5-coder_7b,False,,,
time_series.png,experiments/05_choropleth_reliability_benchmark/outputs/runs_iterative_repair/qwen2.5-coder_7b/basic/qwen2.5-coder_7b_basic_C005_geometry_repair_iter02_20260624_233450/time_series.png,False,0,missing_or_empty;low_plot_ink;no_visible_line;low_edge_detail,False,,,,False,,,,,,,2,time_series_png,,basic,,,C005_geometry_repair,missing_or_empty,False,qwen2.5-coder_14b,1,experiments/05_choropleth_reliability_benchmark/outputs/runs_iterative_repair/qwen2.5-coder_7b/basic/qwen2.5-coder_7b_basic_C005_geometry_repair_iter02_20260624_233450,,0,,,,False,,,,,,missing_or_empty,False,,,,experiments/05_choropleth_reliability_benchmark/outputs/generated_code_iterative_repair/qwen2.5-coder_14b/qwen2.5-coder_7b/basic/C005_geometry_repair_basic_iter02.py,qwen2.5-coder_7b,False,,,
map_interactive.html,experiments/05_choropleth_reliability_benchmark/outputs/runs_iterative_repair/qwen2.5-coder_7b/basic/qwen2.5-coder_7b_basic_C005_geometry_repair_iter02_20260624_233450/map_interactive.html,False,0,missing_or_empty;html_not_rendered;low_rendered_map_ink;low_edge_detail,False,,,,False,,,,,missing,False,2,interactive_html,,basic,,,C005_geometry_repair,,,qwen2.5-coder_14b,1,experiments/05_choropleth_reliability_benchmark/outputs/runs_iterative_repair/qwen2.5-coder_7b/basic/qwen2.5-coder_7b_basic_C005_geometry_repair_iter02_20260624_233450,,0,,,,False,,,,,,missing_or_empty,False,,,,experiments/05_choropleth_reliability_benchmark/outputs/generated_code_iterative_repair/qwen2.5-coder_14b/qwen2.5-coder_7b/basic/C005_geometry_repair_basic_iter02.py,qwen2.5-coder_7b,False,,False,
map_static.png,experiments/05_choropleth_reliability_benchmark/outputs/runs_iterative_repair/qwen2.5-coder_7b/basic/qwen2.5-coder_7b_basic_C005_geometry_repair_iter03_20260624_230957/map_static.png,False,0,missing_or_empty;low_thematic_color;low_map_ink;low_edge_detail,False,,,,False,,,,,,,3,static_png,,basic,,,C005_geometry_repair,missing_or_empty,False,qwen2.5-coder_7b,1,experiments/05_choropleth_reliability_benchmark/outputs/runs_iterative_repair/qwen2.5-coder_7b/basic/qwen2.5-coder_7b_basic_C005_geometry_repair_iter03_20260624_230957,,0,,,,False,,,,,,missing_or_empty,False,,,,experiments/05_choropleth_reliability_benchmark/outputs/generated_code_iterative_repair/qwen2.5-coder_7b/qwen2.5-coder_7b/basic/C005_geometry_repair_basic_iter03.py,qwen2.5-coder_7b,False,,,
time_series.png,experiments/05_choropleth_reliability_benchmark/outputs/runs_iterative_repair/qwen2.5-coder_7b/basic/qwen2.5-coder_7b_basic_C005_geometry_repair_iter03_20260624_230957/time_series.png,False,0,missing_or_empty;low_plot_ink;no_visible_line;low_edge_detail,False,,,,False,,,,,,,3,time_series_png,,basic,,,C005_geometry_repair,missing_or_empty,False,qwen2.5-coder_7b,1,experiments/05_choropleth_reliability_benchmark/outputs/runs_iterative_repair/qwen2.5-coder_7b/basic/qwen2.5-coder_7b_basic_C005_geometry_repair_iter03_20260624_230957,,0,,,,False,,,,,,missing_or_empty,False,,,,experiments/05_choropleth_reliability_benchmark/outputs/generated_code_iterative_repair/qwen2.5-coder_7b/qwen2.5-coder_7b/basic/C005_geometry_repair_basic_iter03.py,qwen2.5-coder_7b,False,,,
map_interactive.html,experiments/05_choropleth_reliability_benchmark/outputs/runs_iterative_repair/qwen2.5-coder_7b/basic/qwen2.5-coder_7b_basic_C005_geometry_repair_iter03_20260624_230957/map_interactive.html,False,0,missing_or_empty;html_not_rendered;low_rendered_map_ink;low_edge_detail,False,,,,False,,,,,missing,False,3,interactive_html,,basic,,,C005_geometry_repair,,,qwen2.5-coder_7b,1,experiments/05_choropleth_reliability_benchmark/outputs/runs_iterative_repair/qwen2.5-coder_7b/basic/qwen2.5-coder_7b_basic_C005_geometry_repair_iter03_20260624_230957,,0,,,,False,,,,,,missing_or_empty,False,,,,experiments/05_choropleth_reliability_benchmark/outputs/generated_code_iterative_repair/qwen2.5-coder_7b/qwen2.5-coder_7b/basic/C005_geometry_repair_basic_iter03.py,qwen2.5-coder_7b,False,,False,
map_static.png,experiments/05_choropleth_reliability_benchmark/outputs/runs_iterative_repair/qwen2.5-coder_7b/basic/qwen2.5-coder_7b_basic_C005_geometry_repair_iter03_20260624_233511/map_static.png,False,0,missing_or_empty;low_thematic_color;low_map_ink;low_edge_detail,False,,,,False,,,,,,,3,static_png,,basic,,,C005_geometry_repair,missing_or_empty,False,qwen2.5-coder_14b,1,experiments/05_choropleth_reliability_benchmark/outputs/runs_iterative_repair/qwen2.5-coder_7b/basic/qwen2.5-coder_7b_basic_C005_geometry_repair_iter03_20260624_233511,,0,,,,False,,,,,,missing_or_empty,False,,,,experiments/05_choropleth_reliability_benchmark/outputs/generated_code_iterative_repair/qwen2.5-coder_14b/qwen2.5-coder_7b/basic/C005_geometry_repair_basic_iter03.py,qwen2.5-coder_7b,False,,,
time_series.png,experiments/05_choropleth_reliability_benchmark/outputs/runs_iterative_repair/qwen2.5-coder_7b/basic/qwen2.5-coder_7b_basic_C005_geometry_repair_iter03_20260624_233511/time_series.png,False,0,missing_or_empty;low_plot_ink;no_visible_line;low_edge_detail,False,,,,False,,,,,,,3,time_series_png,,basic,,,C005_geometry_repair,missing_or_empty,False,qwen2.5-coder_14b,1,experiments/05_choropleth_reliability_benchmark/outputs/runs_iterative_repair/qwen2.5-coder_7b/basic/qwen2.5-coder_7b_basic_C005_geometry_repair_iter03_20260624_233511,,0,,,,False,,,,,,missing_or_empty,False,,,,experiments/05_choropleth_reliability_benchmark/outputs/generated_code_iterative_repair/qwen2.5-coder_14b/qwen2.5-coder_7b/basic/C005_geometry_repair_basic_iter03.py,qwen2.5-coder_7b,False,,,
map_interactive.html,experiments/05_choropleth_reliability_benchmark/outputs/runs_iterative_repair/qwen2.5-coder_7b/basic/qwen2.5-coder_7b_basic_C005_geometry_repair_iter03_20260624_233511/map_interactive.html,False,0,missing_or_empty;html_not_rendered;low_rendered_map_ink;low_edge_detail,False,,,,False,,,,,missing,False,3,interactive_html,,basic,,,C005_geometry_repair,,,qwen2.5-coder_14b,1,experiments/05_choropleth_reliability_benchmark/outputs/runs_iterative_repair/qwen2.5-coder_7b/basic/qwen2.5-coder_7b_basic_C005_geometry_repair_iter03_20260624_233511,,0,,,,False,,,,,,missing_or_empty,False,,,,experiments/05_choropleth_reliability_benchmark/outputs/generated_code_iterative_repair/qwen2.5-coder_14b/qwen2.5-coder_7b/basic/C005_geometry_repair_basic_iter03.py,qwen2.5-coder_7b,False,,False,
map_static.png,experiments/05_choropleth_reliability_benchmark/outputs/runs_iterative_repair/qwen2.5-coder_7b/basic/qwen2.5-coder_7b_basic_C006_join_diagnostics_iter01_20260624_045203/map_static.png,False,0,missing_or_empty;low_thematic_color;low_map_ink;low_edge_detail,False,,,,False,,,,,,,1,static_png,,basic,,,C006_join_diagnostics,missing_or_empty,False,qwen2.5-coder_32b,1,experiments/05_choropleth_reliability_benchmark/outputs/runs_iterative_repair/qwen2.5-coder_7b/basic/qwen2.5-coder_7b_basic_C006_join_diagnostics_iter01_20260624_045203,,0,,,,False,,,,,,missing_or_empty,False,,,,experiments/05_choropleth_reliability_benchmark/outputs/generated_code_iterative_repair/qwen2.5-coder_32b/qwen2.5-coder_7b/basic/C006_join_diagnostics_basic_iter01.py,qwen2.5-coder_7b,False,,,
time_series.png,experiments/05_choropleth_reliability_benchmark/outputs/runs_iterative_repair/qwen2.5-coder_7b/basic/qwen2.5-coder_7b_basic_C006_join_diagnostics_iter01_20260624_045203/time_series.png,False,0,missing_or_empty;low_plot_ink;no_visible_line;low_edge_detail,False,,,,False,,,,,,,1,time_series_png,,basic,,,C006_join_diagnostics,missing_or_empty,False,qwen2.5-coder_32b,1,experiments/05_choropleth_reliability_benchmark/outputs/runs_iterative_repair/qwen2.5-coder_7b/basic/qwen2.5-coder_7b_basic_C006_join_diagnostics_iter01_20260624_045203,,0,,,,False,,,,,,missing_or_empty,False,,,,experiments/05_choropleth_reliability_benchmark/outputs/generated_code_iterative_repair/qwen2.5-coder_32b/qwen2.5-coder_7b/basic/C006_join_diagnostics_basic_iter01.py,qwen2.5-coder_7b,False,,,
map_interactive.html,experiments/05_choropleth_reliability_benchmark/outputs/runs_iterative_repair/qwen2.5-coder_7b/basic/qwen2.5-coder_7b_basic_C006_join_diagnostics_iter01_20260624_045203/map_interactive.html,False,0,missing_or_empty;html_not_rendered;low_rendered_map_ink;low_edge_detail,False,,,,False,,,,,missing,False,1,interactive_html,,basic,,,C006_join_diagnostics,,,qwen2.5-coder_32b,1,experiments/05_choropleth_reliability_benchmark/outputs/runs_iterative_repair/qwen2.5-coder_7b/basic/qwen2.5-coder_7b_basic_C006_join_diagnostics_iter01_20260624_045203,,0,,,,False,,,,,,missing_or_empty,False,,,,experiments/05_choropleth_reliability_benchmark/outputs/generated_code_iterative_repair/qwen2.5-coder_32b/qwen2.5-coder_7b/basic/C006_join_diagnostics_basic_iter01.py,qwen2.5-coder_7b,False,,False,
map_static.png,experiments/05_choropleth_reliability_benchmark/outputs/runs_iterative_repair/qwen2.5-coder_7b/basic/qwen2.5-coder_7b_basic_C006_join_diagnostics_iter01_20260624_231840/map_static.png,False,0,missing_or_empty;low_thematic_color;low_map_ink;low_edge_detail,False,,,,False,,,,,,,1,static_png,,basic,,,C006_join_diagnostics,missing_or_empty,False,qwen2.5-coder_7b,1,experiments/05_choropleth_reliability_benchmark/outputs/runs_iterative_repair/qwen2.5-coder_7b/basic/qwen2.5-coder_7b_basic_C006_join_diagnostics_iter01_20260624_231840,,0,,,,False,,,,,,missing_or_empty,False,,,,experiments/05_choropleth_reliability_benchmark/outputs/generated_code_iterative_repair/qwen2.5-coder_7b/qwen2.5-coder_7b/basic/C006_join_diagnostics_basic_iter01.py,qwen2.5-coder_7b,False,,,
time_series.png,experiments/05_choropleth_reliability_benchmark/outputs/runs_iterative_repair/qwen2.5-coder_7b/basic/qwen2.5-coder_7b_basic_C006_join_diagnostics_iter01_20260624_231840/time_series.png,False,0,missing_or_empty;low_plot_ink;no_visible_line;low_edge_detail,False,,,,False,,,,,,,1,time_series_png,,basic,,,C006_join_diagnostics,missing_or_empty,False,qwen2.5-coder_7b,1,experiments/05_choropleth_reliability_benchmark/outputs/runs_iterative_repair/qwen2.5-coder_7b/basic/qwen2.5-coder_7b_basic_C006_join_diagnostics_iter01_20260624_231840,,0,,,,False,,,,,,missing_or_empty,False,,,,experiments/05_choropleth_reliability_benchmark/outputs/generated_code_iterative_repair/qwen2.5-coder_7b/qwen2.5-coder_7b/basic/C006_join_diagnostics_basic_iter01.py,qwen2.5-coder_7b,False,,,
map_interactive.html,experiments/05_choropleth_reliability_benchmark/outputs/runs_iterative_repair/qwen2.5-coder_7b/basic/qwen2.5-coder_7b_basic_C006_join_diagnostics_iter01_20260624_231840/map_interactive.html,False,0,missing_or_empty;html_not_rendered;low_rendered_map_ink;low_edge_detail,False,,,,False,,,,,missing,False,1,interactive_html,,basic,,,C006_join_diagnostics,,,qwen2.5-coder_7b,1,experiments/05_choropleth_reliability_benchmark/outputs/runs_iterative_repair/qwen2.5-coder_7b/basic/qwen2.5-coder_7b_basic_C006_join_diagnostics_iter01_20260624_231840,,0,,,,False,,,,,,missing_or_empty,False,,,,experiments/05_choropleth_reliability_benchmark/outputs/generated_code_iterative_repair/qwen2.5-coder_7b/qwen2.5-coder_7b/basic/C006_join_diagnostics_basic_iter01.py,qwen2.5-coder_7b,False,,False,
map_static.png,experiments/05_choropleth_reliability_benchmark/outputs/runs_iterative_repair/qwen2.5-coder_7b/basic/qwen2.5-coder_7b_basic_C006_join_diagnostics_iter01_20260624_235047/map_static.png,False,0,missing_or_empty;low_thematic_color;low_map_ink;low_edge_detail,False,,,,False,,,,,,,1,static_png,,basic,,,C006_join_diagnostics,missing_or_empty,False,qwen2.5-coder_14b,1,experiments/05_choropleth_reliability_benchmark/outputs/runs_iterative_repair/qwen2.5-coder_7b/basic/qwen2.5-coder_7b_basic_C006_join_diagnostics_iter01_20260624_235047,,0,,,,False,,,,,,missing_or_empty,False,,,,experiments/05_choropleth_reliability_benchmark/outputs/generated_code_iterative_repair/qwen2.5-coder_14b/qwen2.5-coder_7b/basic/C006_join_diagnostics_basic_iter01.py,qwen2.5-coder_7b,False,,,
time_series.png,experiments/05_choropleth_reliability_benchmark/outputs/runs_iterative_repair/qwen2.5-coder_7b/basic/qwen2.5-coder_7b_basic_C006_join_diagnostics_iter01_20260624_235047/time_series.png,False,0,missing_or_empty;low_plot_ink;no_visible_line;low_edge_detail,False,,,,False,,,,,,,1,time_series_png,,basic,,,C006_join_diagnostics,missing_or_empty,False,qwen2.5-coder_14b,1,experiments/05_choropleth_reliability_benchmark/outputs/runs_iterative_repair/qwen2.5-coder_7b/basic/qwen2.5-coder_7b_basic_C006_join_diagnostics_iter01_20260624_235047,,0,,,,False,,,,,,missing_or_empty,False,,,,experiments/05_choropleth_reliability_benchmark/outputs/generated_code_iterative_repair/qwen2.5-coder_14b/qwen2.5-coder_7b/basic/C006_join_diagnostics_basic_iter01.py,qwen2.5-coder_7b,False,,,
map_interactive.html,experiments/05_choropleth_reliability_benchmark/outputs/runs_iterative_repair/qwen2.5-coder_7b/basic/qwen2.5-coder_7b_basic_C006_join_diagnostics_iter01_20260624_235047/map_interactive.html,False,0,missing_or_empty;html_not_rendered;low_rendered_map_ink;low_edge_detail,False,,,,False,,,,,missing,False,1,interactive_html,,basic,,,C006_join_diagnostics,,,qwen2.5-coder_14b,1,experiments/05_choropleth_reliability_benchmark/outputs/runs_iterative_repair/qwen2.5-coder_7b/basic/qwen2.5-coder_7b_basic_C006_join_diagnostics_iter01_20260624_235047,,0,,,,False,,,,,,missing_or_empty,False,,,,experiments/05_choropleth_reliability_benchmark/outputs/generated_code_iterative_repair/qwen2.5-coder_14b/qwen2.5-coder_7b/basic/C006_join_diagnostics_basic_iter01.py,qwen2.5-coder_7b,False,,False,
map_static.png,experiments/05_choropleth_reliability_benchmark/outputs/runs_iterative_repair/qwen2.5-coder_7b/basic/qwen2.5-coder_7b_basic_C006_join_diagnostics_iter02_20260624_045242/map_static.png,False,0,missing_or_empty;low_thematic_color;low_map_ink;low_edge_detail,False,,,,False,,,,,,,2,static_png,,basic,,,C006_join_diagnostics,missing_or_empty,False,qwen2.5-coder_32b,1,experiments/05_choropleth_reliability_benchmark/outputs/runs_iterative_repair/qwen2.5-coder_7b/basic/qwen2.5-coder_7b_basic_C006_join_diagnostics_iter02_20260624_045242,,0,,,,False,,,,,,missing_or_empty,False,,,,experiments/05_choropleth_reliability_benchmark/outputs/generated_code_iterative_repair/qwen2.5-coder_32b/qwen2.5-coder_7b/basic/C006_join_diagnostics_basic_iter02.py,qwen2.5-coder_7b,False,,,
time_series.png,experiments/05_choropleth_reliability_benchmark/outputs/runs_iterative_repair/qwen2.5-coder_7b/basic/qwen2.5-coder_7b_basic_C006_join_diagnostics_iter02_20260624_045242/time_series.png,False,0,missing_or_empty;low_plot_ink;no_visible_line;low_edge_detail,False,,,,False,,,,,,,2,time_series_png,,basic,,,C006_join_diagnostics,missing_or_empty,False,qwen2.5-coder_32b,1,experiments/05_choropleth_reliability_benchmark/outputs/runs_iterative_repair/qwen2.5-coder_7b/basic/qwen2.5-coder_7b_basic_C006_join_diagnostics_iter02_20260624_045242,,0,,,,False,,,,,,missing_or_empty,False,,,,experiments/05_choropleth_reliability_benchmark/outputs/generated_code_iterative_repair/qwen2.5-coder_32b/qwen2.5-coder_7b/basic/C006_join_diagnostics_basic_iter02.py,qwen2.5-coder_7b,False,,,
map_interactive.html,experiments/05_choropleth_reliability_benchmark/outputs/runs_iterative_repair/qwen2.5-coder_7b/basic/qwen2.5-coder_7b_basic_C006_join_diagnostics_iter02_20260624_045242/map_interactive.html,False,0,missing_or_empty;html_not_rendered;low_rendered_map_ink;low_edge_detail,False,,,,False,,,,,missing,False,2,interactive_html,,basic,,,C006_join_diagnostics,,,qwen2.5-coder_32b,1,experiments/05_choropleth_reliability_benchmark/outputs/runs_iterative_repair/qwen2.5-coder_7b/basic/qwen2.5-coder_7b_basic_C006_join_diagnostics_iter02_20260624_045242,,0,,,,False,,,,,,missing_or_empty,False,,,,experiments/05_choropleth_reliability_benchmark/outputs/generated_code_iterative_repair/qwen2.5-coder_32b/qwen2.5-coder_7b/basic/C006_join_diagnostics_basic_iter02.py,qwen2.5-coder_7b,False,,False,
map_static.png,experiments/05_choropleth_reliability_benchmark/outputs/runs_iterative_repair/qwen2.5-coder_7b/basic/qwen2.5-coder_7b_basic_C006_join_diagnostics_iter02_20260624_231850/map_static.png,False,0,missing_or_empty;low_thematic_color;low_map_ink;low_edge_detail,False,,,,False,,,,,,,2,static_png,,basic,,,C006_join_diagnostics,missing_or_empty,False,qwen2.5-coder_7b,1,experiments/05_choropleth_reliability_benchmark/outputs/runs_iterative_repair/qwen2.5-coder_7b/basic/qwen2.5-coder_7b_basic_C006_join_diagnostics_iter02_20260624_231850,,0,,,,False,,,,,,missing_or_empty,False,,,,experiments/05_choropleth_reliability_benchmark/outputs/generated_code_iterative_repair/qwen2.5-coder_7b/qwen2.5-coder_7b/basic/C006_join_diagnostics_basic_iter02.py,qwen2.5-coder_7b,False,,,
time_series.png,experiments/05_choropleth_reliability_benchmark/outputs/runs_iterative_repair/qwen2.5-coder_7b/basic/qwen2.5-coder_7b_basic_C006_join_diagnostics_iter02_20260624_231850/time_series.png,False,0,missing_or_empty;low_plot_ink;no_visible_line;low_edge_detail,False,,,,False,,,,,,,2,time_series_png,,basic,,,C006_join_diagnostics,missing_or_empty,False,qwen2.5-coder_7b,1,experiments/05_choropleth_reliability_benchmark/outputs/runs_iterative_repair/qwen2.5-coder_7b/basic/qwen2.5-coder_7b_basic_C006_join_diagnostics_iter02_20260624_231850,,0,,,,False,,,,,,missing_or_empty,False,,,,experiments/05_choropleth_reliability_benchmark/outputs/generated_code_iterative_repair/qwen2.5-coder_7b/qwen2.5-coder_7b/basic/C006_join_diagnostics_basic_iter02.py,qwen2.5-coder_7b,False,,,
map_interactive.html,experiments/05_choropleth_reliability_benchmark/outputs/runs_iterative_repair/qwen2.5-coder_7b/basic/qwen2.5-coder_7b_basic_C006_join_diagnostics_iter02_20260624_231850/map_interactive.html,False,0,missing_or_empty;html_not_rendered;low_rendered_map_ink;low_edge_detail,False,,,,False,,,,,missing,False,2,interactive_html,,basic,,,C006_join_diagnostics,,,qwen2.5-coder_7b,1,experiments/05_choropleth_reliability_benchmark/outputs/runs_iterative_repair/qwen2.5-coder_7b/basic/qwen2.5-coder_7b_basic_C006_join_diagnostics_iter02_20260624_231850,,0,,,,False,,,,,,missing_or_empty,False,,,,experiments/05_choropleth_reliability_benchmark/outputs/generated_code_iterative_repair/qwen2.5-coder_7b/qwen2.5-coder_7b/basic/C006_join_diagnostics_basic_iter02.py,qwen2.5-coder_7b,False,,False,
map_static.png,experiments/05_choropleth_reliability_benchmark/outputs/runs_iterative_repair/qwen2.5-coder_7b/basic/qwen2.5-coder_7b_basic_C006_join_diagnostics_iter02_20260624_235108/map_static.png,False,0,missing_or_empty;low_thematic_color;low_map_ink;low_edge_detail,False,,,,False,,,,,,,2,static_png,,basic,,,C006_join_diagnostics,missing_or_empty,False,qwen2.5-coder_14b,1,experiments/05_choropleth_reliability_benchmark/outputs/runs_iterative_repair/qwen2.5-coder_7b/basic/qwen2.5-coder_7b_basic_C006_join_diagnostics_iter02_20260624_235108,,0,,,,False,,,,,,missing_or_empty,False,,,,experiments/05_choropleth_reliability_benchmark/outputs/generated_code_iterative_repair/qwen2.5-coder_14b/qwen2.5-coder_7b/basic/C006_join_diagnostics_basic_iter02.py,qwen2.5-coder_7b,False,,,
time_series.png,experiments/05_choropleth_reliability_benchmark/outputs/runs_iterative_repair/qwen2.5-coder_7b/basic/qwen2.5-coder_7b_basic_C006_join_diagnostics_iter02_20260624_235108/time_series.png,False,0,missing_or_empty;low_plot_ink;no_visible_line;low_edge_detail,False,,,,False,,,,,,,2,time_series_png,,basic,,,C006_join_diagnostics,missing_or_empty,False,qwen2.5-coder_14b,1,experiments/05_choropleth_reliability_benchmark/outputs/runs_iterative_repair/qwen2.5-coder_7b/basic/qwen2.5-coder_7b_basic_C006_join_diagnostics_iter02_20260624_235108,,0,,,,False,,,,,,missing_or_empty,False,,,,experiments/05_choropleth_reliability_benchmark/outputs/generated_code_iterative_repair/qwen2.5-coder_14b/qwen2.5-coder_7b/basic/C006_join_diagnostics_basic_iter02.py,qwen2.5-coder_7b,False,,,
map_interactive.html,experiments/05_choropleth_reliability_benchmark/outputs/runs_iterative_repair/qwen2.5-coder_7b/basic/qwen2.5-coder_7b_basic_C006_join_diagnostics_iter02_20260624_235108/map_interactive.html,False,0,missing_or_empty;html_not_rendered;low_rendered_map_ink;low_edge_detail,False,,,,False,,,,,missing,False,2,interactive_html,,basic,,,C006_join_diagnostics,,,qwen2.5-coder_14b,1,experiments/05_choropleth_reliability_benchmark/outputs/runs_iterative_repair/qwen2.5-coder_7b/basic/qwen2.5-coder_7b_basic_C006_join_diagnostics_iter02_20260624_235108,,0,,,,False,,,,,,missing_or_empty,False,,,,experiments/05_choropleth_reliability_benchmark/outputs/generated_code_iterative_repair/qwen2.5-coder_14b/qwen2.5-coder_7b/basic/C006_join_diagnostics_basic_iter02.py,qwen2.5-coder_7b,False,,False,
map_static.png,experiments/05_choropleth_reliability_benchmark/outputs/runs_iterative_repair/qwen2.5-coder_7b/basic/qwen2.5-coder_7b_basic_C006_join_diagnostics_iter03_20260624_062356/map_static.png,False,0,missing_or_empty;low_thematic_color;low_map_ink;low_edge_detail,False,,,,False,,,,,,,3,static_png,,basic,,,C006_join_diagnostics,missing_or_empty,False,qwen2.5-coder_32b,1,experiments/05_choropleth_reliability_benchmark/outputs/runs_iterative_repair/qwen2.5-coder_7b/basic/qwen2.5-coder_7b_basic_C006_join_diagnostics_iter03_20260624_062356,,0,,,,False,,,,,,missing_or_empty,False,,,,experiments/05_choropleth_reliability_benchmark/outputs/generated_code_iterative_repair/qwen2.5-coder_32b/qwen2.5-coder_7b/basic/C006_join_diagnostics_basic_iter03.py,qwen2.5-coder_7b,False,,,
time_series.png,experiments/05_choropleth_reliability_benchmark/outputs/runs_iterative_repair/qwen2.5-coder_7b/basic/qwen2.5-coder_7b_basic_C006_join_diagnostics_iter03_20260624_062356/time_series.png,False,0,missing_or_empty;low_plot_ink;no_visible_line;low_edge_detail,False,,,,False,,,,,,,3,time_series_png,,basic,,,C006_join_diagnostics,missing_or_empty,False,qwen2.5-coder_32b,1,experiments/05_choropleth_reliability_benchmark/outputs/runs_iterative_repair/qwen2.5-coder_7b/basic/qwen2.5-coder_7b_basic_C006_join_diagnostics_iter03_20260624_062356,,0,,,,False,,,,,,missing_or_empty,False,,,,experiments/05_choropleth_reliability_benchmark/outputs/generated_code_iterative_repair/qwen2.5-coder_32b/qwen2.5-coder_7b/basic/C006_join_diagnostics_basic_iter03.py,qwen2.5-coder_7b,False,,,
map_interactive.html,experiments/05_choropleth_reliability_benchmark/outputs/runs_iterative_repair/qwen2.5-coder_7b/basic/qwen2.5-coder_7b_basic_C006_join_diagnostics_iter03_20260624_062356/map_interactive.html,False,0,missing_or_empty;html_not_rendered;low_rendered_map_ink;low_edge_detail,False,,,,False,,,,,missing,False,3,interactive_html,,basic,,,C006_join_diagnostics,,,qwen2.5-coder_32b,1,experiments/05_choropleth_reliability_benchmark/outputs/runs_iterative_repair/qwen2.5-coder_7b/basic/qwen2.5-coder_7b_basic_C006_join_diagnostics_iter03_20260624_062356,,0,,,,False,,,,,,missing_or_empty,False,,,,experiments/05_choropleth_reliability_benchmark/outputs/generated_code_iterative_repair/qwen2.5-coder_32b/qwen2.5-coder_7b/basic/C006_join_diagnostics_basic_iter03.py,qwen2.5-coder_7b,False,,False,
map_static.png,experiments/05_choropleth_reliability_benchmark/outputs/runs_iterative_repair/qwen2.5-coder_7b/basic/qwen2.5-coder_7b_basic_C006_join_diagnostics_iter03_20260624_231901/map_static.png,False,0,missing_or_empty;low_thematic_color;low_map_ink;low_edge_detail,False,,,,False,,,,,,,3,static_png,,basic,,,C006_join_diagnostics,missing_or_empty,False,qwen2.5-coder_7b,1,experiments/05_choropleth_reliability_benchmark/outputs/runs_iterative_repair/qwen2.5-coder_7b/basic/qwen2.5-coder_7b_basic_C006_join_diagnostics_iter03_20260624_231901,,0,,,,False,,,,,,missing_or_empty,False,,,,experiments/05_choropleth_reliability_benchmark/outputs/generated_code_iterative_repair/qwen2.5-coder_7b/qwen2.5-coder_7b/basic/C006_join_diagnostics_basic_iter03.py,qwen2.5-coder_7b,False,,,
time_series.png,experiments/05_choropleth_reliability_benchmark/outputs/runs_iterative_repair/qwen2.5-coder_7b/basic/qwen2.5-coder_7b_basic_C006_join_diagnostics_iter03_20260624_231901/time_series.png,False,0,missing_or_empty;low_plot_ink;no_visible_line;low_edge_detail,False,,,,False,,,,,,,3,time_series_png,,basic,,,C006_join_diagnostics,missing_or_empty,False,qwen2.5-coder_7b,1,experiments/05_choropleth_reliability_benchmark/outputs/runs_iterative_repair/qwen2.5-coder_7b/basic/qwen2.5-coder_7b_basic_C006_join_diagnostics_iter03_20260624_231901,,0,,,,False,,,,,,missing_or_empty,False,,,,experiments/05_choropleth_reliability_benchmark/outputs/generated_code_iterative_repair/qwen2.5-coder_7b/qwen2.5-coder_7b/basic/C006_join_diagnostics_basic_iter03.py,qwen2.5-coder_7b,False,,,
map_interactive.html,experiments/05_choropleth_reliability_benchmark/outputs/runs_iterative_repair/qwen2.5-coder_7b/basic/qwen2.5-coder_7b_basic_C006_join_diagnostics_iter03_20260624_231901/map_interactive.html,False,0,missing_or_empty;html_not_rendered;low_rendered_map_ink;low_edge_detail,False,,,,False,,,,,missing,False,3,interactive_html,,basic,,,C006_join_diagnostics,,,qwen2.5-coder_7b,1,experiments/05_choropleth_reliability_benchmark/outputs/runs_iterative_repair/qwen2.5-coder_7b/basic/qwen2.5-coder_7b_basic_C006_join_diagnostics_iter03_20260624_231901,,0,,,,False,,,,,,missing_or_empty,False,,,,experiments/05_choropleth_reliability_benchmark/outputs/generated_code_iterative_repair/qwen2.5-coder_7b/qwen2.5-coder_7b/basic/C006_join_diagnostics_basic_iter03.py,qwen2.5-coder_7b,False,,False,
map_static.png,experiments/05_choropleth_reliability_benchmark/outputs/runs_iterative_repair/qwen2.5-coder_7b/basic/qwen2.5-coder_7b_basic_C006_join_diagnostics_iter03_20260624_235127/map_static.png,False,0,missing_or_empty;low_thematic_color;low_map_ink;low_edge_detail,False,,,,False,,,,,,,3,static_png,,basic,,,C006_join_diagnostics,missing_or_empty,False,qwen2.5-coder_14b,1,experiments/05_choropleth_reliability_benchmark/outputs/runs_iterative_repair/qwen2.5-coder_7b/basic/qwen2.5-coder_7b_basic_C006_join_diagnostics_iter03_20260624_235127,,0,,,,False,,,,,,missing_or_empty,False,,,,experiments/05_choropleth_reliability_benchmark/outputs/generated_code_iterative_repair/qwen2.5-coder_14b/qwen2.5-coder_7b/basic/C006_join_diagnostics_basic_iter03.py,qwen2.5-coder_7b,False,,,
time_series.png,experiments/05_choropleth_reliability_benchmark/outputs/runs_iterative_repair/qwen2.5-coder_7b/basic/qwen2.5-coder_7b_basic_C006_join_diagnostics_iter03_20260624_235127/time_series.png,False,0,missing_or_empty;low_plot_ink;no_visible_line;low_edge_detail,False,,,,False,,,,,,,3,time_series_png,,basic,,,C006_join_diagnostics,missing_or_empty,False,qwen2.5-coder_14b,1,experiments/05_choropleth_reliability_benchmark/outputs/runs_iterative_repair/qwen2.5-coder_7b/basic/qwen2.5-coder_7b_basic_C006_join_diagnostics_iter03_20260624_235127,,0,,,,False,,,,,,missing_or_empty,False,,,,experiments/05_choropleth_reliability_benchmark/outputs/generated_code_iterative_repair/qwen2.5-coder_14b/qwen2.5-coder_7b/basic/C006_join_diagnostics_basic_iter03.py,qwen2.5-coder_7b,False,,,
map_interactive.html,experiments/05_choropleth_reliability_benchmark/outputs/runs_iterative_repair/qwen2.5-coder_7b/basic/qwen2.5-coder_7b_basic_C006_join_diagnostics_iter03_20260624_235127/map_interactive.html,False,0,missing_or_empty;html_not_rendered;low_rendered_map_ink;low_edge_detail,False,,,,False,,,,,missing,False,3,interactive_html,,basic,,,C006_join_diagnostics,,,qwen2.5-coder_14b,1,experiments/05_choropleth_reliability_benchmark/outputs/runs_iterative_repair/qwen2.5-coder_7b/basic/qwen2.5-coder_7b_basic_C006_join_diagnostics_iter03_20260624_235127,,0,,,,False,,,,,,missing_or_empty,False,,,,experiments/05_choropleth_reliability_benchmark/outputs/generated_code_iterative_repair/qwen2.5-coder_14b/qwen2.5-coder_7b/basic/C006_join_diagnostics_basic_iter03.py,qwen2.5-coder_7b,False,,False,
map_static.png,experiments/05_choropleth_reliability_benchmark/outputs/runs_iterative_repair/qwen2.5-coder_7b/basic/qwen2.5-coder_7b_basic_C007_wrong_column_guard_iter01_20260624_041241/map_static.png,False,0,missing_or_empty;low_thematic_color;low_map_ink;low_edge_detail,False,,,,False,,,,,,,1,static_png,,basic,,,C007_wrong_column_guard,missing_or_empty,False,qwen2.5-coder_32b,1,experiments/05_choropleth_reliability_benchmark/outputs/runs_iterative_repair/qwen2.5-coder_7b/basic/qwen2.5-coder_7b_basic_C007_wrong_column_guard_iter01_20260624_041241,,0,,,,False,,,,,,missing_or_empty,False,,,,experiments/05_choropleth_reliability_benchmark/outputs/generated_code_iterative_repair/qwen2.5-coder_32b/qwen2.5-coder_7b/basic/C007_wrong_column_guard_basic_iter01.py,qwen2.5-coder_7b,False,,,
time_series.png,experiments/05_choropleth_reliability_benchmark/outputs/runs_iterative_repair/qwen2.5-coder_7b/basic/qwen2.5-coder_7b_basic_C007_wrong_column_guard_iter01_20260624_041241/time_series.png,False,0,missing_or_empty;low_plot_ink;no_visible_line;low_edge_detail,False,,,,False,,,,,,,1,time_series_png,,basic,,,C007_wrong_column_guard,missing_or_empty,False,qwen2.5-coder_32b,1,experiments/05_choropleth_reliability_benchmark/outputs/runs_iterative_repair/qwen2.5-coder_7b/basic/qwen2.5-coder_7b_basic_C007_wrong_column_guard_iter01_20260624_041241,,0,,,,False,,,,,,missing_or_empty,False,,,,experiments/05_choropleth_reliability_benchmark/outputs/generated_code_iterative_repair/qwen2.5-coder_32b/qwen2.5-coder_7b/basic/C007_wrong_column_guard_basic_iter01.py,qwen2.5-coder_7b,False,,,
map_interactive.html,experiments/05_choropleth_reliability_benchmark/outputs/runs_iterative_repair/qwen2.5-coder_7b/basic/qwen2.5-coder_7b_basic_C007_wrong_column_guard_iter01_20260624_041241/map_interactive.html,False,0,missing_or_empty;html_not_rendered;low_rendered_map_ink;low_edge_detail,False,,,,False,,,,,missing,False,1,interactive_html,,basic,,,C007_wrong_column_guard,,,qwen2.5-coder_32b,1,experiments/05_choropleth_reliability_benchmark/outputs/runs_iterative_repair/qwen2.5-coder_7b/basic/qwen2.5-coder_7b_basic_C007_wrong_column_guard_iter01_20260624_041241,,0,,,,False,,,,,,missing_or_empty,False,,,,experiments/05_choropleth_reliability_benchmark/outputs/generated_code_iterative_repair/qwen2.5-coder_32b/qwen2.5-coder_7b/basic/C007_wrong_column_guard_basic_iter01.py,qwen2.5-coder_7b,False,,False,
map_static.png,experiments/05_choropleth_reliability_benchmark/outputs/runs_iterative_repair/qwen2.5-coder_7b/basic/qwen2.5-coder_7b_basic_C007_wrong_column_guard_iter01_20260624_071057/map_static.png,False,0,missing_or_empty;low_thematic_color;low_map_ink;low_edge_detail,False,,,,False,,,,,,,1,static_png,,basic,,,C007_wrong_column_guard,missing_or_empty,False,qwen2.5-coder_14b,0,experiments/05_choropleth_reliability_benchmark/outputs/runs_iterative_repair/qwen2.5-coder_7b/basic/qwen2.5-coder_7b_basic_C007_wrong_column_guard_iter01_20260624_071057,,0,,,,False,,,,,,missing_or_empty,False,,,,experiments/05_choropleth_reliability_benchmark/outputs/generated_code_iterative_repair/qwen2.5-coder_14b/qwen2.5-coder_7b/basic/C007_wrong_column_guard_basic_iter01.py,qwen2.5-coder_7b,False,,,
time_series.png,experiments/05_choropleth_reliability_benchmark/outputs/runs_iterative_repair/qwen2.5-coder_7b/basic/qwen2.5-coder_7b_basic_C007_wrong_column_guard_iter01_20260624_071057/time_series.png,False,0,missing_or_empty;low_plot_ink;no_visible_line;low_edge_detail,False,,,,False,,,,,,,1,time_series_png,,basic,,,C007_wrong_column_guard,missing_or_empty,False,qwen2.5-coder_14b,0,experiments/05_choropleth_reliability_benchmark/outputs/runs_iterative_repair/qwen2.5-coder_7b/basic/qwen2.5-coder_7b_basic_C007_wrong_column_guard_iter01_20260624_071057,,0,,,,False,,,,,,missing_or_empty,False,,,,experiments/05_choropleth_reliability_benchmark/outputs/generated_code_iterative_repair/qwen2.5-coder_14b/qwen2.5-coder_7b/basic/C007_wrong_column_guard_basic_iter01.py,qwen2.5-coder_7b,False,,,
map_interactive.html,experiments/05_choropleth_reliability_benchmark/outputs/runs_iterative_repair/qwen2.5-coder_7b/basic/qwen2.5-coder_7b_basic_C007_wrong_column_guard_iter01_20260624_071057/map_interactive.html,False,0,missing_or_empty;html_not_rendered;low_rendered_map_ink;low_edge_detail,False,,,,False,,,,,missing,False,1,interactive_html,,basic,,,C007_wrong_column_guard,,,qwen2.5-coder_14b,0,experiments/05_choropleth_reliability_benchmark/outputs/runs_iterative_repair/qwen2.5-coder_7b/basic/qwen2.5-coder_7b_basic_C007_wrong_column_guard_iter01_20260624_071057,,0,,,,False,,,,,,missing_or_empty,False,,,,experiments/05_choropleth_reliability_benchmark/outputs/generated_code_iterative_repair/qwen2.5-coder_14b/qwen2.5-coder_7b/basic/C007_wrong_column_guard_basic_iter01.py,qwen2.5-coder_7b,False,,False,
map_static.png,experiments/05_choropleth_reliability_benchmark/outputs/runs_iterative_repair/qwen2.5-coder_7b/basic/qwen2.5-coder_7b_basic_C007_wrong_column_guard_iter01_20260624_072340/map_static.png,False,0,missing_or_empty;low_thematic_color;low_map_ink;low_edge_detail,False,,,,False,,,,,,,1,static_png,,basic,,,C007_wrong_column_guard,missing_or_empty,False,qwen2.5-coder_7b,0,experiments/05_choropleth_reliability_benchmark/outputs/runs_iterative_repair/qwen2.5-coder_7b/basic/qwen2.5-coder_7b_basic_C007_wrong_column_guard_iter01_20260624_072340,,0,,,,False,,,,,,missing_or_empty,False,,,,experiments/05_choropleth_reliability_benchmark/outputs/generated_code_iterative_repair/qwen2.5-coder_7b/qwen2.5-coder_7b/basic/C007_wrong_column_guard_basic_iter01.py,qwen2.5-coder_7b,False,,,
time_series.png,experiments/05_choropleth_reliability_benchmark/outputs/runs_iterative_repair/qwen2.5-coder_7b/basic/qwen2.5-coder_7b_basic_C007_wrong_column_guard_iter01_20260624_072340/time_series.png,False,0,missing_or_empty;low_plot_ink;no_visible_line;low_edge_detail,False,,,,False,,,,,,,1,time_series_png,,basic,,,C007_wrong_column_guard,missing_or_empty,False,qwen2.5-coder_7b,0,experiments/05_choropleth_reliability_benchmark/outputs/runs_iterative_repair/qwen2.5-coder_7b/basic/qwen2.5-coder_7b_basic_C007_wrong_column_guard_iter01_20260624_072340,,0,,,,False,,,,,,missing_or_empty,False,,,,experiments/05_choropleth_reliability_benchmark/outputs/generated_code_iterative_repair/qwen2.5-coder_7b/qwen2.5-coder_7b/basic/C007_wrong_column_guard_basic_iter01.py,qwen2.5-coder_7b,False,,,
map_interactive.html,experiments/05_choropleth_reliability_benchmark/outputs/runs_iterative_repair/qwen2.5-coder_7b/basic/qwen2.5-coder_7b_basic_C007_wrong_column_guard_iter01_20260624_072340/map_interactive.html,False,0,missing_or_empty;html_not_rendered;low_rendered_map_ink;low_edge_detail,False,,,,False,,,,,missing,False,1,interactive_html,,basic,,,C007_wrong_column_guard,,,qwen2.5-coder_7b,0,experiments/05_choropleth_reliability_benchmark/outputs/runs_iterative_repair/qwen2.5-coder_7b/basic/qwen2.5-coder_7b_basic_C007_wrong_column_guard_iter01_20260624_072340,,0,,,,False,,,,,,missing_or_empty,False,,,,experiments/05_choropleth_reliability_benchmark/outputs/generated_code_iterative_repair/qwen2.5-coder_7b/qwen2.5-coder_7b/basic/C007_wrong_column_guard_basic_iter01.py,qwen2.5-coder_7b,False,,False,
map_static.png,experiments/05_choropleth_reliability_benchmark/outputs/runs_iterative_repair/qwen2.5-coder_7b/basic/qwen2.5-coder_7b_basic_C007_wrong_column_guard_iter02_20260624_041333/map_static.png,False,0,missing_or_empty;low_thematic_color;low_map_ink;low_edge_detail,False,,,,False,,,,,,,2,static_png,,basic,,,C007_wrong_column_guard,missing_or_empty,False,qwen2.5-coder_32b,0,experiments/05_choropleth_reliability_benchmark/outputs/runs_iterative_repair/qwen2.5-coder_7b/basic/qwen2.5-coder_7b_basic_C007_wrong_column_guard_iter02_20260624_041333,,0,,,,False,,,,,,missing_or_empty,False,,,,experiments/05_choropleth_reliability_benchmark/outputs/generated_code_iterative_repair/qwen2.5-coder_32b/qwen2.5-coder_7b/basic/C007_wrong_column_guard_basic_iter02.py,qwen2.5-coder_7b,False,,,
time_series.png,experiments/05_choropleth_reliability_benchmark/outputs/runs_iterative_repair/qwen2.5-coder_7b/basic/qwen2.5-coder_7b_basic_C007_wrong_column_guard_iter02_20260624_041333/time_series.png,False,0,missing_or_empty;low_plot_ink;no_visible_line;low_edge_detail,False,,,,False,,,,,,,2,time_series_png,,basic,,,C007_wrong_column_guard,missing_or_empty,False,qwen2.5-coder_32b,0,experiments/05_choropleth_reliability_benchmark/outputs/runs_iterative_repair/qwen2.5-coder_7b/basic/qwen2.5-coder_7b_basic_C007_wrong_column_guard_iter02_20260624_041333,,0,,,,False,,,,,,missing_or_empty,False,,,,experiments/05_choropleth_reliability_benchmark/outputs/generated_code_iterative_repair/qwen2.5-coder_32b/qwen2.5-coder_7b/basic/C007_wrong_column_guard_basic_iter02.py,qwen2.5-coder_7b,False,,,
map_interactive.html,experiments/05_choropleth_reliability_benchmark/outputs/runs_iterative_repair/qwen2.5-coder_7b/basic/qwen2.5-coder_7b_basic_C007_wrong_column_guard_iter02_20260624_041333/map_interactive.html,False,0,missing_or_empty;html_not_rendered;low_rendered_map_ink;low_edge_detail,False,,,,False,,,,,missing,False,2,interactive_html,,basic,,,C007_wrong_column_guard,,,qwen2.5-coder_32b,0,experiments/05_choropleth_reliability_benchmark/outputs/runs_iterative_repair/qwen2.5-coder_7b/basic/qwen2.5-coder_7b_basic_C007_wrong_column_guard_iter02_20260624_041333,,0,,,,False,,,,,,missing_or_empty,False,,,,experiments/05_choropleth_reliability_benchmark/outputs/generated_code_iterative_repair/qwen2.5-coder_32b/qwen2.5-coder_7b/basic/C007_wrong_column_guard_basic_iter02.py,qwen2.5-coder_7b,False,,False,
map_static.png,experiments/05_choropleth_reliability_benchmark/outputs/runs_iterative_repair/qwen2.5-coder_7b/basic/qwen2.5-coder_7b_basic_C007_wrong_column_guard_iter02_20260625_001359/map_static.png,False,0,missing_or_empty;low_thematic_color;low_map_ink;low_edge_detail,False,,,,False,,,,,,,2,static_png,,basic,,,C007_wrong_column_guard,missing_or_empty,False,deepseek-coder_6.7b,1,experiments/05_choropleth_reliability_benchmark/outputs/runs_iterative_repair/qwen2.5-coder_7b/basic/qwen2.5-coder_7b_basic_C007_wrong_column_guard_iter02_20260625_001359,,0,,,,False,,,,,,missing_or_empty,False,,,,experiments/05_choropleth_reliability_benchmark/outputs/generated_code_iterative_repair/deepseek-coder_6.7b/qwen2.5-coder_7b/basic/C007_wrong_column_guard_basic_iter02.py,qwen2.5-coder_7b,False,,,
time_series.png,experiments/05_choropleth_reliability_benchmark/outputs/runs_iterative_repair/qwen2.5-coder_7b/basic/qwen2.5-coder_7b_basic_C007_wrong_column_guard_iter02_20260625_001359/time_series.png,False,0,missing_or_empty;low_plot_ink;no_visible_line;low_edge_detail,False,,,,False,,,,,,,2,time_series_png,,basic,,,C007_wrong_column_guard,missing_or_empty,False,deepseek-coder_6.7b,1,experiments/05_choropleth_reliability_benchmark/outputs/runs_iterative_repair/qwen2.5-coder_7b/basic/qwen2.5-coder_7b_basic_C007_wrong_column_guard_iter02_20260625_001359,,0,,,,False,,,,,,missing_or_empty,False,,,,experiments/05_choropleth_reliability_benchmark/outputs/generated_code_iterative_repair/deepseek-coder_6.7b/qwen2.5-coder_7b/basic/C007_wrong_column_guard_basic_iter02.py,qwen2.5-coder_7b,False,,,
map_interactive.html,experiments/05_choropleth_reliability_benchmark/outputs/runs_iterative_repair/qwen2.5-coder_7b/basic/qwen2.5-coder_7b_basic_C007_wrong_column_guard_iter02_20260625_001359/map_interactive.html,False,0,missing_or_empty;html_not_rendered;low_rendered_map_ink;low_edge_detail,False,,,,False,,,,,missing,False,2,interactive_html,,basic,,,C007_wrong_column_guard,,,deepseek-coder_6.7b,1,experiments/05_choropleth_reliability_benchmark/outputs/runs_iterative_repair/qwen2.5-coder_7b/basic/qwen2.5-coder_7b_basic_C007_wrong_column_guard_iter02_20260625_001359,,0,,,,False,,,,,,missing_or_empty,False,,,,experiments/05_choropleth_reliability_benchmark/outputs/generated_code_iterative_repair/deepseek-coder_6.7b/qwen2.5-coder_7b/basic/C007_wrong_column_guard_basic_iter02.py,qwen2.5-coder_7b,False,,False,
map_static.png,experiments/05_choropleth_reliability_benchmark/outputs/runs_iterative_repair/qwen2.5-coder_7b/basic/qwen2.5-coder_7b_basic_C008_quantile_classes_iter01_20260624_051423/map_static.png,True,53363,,True,0.0000,255,2.523,True,,,,800,,,1,static_png,245.749,basic,1.0000,0.1015,C008_quantile_classes,,True,qwen2.5-coder_32b,0,experiments/05_choropleth_reliability_benchmark/outputs/runs_iterative_repair/qwen2.5-coder_7b/basic/qwen2.5-coder_7b_basic_C008_quantile_classes_iter01_20260624_051423,0.0355,53363,0.0000,255,2.523,True,800,245.749,1.0000,0.1015,,,True,0.0355,33,1000,experiments/05_choropleth_reliability_benchmark/outputs/generated_code_iterative_repair/qwen2.5-coder_32b/qwen2.5-coder_7b/basic/C008_quantile_classes_basic_iter01.py,qwen2.5-coder_7b,False,33,,1000
time_series.png,experiments/05_choropleth_reliability_benchmark/outputs/runs_iterative_repair/qwen2.5-coder_7b/basic/qwen2.5-coder_7b_basic_C008_quantile_classes_iter01_20260624_051423/time_series.png,False,0,missing_or_empty;low_plot_ink;no_visible_line;low_edge_detail,False,,,,False,,,,,,,1,time_series_png,,basic,,,C008_quantile_classes,missing_or_empty,False,qwen2.5-coder_32b,0,experiments/05_choropleth_reliability_benchmark/outputs/runs_iterative_repair/qwen2.5-coder_7b/basic/qwen2.5-coder_7b_basic_C008_quantile_classes_iter01_20260624_051423,,0,,,,False,,,,,,missing_or_empty,False,,,,experiments/05_choropleth_reliability_benchmark/outputs/generated_code_iterative_repair/qwen2.5-coder_32b/qwen2.5-coder_7b/basic/C008_quantile_classes_basic_iter01.py,qwen2.5-coder_7b,False,,,
map_interactive.html,experiments/05_choropleth_reliability_benchmark/outputs/runs_iterative_repair/qwen2.5-coder_7b/basic/qwen2.5-coder_7b_basic_C008_quantile_classes_iter01_20260624_051423/map_interactive.html,False,0,missing_or_empty;html_not_rendered;low_rendered_map_ink;low_edge_detail,False,,,,False,,,,,missing,False,1,interactive_html,,basic,,,C008_quantile_classes,,,qwen2.5-coder_32b,0,experiments/05_choropleth_reliability_benchmark/outputs/runs_iterative_repair/qwen2.5-coder_7b/basic/qwen2.5-coder_7b_basic_C008_quantile_classes_iter01_20260624_051423,,0,,,,False,,,,,,missing_or_empty,False,,,,experiments/05_choropleth_reliability_benchmark/outputs/generated_code_iterative_repair/qwen2.5-coder_32b/qwen2.5-coder_7b/basic/C008_quantile_classes_basic_iter01.py,qwen2.5-coder_7b,False,,False,
map_static.png,experiments/05_choropleth_reliability_benchmark/outputs/runs_iterative_repair/qwen2.5-coder_7b/basic/qwen2.5-coder_7b_basic_C008_quantile_classes_iter01_20260624_232716/map_static.png,False,0,missing_or_empty;low_thematic_color;low_map_ink;low_edge_detail,False,,,,False,,,,,,,1,static_png,,basic,,,C008_quantile_classes,missing_or_empty,False,qwen2.5-coder_7b,1,experiments/05_choropleth_reliability_benchmark/outputs/runs_iterative_repair/qwen2.5-coder_7b/basic/qwen2.5-coder_7b_basic_C008_quantile_classes_iter01_20260624_232716,,0,,,,False,,,,,,missing_or_empty,False,,,,experiments/05_choropleth_reliability_benchmark/outputs/generated_code_iterative_repair/qwen2.5-coder_7b/qwen2.5-coder_7b/basic/C008_quantile_classes_basic_iter01.py,qwen2.5-coder_7b,False,,,
time_series.png,experiments/05_choropleth_reliability_benchmark/outputs/runs_iterative_repair/qwen2.5-coder_7b/basic/qwen2.5-coder_7b_basic_C008_quantile_classes_iter01_20260624_232716/time_series.png,False,0,missing_or_empty;low_plot_ink;no_visible_line;low_edge_detail,False,,,,False,,,,,,,1,time_series_png,,basic,,,C008_quantile_classes,missing_or_empty,False,qwen2.5-coder_7b,1,experiments/05_choropleth_reliability_benchmark/outputs/runs_iterative_repair/qwen2.5-coder_7b/basic/qwen2.5-coder_7b_basic_C008_quantile_classes_iter01_20260624_232716,,0,,,,False,,,,,,missing_or_empty,False,,,,experiments/05_choropleth_reliability_benchmark/outputs/generated_code_iterative_repair/qwen2.5-coder_7b/qwen2.5-coder_7b/basic/C008_quantile_classes_basic_iter01.py,qwen2.5-coder_7b,False,,,
map_interactive.html,experiments/05_choropleth_reliability_benchmark/outputs/runs_iterative_repair/qwen2.5-coder_7b/basic/qwen2.5-coder_7b_basic_C008_quantile_classes_iter01_20260624_232716/map_interactive.html,False,0,missing_or_empty;html_not_rendered;low_rendered_map_ink;low_edge_detail,False,,,,False,,,,,missing,False,1,interactive_html,,basic,,,C008_quantile_classes,,,qwen2.5-coder_7b,1,experiments/05_choropleth_reliability_benchmark/outputs/runs_iterative_repair/qwen2.5-coder_7b/basic/qwen2.5-coder_7b_basic_C008_quantile_classes_iter01_20260624_232716,,0,,,,False,,,,,,missing_or_empty,False,,,,experiments/05_choropleth_reliability_benchmark/outputs/generated_code_iterative_repair/qwen2.5-coder_7b/qwen2.5-coder_7b/basic/C008_quantile_classes_basic_iter01.py,qwen2.5-coder_7b,False,,False,
map_static.png,experiments/05_choropleth_reliability_benchmark/outputs/runs_iterative_repair/qwen2.5-coder_7b/basic/qwen2.5-coder_7b_basic_C008_quantile_classes_iter01_20260625_000422/map_static.png,False,0,missing_or_empty;low_thematic_color;low_map_ink;low_edge_detail,False,,,,False,,,,,,,1,static_png,,basic,,,C008_quantile_classes,missing_or_empty,False,qwen2.5-coder_14b,1,experiments/05_choropleth_reliability_benchmark/outputs/runs_iterative_repair/qwen2.5-coder_7b/basic/qwen2.5-coder_7b_basic_C008_quantile_classes_iter01_20260625_000422,,0,,,,False,,,,,,missing_or_empty,False,,,,experiments/05_choropleth_reliability_benchmark/outputs/generated_code_iterative_repair/qwen2.5-coder_14b/qwen2.5-coder_7b/basic/C008_quantile_classes_basic_iter01.py,qwen2.5-coder_7b,False,,,
time_series.png,experiments/05_choropleth_reliability_benchmark/outputs/runs_iterative_repair/qwen2.5-coder_7b/basic/qwen2.5-coder_7b_basic_C008_quantile_classes_iter01_20260625_000422/time_series.png,False,0,missing_or_empty;low_plot_ink;no_visible_line;low_edge_detail,False,,,,False,,,,,,,1,time_series_png,,basic,,,C008_quantile_classes,missing_or_empty,False,qwen2.5-coder_14b,1,experiments/05_choropleth_reliability_benchmark/outputs/runs_iterative_repair/qwen2.5-coder_7b/basic/qwen2.5-coder_7b_basic_C008_quantile_classes_iter01_20260625_000422,,0,,,,False,,,,,,missing_or_empty,False,,,,experiments/05_choropleth_reliability_benchmark/outputs/generated_code_iterative_repair/qwen2.5-coder_14b/qwen2.5-coder_7b/basic/C008_quantile_classes_basic_iter01.py,qwen2.5-coder_7b,False,,,
map_interactive.html,experiments/05_choropleth_reliability_benchmark/outputs/runs_iterative_repair/qwen2.5-coder_7b/basic/qwen2.5-coder_7b_basic_C008_quantile_classes_iter01_20260625_000422/map_interactive.html,False,0,missing_or_empty;html_not_rendered;low_rendered_map_ink;low_edge_detail,False,,,,False,,,,,missing,False,1,interactive_html,,basic,,,C008_quantile_classes,,,qwen2.5-coder_14b,1,experiments/05_choropleth_reliability_benchmark/outputs/runs_iterative_repair/qwen2.5-coder_7b/basic/qwen2.5-coder_7b_basic_C008_quantile_classes_iter01_20260625_000422,,0,,,,False,,,,,,missing_or_empty,False,,,,experiments/05_choropleth_reliability_benchmark/outputs/generated_code_iterative_repair/qwen2.5-coder_14b/qwen2.5-coder_7b/basic/C008_quantile_classes_basic_iter01.py,qwen2.5-coder_7b,False,,False,
map_static.png,experiments/05_choropleth_reliability_benchmark/outputs/runs_iterative_repair/qwen2.5-coder_7b/basic/qwen2.5-coder_7b_basic_C008_quantile_classes_iter02_20260624_232728/map_static.png,False,0,missing_or_empty;low_thematic_color;low_map_ink;low_edge_detail,False,,,,False,,,,,,,2,static_png,,basic,,,C008_quantile_classes,missing_or_empty,False,qwen2.5-coder_7b,1,experiments/05_choropleth_reliability_benchmark/outputs/runs_iterative_repair/qwen2.5-coder_7b/basic/qwen2.5-coder_7b_basic_C008_quantile_classes_iter02_20260624_232728,,0,,,,False,,,,,,missing_or_empty,False,,,,experiments/05_choropleth_reliability_benchmark/outputs/generated_code_iterative_repair/qwen2.5-coder_7b/qwen2.5-coder_7b/basic/C008_quantile_classes_basic_iter02.py,qwen2.5-coder_7b,False,,,
time_series.png,experiments/05_choropleth_reliability_benchmark/outputs/runs_iterative_repair/qwen2.5-coder_7b/basic/qwen2.5-coder_7b_basic_C008_quantile_classes_iter02_20260624_232728/time_series.png,False,0,missing_or_empty;low_plot_ink;no_visible_line;low_edge_detail,False,,,,False,,,,,,,2,time_series_png,,basic,,,C008_quantile_classes,missing_or_empty,False,qwen2.5-coder_7b,1,experiments/05_choropleth_reliability_benchmark/outputs/runs_iterative_repair/qwen2.5-coder_7b/basic/qwen2.5-coder_7b_basic_C008_quantile_classes_iter02_20260624_232728,,0,,,,False,,,,,,missing_or_empty,False,,,,experiments/05_choropleth_reliability_benchmark/outputs/generated_code_iterative_repair/qwen2.5-coder_7b/qwen2.5-coder_7b/basic/C008_quantile_classes_basic_iter02.py,qwen2.5-coder_7b,False,,,
map_interactive.html,experiments/05_choropleth_reliability_benchmark/outputs/runs_iterative_repair/qwen2.5-coder_7b/basic/qwen2.5-coder_7b_basic_C008_quantile_classes_iter02_20260624_232728/map_interactive.html,False,0,missing_or_empty;html_not_rendered;low_rendered_map_ink;low_edge_detail,False,,,,False,,,,,missing,False,2,interactive_html,,basic,,,C008_quantile_classes,,,qwen2.5-coder_7b,1,experiments/05_choropleth_reliability_benchmark/outputs/runs_iterative_repair/qwen2.5-coder_7b/basic/qwen2.5-coder_7b_basic_C008_quantile_classes_iter02_20260624_232728,,0,,,,False,,,,,,missing_or_empty,False,,,,experiments/05_choropleth_reliability_benchmark/outputs/generated_code_iterative_repair/qwen2.5-coder_7b/qwen2.5-coder_7b/basic/C008_quantile_classes_basic_iter02.py,qwen2.5-coder_7b,False,,False,
map_static.png,experiments/05_choropleth_reliability_benchmark/outputs/runs_iterative_repair/qwen2.5-coder_7b/basic/qwen2.5-coder_7b_basic_C008_quantile_classes_iter02_20260625_000446/map_static.png,False,0,missing_or_empty;low_thematic_color;low_map_ink;low_edge_detail,False,,,,False,,,,,,,2,static_png,,basic,,,C008_quantile_classes,missing_or_empty,False,qwen2.5-coder_14b,1,experiments/05_choropleth_reliability_benchmark/outputs/runs_iterative_repair/qwen2.5-coder_7b/basic/qwen2.5-coder_7b_basic_C008_quantile_classes_iter02_20260625_000446,,0,,,,False,,,,,,missing_or_empty,False,,,,experiments/05_choropleth_reliability_benchmark/outputs/generated_code_iterative_repair/qwen2.5-coder_14b/qwen2.5-coder_7b/basic/C008_quantile_classes_basic_iter02.py,qwen2.5-coder_7b,False,,,
time_series.png,experiments/05_choropleth_reliability_benchmark/outputs/runs_iterative_repair/qwen2.5-coder_7b/basic/qwen2.5-coder_7b_basic_C008_quantile_classes_iter02_20260625_000446/time_series.png,False,0,missing_or_empty;low_plot_ink;no_visible_line;low_edge_detail,False,,,,False,,,,,,,2,time_series_png,,basic,,,C008_quantile_classes,missing_or_empty,False,qwen2.5-coder_14b,1,experiments/05_choropleth_reliability_benchmark/outputs/runs_iterative_repair/qwen2.5-coder_7b/basic/qwen2.5-coder_7b_basic_C008_quantile_classes_iter02_20260625_000446,,0,,,,False,,,,,,missing_or_empty,False,,,,experiments/05_choropleth_reliability_benchmark/outputs/generated_code_iterative_repair/qwen2.5-coder_14b/qwen2.5-coder_7b/basic/C008_quantile_classes_basic_iter02.py,qwen2.5-coder_7b,False,,,
map_interactive.html,experiments/05_choropleth_reliability_benchmark/outputs/runs_iterative_repair/qwen2.5-coder_7b/basic/qwen2.5-coder_7b_basic_C008_quantile_classes_iter02_20260625_000446/map_interactive.html,False,0,missing_or_empty;html_not_rendered;low_rendered_map_ink;low_edge_detail,False,,,,False,,,,,missing,False,2,interactive_html,,basic,,,C008_quantile_classes,,,qwen2.5-coder_14b,1,experiments/05_choropleth_reliability_benchmark/outputs/runs_iterative_repair/qwen2.5-coder_7b/basic/qwen2.5-coder_7b_basic_C008_quantile_classes_iter02_20260625_000446,,0,,,,False,,,,,,missing_or_empty,False,,,,experiments/05_choropleth_reliability_benchmark/outputs/generated_code_iterative_repair/qwen2.5-coder_14b/qwen2.5-coder_7b/basic/C008_quantile_classes_basic_iter02.py,qwen2.5-coder_7b,False,,False,
map_static.png,experiments/05_choropleth_reliability_benchmark/outputs/runs_iterative_repair/qwen2.5-coder_7b/basic/qwen2.5-coder_7b_basic_C008_quantile_classes_iter03_20260624_232740/map_static.png,False,0,missing_or_empty;low_thematic_color;low_map_ink;low_edge_detail,False,,,,False,,,,,,,3,static_png,,basic,,,C008_quantile_classes,missing_or_empty,False,qwen2.5-coder_7b,1,experiments/05_choropleth_reliability_benchmark/outputs/runs_iterative_repair/qwen2.5-coder_7b/basic/qwen2.5-coder_7b_basic_C008_quantile_classes_iter03_20260624_232740,,0,,,,False,,,,,,missing_or_empty,False,,,,experiments/05_choropleth_reliability_benchmark/outputs/generated_code_iterative_repair/qwen2.5-coder_7b/qwen2.5-coder_7b/basic/C008_quantile_classes_basic_iter03.py,qwen2.5-coder_7b,False,,,
time_series.png,experiments/05_choropleth_reliability_benchmark/outputs/runs_iterative_repair/qwen2.5-coder_7b/basic/qwen2.5-coder_7b_basic_C008_quantile_classes_iter03_20260624_232740/time_series.png,False,0,missing_or_empty;low_plot_ink;no_visible_line;low_edge_detail,False,,,,False,,,,,,,3,time_series_png,,basic,,,C008_quantile_classes,missing_or_empty,False,qwen2.5-coder_7b,1,experiments/05_choropleth_reliability_benchmark/outputs/runs_iterative_repair/qwen2.5-coder_7b/basic/qwen2.5-coder_7b_basic_C008_quantile_classes_iter03_20260624_232740,,0,,,,False,,,,,,missing_or_empty,False,,,,experiments/05_choropleth_reliability_benchmark/outputs/generated_code_iterative_repair/qwen2.5-coder_7b/qwen2.5-coder_7b/basic/C008_quantile_classes_basic_iter03.py,qwen2.5-coder_7b,False,,,
map_interactive.html,experiments/05_choropleth_reliability_benchmark/outputs/runs_iterative_repair/qwen2.5-coder_7b/basic/qwen2.5-coder_7b_basic_C008_quantile_classes_iter03_20260624_232740/map_interactive.html,False,0,missing_or_empty;html_not_rendered;low_rendered_map_ink;low_edge_detail,False,,,,False,,,,,missing,False,3,interactive_html,,basic,,,C008_quantile_classes,,,qwen2.5-coder_7b,1,experiments/05_choropleth_reliability_benchmark/outputs/runs_iterative_repair/qwen2.5-coder_7b/basic/qwen2.5-coder_7b_basic_C008_quantile_classes_iter03_20260624_232740,,0,,,,False,,,,,,missing_or_empty,False,,,,experiments/05_choropleth_reliability_benchmark/outputs/generated_code_iterative_repair/qwen2.5-coder_7b/qwen2.5-coder_7b/basic/C008_quantile_classes_basic_iter03.py,qwen2.5-coder_7b,False,,False,
map_static.png,experiments/05_choropleth_reliability_benchmark/outputs/runs_iterative_repair/qwen2.5-coder_7b/basic/qwen2.5-coder_7b_basic_C008_quantile_classes_iter03_20260625_000508/map_static.png,False,0,missing_or_empty;low_thematic_color;low_map_ink;low_edge_detail,False,,,,False,,,,,,,3,static_png,,basic,,,C008_quantile_classes,missing_or_empty,False,qwen2.5-coder_14b,1,experiments/05_choropleth_reliability_benchmark/outputs/runs_iterative_repair/qwen2.5-coder_7b/basic/qwen2.5-coder_7b_basic_C008_quantile_classes_iter03_20260625_000508,,0,,,,False,,,,,,missing_or_empty,False,,,,experiments/05_choropleth_reliability_benchmark/outputs/generated_code_iterative_repair/qwen2.5-coder_14b/qwen2.5-coder_7b/basic/C008_quantile_classes_basic_iter03.py,qwen2.5-coder_7b,False,,,
time_series.png,experiments/05_choropleth_reliability_benchmark/outputs/runs_iterative_repair/qwen2.5-coder_7b/basic/qwen2.5-coder_7b_basic_C008_quantile_classes_iter03_20260625_000508/time_series.png,False,0,missing_or_empty;low_plot_ink;no_visible_line;low_edge_detail,False,,,,False,,,,,,,3,time_series_png,,basic,,,C008_quantile_classes,missing_or_empty,False,qwen2.5-coder_14b,1,experiments/05_choropleth_reliability_benchmark/outputs/runs_iterative_repair/qwen2.5-coder_7b/basic/qwen2.5-coder_7b_basic_C008_quantile_classes_iter03_20260625_000508,,0,,,,False,,,,,,missing_or_empty,False,,,,experiments/05_choropleth_reliability_benchmark/outputs/generated_code_iterative_repair/qwen2.5-coder_14b/qwen2.5-coder_7b/basic/C008_quantile_classes_basic_iter03.py,qwen2.5-coder_7b,False,,,
map_interactive.html,experiments/05_choropleth_reliability_benchmark/outputs/runs_iterative_repair/qwen2.5-coder_7b/basic/qwen2.5-coder_7b_basic_C008_quantile_classes_iter03_20260625_000508/map_interactive.html,False,0,missing_or_empty;html_not_rendered;low_rendered_map_ink;low_edge_detail,False,,,,False,,,,,missing,False,3,interactive_html,,basic,,,C008_quantile_classes,,,qwen2.5-coder_14b,1,experiments/05_choropleth_reliability_benchmark/outputs/runs_iterative_repair/qwen2.5-coder_7b/basic/qwen2.5-coder_7b_basic_C008_quantile_classes_iter03_20260625_000508,,0,,,,False,,,,,,missing_or_empty,False,,,,experiments/05_choropleth_reliability_benchmark/outputs/generated_code_iterative_repair/qwen2.5-coder_14b/qwen2.5-coder_7b/basic/C008_quantile_classes_basic_iter03.py,qwen2.5-coder_7b,False,,False,
map_static.png,experiments/05_choropleth_reliability_benchmark/outputs/runs_iterative_repair/qwen2.5-coder_7b/basic/qwen2.5-coder_7b_basic_C009_colorblind_safe_iter01_20260624_045318/map_static.png,False,0,missing_or_empty;low_thematic_color;low_map_ink;low_edge_detail,False,,,,False,,,,,,,1,static_png,,basic,,,C009_colorblind_safe,missing_or_empty,False,qwen2.5-coder_32b,1,experiments/05_choropleth_reliability_benchmark/outputs/runs_iterative_repair/qwen2.5-coder_7b/basic/qwen2.5-coder_7b_basic_C009_colorblind_safe_iter01_20260624_045318,,0,,,,False,,,,,,missing_or_empty,False,,,,experiments/05_choropleth_reliability_benchmark/outputs/generated_code_iterative_repair/qwen2.5-coder_32b/qwen2.5-coder_7b/basic/C009_colorblind_safe_basic_iter01.py,qwen2.5-coder_7b,False,,,
time_series.png,experiments/05_choropleth_reliability_benchmark/outputs/runs_iterative_repair/qwen2.5-coder_7b/basic/qwen2.5-coder_7b_basic_C009_colorblind_safe_iter01_20260624_045318/time_series.png,False,0,missing_or_empty;low_plot_ink;no_visible_line;low_edge_detail,False,,,,False,,,,,,,1,time_series_png,,basic,,,C009_colorblind_safe,missing_or_empty,False,qwen2.5-coder_32b,1,experiments/05_choropleth_reliability_benchmark/outputs/runs_iterative_repair/qwen2.5-coder_7b/basic/qwen2.5-coder_7b_basic_C009_colorblind_safe_iter01_20260624_045318,,0,,,,False,,,,,,missing_or_empty,False,,,,experiments/05_choropleth_reliability_benchmark/outputs/generated_code_iterative_repair/qwen2.5-coder_32b/qwen2.5-coder_7b/basic/C009_colorblind_safe_basic_iter01.py,qwen2.5-coder_7b,False,,,
map_interactive.html,experiments/05_choropleth_reliability_benchmark/outputs/runs_iterative_repair/qwen2.5-coder_7b/basic/qwen2.5-coder_7b_basic_C009_colorblind_safe_iter01_20260624_045318/map_interactive.html,False,0,missing_or_empty;html_not_rendered;low_rendered_map_ink;low_edge_detail,False,,,,False,,,,,missing,False,1,interactive_html,,basic,,,C009_colorblind_safe,,,qwen2.5-coder_32b,1,experiments/05_choropleth_reliability_benchmark/outputs/runs_iterative_repair/qwen2.5-coder_7b/basic/qwen2.5-coder_7b_basic_C009_colorblind_safe_iter01_20260624_045318,,0,,,,False,,,,,,missing_or_empty,False,,,,experiments/05_choropleth_reliability_benchmark/outputs/generated_code_iterative_repair/qwen2.5-coder_32b/qwen2.5-coder_7b/basic/C009_colorblind_safe_basic_iter01.py,qwen2.5-coder_7b,False,,False,
map_static.png,experiments/05_choropleth_reliability_benchmark/outputs/runs_iterative_repair/qwen2.5-coder_7b/basic/qwen2.5-coder_7b_basic_C009_colorblind_safe_iter01_20260624_231912/map_static.png,False,0,missing_or_empty;low_thematic_color;low_map_ink;low_edge_detail,False,,,,False,,,,,,,1,static_png,,basic,,,C009_colorblind_safe,missing_or_empty,False,qwen2.5-coder_7b,1,experiments/05_choropleth_reliability_benchmark/outputs/runs_iterative_repair/qwen2.5-coder_7b/basic/qwen2.5-coder_7b_basic_C009_colorblind_safe_iter01_20260624_231912,,0,,,,False,,,,,,missing_or_empty,False,,,,experiments/05_choropleth_reliability_benchmark/outputs/generated_code_iterative_repair/qwen2.5-coder_7b/qwen2.5-coder_7b/basic/C009_colorblind_safe_basic_iter01.py,qwen2.5-coder_7b,False,,,
time_series.png,experiments/05_choropleth_reliability_benchmark/outputs/runs_iterative_repair/qwen2.5-coder_7b/basic/qwen2.5-coder_7b_basic_C009_colorblind_safe_iter01_20260624_231912/time_series.png,False,0,missing_or_empty;low_plot_ink;no_visible_line;low_edge_detail,False,,,,False,,,,,,,1,time_series_png,,basic,,,C009_colorblind_safe,missing_or_empty,False,qwen2.5-coder_7b,1,experiments/05_choropleth_reliability_benchmark/outputs/runs_iterative_repair/qwen2.5-coder_7b/basic/qwen2.5-coder_7b_basic_C009_colorblind_safe_iter01_20260624_231912,,0,,,,False,,,,,,missing_or_empty,False,,,,experiments/05_choropleth_reliability_benchmark/outputs/generated_code_iterative_repair/qwen2.5-coder_7b/qwen2.5-coder_7b/basic/C009_colorblind_safe_basic_iter01.py,qwen2.5-coder_7b,False,,,
map_interactive.html,experiments/05_choropleth_reliability_benchmark/outputs/runs_iterative_repair/qwen2.5-coder_7b/basic/qwen2.5-coder_7b_basic_C009_colorblind_safe_iter01_20260624_231912/map_interactive.html,False,0,missing_or_empty;html_not_rendered;low_rendered_map_ink;low_edge_detail,False,,,,False,,,,,missing,False,1,interactive_html,,basic,,,C009_colorblind_safe,,,qwen2.5-coder_7b,1,experiments/05_choropleth_reliability_benchmark/outputs/runs_iterative_repair/qwen2.5-coder_7b/basic/qwen2.5-coder_7b_basic_C009_colorblind_safe_iter01_20260624_231912,,0,,,,False,,,,,,missing_or_empty,False,,,,experiments/05_choropleth_reliability_benchmark/outputs/generated_code_iterative_repair/qwen2.5-coder_7b/qwen2.5-coder_7b/basic/C009_colorblind_safe_basic_iter01.py,qwen2.5-coder_7b,False,,False,
map_static.png,experiments/05_choropleth_reliability_benchmark/outputs/runs_iterative_repair/qwen2.5-coder_7b/basic/qwen2.5-coder_7b_basic_C009_colorblind_safe_iter01_20260624_235149/map_static.png,False,0,missing_or_empty;low_thematic_color;low_map_ink;low_edge_detail,False,,,,False,,,,,,,1,static_png,,basic,,,C009_colorblind_safe,missing_or_empty,False,qwen2.5-coder_14b,1,experiments/05_choropleth_reliability_benchmark/outputs/runs_iterative_repair/qwen2.5-coder_7b/basic/qwen2.5-coder_7b_basic_C009_colorblind_safe_iter01_20260624_235149,,0,,,,False,,,,,,missing_or_empty,False,,,,experiments/05_choropleth_reliability_benchmark/outputs/generated_code_iterative_repair/qwen2.5-coder_14b/qwen2.5-coder_7b/basic/C009_colorblind_safe_basic_iter01.py,qwen2.5-coder_7b,False,,,
time_series.png,experiments/05_choropleth_reliability_benchmark/outputs/runs_iterative_repair/qwen2.5-coder_7b/basic/qwen2.5-coder_7b_basic_C009_colorblind_safe_iter01_20260624_235149/time_series.png,False,0,missing_or_empty;low_plot_ink;no_visible_line;low_edge_detail,False,,,,False,,,,,,,1,time_series_png,,basic,,,C009_colorblind_safe,missing_or_empty,False,qwen2.5-coder_14b,1,experiments/05_choropleth_reliability_benchmark/outputs/runs_iterative_repair/qwen2.5-coder_7b/basic/qwen2.5-coder_7b_basic_C009_colorblind_safe_iter01_20260624_235149,,0,,,,False,,,,,,missing_or_empty,False,,,,experiments/05_choropleth_reliability_benchmark/outputs/generated_code_iterative_repair/qwen2.5-coder_14b/qwen2.5-coder_7b/basic/C009_colorblind_safe_basic_iter01.py,qwen2.5-coder_7b,False,,,
map_interactive.html,experiments/05_choropleth_reliability_benchmark/outputs/runs_iterative_repair/qwen2.5-coder_7b/basic/qwen2.5-coder_7b_basic_C009_colorblind_safe_iter01_20260624_235149/map_interactive.html,False,0,missing_or_empty;html_not_rendered;low_rendered_map_ink;low_edge_detail,False,,,,False,,,,,missing,False,1,interactive_html,,basic,,,C009_colorblind_safe,,,qwen2.5-coder_14b,1,experiments/05_choropleth_reliability_benchmark/outputs/runs_iterative_repair/qwen2.5-coder_7b/basic/qwen2.5-coder_7b_basic_C009_colorblind_safe_iter01_20260624_235149,,0,,,,False,,,,,,missing_or_empty,False,,,,experiments/05_choropleth_reliability_benchmark/outputs/generated_code_iterative_repair/qwen2.5-coder_14b/qwen2.5-coder_7b/basic/C009_colorblind_safe_basic_iter01.py,qwen2.5-coder_7b,False,,False,
map_static.png,experiments/05_choropleth_reliability_benchmark/outputs/runs_iterative_repair/qwen2.5-coder_7b/basic/qwen2.5-coder_7b_basic_C009_colorblind_safe_iter02_20260624_045358/map_static.png,True,71720,,True,0.0047,255,4.951,True,,,,800,,,2,static_png,243.074,basic,0.9966,0.0959,C009_colorblind_safe,,True,qwen2.5-coder_32b,0,experiments/05_choropleth_reliability_benchmark/outputs/runs_iterative_repair/qwen2.5-coder_7b/basic/qwen2.5-coder_7b_basic_C009_colorblind_safe_iter02_20260624_045358,0.0773,71720,0.0047,255,4.951,True,800,243.074,0.9966,0.0959,,,True,0.0773,50,1200,experiments/05_choropleth_reliability_benchmark/outputs/generated_code_iterative_repair/qwen2.5-coder_32b/qwen2.5-coder_7b/basic/C009_colorblind_safe_basic_iter02.py,qwen2.5-coder_7b,False,50,,1200
time_series.png,experiments/05_choropleth_reliability_benchmark/outputs/runs_iterative_repair/qwen2.5-coder_7b/basic/qwen2.5-coder_7b_basic_C009_colorblind_safe_iter02_20260624_045358/time_series.png,False,0,missing_or_empty;low_plot_ink;no_visible_line;low_edge_detail,False,,,,False,,,,,,,2,time_series_png,,basic,,,C009_colorblind_safe,missing_or_empty,False,qwen2.5-coder_32b,0,experiments/05_choropleth_reliability_benchmark/outputs/runs_iterative_repair/qwen2.5-coder_7b/basic/qwen2.5-coder_7b_basic_C009_colorblind_safe_iter02_20260624_045358,,0,,,,False,,,,,,missing_or_empty,False,,,,experiments/05_choropleth_reliability_benchmark/outputs/generated_code_iterative_repair/qwen2.5-coder_32b/qwen2.5-coder_7b/basic/C009_colorblind_safe_basic_iter02.py,qwen2.5-coder_7b,False,,,
map_interactive.html,experiments/05_choropleth_reliability_benchmark/outputs/runs_iterative_repair/qwen2.5-coder_7b/basic/qwen2.5-coder_7b_basic_C009_colorblind_safe_iter02_20260624_045358/map_interactive.html,False,0,missing_or_empty;html_not_rendered;low_rendered_map_ink;low_edge_detail,False,,,,False,,,,,missing,False,2,interactive_html,,basic,,,C009_colorblind_safe,,,qwen2.5-coder_32b,0,experiments/05_choropleth_reliability_benchmark/outputs/runs_iterative_repair/qwen2.5-coder_7b/basic/qwen2.5-coder_7b_basic_C009_colorblind_safe_iter02_20260624_045358,,0,,,,False,,,,,,missing_or_empty,False,,,,experiments/05_choropleth_reliability_benchmark/outputs/generated_code_iterative_repair/qwen2.5-coder_32b/qwen2.5-coder_7b/basic/C009_colorblind_safe_basic_iter02.py,qwen2.5-coder_7b,False,,False,
map_static.png,experiments/05_choropleth_reliability_benchmark/outputs/runs_iterative_repair/qwen2.5-coder_7b/basic/qwen2.5-coder_7b_basic_C009_colorblind_safe_iter02_20260624_231922/map_static.png,True,65954,,True,0.0035,255,4.262,True,,,,800,,,2,static_png,243.421,basic,0.9972,0.0935,C009_colorblind_safe,,True,qwen2.5-coder_7b,0,experiments/05_choropleth_reliability_benchmark/outputs/runs_iterative_repair/qwen2.5-coder_7b/basic/qwen2.5-coder_7b_basic_C009_colorblind_safe_iter02_20260624_231922,0.0773,65954,0.0035,255,4.262,True,800,243.421,0.9972,0.0935,,,True,0.0773,50,1200,experiments/05_choropleth_reliability_benchmark/outputs/generated_code_iterative_repair/qwen2.5-coder_7b/qwen2.5-coder_7b/basic/C009_colorblind_safe_basic_iter02.py,qwen2.5-coder_7b,False,50,,1200
time_series.png,experiments/05_choropleth_reliability_benchmark/outputs/runs_iterative_repair/qwen2.5-coder_7b/basic/qwen2.5-coder_7b_basic_C009_colorblind_safe_iter02_20260624_231922/time_series.png,False,0,missing_or_empty;low_plot_ink;no_visible_line;low_edge_detail,False,,,,False,,,,,,,2,time_series_png,,basic,,,C009_colorblind_safe,missing_or_empty,False,qwen2.5-coder_7b,0,experiments/05_choropleth_reliability_benchmark/outputs/runs_iterative_repair/qwen2.5-coder_7b/basic/qwen2.5-coder_7b_basic_C009_colorblind_safe_iter02_20260624_231922,,0,,,,False,,,,,,missing_or_empty,False,,,,experiments/05_choropleth_reliability_benchmark/outputs/generated_code_iterative_repair/qwen2.5-coder_7b/qwen2.5-coder_7b/basic/C009_colorblind_safe_basic_iter02.py,qwen2.5-coder_7b,False,,,
map_interactive.html,experiments/05_choropleth_reliability_benchmark/outputs/runs_iterative_repair/qwen2.5-coder_7b/basic/qwen2.5-coder_7b_basic_C009_colorblind_safe_iter02_20260624_231922/map_interactive.html,False,0,missing_or_empty;html_not_rendered;low_rendered_map_ink;low_edge_detail,False,,,,False,,,,,missing,False,2,interactive_html,,basic,,,C009_colorblind_safe,,,qwen2.5-coder_7b,0,experiments/05_choropleth_reliability_benchmark/outputs/runs_iterative_repair/qwen2.5-coder_7b/basic/qwen2.5-coder_7b_basic_C009_colorblind_safe_iter02_20260624_231922,,0,,,,False,,,,,,missing_or_empty,False,,,,experiments/05_choropleth_reliability_benchmark/outputs/generated_code_iterative_repair/qwen2.5-coder_7b/qwen2.5-coder_7b/basic/C009_colorblind_safe_basic_iter02.py,qwen2.5-coder_7b,False,,False,
map_static.png,experiments/05_choropleth_reliability_benchmark/outputs/runs_iterative_repair/qwen2.5-coder_7b/basic/qwen2.5-coder_7b_basic_C009_colorblind_safe_iter02_20260624_235210/map_static.png,True,71621,,True,0.0047,255,4.956,True,,,,800,,,2,static_png,243.071,basic,0.9966,0.0959,C009_colorblind_safe,,True,qwen2.5-coder_14b,0,experiments/05_choropleth_reliability_benchmark/outputs/runs_iterative_repair/qwen2.5-coder_7b/basic/qwen2.5-coder_7b_basic_C009_colorblind_safe_iter02_20260624_235210,0.0773,71621,0.0047,255,4.956,True,800,243.071,0.9966,0.0959,,,True,0.0773,50,1200,experiments/05_choropleth_reliability_benchmark/outputs/generated_code_iterative_repair/qwen2.5-coder_14b/qwen2.5-coder_7b/basic/C009_colorblind_safe_basic_iter02.py,qwen2.5-coder_7b,False,50,,1200
time_series.png,experiments/05_choropleth_reliability_benchmark/outputs/runs_iterative_repair/qwen2.5-coder_7b/basic/qwen2.5-coder_7b_basic_C009_colorblind_safe_iter02_20260624_235210/time_series.png,False,0,missing_or_empty;low_plot_ink;no_visible_line;low_edge_detail,False,,,,False,,,,,,,2,time_series_png,,basic,,,C009_colorblind_safe,missing_or_empty,False,qwen2.5-coder_14b,0,experiments/05_choropleth_reliability_benchmark/outputs/runs_iterative_repair/qwen2.5-coder_7b/basic/qwen2.5-coder_7b_basic_C009_colorblind_safe_iter02_20260624_235210,,0,,,,False,,,,,,missing_or_empty,False,,,,experiments/05_choropleth_reliability_benchmark/outputs/generated_code_iterative_repair/qwen2.5-coder_14b/qwen2.5-coder_7b/basic/C009_colorblind_safe_basic_iter02.py,qwen2.5-coder_7b,False,,,
map_interactive.html,experiments/05_choropleth_reliability_benchmark/outputs/runs_iterative_repair/qwen2.5-coder_7b/basic/qwen2.5-coder_7b_basic_C009_colorblind_safe_iter02_20260624_235210/map_interactive.html,False,0,missing_or_empty;html_not_rendered;low_rendered_map_ink;low_edge_detail,False,,,,False,,,,,missing,False,2,interactive_html,,basic,,,C009_colorblind_safe,,,qwen2.5-coder_14b,0,experiments/05_choropleth_reliability_benchmark/outputs/runs_iterative_repair/qwen2.5-coder_7b/basic/qwen2.5-coder_7b_basic_C009_colorblind_safe_iter02_20260624_235210,,0,,,,False,,,,,,missing_or_empty,False,,,,experiments/05_choropleth_reliability_benchmark/outputs/generated_code_iterative_repair/qwen2.5-coder_14b/qwen2.5-coder_7b/basic/C009_colorblind_safe_basic_iter02.py,qwen2.5-coder_7b,False,,False,
map_static.png,experiments/05_choropleth_reliability_benchmark/outputs/runs_iterative_repair/qwen2.5-coder_7b/basic/qwen2.5-coder_7b_basic_C010_interactive_tooltips_iter01_20260624_045448/map_static.png,False,0,missing_or_empty;low_thematic_color;low_map_ink;low_edge_detail,False,,,,False,,,,,,,1,static_png,,basic,,,C010_interactive_tooltips,missing_or_empty,False,qwen2.5-coder_32b,0,experiments/05_choropleth_reliability_benchmark/outputs/runs_iterative_repair/qwen2.5-coder_7b/basic/qwen2.5-coder_7b_basic_C010_interactive_tooltips_iter01_20260624_045448,,0,,,,False,,,,,,missing_or_empty,False,,,,experiments/05_choropleth_reliability_benchmark/outputs/generated_code_iterative_repair/qwen2.5-coder_32b/qwen2.5-coder_7b/basic/C010_interactive_tooltips_basic_iter01.py,qwen2.5-coder_7b,False,,,
time_series.png,experiments/05_choropleth_reliability_benchmark/outputs/runs_iterative_repair/qwen2.5-coder_7b/basic/qwen2.5-coder_7b_basic_C010_interactive_tooltips_iter01_20260624_045448/time_series.png,False,0,missing_or_empty;low_plot_ink;no_visible_line;low_edge_detail,False,,,,False,,,,,,,1,time_series_png,,basic,,,C010_interactive_tooltips,missing_or_empty,False,qwen2.5-coder_32b,0,experiments/05_choropleth_reliability_benchmark/outputs/runs_iterative_repair/qwen2.5-coder_7b/basic/qwen2.5-coder_7b_basic_C010_interactive_tooltips_iter01_20260624_045448,,0,,,,False,,,,,,missing_or_empty,False,,,,experiments/05_choropleth_reliability_benchmark/outputs/generated_code_iterative_repair/qwen2.5-coder_32b/qwen2.5-coder_7b/basic/C010_interactive_tooltips_basic_iter01.py,qwen2.5-coder_7b,False,,,
map_interactive.html,experiments/05_choropleth_reliability_benchmark/outputs/runs_iterative_repair/qwen2.5-coder_7b/basic/qwen2.5-coder_7b_basic_C010_interactive_tooltips_iter01_20260624_045448/map_interactive.html,True,26687088,,True,,,,True,True,True,True,,,True,1,interactive_html,,basic,,,C010_interactive_tooltips,,,qwen2.5-coder_32b,0,experiments/05_choropleth_reliability_benchmark/outputs/runs_iterative_repair/qwen2.5-coder_7b/basic/qwen2.5-coder_7b_basic_C010_interactive_tooltips_iter01_20260624_045448,,900511,0.0113,255,20.859,True,850,210.045,0.9977,0.9900,experiments/05_choropleth_reliability_benchmark/outputs/scores/iterative_repair_screenshot_qa/qwen2.5-coder_32b_qwen2.5-coder_7b_basic_C010_interactive_tooltips_iter1_interactive.png,,True,0.5583,86,1200,experiments/05_choropleth_reliability_benchmark/outputs/generated_code_iterative_repair/qwen2.5-coder_32b/qwen2.5-coder_7b/basic/C010_interactive_tooltips_basic_iter01.py,qwen2.5-coder_7b,False,,True,
map_static.png,experiments/05_choropleth_reliability_benchmark/outputs/runs_iterative_repair/qwen2.5-coder_7b/basic/qwen2.5-coder_7b_basic_C010_interactive_tooltips_iter01_20260624_231937/map_static.png,False,0,missing_or_empty;low_thematic_color;low_map_ink;low_edge_detail,False,,,,False,,,,,,,1,static_png,,basic,,,C010_interactive_tooltips,missing_or_empty,False,qwen2.5-coder_7b,1,experiments/05_choropleth_reliability_benchmark/outputs/runs_iterative_repair/qwen2.5-coder_7b/basic/qwen2.5-coder_7b_basic_C010_interactive_tooltips_iter01_20260624_231937,,0,,,,False,,,,,,missing_or_empty,False,,,,experiments/05_choropleth_reliability_benchmark/outputs/generated_code_iterative_repair/qwen2.5-coder_7b/qwen2.5-coder_7b/basic/C010_interactive_tooltips_basic_iter01.py,qwen2.5-coder_7b,False,,,
time_series.png,experiments/05_choropleth_reliability_benchmark/outputs/runs_iterative_repair/qwen2.5-coder_7b/basic/qwen2.5-coder_7b_basic_C010_interactive_tooltips_iter01_20260624_231937/time_series.png,False,0,missing_or_empty;low_plot_ink;no_visible_line;low_edge_detail,False,,,,False,,,,,,,1,time_series_png,,basic,,,C010_interactive_tooltips,missing_or_empty,False,qwen2.5-coder_7b,1,experiments/05_choropleth_reliability_benchmark/outputs/runs_iterative_repair/qwen2.5-coder_7b/basic/qwen2.5-coder_7b_basic_C010_interactive_tooltips_iter01_20260624_231937,,0,,,,False,,,,,,missing_or_empty,False,,,,experiments/05_choropleth_reliability_benchmark/outputs/generated_code_iterative_repair/qwen2.5-coder_7b/qwen2.5-coder_7b/basic/C010_interactive_tooltips_basic_iter01.py,qwen2.5-coder_7b,False,,,
map_interactive.html,experiments/05_choropleth_reliability_benchmark/outputs/runs_iterative_repair/qwen2.5-coder_7b/basic/qwen2.5-coder_7b_basic_C010_interactive_tooltips_iter01_20260624_231937/map_interactive.html,False,0,html_not_rendered;low_rendered_map_ink;low_edge_detail,False,,,,True,,,,,missing,False,1,interactive_html,,basic,,,C010_interactive_tooltips,,,qwen2.5-coder_7b,1,experiments/05_choropleth_reliability_benchmark/outputs/runs_iterative_repair/qwen2.5-coder_7b/basic/qwen2.5-coder_7b_basic_C010_interactive_tooltips_iter01_20260624_231937,,0,,,,True,,,,,,missing_or_empty,False,,,,experiments/05_choropleth_reliability_benchmark/outputs/generated_code_iterative_repair/qwen2.5-coder_7b/qwen2.5-coder_7b/basic/C010_interactive_tooltips_basic_iter01.py,qwen2.5-coder_7b,False,,False,
map_static.png,experiments/05_choropleth_reliability_benchmark/outputs/runs_iterative_repair/qwen2.5-coder_7b/basic/qwen2.5-coder_7b_basic_C010_interactive_tooltips_iter01_20260624_235237/map_static.png,False,0,missing_or_empty;low_thematic_color;low_map_ink;low_edge_detail,False,,,,False,,,,,,,1,static_png,,basic,,,C010_interactive_tooltips,missing_or_empty,False,qwen2.5-coder_14b,1,experiments/05_choropleth_reliability_benchmark/outputs/runs_iterative_repair/qwen2.5-coder_7b/basic/qwen2.5-coder_7b_basic_C010_interactive_tooltips_iter01_20260624_235237,,0,,,,False,,,,,,missing_or_empty,False,,,,experiments/05_choropleth_reliability_benchmark/outputs/generated_code_iterative_repair/qwen2.5-coder_14b/qwen2.5-coder_7b/basic/C010_interactive_tooltips_basic_iter01.py,qwen2.5-coder_7b,False,,,
time_series.png,experiments/05_choropleth_reliability_benchmark/outputs/runs_iterative_repair/qwen2.5-coder_7b/basic/qwen2.5-coder_7b_basic_C010_interactive_tooltips_iter01_20260624_235237/time_series.png,False,0,missing_or_empty;low_plot_ink;no_visible_line;low_edge_detail,False,,,,False,,,,,,,1,time_series_png,,basic,,,C010_interactive_tooltips,missing_or_empty,False,qwen2.5-coder_14b,1,experiments/05_choropleth_reliability_benchmark/outputs/runs_iterative_repair/qwen2.5-coder_7b/basic/qwen2.5-coder_7b_basic_C010_interactive_tooltips_iter01_20260624_235237,,0,,,,False,,,,,,missing_or_empty,False,,,,experiments/05_choropleth_reliability_benchmark/outputs/generated_code_iterative_repair/qwen2.5-coder_14b/qwen2.5-coder_7b/basic/C010_interactive_tooltips_basic_iter01.py,qwen2.5-coder_7b,False,,,
map_interactive.html,experiments/05_choropleth_reliability_benchmark/outputs/runs_iterative_repair/qwen2.5-coder_7b/basic/qwen2.5-coder_7b_basic_C010_interactive_tooltips_iter01_20260624_235237/map_interactive.html,False,0,missing_or_empty;html_not_rendered;low_rendered_map_ink;low_edge_detail,False,,,,False,,,,,missing,False,1,interactive_html,,basic,,,C010_interactive_tooltips,,,qwen2.5-coder_14b,1,experiments/05_choropleth_reliability_benchmark/outputs/runs_iterative_repair/qwen2.5-coder_7b/basic/qwen2.5-coder_7b_basic_C010_interactive_tooltips_iter01_20260624_235237,,0,,,,False,,,,,,missing_or_empty,False,,,,experiments/05_choropleth_reliability_benchmark/outputs/generated_code_iterative_repair/qwen2.5-coder_14b/qwen2.5-coder_7b/basic/C010_interactive_tooltips_basic_iter01.py,qwen2.5-coder_7b,False,,False,
map_static.png,experiments/05_choropleth_reliability_benchmark/outputs/runs_iterative_repair/qwen2.5-coder_7b/basic/qwen2.5-coder_7b_basic_C010_interactive_tooltips_iter02_20260624_231955/map_static.png,False,0,missing_or_empty;low_thematic_color;low_map_ink;low_edge_detail,False,,,,False,,,,,,,2,static_png,,basic,,,C010_interactive_tooltips,missing_or_empty,False,qwen2.5-coder_7b,1,experiments/05_choropleth_reliability_benchmark/outputs/runs_iterative_repair/qwen2.5-coder_7b/basic/qwen2.5-coder_7b_basic_C010_interactive_tooltips_iter02_20260624_231955,,0,,,,False,,,,,,missing_or_empty,False,,,,experiments/05_choropleth_reliability_benchmark/outputs/generated_code_iterative_repair/qwen2.5-coder_7b/qwen2.5-coder_7b/basic/C010_interactive_tooltips_basic_iter02.py,qwen2.5-coder_7b,False,,,
time_series.png,experiments/05_choropleth_reliability_benchmark/outputs/runs_iterative_repair/qwen2.5-coder_7b/basic/qwen2.5-coder_7b_basic_C010_interactive_tooltips_iter02_20260624_231955/time_series.png,False,0,missing_or_empty;low_plot_ink;no_visible_line;low_edge_detail,False,,,,False,,,,,,,2,time_series_png,,basic,,,C010_interactive_tooltips,missing_or_empty,False,qwen2.5-coder_7b,1,experiments/05_choropleth_reliability_benchmark/outputs/runs_iterative_repair/qwen2.5-coder_7b/basic/qwen2.5-coder_7b_basic_C010_interactive_tooltips_iter02_20260624_231955,,0,,,,False,,,,,,missing_or_empty,False,,,,experiments/05_choropleth_reliability_benchmark/outputs/generated_code_iterative_repair/qwen2.5-coder_7b/qwen2.5-coder_7b/basic/C010_interactive_tooltips_basic_iter02.py,qwen2.5-coder_7b,False,,,
map_interactive.html,experiments/05_choropleth_reliability_benchmark/outputs/runs_iterative_repair/qwen2.5-coder_7b/basic/qwen2.5-coder_7b_basic_C010_interactive_tooltips_iter02_20260624_231955/map_interactive.html,False,0,html_not_rendered;low_rendered_map_ink;low_edge_detail,False,,,,True,,,,,missing,False,2,interactive_html,,basic,,,C010_interactive_tooltips,,,qwen2.5-coder_7b,1,experiments/05_choropleth_reliability_benchmark/outputs/runs_iterative_repair/qwen2.5-coder_7b/basic/qwen2.5-coder_7b_basic_C010_interactive_tooltips_iter02_20260624_231955,,0,,,,True,,,,,,missing_or_empty,False,,,,experiments/05_choropleth_reliability_benchmark/outputs/generated_code_iterative_repair/qwen2.5-coder_7b/qwen2.5-coder_7b/basic/C010_interactive_tooltips_basic_iter02.py,qwen2.5-coder_7b,False,,False,
map_static.png,experiments/05_choropleth_reliability_benchmark/outputs/runs_iterative_repair/qwen2.5-coder_7b/basic/qwen2.5-coder_7b_basic_C010_interactive_tooltips_iter02_20260624_235302/map_static.png,False,0,missing_or_empty;low_thematic_color;low_map_ink;low_edge_detail,False,,,,False,,,,,,,2,static_png,,basic,,,C010_interactive_tooltips,missing_or_empty,False,qwen2.5-coder_14b,1,experiments/05_choropleth_reliability_benchmark/outputs/runs_iterative_repair/qwen2.5-coder_7b/basic/qwen2.5-coder_7b_basic_C010_interactive_tooltips_iter02_20260624_235302,,0,,,,False,,,,,,missing_or_empty,False,,,,experiments/05_choropleth_reliability_benchmark/outputs/generated_code_iterative_repair/qwen2.5-coder_14b/qwen2.5-coder_7b/basic/C010_interactive_tooltips_basic_iter02.py,qwen2.5-coder_7b,False,,,
time_series.png,experiments/05_choropleth_reliability_benchmark/outputs/runs_iterative_repair/qwen2.5-coder_7b/basic/qwen2.5-coder_7b_basic_C010_interactive_tooltips_iter02_20260624_235302/time_series.png,False,0,missing_or_empty;low_plot_ink;no_visible_line;low_edge_detail,False,,,,False,,,,,,,2,time_series_png,,basic,,,C010_interactive_tooltips,missing_or_empty,False,qwen2.5-coder_14b,1,experiments/05_choropleth_reliability_benchmark/outputs/runs_iterative_repair/qwen2.5-coder_7b/basic/qwen2.5-coder_7b_basic_C010_interactive_tooltips_iter02_20260624_235302,,0,,,,False,,,,,,missing_or_empty,False,,,,experiments/05_choropleth_reliability_benchmark/outputs/generated_code_iterative_repair/qwen2.5-coder_14b/qwen2.5-coder_7b/basic/C010_interactive_tooltips_basic_iter02.py,qwen2.5-coder_7b,False,,,
map_interactive.html,experiments/05_choropleth_reliability_benchmark/outputs/runs_iterative_repair/qwen2.5-coder_7b/basic/qwen2.5-coder_7b_basic_C010_interactive_tooltips_iter02_20260624_235302/map_interactive.html,False,0,missing_or_empty;html_not_rendered;low_rendered_map_ink;low_edge_detail,False,,,,False,,,,,missing,False,2,interactive_html,,basic,,,C010_interactive_tooltips,,,qwen2.5-coder_14b,1,experiments/05_choropleth_reliability_benchmark/outputs/runs_iterative_repair/qwen2.5-coder_7b/basic/qwen2.5-coder_7b_basic_C010_interactive_tooltips_iter02_20260624_235302,,0,,,,False,,,,,,missing_or_empty,False,,,,experiments/05_choropleth_reliability_benchmark/outputs/generated_code_iterative_repair/qwen2.5-coder_14b/qwen2.5-coder_7b/basic/C010_interactive_tooltips_basic_iter02.py,qwen2.5-coder_7b,False,,False,
map_static.png,experiments/05_choropleth_reliability_benchmark/outputs/runs_iterative_repair/qwen2.5-coder_7b/basic/qwen2.5-coder_7b_basic_C010_interactive_tooltips_iter03_20260624_232012/map_static.png,False,0,missing_or_empty;low_thematic_color;low_map_ink;low_edge_detail,False,,,,False,,,,,,,3,static_png,,basic,,,C010_interactive_tooltips,missing_or_empty,False,qwen2.5-coder_7b,1,experiments/05_choropleth_reliability_benchmark/outputs/runs_iterative_repair/qwen2.5-coder_7b/basic/qwen2.5-coder_7b_basic_C010_interactive_tooltips_iter03_20260624_232012,,0,,,,False,,,,,,missing_or_empty,False,,,,experiments/05_choropleth_reliability_benchmark/outputs/generated_code_iterative_repair/qwen2.5-coder_7b/qwen2.5-coder_7b/basic/C010_interactive_tooltips_basic_iter03.py,qwen2.5-coder_7b,False,,,
time_series.png,experiments/05_choropleth_reliability_benchmark/outputs/runs_iterative_repair/qwen2.5-coder_7b/basic/qwen2.5-coder_7b_basic_C010_interactive_tooltips_iter03_20260624_232012/time_series.png,False,0,missing_or_empty;low_plot_ink;no_visible_line;low_edge_detail,False,,,,False,,,,,,,3,time_series_png,,basic,,,C010_interactive_tooltips,missing_or_empty,False,qwen2.5-coder_7b,1,experiments/05_choropleth_reliability_benchmark/outputs/runs_iterative_repair/qwen2.5-coder_7b/basic/qwen2.5-coder_7b_basic_C010_interactive_tooltips_iter03_20260624_232012,,0,,,,False,,,,,,missing_or_empty,False,,,,experiments/05_choropleth_reliability_benchmark/outputs/generated_code_iterative_repair/qwen2.5-coder_7b/qwen2.5-coder_7b/basic/C010_interactive_tooltips_basic_iter03.py,qwen2.5-coder_7b,False,,,
map_interactive.html,experiments/05_choropleth_reliability_benchmark/outputs/runs_iterative_repair/qwen2.5-coder_7b/basic/qwen2.5-coder_7b_basic_C010_interactive_tooltips_iter03_20260624_232012/map_interactive.html,False,0,html_not_rendered;low_rendered_map_ink;low_edge_detail,False,,,,True,,,,,missing,False,3,interactive_html,,basic,,,C010_interactive_tooltips,,,qwen2.5-coder_7b,1,experiments/05_choropleth_reliability_benchmark/outputs/runs_iterative_repair/qwen2.5-coder_7b/basic/qwen2.5-coder_7b_basic_C010_interactive_tooltips_iter03_20260624_232012,,0,,,,True,,,,,,missing_or_empty,False,,,,experiments/05_choropleth_reliability_benchmark/outputs/generated_code_iterative_repair/qwen2.5-coder_7b/qwen2.5-coder_7b/basic/C010_interactive_tooltips_basic_iter03.py,qwen2.5-coder_7b,False,,False,
map_static.png,experiments/05_choropleth_reliability_benchmark/outputs/runs_iterative_repair/qwen2.5-coder_7b/basic/qwen2.5-coder_7b_basic_C010_interactive_tooltips_iter03_20260624_235328/map_static.png,False,0,missing_or_empty;low_thematic_color;low_map_ink;low_edge_detail,False,,,,False,,,,,,,3,static_png,,basic,,,C010_interactive_tooltips,missing_or_empty,False,qwen2.5-coder_14b,1,experiments/05_choropleth_reliability_benchmark/outputs/runs_iterative_repair/qwen2.5-coder_7b/basic/qwen2.5-coder_7b_basic_C010_interactive_tooltips_iter03_20260624_235328,,0,,,,False,,,,,,missing_or_empty,False,,,,experiments/05_choropleth_reliability_benchmark/outputs/generated_code_iterative_repair/qwen2.5-coder_14b/qwen2.5-coder_7b/basic/C010_interactive_tooltips_basic_iter03.py,qwen2.5-coder_7b,False,,,
time_series.png,experiments/05_choropleth_reliability_benchmark/outputs/runs_iterative_repair/qwen2.5-coder_7b/basic/qwen2.5-coder_7b_basic_C010_interactive_tooltips_iter03_20260624_235328/time_series.png,False,0,missing_or_empty;low_plot_ink;no_visible_line;low_edge_detail,False,,,,False,,,,,,,3,time_series_png,,basic,,,C010_interactive_tooltips,missing_or_empty,False,qwen2.5-coder_14b,1,experiments/05_choropleth_reliability_benchmark/outputs/runs_iterative_repair/qwen2.5-coder_7b/basic/qwen2.5-coder_7b_basic_C010_interactive_tooltips_iter03_20260624_235328,,0,,,,False,,,,,,missing_or_empty,False,,,,experiments/05_choropleth_reliability_benchmark/outputs/generated_code_iterative_repair/qwen2.5-coder_14b/qwen2.5-coder_7b/basic/C010_interactive_tooltips_basic_iter03.py,qwen2.5-coder_7b,False,,,
map_interactive.html,experiments/05_choropleth_reliability_benchmark/outputs/runs_iterative_repair/qwen2.5-coder_7b/basic/qwen2.5-coder_7b_basic_C010_interactive_tooltips_iter03_20260624_235328/map_interactive.html,False,0,missing_or_empty;html_not_rendered;low_rendered_map_ink;low_edge_detail,False,,,,False,,,,,missing,False,3,interactive_html,,basic,,,C010_interactive_tooltips,,,qwen2.5-coder_14b,1,experiments/05_choropleth_reliability_benchmark/outputs/runs_iterative_repair/qwen2.5-coder_7b/basic/qwen2.5-coder_7b_basic_C010_interactive_tooltips_iter03_20260624_235328,,0,,,,False,,,,,,missing_or_empty,False,,,,experiments/05_choropleth_reliability_benchmark/outputs/generated_code_iterative_repair/qwen2.5-coder_14b/qwen2.5-coder_7b/basic/C010_interactive_tooltips_basic_iter03.py,qwen2.5-coder_7b,False,,False,
map_static.png,experiments/05_choropleth_reliability_benchmark/outputs/runs_iterative_repair/qwen2.5-coder_7b/basic/qwen2.5-coder_7b_basic_C011_static_and_interactive_iter01_20260624_052056/map_static.png,False,0,missing_or_empty;low_thematic_color;low_map_ink;low_edge_detail,False,,,,False,,,,,,,1,static_png,,basic,,,C011_static_and_interactive,missing_or_empty,False,qwen2.5-coder_32b,1,experiments/05_choropleth_reliability_benchmark/outputs/runs_iterative_repair/qwen2.5-coder_7b/basic/qwen2.5-coder_7b_basic_C011_static_and_interactive_iter01_20260624_052056,,0,,,,False,,,,,,missing_or_empty,False,,,,experiments/05_choropleth_reliability_benchmark/outputs/generated_code_iterative_repair/qwen2.5-coder_32b/qwen2.5-coder_7b/basic/C011_static_and_interactive_basic_iter01.py,qwen2.5-coder_7b,False,,,
time_series.png,experiments/05_choropleth_reliability_benchmark/outputs/runs_iterative_repair/qwen2.5-coder_7b/basic/qwen2.5-coder_7b_basic_C011_static_and_interactive_iter01_20260624_052056/time_series.png,False,0,missing_or_empty;low_plot_ink;no_visible_line;low_edge_detail,False,,,,False,,,,,,,1,time_series_png,,basic,,,C011_static_and_interactive,missing_or_empty,False,qwen2.5-coder_32b,1,experiments/05_choropleth_reliability_benchmark/outputs/runs_iterative_repair/qwen2.5-coder_7b/basic/qwen2.5-coder_7b_basic_C011_static_and_interactive_iter01_20260624_052056,,0,,,,False,,,,,,missing_or_empty,False,,,,experiments/05_choropleth_reliability_benchmark/outputs/generated_code_iterative_repair/qwen2.5-coder_32b/qwen2.5-coder_7b/basic/C011_static_and_interactive_basic_iter01.py,qwen2.5-coder_7b,False,,,
map_interactive.html,experiments/05_choropleth_reliability_benchmark/outputs/runs_iterative_repair/qwen2.5-coder_7b/basic/qwen2.5-coder_7b_basic_C011_static_and_interactive_iter01_20260624_052056/map_interactive.html,False,0,missing_or_empty;html_not_rendered;low_rendered_map_ink;low_edge_detail,False,,,,False,,,,,missing,False,1,interactive_html,,basic,,,C011_static_and_interactive,,,qwen2.5-coder_32b,1,experiments/05_choropleth_reliability_benchmark/outputs/runs_iterative_repair/qwen2.5-coder_7b/basic/qwen2.5-coder_7b_basic_C011_static_and_interactive_iter01_20260624_052056,,0,,,,False,,,,,,missing_or_empty,False,,,,experiments/05_choropleth_reliability_benchmark/outputs/generated_code_iterative_repair/qwen2.5-coder_32b/qwen2.5-coder_7b/basic/C011_static_and_interactive_basic_iter01.py,qwen2.5-coder_7b,False,,False,
map_static.png,experiments/05_choropleth_reliability_benchmark/outputs/runs_iterative_repair/qwen2.5-coder_7b/basic/qwen2.5-coder_7b_basic_C011_static_and_interactive_iter01_20260624_233021/map_static.png,False,0,missing_or_empty;low_thematic_color;low_map_ink;low_edge_detail,False,,,,False,,,,,,,1,static_png,,basic,,,C011_static_and_interactive,missing_or_empty,False,qwen2.5-coder_7b,1,experiments/05_choropleth_reliability_benchmark/outputs/runs_iterative_repair/qwen2.5-coder_7b/basic/qwen2.5-coder_7b_basic_C011_static_and_interactive_iter01_20260624_233021,,0,,,,False,,,,,,missing_or_empty,False,,,,experiments/05_choropleth_reliability_benchmark/outputs/generated_code_iterative_repair/qwen2.5-coder_7b/qwen2.5-coder_7b/basic/C011_static_and_interactive_basic_iter01.py,qwen2.5-coder_7b,False,,,
time_series.png,experiments/05_choropleth_reliability_benchmark/outputs/runs_iterative_repair/qwen2.5-coder_7b/basic/qwen2.5-coder_7b_basic_C011_static_and_interactive_iter01_20260624_233021/time_series.png,False,0,missing_or_empty;low_plot_ink;no_visible_line;low_edge_detail,False,,,,False,,,,,,,1,time_series_png,,basic,,,C011_static_and_interactive,missing_or_empty,False,qwen2.5-coder_7b,1,experiments/05_choropleth_reliability_benchmark/outputs/runs_iterative_repair/qwen2.5-coder_7b/basic/qwen2.5-coder_7b_basic_C011_static_and_interactive_iter01_20260624_233021,,0,,,,False,,,,,,missing_or_empty,False,,,,experiments/05_choropleth_reliability_benchmark/outputs/generated_code_iterative_repair/qwen2.5-coder_7b/qwen2.5-coder_7b/basic/C011_static_and_interactive_basic_iter01.py,qwen2.5-coder_7b,False,,,
map_interactive.html,experiments/05_choropleth_reliability_benchmark/outputs/runs_iterative_repair/qwen2.5-coder_7b/basic/qwen2.5-coder_7b_basic_C011_static_and_interactive_iter01_20260624_233021/map_interactive.html,False,0,missing_or_empty;html_not_rendered;low_rendered_map_ink;low_edge_detail,False,,,,False,,,,,missing,False,1,interactive_html,,basic,,,C011_static_and_interactive,,,qwen2.5-coder_7b,1,experiments/05_choropleth_reliability_benchmark/outputs/runs_iterative_repair/qwen2.5-coder_7b/basic/qwen2.5-coder_7b_basic_C011_static_and_interactive_iter01_20260624_233021,,0,,,,False,,,,,,missing_or_empty,False,,,,experiments/05_choropleth_reliability_benchmark/outputs/generated_code_iterative_repair/qwen2.5-coder_7b/qwen2.5-coder_7b/basic/C011_static_and_interactive_basic_iter01.py,qwen2.5-coder_7b,False,,False,
map_static.png,experiments/05_choropleth_reliability_benchmark/outputs/runs_iterative_repair/qwen2.5-coder_7b/basic/qwen2.5-coder_7b_basic_C011_static_and_interactive_iter01_20260625_001008/map_static.png,False,0,missing_or_empty;low_thematic_color;low_map_ink;low_edge_detail,False,,,,False,,,,,,,1,static_png,,basic,,,C011_static_and_interactive,missing_or_empty,False,qwen2.5-coder_14b,1,experiments/05_choropleth_reliability_benchmark/outputs/runs_iterative_repair/qwen2.5-coder_7b/basic/qwen2.5-coder_7b_basic_C011_static_and_interactive_iter01_20260625_001008,,0,,,,False,,,,,,missing_or_empty,False,,,,experiments/05_choropleth_reliability_benchmark/outputs/generated_code_iterative_repair/qwen2.5-coder_14b/qwen2.5-coder_7b/basic/C011_static_and_interactive_basic_iter01.py,qwen2.5-coder_7b,False,,,
time_series.png,experiments/05_choropleth_reliability_benchmark/outputs/runs_iterative_repair/qwen2.5-coder_7b/basic/qwen2.5-coder_7b_basic_C011_static_and_interactive_iter01_20260625_001008/time_series.png,False,0,missing_or_empty;low_plot_ink;no_visible_line;low_edge_detail,False,,,,False,,,,,,,1,time_series_png,,basic,,,C011_static_and_interactive,missing_or_empty,False,qwen2.5-coder_14b,1,experiments/05_choropleth_reliability_benchmark/outputs/runs_iterative_repair/qwen2.5-coder_7b/basic/qwen2.5-coder_7b_basic_C011_static_and_interactive_iter01_20260625_001008,,0,,,,False,,,,,,missing_or_empty,False,,,,experiments/05_choropleth_reliability_benchmark/outputs/generated_code_iterative_repair/qwen2.5-coder_14b/qwen2.5-coder_7b/basic/C011_static_and_interactive_basic_iter01.py,qwen2.5-coder_7b,False,,,
map_interactive.html,experiments/05_choropleth_reliability_benchmark/outputs/runs_iterative_repair/qwen2.5-coder_7b/basic/qwen2.5-coder_7b_basic_C011_static_and_interactive_iter01_20260625_001008/map_interactive.html,False,0,missing_or_empty;html_not_rendered;low_rendered_map_ink;low_edge_detail,False,,,,False,,,,,missing,False,1,interactive_html,,basic,,,C011_static_and_interactive,,,qwen2.5-coder_14b,1,experiments/05_choropleth_reliability_benchmark/outputs/runs_iterative_repair/qwen2.5-coder_7b/basic/qwen2.5-coder_7b_basic_C011_static_and_interactive_iter01_20260625_001008,,0,,,,False,,,,,,missing_or_empty,False,,,,experiments/05_choropleth_reliability_benchmark/outputs/generated_code_iterative_repair/qwen2.5-coder_14b/qwen2.5-coder_7b/basic/C011_static_and_interactive_basic_iter01.py,qwen2.5-coder_7b,False,,False,
map_static.png,experiments/05_choropleth_reliability_benchmark/outputs/runs_iterative_repair/qwen2.5-coder_7b/basic/qwen2.5-coder_7b_basic_C011_static_and_interactive_iter02_20260624_052152/map_static.png,False,0,missing_or_empty;low_thematic_color;low_map_ink;low_edge_detail,False,,,,False,,,,,,,2,static_png,,basic,,,C011_static_and_interactive,missing_or_empty,False,qwen2.5-coder_32b,1,experiments/05_choropleth_reliability_benchmark/outputs/runs_iterative_repair/qwen2.5-coder_7b/basic/qwen2.5-coder_7b_basic_C011_static_and_interactive_iter02_20260624_052152,,0,,,,False,,,,,,missing_or_empty,False,,,,experiments/05_choropleth_reliability_benchmark/outputs/generated_code_iterative_repair/qwen2.5-coder_32b/qwen2.5-coder_7b/basic/C011_static_and_interactive_basic_iter02.py,qwen2.5-coder_7b,False,,,
time_series.png,experiments/05_choropleth_reliability_benchmark/outputs/runs_iterative_repair/qwen2.5-coder_7b/basic/qwen2.5-coder_7b_basic_C011_static_and_interactive_iter02_20260624_052152/time_series.png,False,0,missing_or_empty;low_plot_ink;no_visible_line;low_edge_detail,False,,,,False,,,,,,,2,time_series_png,,basic,,,C011_static_and_interactive,missing_or_empty,False,qwen2.5-coder_32b,1,experiments/05_choropleth_reliability_benchmark/outputs/runs_iterative_repair/qwen2.5-coder_7b/basic/qwen2.5-coder_7b_basic_C011_static_and_interactive_iter02_20260624_052152,,0,,,,False,,,,,,missing_or_empty,False,,,,experiments/05_choropleth_reliability_benchmark/outputs/generated_code_iterative_repair/qwen2.5-coder_32b/qwen2.5-coder_7b/basic/C011_static_and_interactive_basic_iter02.py,qwen2.5-coder_7b,False,,,
map_interactive.html,experiments/05_choropleth_reliability_benchmark/outputs/runs_iterative_repair/qwen2.5-coder_7b/basic/qwen2.5-coder_7b_basic_C011_static_and_interactive_iter02_20260624_052152/map_interactive.html,False,0,missing_or_empty;html_not_rendered;low_rendered_map_ink;low_edge_detail,False,,,,False,,,,,missing,False,2,interactive_html,,basic,,,C011_static_and_interactive,,,qwen2.5-coder_32b,1,experiments/05_choropleth_reliability_benchmark/outputs/runs_iterative_repair/qwen2.5-coder_7b/basic/qwen2.5-coder_7b_basic_C011_static_and_interactive_iter02_20260624_052152,,0,,,,False,,,,,,missing_or_empty,False,,,,experiments/05_choropleth_reliability_benchmark/outputs/generated_code_iterative_repair/qwen2.5-coder_32b/qwen2.5-coder_7b/basic/C011_static_and_interactive_basic_iter02.py,qwen2.5-coder_7b,False,,False,
map_static.png,experiments/05_choropleth_reliability_benchmark/outputs/runs_iterative_repair/qwen2.5-coder_7b/basic/qwen2.5-coder_7b_basic_C011_static_and_interactive_iter02_20260624_233035/map_static.png,False,0,missing_or_empty;low_thematic_color;low_map_ink;low_edge_detail,False,,,,False,,,,,,,2,static_png,,basic,,,C011_static_and_interactive,missing_or_empty,False,qwen2.5-coder_7b,1,experiments/05_choropleth_reliability_benchmark/outputs/runs_iterative_repair/qwen2.5-coder_7b/basic/qwen2.5-coder_7b_basic_C011_static_and_interactive_iter02_20260624_233035,,0,,,,False,,,,,,missing_or_empty,False,,,,experiments/05_choropleth_reliability_benchmark/outputs/generated_code_iterative_repair/qwen2.5-coder_7b/qwen2.5-coder_7b/basic/C011_static_and_interactive_basic_iter02.py,qwen2.5-coder_7b,False,,,
time_series.png,experiments/05_choropleth_reliability_benchmark/outputs/runs_iterative_repair/qwen2.5-coder_7b/basic/qwen2.5-coder_7b_basic_C011_static_and_interactive_iter02_20260624_233035/time_series.png,False,0,missing_or_empty;low_plot_ink;no_visible_line;low_edge_detail,False,,,,False,,,,,,,2,time_series_png,,basic,,,C011_static_and_interactive,missing_or_empty,False,qwen2.5-coder_7b,1,experiments/05_choropleth_reliability_benchmark/outputs/runs_iterative_repair/qwen2.5-coder_7b/basic/qwen2.5-coder_7b_basic_C011_static_and_interactive_iter02_20260624_233035,,0,,,,False,,,,,,missing_or_empty,False,,,,experiments/05_choropleth_reliability_benchmark/outputs/generated_code_iterative_repair/qwen2.5-coder_7b/qwen2.5-coder_7b/basic/C011_static_and_interactive_basic_iter02.py,qwen2.5-coder_7b,False,,,
map_interactive.html,experiments/05_choropleth_reliability_benchmark/outputs/runs_iterative_repair/qwen2.5-coder_7b/basic/qwen2.5-coder_7b_basic_C011_static_and_interactive_iter02_20260624_233035/map_interactive.html,False,0,missing_or_empty;html_not_rendered;low_rendered_map_ink;low_edge_detail,False,,,,False,,,,,missing,False,2,interactive_html,,basic,,,C011_static_and_interactive,,,qwen2.5-coder_7b,1,experiments/05_choropleth_reliability_benchmark/outputs/runs_iterative_repair/qwen2.5-coder_7b/basic/qwen2.5-coder_7b_basic_C011_static_and_interactive_iter02_20260624_233035,,0,,,,False,,,,,,missing_or_empty,False,,,,experiments/05_choropleth_reliability_benchmark/outputs/generated_code_iterative_repair/qwen2.5-coder_7b/qwen2.5-coder_7b/basic/C011_static_and_interactive_basic_iter02.py,qwen2.5-coder_7b,False,,False,
map_static.png,experiments/05_choropleth_reliability_benchmark/outputs/runs_iterative_repair/qwen2.5-coder_7b/basic/qwen2.5-coder_7b_basic_C011_static_and_interactive_iter02_20260625_001034/map_static.png,False,0,missing_or_empty;low_thematic_color;low_map_ink;low_edge_detail,False,,,,False,,,,,,,2,static_png,,basic,,,C011_static_and_interactive,missing_or_empty,False,qwen2.5-coder_14b,1,experiments/05_choropleth_reliability_benchmark/outputs/runs_iterative_repair/qwen2.5-coder_7b/basic/qwen2.5-coder_7b_basic_C011_static_and_interactive_iter02_20260625_001034,,0,,,,False,,,,,,missing_or_empty,False,,,,experiments/05_choropleth_reliability_benchmark/outputs/generated_code_iterative_repair/qwen2.5-coder_14b/qwen2.5-coder_7b/basic/C011_static_and_interactive_basic_iter02.py,qwen2.5-coder_7b,False,,,
time_series.png,experiments/05_choropleth_reliability_benchmark/outputs/runs_iterative_repair/qwen2.5-coder_7b/basic/qwen2.5-coder_7b_basic_C011_static_and_interactive_iter02_20260625_001034/time_series.png,False,0,missing_or_empty;low_plot_ink;no_visible_line;low_edge_detail,False,,,,False,,,,,,,2,time_series_png,,basic,,,C011_static_and_interactive,missing_or_empty,False,qwen2.5-coder_14b,1,experiments/05_choropleth_reliability_benchmark/outputs/runs_iterative_repair/qwen2.5-coder_7b/basic/qwen2.5-coder_7b_basic_C011_static_and_interactive_iter02_20260625_001034,,0,,,,False,,,,,,missing_or_empty,False,,,,experiments/05_choropleth_reliability_benchmark/outputs/generated_code_iterative_repair/qwen2.5-coder_14b/qwen2.5-coder_7b/basic/C011_static_and_interactive_basic_iter02.py,qwen2.5-coder_7b,False,,,
map_interactive.html,experiments/05_choropleth_reliability_benchmark/outputs/runs_iterative_repair/qwen2.5-coder_7b/basic/qwen2.5-coder_7b_basic_C011_static_and_interactive_iter02_20260625_001034/map_interactive.html,False,0,missing_or_empty;html_not_rendered;low_rendered_map_ink;low_edge_detail,False,,,,False,,,,,missing,False,2,interactive_html,,basic,,,C011_static_and_interactive,,,qwen2.5-coder_14b,1,experiments/05_choropleth_reliability_benchmark/outputs/runs_iterative_repair/qwen2.5-coder_7b/basic/qwen2.5-coder_7b_basic_C011_static_and_interactive_iter02_20260625_001034,,0,,,,False,,,,,,missing_or_empty,False,,,,experiments/05_choropleth_reliability_benchmark/outputs/generated_code_iterative_repair/qwen2.5-coder_14b/qwen2.5-coder_7b/basic/C011_static_and_interactive_basic_iter02.py,qwen2.5-coder_7b,False,,False,
map_static.png,experiments/05_choropleth_reliability_benchmark/outputs/runs_iterative_repair/qwen2.5-coder_7b/basic/qwen2.5-coder_7b_basic_C011_static_and_interactive_iter03_20260624_063207/map_static.png,False,0,missing_or_empty;low_thematic_color;low_map_ink;low_edge_detail,False,,,,False,,,,,,,3,static_png,,basic,,,C011_static_and_interactive,missing_or_empty,False,qwen2.5-coder_32b,1,experiments/05_choropleth_reliability_benchmark/outputs/runs_iterative_repair/qwen2.5-coder_7b/basic/qwen2.5-coder_7b_basic_C011_static_and_interactive_iter03_20260624_063207,,0,,,,False,,,,,,missing_or_empty,False,,,,experiments/05_choropleth_reliability_benchmark/outputs/generated_code_iterative_repair/qwen2.5-coder_32b/qwen2.5-coder_7b/basic/C011_static_and_interactive_basic_iter03.py,qwen2.5-coder_7b,False,,,
time_series.png,experiments/05_choropleth_reliability_benchmark/outputs/runs_iterative_repair/qwen2.5-coder_7b/basic/qwen2.5-coder_7b_basic_C011_static_and_interactive_iter03_20260624_063207/time_series.png,False,0,missing_or_empty;low_plot_ink;no_visible_line;low_edge_detail,False,,,,False,,,,,,,3,time_series_png,,basic,,,C011_static_and_interactive,missing_or_empty,False,qwen2.5-coder_32b,1,experiments/05_choropleth_reliability_benchmark/outputs/runs_iterative_repair/qwen2.5-coder_7b/basic/qwen2.5-coder_7b_basic_C011_static_and_interactive_iter03_20260624_063207,,0,,,,False,,,,,,missing_or_empty,False,,,,experiments/05_choropleth_reliability_benchmark/outputs/generated_code_iterative_repair/qwen2.5-coder_32b/qwen2.5-coder_7b/basic/C011_static_and_interactive_basic_iter03.py,qwen2.5-coder_7b,False,,,
map_interactive.html,experiments/05_choropleth_reliability_benchmark/outputs/runs_iterative_repair/qwen2.5-coder_7b/basic/qwen2.5-coder_7b_basic_C011_static_and_interactive_iter03_20260624_063207/map_interactive.html,False,0,missing_or_empty;html_not_rendered;low_rendered_map_ink;low_edge_detail,False,,,,False,,,,,missing,False,3,interactive_html,,basic,,,C011_static_and_interactive,,,qwen2.5-coder_32b,1,experiments/05_choropleth_reliability_benchmark/outputs/runs_iterative_repair/qwen2.5-coder_7b/basic/qwen2.5-coder_7b_basic_C011_static_and_interactive_iter03_20260624_063207,,0,,,,False,,,,,,missing_or_empty,False,,,,experiments/05_choropleth_reliability_benchmark/outputs/generated_code_iterative_repair/qwen2.5-coder_32b/qwen2.5-coder_7b/basic/C011_static_and_interactive_basic_iter03.py,qwen2.5-coder_7b,False,,False,
map_static.png,experiments/05_choropleth_reliability_benchmark/outputs/runs_iterative_repair/qwen2.5-coder_7b/basic/qwen2.5-coder_7b_basic_C011_static_and_interactive_iter03_20260624_233048/map_static.png,False,0,missing_or_empty;low_thematic_color;low_map_ink;low_edge_detail,False,,,,False,,,,,,,3,static_png,,basic,,,C011_static_and_interactive,missing_or_empty,False,qwen2.5-coder_7b,1,experiments/05_choropleth_reliability_benchmark/outputs/runs_iterative_repair/qwen2.5-coder_7b/basic/qwen2.5-coder_7b_basic_C011_static_and_interactive_iter03_20260624_233048,,0,,,,False,,,,,,missing_or_empty,False,,,,experiments/05_choropleth_reliability_benchmark/outputs/generated_code_iterative_repair/qwen2.5-coder_7b/qwen2.5-coder_7b/basic/C011_static_and_interactive_basic_iter03.py,qwen2.5-coder_7b,False,,,
time_series.png,experiments/05_choropleth_reliability_benchmark/outputs/runs_iterative_repair/qwen2.5-coder_7b/basic/qwen2.5-coder_7b_basic_C011_static_and_interactive_iter03_20260624_233048/time_series.png,False,0,missing_or_empty;low_plot_ink;no_visible_line;low_edge_detail,False,,,,False,,,,,,,3,time_series_png,,basic,,,C011_static_and_interactive,missing_or_empty,False,qwen2.5-coder_7b,1,experiments/05_choropleth_reliability_benchmark/outputs/runs_iterative_repair/qwen2.5-coder_7b/basic/qwen2.5-coder_7b_basic_C011_static_and_interactive_iter03_20260624_233048,,0,,,,False,,,,,,missing_or_empty,False,,,,experiments/05_choropleth_reliability_benchmark/outputs/generated_code_iterative_repair/qwen2.5-coder_7b/qwen2.5-coder_7b/basic/C011_static_and_interactive_basic_iter03.py,qwen2.5-coder_7b,False,,,
map_interactive.html,experiments/05_choropleth_reliability_benchmark/outputs/runs_iterative_repair/qwen2.5-coder_7b/basic/qwen2.5-coder_7b_basic_C011_static_and_interactive_iter03_20260624_233048/map_interactive.html,False,0,missing_or_empty;html_not_rendered;low_rendered_map_ink;low_edge_detail,False,,,,False,,,,,missing,False,3,interactive_html,,basic,,,C011_static_and_interactive,,,qwen2.5-coder_7b,1,experiments/05_choropleth_reliability_benchmark/outputs/runs_iterative_repair/qwen2.5-coder_7b/basic/qwen2.5-coder_7b_basic_C011_static_and_interactive_iter03_20260624_233048,,0,,,,False,,,,,,missing_or_empty,False,,,,experiments/05_choropleth_reliability_benchmark/outputs/generated_code_iterative_repair/qwen2.5-coder_7b/qwen2.5-coder_7b/basic/C011_static_and_interactive_basic_iter03.py,qwen2.5-coder_7b,False,,False,
map_static.png,experiments/05_choropleth_reliability_benchmark/outputs/runs_iterative_repair/qwen2.5-coder_7b/basic/qwen2.5-coder_7b_basic_C011_static_and_interactive_iter03_20260625_001058/map_static.png,False,0,missing_or_empty;low_thematic_color;low_map_ink;low_edge_detail,False,,,,False,,,,,,,3,static_png,,basic,,,C011_static_and_interactive,missing_or_empty,False,qwen2.5-coder_14b,1,experiments/05_choropleth_reliability_benchmark/outputs/runs_iterative_repair/qwen2.5-coder_7b/basic/qwen2.5-coder_7b_basic_C011_static_and_interactive_iter03_20260625_001058,,0,,,,False,,,,,,missing_or_empty,False,,,,experiments/05_choropleth_reliability_benchmark/outputs/generated_code_iterative_repair/qwen2.5-coder_14b/qwen2.5-coder_7b/basic/C011_static_and_interactive_basic_iter03.py,qwen2.5-coder_7b,False,,,
time_series.png,experiments/05_choropleth_reliability_benchmark/outputs/runs_iterative_repair/qwen2.5-coder_7b/basic/qwen2.5-coder_7b_basic_C011_static_and_interactive_iter03_20260625_001058/time_series.png,False,0,missing_or_empty;low_plot_ink;no_visible_line;low_edge_detail,False,,,,False,,,,,,,3,time_series_png,,basic,,,C011_static_and_interactive,missing_or_empty,False,qwen2.5-coder_14b,1,experiments/05_choropleth_reliability_benchmark/outputs/runs_iterative_repair/qwen2.5-coder_7b/basic/qwen2.5-coder_7b_basic_C011_static_and_interactive_iter03_20260625_001058,,0,,,,False,,,,,,missing_or_empty,False,,,,experiments/05_choropleth_reliability_benchmark/outputs/generated_code_iterative_repair/qwen2.5-coder_14b/qwen2.5-coder_7b/basic/C011_static_and_interactive_basic_iter03.py,qwen2.5-coder_7b,False,,,
map_interactive.html,experiments/05_choropleth_reliability_benchmark/outputs/runs_iterative_repair/qwen2.5-coder_7b/basic/qwen2.5-coder_7b_basic_C011_static_and_interactive_iter03_20260625_001058/map_interactive.html,False,0,missing_or_empty;html_not_rendered;low_rendered_map_ink;low_edge_detail,False,,,,False,,,,,missing,False,3,interactive_html,,basic,,,C011_static_and_interactive,,,qwen2.5-coder_14b,1,experiments/05_choropleth_reliability_benchmark/outputs/runs_iterative_repair/qwen2.5-coder_7b/basic/qwen2.5-coder_7b_basic_C011_static_and_interactive_iter03_20260625_001058,,0,,,,False,,,,,,missing_or_empty,False,,,,experiments/05_choropleth_reliability_benchmark/outputs/generated_code_iterative_repair/qwen2.5-coder_14b/qwen2.5-coder_7b/basic/C011_static_and_interactive_basic_iter03.py,qwen2.5-coder_7b,False,,False,
map_static.png,experiments/05_choropleth_reliability_benchmark/outputs/runs_iterative_repair/qwen2.5-coder_7b/basic/qwen2.5-coder_7b_basic_C012_time_series_report_iter01_20260624_051512/map_static.png,False,0,missing_or_empty;low_thematic_color;low_map_ink;low_edge_detail,False,,,,False,,,,,,,1,static_png,,basic,,,C012_time_series_report,missing_or_empty,False,qwen2.5-coder_32b,0,experiments/05_choropleth_reliability_benchmark/outputs/runs_iterative_repair/qwen2.5-coder_7b/basic/qwen2.5-coder_7b_basic_C012_time_series_report_iter01_20260624_051512,,0,,,,False,,,,,,missing_or_empty,False,,,,experiments/05_choropleth_reliability_benchmark/outputs/generated_code_iterative_repair/qwen2.5-coder_32b/qwen2.5-coder_7b/basic/C012_time_series_report_basic_iter01.py,qwen2.5-coder_7b,False,,,
time_series.png,experiments/05_choropleth_reliability_benchmark/outputs/runs_iterative_repair/qwen2.5-coder_7b/basic/qwen2.5-coder_7b_basic_C012_time_series_report_iter01_20260624_051512/time_series.png,True,32906,,True,0.0133,255,12.818,True,,,,480,,,1,time_series_png,249.206,basic,0.9901,0.0509,C012_time_series_report,,True,qwen2.5-coder_32b,0,experiments/05_choropleth_reliability_benchmark/outputs/runs_iterative_repair/qwen2.5-coder_7b/basic/qwen2.5-coder_7b_basic_C012_time_series_report_iter01_20260624_051512,0.0167,32906,0.0133,255,12.818,True,480,249.206,0.9901,0.0509,,,True,0.0167,21,640,experiments/05_choropleth_reliability_benchmark/outputs/generated_code_iterative_repair/qwen2.5-coder_32b/qwen2.5-coder_7b/basic/C012_time_series_report_basic_iter01.py,qwen2.5-coder_7b,False,21,,640
map_interactive.html,experiments/05_choropleth_reliability_benchmark/outputs/runs_iterative_repair/qwen2.5-coder_7b/basic/qwen2.5-coder_7b_basic_C012_time_series_report_iter01_20260624_051512/map_interactive.html,False,0,missing_or_empty;html_not_rendered;low_rendered_map_ink;low_edge_detail,False,,,,False,,,,,missing,False,1,interactive_html,,basic,,,C012_time_series_report,,,qwen2.5-coder_32b,0,experiments/05_choropleth_reliability_benchmark/outputs/runs_iterative_repair/qwen2.5-coder_7b/basic/qwen2.5-coder_7b_basic_C012_time_series_report_iter01_20260624_051512,,0,,,,False,,,,,,missing_or_empty,False,,,,experiments/05_choropleth_reliability_benchmark/outputs/generated_code_iterative_repair/qwen2.5-coder_32b/qwen2.5-coder_7b/basic/C012_time_series_report_basic_iter01.py,qwen2.5-coder_7b,False,,False,
map_static.png,experiments/05_choropleth_reliability_benchmark/outputs/runs_iterative_repair/qwen2.5-coder_7b/basic/qwen2.5-coder_7b_basic_C012_time_series_report_iter01_20260624_232752/map_static.png,False,0,missing_or_empty;low_thematic_color;low_map_ink;low_edge_detail,False,,,,False,,,,,,,1,static_png,,basic,,,C012_time_series_report,missing_or_empty,False,qwen2.5-coder_7b,1,experiments/05_choropleth_reliability_benchmark/outputs/runs_iterative_repair/qwen2.5-coder_7b/basic/qwen2.5-coder_7b_basic_C012_time_series_report_iter01_20260624_232752,,0,,,,False,,,,,,missing_or_empty,False,,,,experiments/05_choropleth_reliability_benchmark/outputs/generated_code_iterative_repair/qwen2.5-coder_7b/qwen2.5-coder_7b/basic/C012_time_series_report_basic_iter01.py,qwen2.5-coder_7b,False,,,
time_series.png,experiments/05_choropleth_reliability_benchmark/outputs/runs_iterative_repair/qwen2.5-coder_7b/basic/qwen2.5-coder_7b_basic_C012_time_series_report_iter01_20260624_232752/time_series.png,False,0,missing_or_empty;low_plot_ink;no_visible_line;low_edge_detail,False,,,,False,,,,,,,1,time_series_png,,basic,,,C012_time_series_report,missing_or_empty,False,qwen2.5-coder_7b,1,experiments/05_choropleth_reliability_benchmark/outputs/runs_iterative_repair/qwen2.5-coder_7b/basic/qwen2.5-coder_7b_basic_C012_time_series_report_iter01_20260624_232752,,0,,,,False,,,,,,missing_or_empty,False,,,,experiments/05_choropleth_reliability_benchmark/outputs/generated_code_iterative_repair/qwen2.5-coder_7b/qwen2.5-coder_7b/basic/C012_time_series_report_basic_iter01.py,qwen2.5-coder_7b,False,,,
map_interactive.html,experiments/05_choropleth_reliability_benchmark/outputs/runs_iterative_repair/qwen2.5-coder_7b/basic/qwen2.5-coder_7b_basic_C012_time_series_report_iter01_20260624_232752/map_interactive.html,False,0,missing_or_empty;html_not_rendered;low_rendered_map_ink;low_edge_detail,False,,,,False,,,,,missing,False,1,interactive_html,,basic,,,C012_time_series_report,,,qwen2.5-coder_7b,1,experiments/05_choropleth_reliability_benchmark/outputs/runs_iterative_repair/qwen2.5-coder_7b/basic/qwen2.5-coder_7b_basic_C012_time_series_report_iter01_20260624_232752,,0,,,,False,,,,,,missing_or_empty,False,,,,experiments/05_choropleth_reliability_benchmark/outputs/generated_code_iterative_repair/qwen2.5-coder_7b/qwen2.5-coder_7b/basic/C012_time_series_report_basic_iter01.py,qwen2.5-coder_7b,False,,False,
map_static.png,experiments/05_choropleth_reliability_benchmark/outputs/runs_iterative_repair/qwen2.5-coder_7b/basic/qwen2.5-coder_7b_basic_C012_time_series_report_iter01_20260625_000530/map_static.png,False,0,missing_or_empty;low_thematic_color;low_map_ink;low_edge_detail,False,,,,False,,,,,,,1,static_png,,basic,,,C012_time_series_report,missing_or_empty,False,qwen2.5-coder_14b,0,experiments/05_choropleth_reliability_benchmark/outputs/runs_iterative_repair/qwen2.5-coder_7b/basic/qwen2.5-coder_7b_basic_C012_time_series_report_iter01_20260625_000530,,0,,,,False,,,,,,missing_or_empty,False,,,,experiments/05_choropleth_reliability_benchmark/outputs/generated_code_iterative_repair/qwen2.5-coder_14b/qwen2.5-coder_7b/basic/C012_time_series_report_basic_iter01.py,qwen2.5-coder_7b,False,,,
time_series.png,experiments/05_choropleth_reliability_benchmark/outputs/runs_iterative_repair/qwen2.5-coder_7b/basic/qwen2.5-coder_7b_basic_C012_time_series_report_iter01_20260625_000530/time_series.png,True,32906,,True,0.0133,255,12.818,True,,,,480,,,1,time_series_png,249.206,basic,0.9901,0.0509,C012_time_series_report,,True,qwen2.5-coder_14b,0,experiments/05_choropleth_reliability_benchmark/outputs/runs_iterative_repair/qwen2.5-coder_7b/basic/qwen2.5-coder_7b_basic_C012_time_series_report_iter01_20260625_000530,0.0167,32906,0.0133,255,12.818,True,480,249.206,0.9901,0.0509,,,True,0.0167,21,640,experiments/05_choropleth_reliability_benchmark/outputs/generated_code_iterative_repair/qwen2.5-coder_14b/qwen2.5-coder_7b/basic/C012_time_series_report_basic_iter01.py,qwen2.5-coder_7b,False,21,,640
map_interactive.html,experiments/05_choropleth_reliability_benchmark/outputs/runs_iterative_repair/qwen2.5-coder_7b/basic/qwen2.5-coder_7b_basic_C012_time_series_report_iter01_20260625_000530/map_interactive.html,False,0,missing_or_empty;html_not_rendered;low_rendered_map_ink;low_edge_detail,False,,,,False,,,,,missing,False,1,interactive_html,,basic,,,C012_time_series_report,,,qwen2.5-coder_14b,0,experiments/05_choropleth_reliability_benchmark/outputs/runs_iterative_repair/qwen2.5-coder_7b/basic/qwen2.5-coder_7b_basic_C012_time_series_report_iter01_20260625_000530,,0,,,,False,,,,,,missing_or_empty,False,,,,experiments/05_choropleth_reliability_benchmark/outputs/generated_code_iterative_repair/qwen2.5-coder_14b/qwen2.5-coder_7b/basic/C012_time_series_report_basic_iter01.py,qwen2.5-coder_7b,False,,False,
map_static.png,experiments/05_choropleth_reliability_benchmark/outputs/runs_iterative_repair/qwen2.5-coder_7b/basic/qwen2.5-coder_7b_basic_C012_time_series_report_iter01_20260625_002522/map_static.png,False,0,missing_or_empty;low_thematic_color;low_map_ink;low_edge_detail,False,,,,False,,,,,,,1,static_png,,basic,,,C012_time_series_report,missing_or_empty,False,deepseek-coder_6.7b,1,experiments/05_choropleth_reliability_benchmark/outputs/runs_iterative_repair/qwen2.5-coder_7b/basic/qwen2.5-coder_7b_basic_C012_time_series_report_iter01_20260625_002522,,0,,,,False,,,,,,missing_or_empty,False,,,,experiments/05_choropleth_reliability_benchmark/outputs/generated_code_iterative_repair/deepseek-coder_6.7b/qwen2.5-coder_7b/basic/C012_time_series_report_basic_iter01.py,qwen2.5-coder_7b,False,,,
time_series.png,experiments/05_choropleth_reliability_benchmark/outputs/runs_iterative_repair/qwen2.5-coder_7b/basic/qwen2.5-coder_7b_basic_C012_time_series_report_iter01_20260625_002522/time_series.png,False,0,missing_or_empty;low_plot_ink;no_visible_line;low_edge_detail,False,,,,False,,,,,,,1,time_series_png,,basic,,,C012_time_series_report,missing_or_empty,False,deepseek-coder_6.7b,1,experiments/05_choropleth_reliability_benchmark/outputs/runs_iterative_repair/qwen2.5-coder_7b/basic/qwen2.5-coder_7b_basic_C012_time_series_report_iter01_20260625_002522,,0,,,,False,,,,,,missing_or_empty,False,,,,experiments/05_choropleth_reliability_benchmark/outputs/generated_code_iterative_repair/deepseek-coder_6.7b/qwen2.5-coder_7b/basic/C012_time_series_report_basic_iter01.py,qwen2.5-coder_7b,False,,,
map_interactive.html,experiments/05_choropleth_reliability_benchmark/outputs/runs_iterative_repair/qwen2.5-coder_7b/basic/qwen2.5-coder_7b_basic_C012_time_series_report_iter01_20260625_002522/map_interactive.html,False,0,missing_or_empty;html_not_rendered;low_rendered_map_ink;low_edge_detail,False,,,,False,,,,,missing,False,1,interactive_html,,basic,,,C012_time_series_report,,,deepseek-coder_6.7b,1,experiments/05_choropleth_reliability_benchmark/outputs/runs_iterative_repair/qwen2.5-coder_7b/basic/qwen2.5-coder_7b_basic_C012_time_series_report_iter01_20260625_002522,,0,,,,False,,,,,,missing_or_empty,False,,,,experiments/05_choropleth_reliability_benchmark/outputs/generated_code_iterative_repair/deepseek-coder_6.7b/qwen2.5-coder_7b/basic/C012_time_series_report_basic_iter01.py,qwen2.5-coder_7b,False,,False,
map_static.png,experiments/05_choropleth_reliability_benchmark/outputs/runs_iterative_repair/qwen2.5-coder_7b/basic/qwen2.5-coder_7b_basic_C012_time_series_report_iter02_20260624_232805/map_static.png,False,0,missing_or_empty;low_thematic_color;low_map_ink;low_edge_detail,False,,,,False,,,,,,,2,static_png,,basic,,,C012_time_series_report,missing_or_empty,False,qwen2.5-coder_7b,1,experiments/05_choropleth_reliability_benchmark/outputs/runs_iterative_repair/qwen2.5-coder_7b/basic/qwen2.5-coder_7b_basic_C012_time_series_report_iter02_20260624_232805,,0,,,,False,,,,,,missing_or_empty,False,,,,experiments/05_choropleth_reliability_benchmark/outputs/generated_code_iterative_repair/qwen2.5-coder_7b/qwen2.5-coder_7b/basic/C012_time_series_report_basic_iter02.py,qwen2.5-coder_7b,False,,,
time_series.png,experiments/05_choropleth_reliability_benchmark/outputs/runs_iterative_repair/qwen2.5-coder_7b/basic/qwen2.5-coder_7b_basic_C012_time_series_report_iter02_20260624_232805/time_series.png,False,0,missing_or_empty;low_plot_ink;no_visible_line;low_edge_detail,False,,,,False,,,,,,,2,time_series_png,,basic,,,C012_time_series_report,missing_or_empty,False,qwen2.5-coder_7b,1,experiments/05_choropleth_reliability_benchmark/outputs/runs_iterative_repair/qwen2.5-coder_7b/basic/qwen2.5-coder_7b_basic_C012_time_series_report_iter02_20260624_232805,,0,,,,False,,,,,,missing_or_empty,False,,,,experiments/05_choropleth_reliability_benchmark/outputs/generated_code_iterative_repair/qwen2.5-coder_7b/qwen2.5-coder_7b/basic/C012_time_series_report_basic_iter02.py,qwen2.5-coder_7b,False,,,
map_interactive.html,experiments/05_choropleth_reliability_benchmark/outputs/runs_iterative_repair/qwen2.5-coder_7b/basic/qwen2.5-coder_7b_basic_C012_time_series_report_iter02_20260624_232805/map_interactive.html,False,0,missing_or_empty;html_not_rendered;low_rendered_map_ink;low_edge_detail,False,,,,False,,,,,missing,False,2,interactive_html,,basic,,,C012_time_series_report,,,qwen2.5-coder_7b,1,experiments/05_choropleth_reliability_benchmark/outputs/runs_iterative_repair/qwen2.5-coder_7b/basic/qwen2.5-coder_7b_basic_C012_time_series_report_iter02_20260624_232805,,0,,,,False,,,,,,missing_or_empty,False,,,,experiments/05_choropleth_reliability_benchmark/outputs/generated_code_iterative_repair/qwen2.5-coder_7b/qwen2.5-coder_7b/basic/C012_time_series_report_basic_iter02.py,qwen2.5-coder_7b,False,,False,
map_static.png,experiments/05_choropleth_reliability_benchmark/outputs/runs_iterative_repair/qwen2.5-coder_7b/basic/qwen2.5-coder_7b_basic_C012_time_series_report_iter02_20260625_002540/map_static.png,False,0,missing_or_empty;low_thematic_color;low_map_ink;low_edge_detail,False,,,,False,,,,,,,2,static_png,,basic,,,C012_time_series_report,missing_or_empty,False,deepseek-coder_6.7b,0,experiments/05_choropleth_reliability_benchmark/outputs/runs_iterative_repair/qwen2.5-coder_7b/basic/qwen2.5-coder_7b_basic_C012_time_series_report_iter02_20260625_002540,,0,,,,False,,,,,,missing_or_empty,False,,,,experiments/05_choropleth_reliability_benchmark/outputs/generated_code_iterative_repair/deepseek-coder_6.7b/qwen2.5-coder_7b/basic/C012_time_series_report_basic_iter02.py,qwen2.5-coder_7b,False,,,
time_series.png,experiments/05_choropleth_reliability_benchmark/outputs/runs_iterative_repair/qwen2.5-coder_7b/basic/qwen2.5-coder_7b_basic_C012_time_series_report_iter02_20260625_002540/time_series.png,True,32906,,True,0.0133,255,12.818,True,,,,480,,,2,time_series_png,249.206,basic,0.9901,0.0509,C012_time_series_report,,True,deepseek-coder_6.7b,0,experiments/05_choropleth_reliability_benchmark/outputs/runs_iterative_repair/qwen2.5-coder_7b/basic/qwen2.5-coder_7b_basic_C012_time_series_report_iter02_20260625_002540,0.0167,32906,0.0133,255,12.818,True,480,249.206,0.9901,0.0509,,,True,0.0167,21,640,experiments/05_choropleth_reliability_benchmark/outputs/generated_code_iterative_repair/deepseek-coder_6.7b/qwen2.5-coder_7b/basic/C012_time_series_report_basic_iter02.py,qwen2.5-coder_7b,False,21,,640
map_interactive.html,experiments/05_choropleth_reliability_benchmark/outputs/runs_iterative_repair/qwen2.5-coder_7b/basic/qwen2.5-coder_7b_basic_C012_time_series_report_iter02_20260625_002540/map_interactive.html,False,0,missing_or_empty;html_not_rendered;low_rendered_map_ink;low_edge_detail,False,,,,False,,,,,missing,False,2,interactive_html,,basic,,,C012_time_series_report,,,deepseek-coder_6.7b,0,experiments/05_choropleth_reliability_benchmark/outputs/runs_iterative_repair/qwen2.5-coder_7b/basic/qwen2.5-coder_7b_basic_C012_time_series_report_iter02_20260625_002540,,0,,,,False,,,,,,missing_or_empty,False,,,,experiments/05_choropleth_reliability_benchmark/outputs/generated_code_iterative_repair/deepseek-coder_6.7b/qwen2.5-coder_7b/basic/C012_time_series_report_basic_iter02.py,qwen2.5-coder_7b,False,,False,
map_static.png,experiments/05_choropleth_reliability_benchmark/outputs/runs_iterative_repair/qwen2.5-coder_7b/basic/qwen2.5-coder_7b_basic_C012_time_series_report_iter03_20260624_232818/map_static.png,False,0,missing_or_empty;low_thematic_color;low_map_ink;low_edge_detail,False,,,,False,,,,,,,3,static_png,,basic,,,C012_time_series_report,missing_or_empty,False,qwen2.5-coder_7b,1,experiments/05_choropleth_reliability_benchmark/outputs/runs_iterative_repair/qwen2.5-coder_7b/basic/qwen2.5-coder_7b_basic_C012_time_series_report_iter03_20260624_232818,,0,,,,False,,,,,,missing_or_empty,False,,,,experiments/05_choropleth_reliability_benchmark/outputs/generated_code_iterative_repair/qwen2.5-coder_7b/qwen2.5-coder_7b/basic/C012_time_series_report_basic_iter03.py,qwen2.5-coder_7b,False,,,
time_series.png,experiments/05_choropleth_reliability_benchmark/outputs/runs_iterative_repair/qwen2.5-coder_7b/basic/qwen2.5-coder_7b_basic_C012_time_series_report_iter03_20260624_232818/time_series.png,False,0,missing_or_empty;low_plot_ink;no_visible_line;low_edge_detail,False,,,,False,,,,,,,3,time_series_png,,basic,,,C012_time_series_report,missing_or_empty,False,qwen2.5-coder_7b,1,experiments/05_choropleth_reliability_benchmark/outputs/runs_iterative_repair/qwen2.5-coder_7b/basic/qwen2.5-coder_7b_basic_C012_time_series_report_iter03_20260624_232818,,0,,,,False,,,,,,missing_or_empty,False,,,,experiments/05_choropleth_reliability_benchmark/outputs/generated_code_iterative_repair/qwen2.5-coder_7b/qwen2.5-coder_7b/basic/C012_time_series_report_basic_iter03.py,qwen2.5-coder_7b,False,,,
map_interactive.html,experiments/05_choropleth_reliability_benchmark/outputs/runs_iterative_repair/qwen2.5-coder_7b/basic/qwen2.5-coder_7b_basic_C012_time_series_report_iter03_20260624_232818/map_interactive.html,False,0,missing_or_empty;html_not_rendered;low_rendered_map_ink;low_edge_detail,False,,,,False,,,,,missing,False,3,interactive_html,,basic,,,C012_time_series_report,,,qwen2.5-coder_7b,1,experiments/05_choropleth_reliability_benchmark/outputs/runs_iterative_repair/qwen2.5-coder_7b/basic/qwen2.5-coder_7b_basic_C012_time_series_report_iter03_20260624_232818,,0,,,,False,,,,,,missing_or_empty,False,,,,experiments/05_choropleth_reliability_benchmark/outputs/generated_code_iterative_repair/qwen2.5-coder_7b/qwen2.5-coder_7b/basic/C012_time_series_report_basic_iter03.py,qwen2.5-coder_7b,False,,False,
map_static.png,experiments/05_choropleth_reliability_benchmark/outputs/runs_iterative_repair/qwen2.5-coder_7b/rules/qwen2.5-coder_7b_rules_C001_static_burned_area_iter01_20260624_045604/map_static.png,True,272015,,True,0.0174,255,5.075,True,,,,2042,,,1,static_png,222.193,rules,0.9840,0.3013,C001_static_burned_area,,True,qwen2.5-coder_32b,0,experiments/05_choropleth_reliability_benchmark/outputs/runs_iterative_repair/qwen2.5-coder_7b/rules/qwen2.5-coder_7b_rules_C001_static_burned_area_iter01_20260624_045604,0.0226,272015,0.0174,255,5.075,True,2042,222.193,0.9840,0.3013,,,True,0.0226,44,1649,experiments/05_choropleth_reliability_benchmark/outputs/generated_code_iterative_repair/qwen2.5-coder_32b/qwen2.5-coder_7b/rules/C001_static_burned_area_rules_iter01.py,qwen2.5-coder_7b,False,44,,1649
time_series.png,experiments/05_choropleth_reliability_benchmark/outputs/runs_iterative_repair/qwen2.5-coder_7b/rules/qwen2.5-coder_7b_rules_C001_static_burned_area_iter01_20260624_045604/time_series.png,False,0,missing_or_empty;low_plot_ink;no_visible_line;low_edge_detail,False,,,,False,,,,,,,1,time_series_png,,rules,,,C001_static_burned_area,missing_or_empty,False,qwen2.5-coder_32b,0,experiments/05_choropleth_reliability_benchmark/outputs/runs_iterative_repair/qwen2.5-coder_7b/rules/qwen2.5-coder_7b_rules_C001_static_burned_area_iter01_20260624_045604,,0,,,,False,,,,,,missing_or_empty,False,,,,experiments/05_choropleth_reliability_benchmark/outputs/generated_code_iterative_repair/qwen2.5-coder_32b/qwen2.5-coder_7b/rules/C001_static_burned_area_rules_iter01.py,qwen2.5-coder_7b,False,,,
map_interactive.html,experiments/05_choropleth_reliability_benchmark/outputs/runs_iterative_repair/qwen2.5-coder_7b/rules/qwen2.5-coder_7b_rules_C001_static_burned_area_iter01_20260624_045604/map_interactive.html,False,0,missing_or_empty;html_not_rendered;low_rendered_map_ink;low_edge_detail,False,,,,False,,,,,missing,False,1,interactive_html,,rules,,,C001_static_burned_area,,,qwen2.5-coder_32b,0,experiments/05_choropleth_reliability_benchmark/outputs/runs_iterative_repair/qwen2.5-coder_7b/rules/qwen2.5-coder_7b_rules_C001_static_burned_area_iter01_20260624_045604,,0,,,,False,,,,,,missing_or_empty,False,,,,experiments/05_choropleth_reliability_benchmark/outputs/generated_code_iterative_repair/qwen2.5-coder_32b/qwen2.5-coder_7b/rules/C001_static_burned_area_rules_iter01.py,qwen2.5-coder_7b,False,,False,
map_static.png,experiments/05_choropleth_reliability_benchmark/outputs/runs_iterative_repair/qwen2.5-coder_7b/rules/qwen2.5-coder_7b_rules_C001_static_burned_area_iter01_20260624_232030/map_static.png,False,0,missing_or_empty;low_thematic_color;low_map_ink;low_edge_detail,False,,,,False,,,,,,,1,static_png,,rules,,,C001_static_burned_area,missing_or_empty,False,qwen2.5-coder_7b,1,experiments/05_choropleth_reliability_benchmark/outputs/runs_iterative_repair/qwen2.5-coder_7b/rules/qwen2.5-coder_7b_rules_C001_static_burned_area_iter01_20260624_232030,,0,,,,False,,,,,,missing_or_empty,False,,,,experiments/05_choropleth_reliability_benchmark/outputs/generated_code_iterative_repair/qwen2.5-coder_7b/qwen2.5-coder_7b/rules/C001_static_burned_area_rules_iter01.py,qwen2.5-coder_7b,False,,,
time_series.png,experiments/05_choropleth_reliability_benchmark/outputs/runs_iterative_repair/qwen2.5-coder_7b/rules/qwen2.5-coder_7b_rules_C001_static_burned_area_iter01_20260624_232030/time_series.png,False,0,missing_or_empty;low_plot_ink;no_visible_line;low_edge_detail,False,,,,False,,,,,,,1,time_series_png,,rules,,,C001_static_burned_area,missing_or_empty,False,qwen2.5-coder_7b,1,experiments/05_choropleth_reliability_benchmark/outputs/runs_iterative_repair/qwen2.5-coder_7b/rules/qwen2.5-coder_7b_rules_C001_static_burned_area_iter01_20260624_232030,,0,,,,False,,,,,,missing_or_empty,False,,,,experiments/05_choropleth_reliability_benchmark/outputs/generated_code_iterative_repair/qwen2.5-coder_7b/qwen2.5-coder_7b/rules/C001_static_burned_area_rules_iter01.py,qwen2.5-coder_7b,False,,,
map_interactive.html,experiments/05_choropleth_reliability_benchmark/outputs/runs_iterative_repair/qwen2.5-coder_7b/rules/qwen2.5-coder_7b_rules_C001_static_burned_area_iter01_20260624_232030/map_interactive.html,False,0,missing_or_empty;html_not_rendered;low_rendered_map_ink;low_edge_detail,False,,,,False,,,,,missing,False,1,interactive_html,,rules,,,C001_static_burned_area,,,qwen2.5-coder_7b,1,experiments/05_choropleth_reliability_benchmark/outputs/runs_iterative_repair/qwen2.5-coder_7b/rules/qwen2.5-coder_7b_rules_C001_static_burned_area_iter01_20260624_232030,,0,,,,False,,,,,,missing_or_empty,False,,,,experiments/05_choropleth_reliability_benchmark/outputs/generated_code_iterative_repair/qwen2.5-coder_7b/qwen2.5-coder_7b/rules/C001_static_burned_area_rules_iter01.py,qwen2.5-coder_7b,False,,False,
map_static.png,experiments/05_choropleth_reliability_benchmark/outputs/runs_iterative_repair/qwen2.5-coder_7b/rules/qwen2.5-coder_7b_rules_C001_static_burned_area_iter01_20260624_235356/map_static.png,False,0,missing_or_empty;low_thematic_color;low_map_ink;low_edge_detail,False,,,,False,,,,,,,1,static_png,,rules,,,C001_static_burned_area,missing_or_empty,False,qwen2.5-coder_14b,1,experiments/05_choropleth_reliability_benchmark/outputs/runs_iterative_repair/qwen2.5-coder_7b/rules/qwen2.5-coder_7b_rules_C001_static_burned_area_iter01_20260624_235356,,0,,,,False,,,,,,missing_or_empty,False,,,,experiments/05_choropleth_reliability_benchmark/outputs/generated_code_iterative_repair/qwen2.5-coder_14b/qwen2.5-coder_7b/rules/C001_static_burned_area_rules_iter01.py,qwen2.5-coder_7b,False,,,
time_series.png,experiments/05_choropleth_reliability_benchmark/outputs/runs_iterative_repair/qwen2.5-coder_7b/rules/qwen2.5-coder_7b_rules_C001_static_burned_area_iter01_20260624_235356/time_series.png,False,0,missing_or_empty;low_plot_ink;no_visible_line;low_edge_detail,False,,,,False,,,,,,,1,time_series_png,,rules,,,C001_static_burned_area,missing_or_empty,False,qwen2.5-coder_14b,1,experiments/05_choropleth_reliability_benchmark/outputs/runs_iterative_repair/qwen2.5-coder_7b/rules/qwen2.5-coder_7b_rules_C001_static_burned_area_iter01_20260624_235356,,0,,,,False,,,,,,missing_or_empty,False,,,,experiments/05_choropleth_reliability_benchmark/outputs/generated_code_iterative_repair/qwen2.5-coder_14b/qwen2.5-coder_7b/rules/C001_static_burned_area_rules_iter01.py,qwen2.5-coder_7b,False,,,
map_interactive.html,experiments/05_choropleth_reliability_benchmark/outputs/runs_iterative_repair/qwen2.5-coder_7b/rules/qwen2.5-coder_7b_rules_C001_static_burned_area_iter01_20260624_235356/map_interactive.html,False,0,missing_or_empty;html_not_rendered;low_rendered_map_ink;low_edge_detail,False,,,,False,,,,,missing,False,1,interactive_html,,rules,,,C001_static_burned_area,,,qwen2.5-coder_14b,1,experiments/05_choropleth_reliability_benchmark/outputs/runs_iterative_repair/qwen2.5-coder_7b/rules/qwen2.5-coder_7b_rules_C001_static_burned_area_iter01_20260624_235356,,0,,,,False,,,,,,missing_or_empty,False,,,,experiments/05_choropleth_reliability_benchmark/outputs/generated_code_iterative_repair/qwen2.5-coder_14b/qwen2.5-coder_7b/rules/C001_static_burned_area_rules_iter01.py,qwen2.5-coder_7b,False,,False,
map_static.png,experiments/05_choropleth_reliability_benchmark/outputs/runs_iterative_repair/qwen2.5-coder_7b/rules/qwen2.5-coder_7b_rules_C001_static_burned_area_iter02_20260624_232045/map_static.png,False,0,missing_or_empty;low_thematic_color;low_map_ink;low_edge_detail,False,,,,False,,,,,,,2,static_png,,rules,,,C001_static_burned_area,missing_or_empty,False,qwen2.5-coder_7b,1,experiments/05_choropleth_reliability_benchmark/outputs/runs_iterative_repair/qwen2.5-coder_7b/rules/qwen2.5-coder_7b_rules_C001_static_burned_area_iter02_20260624_232045,,0,,,,False,,,,,,missing_or_empty,False,,,,experiments/05_choropleth_reliability_benchmark/outputs/generated_code_iterative_repair/qwen2.5-coder_7b/qwen2.5-coder_7b/rules/C001_static_burned_area_rules_iter02.py,qwen2.5-coder_7b,False,,,
time_series.png,experiments/05_choropleth_reliability_benchmark/outputs/runs_iterative_repair/qwen2.5-coder_7b/rules/qwen2.5-coder_7b_rules_C001_static_burned_area_iter02_20260624_232045/time_series.png,False,0,missing_or_empty;low_plot_ink;no_visible_line;low_edge_detail,False,,,,False,,,,,,,2,time_series_png,,rules,,,C001_static_burned_area,missing_or_empty,False,qwen2.5-coder_7b,1,experiments/05_choropleth_reliability_benchmark/outputs/runs_iterative_repair/qwen2.5-coder_7b/rules/qwen2.5-coder_7b_rules_C001_static_burned_area_iter02_20260624_232045,,0,,,,False,,,,,,missing_or_empty,False,,,,experiments/05_choropleth_reliability_benchmark/outputs/generated_code_iterative_repair/qwen2.5-coder_7b/qwen2.5-coder_7b/rules/C001_static_burned_area_rules_iter02.py,qwen2.5-coder_7b,False,,,
map_interactive.html,experiments/05_choropleth_reliability_benchmark/outputs/runs_iterative_repair/qwen2.5-coder_7b/rules/qwen2.5-coder_7b_rules_C001_static_burned_area_iter02_20260624_232045/map_interactive.html,False,0,missing_or_empty;html_not_rendered;low_rendered_map_ink;low_edge_detail,False,,,,False,,,,,missing,False,2,interactive_html,,rules,,,C001_static_burned_area,,,qwen2.5-coder_7b,1,experiments/05_choropleth_reliability_benchmark/outputs/runs_iterative_repair/qwen2.5-coder_7b/rules/qwen2.5-coder_7b_rules_C001_static_burned_area_iter02_20260624_232045,,0,,,,False,,,,,,missing_or_empty,False,,,,experiments/05_choropleth_reliability_benchmark/outputs/generated_code_iterative_repair/qwen2.5-coder_7b/qwen2.5-coder_7b/rules/C001_static_burned_area_rules_iter02.py,qwen2.5-coder_7b,False,,False,
map_static.png,experiments/05_choropleth_reliability_benchmark/outputs/runs_iterative_repair/qwen2.5-coder_7b/rules/qwen2.5-coder_7b_rules_C001_static_burned_area_iter02_20260624_235424/map_static.png,False,0,missing_or_empty;low_thematic_color;low_map_ink;low_edge_detail,False,,,,False,,,,,,,2,static_png,,rules,,,C001_static_burned_area,missing_or_empty,False,qwen2.5-coder_14b,1,experiments/05_choropleth_reliability_benchmark/outputs/runs_iterative_repair/qwen2.5-coder_7b/rules/qwen2.5-coder_7b_rules_C001_static_burned_area_iter02_20260624_235424,,0,,,,False,,,,,,missing_or_empty,False,,,,experiments/05_choropleth_reliability_benchmark/outputs/generated_code_iterative_repair/qwen2.5-coder_14b/qwen2.5-coder_7b/rules/C001_static_burned_area_rules_iter02.py,qwen2.5-coder_7b,False,,,
time_series.png,experiments/05_choropleth_reliability_benchmark/outputs/runs_iterative_repair/qwen2.5-coder_7b/rules/qwen2.5-coder_7b_rules_C001_static_burned_area_iter02_20260624_235424/time_series.png,False,0,missing_or_empty;low_plot_ink;no_visible_line;low_edge_detail,False,,,,False,,,,,,,2,time_series_png,,rules,,,C001_static_burned_area,missing_or_empty,False,qwen2.5-coder_14b,1,experiments/05_choropleth_reliability_benchmark/outputs/runs_iterative_repair/qwen2.5-coder_7b/rules/qwen2.5-coder_7b_rules_C001_static_burned_area_iter02_20260624_235424,,0,,,,False,,,,,,missing_or_empty,False,,,,experiments/05_choropleth_reliability_benchmark/outputs/generated_code_iterative_repair/qwen2.5-coder_14b/qwen2.5-coder_7b/rules/C001_static_burned_area_rules_iter02.py,qwen2.5-coder_7b,False,,,
map_interactive.html,experiments/05_choropleth_reliability_benchmark/outputs/runs_iterative_repair/qwen2.5-coder_7b/rules/qwen2.5-coder_7b_rules_C001_static_burned_area_iter02_20260624_235424/map_interactive.html,False,0,missing_or_empty;html_not_rendered;low_rendered_map_ink;low_edge_detail,False,,,,False,,,,,missing,False,2,interactive_html,,rules,,,C001_static_burned_area,,,qwen2.5-coder_14b,1,experiments/05_choropleth_reliability_benchmark/outputs/runs_iterative_repair/qwen2.5-coder_7b/rules/qwen2.5-coder_7b_rules_C001_static_burned_area_iter02_20260624_235424,,0,,,,False,,,,,,missing_or_empty,False,,,,experiments/05_choropleth_reliability_benchmark/outputs/generated_code_iterative_repair/qwen2.5-coder_14b/qwen2.5-coder_7b/rules/C001_static_burned_area_rules_iter02.py,qwen2.5-coder_7b,False,,False,
map_static.png,experiments/05_choropleth_reliability_benchmark/outputs/runs_iterative_repair/qwen2.5-coder_7b/rules/qwen2.5-coder_7b_rules_C001_static_burned_area_iter03_20260624_232101/map_static.png,False,0,missing_or_empty;low_thematic_color;low_map_ink;low_edge_detail,False,,,,False,,,,,,,3,static_png,,rules,,,C001_static_burned_area,missing_or_empty,False,qwen2.5-coder_7b,1,experiments/05_choropleth_reliability_benchmark/outputs/runs_iterative_repair/qwen2.5-coder_7b/rules/qwen2.5-coder_7b_rules_C001_static_burned_area_iter03_20260624_232101,,0,,,,False,,,,,,missing_or_empty,False,,,,experiments/05_choropleth_reliability_benchmark/outputs/generated_code_iterative_repair/qwen2.5-coder_7b/qwen2.5-coder_7b/rules/C001_static_burned_area_rules_iter03.py,qwen2.5-coder_7b,False,,,
time_series.png,experiments/05_choropleth_reliability_benchmark/outputs/runs_iterative_repair/qwen2.5-coder_7b/rules/qwen2.5-coder_7b_rules_C001_static_burned_area_iter03_20260624_232101/time_series.png,False,0,missing_or_empty;low_plot_ink;no_visible_line;low_edge_detail,False,,,,False,,,,,,,3,time_series_png,,rules,,,C001_static_burned_area,missing_or_empty,False,qwen2.5-coder_7b,1,experiments/05_choropleth_reliability_benchmark/outputs/runs_iterative_repair/qwen2.5-coder_7b/rules/qwen2.5-coder_7b_rules_C001_static_burned_area_iter03_20260624_232101,,0,,,,False,,,,,,missing_or_empty,False,,,,experiments/05_choropleth_reliability_benchmark/outputs/generated_code_iterative_repair/qwen2.5-coder_7b/qwen2.5-coder_7b/rules/C001_static_burned_area_rules_iter03.py,qwen2.5-coder_7b,False,,,
map_interactive.html,experiments/05_choropleth_reliability_benchmark/outputs/runs_iterative_repair/qwen2.5-coder_7b/rules/qwen2.5-coder_7b_rules_C001_static_burned_area_iter03_20260624_232101/map_interactive.html,False,0,missing_or_empty;html_not_rendered;low_rendered_map_ink;low_edge_detail,False,,,,False,,,,,missing,False,3,interactive_html,,rules,,,C001_static_burned_area,,,qwen2.5-coder_7b,1,experiments/05_choropleth_reliability_benchmark/outputs/runs_iterative_repair/qwen2.5-coder_7b/rules/qwen2.5-coder_7b_rules_C001_static_burned_area_iter03_20260624_232101,,0,,,,False,,,,,,missing_or_empty,False,,,,experiments/05_choropleth_reliability_benchmark/outputs/generated_code_iterative_repair/qwen2.5-coder_7b/qwen2.5-coder_7b/rules/C001_static_burned_area_rules_iter03.py,qwen2.5-coder_7b,False,,False,
map_static.png,experiments/05_choropleth_reliability_benchmark/outputs/runs_iterative_repair/qwen2.5-coder_7b/rules/qwen2.5-coder_7b_rules_C001_static_burned_area_iter03_20260624_235450/map_static.png,False,0,missing_or_empty;low_thematic_color;low_map_ink;low_edge_detail,False,,,,False,,,,,,,3,static_png,,rules,,,C001_static_burned_area,missing_or_empty,False,qwen2.5-coder_14b,1,experiments/05_choropleth_reliability_benchmark/outputs/runs_iterative_repair/qwen2.5-coder_7b/rules/qwen2.5-coder_7b_rules_C001_static_burned_area_iter03_20260624_235450,,0,,,,False,,,,,,missing_or_empty,False,,,,experiments/05_choropleth_reliability_benchmark/outputs/generated_code_iterative_repair/qwen2.5-coder_14b/qwen2.5-coder_7b/rules/C001_static_burned_area_rules_iter03.py,qwen2.5-coder_7b,False,,,
time_series.png,experiments/05_choropleth_reliability_benchmark/outputs/runs_iterative_repair/qwen2.5-coder_7b/rules/qwen2.5-coder_7b_rules_C001_static_burned_area_iter03_20260624_235450/time_series.png,False,0,missing_or_empty;low_plot_ink;no_visible_line;low_edge_detail,False,,,,False,,,,,,,3,time_series_png,,rules,,,C001_static_burned_area,missing_or_empty,False,qwen2.5-coder_14b,1,experiments/05_choropleth_reliability_benchmark/outputs/runs_iterative_repair/qwen2.5-coder_7b/rules/qwen2.5-coder_7b_rules_C001_static_burned_area_iter03_20260624_235450,,0,,,,False,,,,,,missing_or_empty,False,,,,experiments/05_choropleth_reliability_benchmark/outputs/generated_code_iterative_repair/qwen2.5-coder_14b/qwen2.5-coder_7b/rules/C001_static_burned_area_rules_iter03.py,qwen2.5-coder_7b,False,,,
map_interactive.html,experiments/05_choropleth_reliability_benchmark/outputs/runs_iterative_repair/qwen2.5-coder_7b/rules/qwen2.5-coder_7b_rules_C001_static_burned_area_iter03_20260624_235450/map_interactive.html,False,0,missing_or_empty;html_not_rendered;low_rendered_map_ink;low_edge_detail,False,,,,False,,,,,missing,False,3,interactive_html,,rules,,,C001_static_burned_area,,,qwen2.5-coder_14b,1,experiments/05_choropleth_reliability_benchmark/outputs/runs_iterative_repair/qwen2.5-coder_7b/rules/qwen2.5-coder_7b_rules_C001_static_burned_area_iter03_20260624_235450,,0,,,,False,,,,,,missing_or_empty,False,,,,experiments/05_choropleth_reliability_benchmark/outputs/generated_code_iterative_repair/qwen2.5-coder_14b/qwen2.5-coder_7b/rules/C001_static_burned_area_rules_iter03.py,qwen2.5-coder_7b,False,,False,
map_static.png,experiments/05_choropleth_reliability_benchmark/outputs/runs_iterative_repair/qwen2.5-coder_7b/rules/qwen2.5-coder_7b_rules_C002_static_number_fires_iter01_20260624_045707/map_static.png,False,0,missing_or_empty;low_thematic_color;low_map_ink;low_edge_detail,False,,,,False,,,,,,,1,static_png,,rules,,,C002_static_number_fires,missing_or_empty,False,qwen2.5-coder_32b,1,experiments/05_choropleth_reliability_benchmark/outputs/runs_iterative_repair/qwen2.5-coder_7b/rules/qwen2.5-coder_7b_rules_C002_static_number_fires_iter01_20260624_045707,,0,,,,False,,,,,,missing_or_empty,False,,,,experiments/05_choropleth_reliability_benchmark/outputs/generated_code_iterative_repair/qwen2.5-coder_32b/qwen2.5-coder_7b/rules/C002_static_number_fires_rules_iter01.py,qwen2.5-coder_7b,False,,,
time_series.png,experiments/05_choropleth_reliability_benchmark/outputs/runs_iterative_repair/qwen2.5-coder_7b/rules/qwen2.5-coder_7b_rules_C002_static_number_fires_iter01_20260624_045707/time_series.png,False,0,missing_or_empty;low_plot_ink;no_visible_line;low_edge_detail,False,,,,False,,,,,,,1,time_series_png,,rules,,,C002_static_number_fires,missing_or_empty,False,qwen2.5-coder_32b,1,experiments/05_choropleth_reliability_benchmark/outputs/runs_iterative_repair/qwen2.5-coder_7b/rules/qwen2.5-coder_7b_rules_C002_static_number_fires_iter01_20260624_045707,,0,,,,False,,,,,,missing_or_empty,False,,,,experiments/05_choropleth_reliability_benchmark/outputs/generated_code_iterative_repair/qwen2.5-coder_32b/qwen2.5-coder_7b/rules/C002_static_number_fires_rules_iter01.py,qwen2.5-coder_7b,False,,,
map_interactive.html,experiments/05_choropleth_reliability_benchmark/outputs/runs_iterative_repair/qwen2.5-coder_7b/rules/qwen2.5-coder_7b_rules_C002_static_number_fires_iter01_20260624_045707/map_interactive.html,False,0,missing_or_empty;html_not_rendered;low_rendered_map_ink;low_edge_detail,False,,,,False,,,,,missing,False,1,interactive_html,,rules,,,C002_static_number_fires,,,qwen2.5-coder_32b,1,experiments/05_choropleth_reliability_benchmark/outputs/runs_iterative_repair/qwen2.5-coder_7b/rules/qwen2.5-coder_7b_rules_C002_static_number_fires_iter01_20260624_045707,,0,,,,False,,,,,,missing_or_empty,False,,,,experiments/05_choropleth_reliability_benchmark/outputs/generated_code_iterative_repair/qwen2.5-coder_32b/qwen2.5-coder_7b/rules/C002_static_number_fires_rules_iter01.py,qwen2.5-coder_7b,False,,False,
map_static.png,experiments/05_choropleth_reliability_benchmark/outputs/runs_iterative_repair/qwen2.5-coder_7b/rules/qwen2.5-coder_7b_rules_C002_static_number_fires_iter01_20260624_232116/map_static.png,False,0,missing_or_empty;low_thematic_color;low_map_ink;low_edge_detail,False,,,,False,,,,,,,1,static_png,,rules,,,C002_static_number_fires,missing_or_empty,False,qwen2.5-coder_7b,1,experiments/05_choropleth_reliability_benchmark/outputs/runs_iterative_repair/qwen2.5-coder_7b/rules/qwen2.5-coder_7b_rules_C002_static_number_fires_iter01_20260624_232116,,0,,,,False,,,,,,missing_or_empty,False,,,,experiments/05_choropleth_reliability_benchmark/outputs/generated_code_iterative_repair/qwen2.5-coder_7b/qwen2.5-coder_7b/rules/C002_static_number_fires_rules_iter01.py,qwen2.5-coder_7b,False,,,
time_series.png,experiments/05_choropleth_reliability_benchmark/outputs/runs_iterative_repair/qwen2.5-coder_7b/rules/qwen2.5-coder_7b_rules_C002_static_number_fires_iter01_20260624_232116/time_series.png,False,0,missing_or_empty;low_plot_ink;no_visible_line;low_edge_detail,False,,,,False,,,,,,,1,time_series_png,,rules,,,C002_static_number_fires,missing_or_empty,False,qwen2.5-coder_7b,1,experiments/05_choropleth_reliability_benchmark/outputs/runs_iterative_repair/qwen2.5-coder_7b/rules/qwen2.5-coder_7b_rules_C002_static_number_fires_iter01_20260624_232116,,0,,,,False,,,,,,missing_or_empty,False,,,,experiments/05_choropleth_reliability_benchmark/outputs/generated_code_iterative_repair/qwen2.5-coder_7b/qwen2.5-coder_7b/rules/C002_static_number_fires_rules_iter01.py,qwen2.5-coder_7b,False,,,
map_interactive.html,experiments/05_choropleth_reliability_benchmark/outputs/runs_iterative_repair/qwen2.5-coder_7b/rules/qwen2.5-coder_7b_rules_C002_static_number_fires_iter01_20260624_232116/map_interactive.html,False,0,missing_or_empty;html_not_rendered;low_rendered_map_ink;low_edge_detail,False,,,,False,,,,,missing,False,1,interactive_html,,rules,,,C002_static_number_fires,,,qwen2.5-coder_7b,1,experiments/05_choropleth_reliability_benchmark/outputs/runs_iterative_repair/qwen2.5-coder_7b/rules/qwen2.5-coder_7b_rules_C002_static_number_fires_iter01_20260624_232116,,0,,,,False,,,,,,missing_or_empty,False,,,,experiments/05_choropleth_reliability_benchmark/outputs/generated_code_iterative_repair/qwen2.5-coder_7b/qwen2.5-coder_7b/rules/C002_static_number_fires_rules_iter01.py,qwen2.5-coder_7b,False,,False,
map_static.png,experiments/05_choropleth_reliability_benchmark/outputs/runs_iterative_repair/qwen2.5-coder_7b/rules/qwen2.5-coder_7b_rules_C002_static_number_fires_iter01_20260624_235514/map_static.png,False,0,missing_or_empty;low_thematic_color;low_map_ink;low_edge_detail,False,,,,False,,,,,,,1,static_png,,rules,,,C002_static_number_fires,missing_or_empty,False,qwen2.5-coder_14b,1,experiments/05_choropleth_reliability_benchmark/outputs/runs_iterative_repair/qwen2.5-coder_7b/rules/qwen2.5-coder_7b_rules_C002_static_number_fires_iter01_20260624_235514,,0,,,,False,,,,,,missing_or_empty,False,,,,experiments/05_choropleth_reliability_benchmark/outputs/generated_code_iterative_repair/qwen2.5-coder_14b/qwen2.5-coder_7b/rules/C002_static_number_fires_rules_iter01.py,qwen2.5-coder_7b,False,,,
time_series.png,experiments/05_choropleth_reliability_benchmark/outputs/runs_iterative_repair/qwen2.5-coder_7b/rules/qwen2.5-coder_7b_rules_C002_static_number_fires_iter01_20260624_235514/time_series.png,False,0,missing_or_empty;low_plot_ink;no_visible_line;low_edge_detail,False,,,,False,,,,,,,1,time_series_png,,rules,,,C002_static_number_fires,missing_or_empty,False,qwen2.5-coder_14b,1,experiments/05_choropleth_reliability_benchmark/outputs/runs_iterative_repair/qwen2.5-coder_7b/rules/qwen2.5-coder_7b_rules_C002_static_number_fires_iter01_20260624_235514,,0,,,,False,,,,,,missing_or_empty,False,,,,experiments/05_choropleth_reliability_benchmark/outputs/generated_code_iterative_repair/qwen2.5-coder_14b/qwen2.5-coder_7b/rules/C002_static_number_fires_rules_iter01.py,qwen2.5-coder_7b,False,,,
map_interactive.html,experiments/05_choropleth_reliability_benchmark/outputs/runs_iterative_repair/qwen2.5-coder_7b/rules/qwen2.5-coder_7b_rules_C002_static_number_fires_iter01_20260624_235514/map_interactive.html,False,0,missing_or_empty;html_not_rendered;low_rendered_map_ink;low_edge_detail,False,,,,False,,,,,missing,False,1,interactive_html,,rules,,,C002_static_number_fires,,,qwen2.5-coder_14b,1,experiments/05_choropleth_reliability_benchmark/outputs/runs_iterative_repair/qwen2.5-coder_7b/rules/qwen2.5-coder_7b_rules_C002_static_number_fires_iter01_20260624_235514,,0,,,,False,,,,,,missing_or_empty,False,,,,experiments/05_choropleth_reliability_benchmark/outputs/generated_code_iterative_repair/qwen2.5-coder_14b/qwen2.5-coder_7b/rules/C002_static_number_fires_rules_iter01.py,qwen2.5-coder_7b,False,,False,
map_static.png,experiments/05_choropleth_reliability_benchmark/outputs/runs_iterative_repair/qwen2.5-coder_7b/rules/qwen2.5-coder_7b_rules_C002_static_number_fires_iter02_20260624_045809/map_static.png,False,0,missing_or_empty;low_thematic_color;low_map_ink;low_edge_detail,False,,,,False,,,,,,,2,static_png,,rules,,,C002_static_number_fires,missing_or_empty,False,qwen2.5-coder_32b,1,experiments/05_choropleth_reliability_benchmark/outputs/runs_iterative_repair/qwen2.5-coder_7b/rules/qwen2.5-coder_7b_rules_C002_static_number_fires_iter02_20260624_045809,,0,,,,False,,,,,,missing_or_empty,False,,,,experiments/05_choropleth_reliability_benchmark/outputs/generated_code_iterative_repair/qwen2.5-coder_32b/qwen2.5-coder_7b/rules/C002_static_number_fires_rules_iter02.py,qwen2.5-coder_7b,False,,,
time_series.png,experiments/05_choropleth_reliability_benchmark/outputs/runs_iterative_repair/qwen2.5-coder_7b/rules/qwen2.5-coder_7b_rules_C002_static_number_fires_iter02_20260624_045809/time_series.png,False,0,missing_or_empty;low_plot_ink;no_visible_line;low_edge_detail,False,,,,False,,,,,,,2,time_series_png,,rules,,,C002_static_number_fires,missing_or_empty,False,qwen2.5-coder_32b,1,experiments/05_choropleth_reliability_benchmark/outputs/runs_iterative_repair/qwen2.5-coder_7b/rules/qwen2.5-coder_7b_rules_C002_static_number_fires_iter02_20260624_045809,,0,,,,False,,,,,,missing_or_empty,False,,,,experiments/05_choropleth_reliability_benchmark/outputs/generated_code_iterative_repair/qwen2.5-coder_32b/qwen2.5-coder_7b/rules/C002_static_number_fires_rules_iter02.py,qwen2.5-coder_7b,False,,,
map_interactive.html,experiments/05_choropleth_reliability_benchmark/outputs/runs_iterative_repair/qwen2.5-coder_7b/rules/qwen2.5-coder_7b_rules_C002_static_number_fires_iter02_20260624_045809/map_interactive.html,False,0,missing_or_empty;html_not_rendered;low_rendered_map_ink;low_edge_detail,False,,,,False,,,,,missing,False,2,interactive_html,,rules,,,C002_static_number_fires,,,qwen2.5-coder_32b,1,experiments/05_choropleth_reliability_benchmark/outputs/runs_iterative_repair/qwen2.5-coder_7b/rules/qwen2.5-coder_7b_rules_C002_static_number_fires_iter02_20260624_045809,,0,,,,False,,,,,,missing_or_empty,False,,,,experiments/05_choropleth_reliability_benchmark/outputs/generated_code_iterative_repair/qwen2.5-coder_32b/qwen2.5-coder_7b/rules/C002_static_number_fires_rules_iter02.py,qwen2.5-coder_7b,False,,False,
map_static.png,experiments/05_choropleth_reliability_benchmark/outputs/runs_iterative_repair/qwen2.5-coder_7b/rules/qwen2.5-coder_7b_rules_C002_static_number_fires_iter02_20260624_232132/map_static.png,False,0,missing_or_empty;low_thematic_color;low_map_ink;low_edge_detail,False,,,,False,,,,,,,2,static_png,,rules,,,C002_static_number_fires,missing_or_empty,False,qwen2.5-coder_7b,1,experiments/05_choropleth_reliability_benchmark/outputs/runs_iterative_repair/qwen2.5-coder_7b/rules/qwen2.5-coder_7b_rules_C002_static_number_fires_iter02_20260624_232132,,0,,,,False,,,,,,missing_or_empty,False,,,,experiments/05_choropleth_reliability_benchmark/outputs/generated_code_iterative_repair/qwen2.5-coder_7b/qwen2.5-coder_7b/rules/C002_static_number_fires_rules_iter02.py,qwen2.5-coder_7b,False,,,
time_series.png,experiments/05_choropleth_reliability_benchmark/outputs/runs_iterative_repair/qwen2.5-coder_7b/rules/qwen2.5-coder_7b_rules_C002_static_number_fires_iter02_20260624_232132/time_series.png,False,0,missing_or_empty;low_plot_ink;no_visible_line;low_edge_detail,False,,,,False,,,,,,,2,time_series_png,,rules,,,C002_static_number_fires,missing_or_empty,False,qwen2.5-coder_7b,1,experiments/05_choropleth_reliability_benchmark/outputs/runs_iterative_repair/qwen2.5-coder_7b/rules/qwen2.5-coder_7b_rules_C002_static_number_fires_iter02_20260624_232132,,0,,,,False,,,,,,missing_or_empty,False,,,,experiments/05_choropleth_reliability_benchmark/outputs/generated_code_iterative_repair/qwen2.5-coder_7b/qwen2.5-coder_7b/rules/C002_static_number_fires_rules_iter02.py,qwen2.5-coder_7b,False,,,
map_interactive.html,experiments/05_choropleth_reliability_benchmark/outputs/runs_iterative_repair/qwen2.5-coder_7b/rules/qwen2.5-coder_7b_rules_C002_static_number_fires_iter02_20260624_232132/map_interactive.html,False,0,missing_or_empty;html_not_rendered;low_rendered_map_ink;low_edge_detail,False,,,,False,,,,,missing,False,2,interactive_html,,rules,,,C002_static_number_fires,,,qwen2.5-coder_7b,1,experiments/05_choropleth_reliability_benchmark/outputs/runs_iterative_repair/qwen2.5-coder_7b/rules/qwen2.5-coder_7b_rules_C002_static_number_fires_iter02_20260624_232132,,0,,,,False,,,,,,missing_or_empty,False,,,,experiments/05_choropleth_reliability_benchmark/outputs/generated_code_iterative_repair/qwen2.5-coder_7b/qwen2.5-coder_7b/rules/C002_static_number_fires_rules_iter02.py,qwen2.5-coder_7b,False,,False,
map_static.png,experiments/05_choropleth_reliability_benchmark/outputs/runs_iterative_repair/qwen2.5-coder_7b/rules/qwen2.5-coder_7b_rules_C002_static_number_fires_iter02_20260624_235540/map_static.png,False,0,missing_or_empty;low_thematic_color;low_map_ink;low_edge_detail,False,,,,False,,,,,,,2,static_png,,rules,,,C002_static_number_fires,missing_or_empty,False,qwen2.5-coder_14b,1,experiments/05_choropleth_reliability_benchmark/outputs/runs_iterative_repair/qwen2.5-coder_7b/rules/qwen2.5-coder_7b_rules_C002_static_number_fires_iter02_20260624_235540,,0,,,,False,,,,,,missing_or_empty,False,,,,experiments/05_choropleth_reliability_benchmark/outputs/generated_code_iterative_repair/qwen2.5-coder_14b/qwen2.5-coder_7b/rules/C002_static_number_fires_rules_iter02.py,qwen2.5-coder_7b,False,,,
time_series.png,experiments/05_choropleth_reliability_benchmark/outputs/runs_iterative_repair/qwen2.5-coder_7b/rules/qwen2.5-coder_7b_rules_C002_static_number_fires_iter02_20260624_235540/time_series.png,False,0,missing_or_empty;low_plot_ink;no_visible_line;low_edge_detail,False,,,,False,,,,,,,2,time_series_png,,rules,,,C002_static_number_fires,missing_or_empty,False,qwen2.5-coder_14b,1,experiments/05_choropleth_reliability_benchmark/outputs/runs_iterative_repair/qwen2.5-coder_7b/rules/qwen2.5-coder_7b_rules_C002_static_number_fires_iter02_20260624_235540,,0,,,,False,,,,,,missing_or_empty,False,,,,experiments/05_choropleth_reliability_benchmark/outputs/generated_code_iterative_repair/qwen2.5-coder_14b/qwen2.5-coder_7b/rules/C002_static_number_fires_rules_iter02.py,qwen2.5-coder_7b,False,,,
map_interactive.html,experiments/05_choropleth_reliability_benchmark/outputs/runs_iterative_repair/qwen2.5-coder_7b/rules/qwen2.5-coder_7b_rules_C002_static_number_fires_iter02_20260624_235540/map_interactive.html,False,0,missing_or_empty;html_not_rendered;low_rendered_map_ink;low_edge_detail,False,,,,False,,,,,missing,False,2,interactive_html,,rules,,,C002_static_number_fires,,,qwen2.5-coder_14b,1,experiments/05_choropleth_reliability_benchmark/outputs/runs_iterative_repair/qwen2.5-coder_7b/rules/qwen2.5-coder_7b_rules_C002_static_number_fires_iter02_20260624_235540,,0,,,,False,,,,,,missing_or_empty,False,,,,experiments/05_choropleth_reliability_benchmark/outputs/generated_code_iterative_repair/qwen2.5-coder_14b/qwen2.5-coder_7b/rules/C002_static_number_fires_rules_iter02.py,qwen2.5-coder_7b,False,,False,
map_static.png,experiments/05_choropleth_reliability_benchmark/outputs/runs_iterative_repair/qwen2.5-coder_7b/rules/qwen2.5-coder_7b_rules_C002_static_number_fires_iter03_20260624_062457/map_static.png,False,0,missing_or_empty;low_thematic_color;low_map_ink;low_edge_detail,False,,,,False,,,,,,,3,static_png,,rules,,,C002_static_number_fires,missing_or_empty,False,qwen2.5-coder_32b,1,experiments/05_choropleth_reliability_benchmark/outputs/runs_iterative_repair/qwen2.5-coder_7b/rules/qwen2.5-coder_7b_rules_C002_static_number_fires_iter03_20260624_062457,,0,,,,False,,,,,,missing_or_empty,False,,,,experiments/05_choropleth_reliability_benchmark/outputs/generated_code_iterative_repair/qwen2.5-coder_32b/qwen2.5-coder_7b/rules/C002_static_number_fires_rules_iter03.py,qwen2.5-coder_7b,False,,,
time_series.png,experiments/05_choropleth_reliability_benchmark/outputs/runs_iterative_repair/qwen2.5-coder_7b/rules/qwen2.5-coder_7b_rules_C002_static_number_fires_iter03_20260624_062457/time_series.png,False,0,missing_or_empty;low_plot_ink;no_visible_line;low_edge_detail,False,,,,False,,,,,,,3,time_series_png,,rules,,,C002_static_number_fires,missing_or_empty,False,qwen2.5-coder_32b,1,experiments/05_choropleth_reliability_benchmark/outputs/runs_iterative_repair/qwen2.5-coder_7b/rules/qwen2.5-coder_7b_rules_C002_static_number_fires_iter03_20260624_062457,,0,,,,False,,,,,,missing_or_empty,False,,,,experiments/05_choropleth_reliability_benchmark/outputs/generated_code_iterative_repair/qwen2.5-coder_32b/qwen2.5-coder_7b/rules/C002_static_number_fires_rules_iter03.py,qwen2.5-coder_7b,False,,,
map_interactive.html,experiments/05_choropleth_reliability_benchmark/outputs/runs_iterative_repair/qwen2.5-coder_7b/rules/qwen2.5-coder_7b_rules_C002_static_number_fires_iter03_20260624_062457/map_interactive.html,False,0,missing_or_empty;html_not_rendered;low_rendered_map_ink;low_edge_detail,False,,,,False,,,,,missing,False,3,interactive_html,,rules,,,C002_static_number_fires,,,qwen2.5-coder_32b,1,experiments/05_choropleth_reliability_benchmark/outputs/runs_iterative_repair/qwen2.5-coder_7b/rules/qwen2.5-coder_7b_rules_C002_static_number_fires_iter03_20260624_062457,,0,,,,False,,,,,,missing_or_empty,False,,,,experiments/05_choropleth_reliability_benchmark/outputs/generated_code_iterative_repair/qwen2.5-coder_32b/qwen2.5-coder_7b/rules/C002_static_number_fires_rules_iter03.py,qwen2.5-coder_7b,False,,False,
map_static.png,experiments/05_choropleth_reliability_benchmark/outputs/runs_iterative_repair/qwen2.5-coder_7b/rules/qwen2.5-coder_7b_rules_C002_static_number_fires_iter03_20260624_232148/map_static.png,False,0,missing_or_empty;low_thematic_color;low_map_ink;low_edge_detail,False,,,,False,,,,,,,3,static_png,,rules,,,C002_static_number_fires,missing_or_empty,False,qwen2.5-coder_7b,1,experiments/05_choropleth_reliability_benchmark/outputs/runs_iterative_repair/qwen2.5-coder_7b/rules/qwen2.5-coder_7b_rules_C002_static_number_fires_iter03_20260624_232148,,0,,,,False,,,,,,missing_or_empty,False,,,,experiments/05_choropleth_reliability_benchmark/outputs/generated_code_iterative_repair/qwen2.5-coder_7b/qwen2.5-coder_7b/rules/C002_static_number_fires_rules_iter03.py,qwen2.5-coder_7b,False,,,
time_series.png,experiments/05_choropleth_reliability_benchmark/outputs/runs_iterative_repair/qwen2.5-coder_7b/rules/qwen2.5-coder_7b_rules_C002_static_number_fires_iter03_20260624_232148/time_series.png,False,0,missing_or_empty;low_plot_ink;no_visible_line;low_edge_detail,False,,,,False,,,,,,,3,time_series_png,,rules,,,C002_static_number_fires,missing_or_empty,False,qwen2.5-coder_7b,1,experiments/05_choropleth_reliability_benchmark/outputs/runs_iterative_repair/qwen2.5-coder_7b/rules/qwen2.5-coder_7b_rules_C002_static_number_fires_iter03_20260624_232148,,0,,,,False,,,,,,missing_or_empty,False,,,,experiments/05_choropleth_reliability_benchmark/outputs/generated_code_iterative_repair/qwen2.5-coder_7b/qwen2.5-coder_7b/rules/C002_static_number_fires_rules_iter03.py,qwen2.5-coder_7b,False,,,
map_interactive.html,experiments/05_choropleth_reliability_benchmark/outputs/runs_iterative_repair/qwen2.5-coder_7b/rules/qwen2.5-coder_7b_rules_C002_static_number_fires_iter03_20260624_232148/map_interactive.html,False,0,missing_or_empty;html_not_rendered;low_rendered_map_ink;low_edge_detail,False,,,,False,,,,,missing,False,3,interactive_html,,rules,,,C002_static_number_fires,,,qwen2.5-coder_7b,1,experiments/05_choropleth_reliability_benchmark/outputs/runs_iterative_repair/qwen2.5-coder_7b/rules/qwen2.5-coder_7b_rules_C002_static_number_fires_iter03_20260624_232148,,0,,,,False,,,,,,missing_or_empty,False,,,,experiments/05_choropleth_reliability_benchmark/outputs/generated_code_iterative_repair/qwen2.5-coder_7b/qwen2.5-coder_7b/rules/C002_static_number_fires_rules_iter03.py,qwen2.5-coder_7b,False,,False,
map_static.png,experiments/05_choropleth_reliability_benchmark/outputs/runs_iterative_repair/qwen2.5-coder_7b/rules/qwen2.5-coder_7b_rules_C002_static_number_fires_iter03_20260624_235605/map_static.png,False,0,missing_or_empty;low_thematic_color;low_map_ink;low_edge_detail,False,,,,False,,,,,,,3,static_png,,rules,,,C002_static_number_fires,missing_or_empty,False,qwen2.5-coder_14b,1,experiments/05_choropleth_reliability_benchmark/outputs/runs_iterative_repair/qwen2.5-coder_7b/rules/qwen2.5-coder_7b_rules_C002_static_number_fires_iter03_20260624_235605,,0,,,,False,,,,,,missing_or_empty,False,,,,experiments/05_choropleth_reliability_benchmark/outputs/generated_code_iterative_repair/qwen2.5-coder_14b/qwen2.5-coder_7b/rules/C002_static_number_fires_rules_iter03.py,qwen2.5-coder_7b,False,,,
time_series.png,experiments/05_choropleth_reliability_benchmark/outputs/runs_iterative_repair/qwen2.5-coder_7b/rules/qwen2.5-coder_7b_rules_C002_static_number_fires_iter03_20260624_235605/time_series.png,False,0,missing_or_empty;low_plot_ink;no_visible_line;low_edge_detail,False,,,,False,,,,,,,3,time_series_png,,rules,,,C002_static_number_fires,missing_or_empty,False,qwen2.5-coder_14b,1,experiments/05_choropleth_reliability_benchmark/outputs/runs_iterative_repair/qwen2.5-coder_7b/rules/qwen2.5-coder_7b_rules_C002_static_number_fires_iter03_20260624_235605,,0,,,,False,,,,,,missing_or_empty,False,,,,experiments/05_choropleth_reliability_benchmark/outputs/generated_code_iterative_repair/qwen2.5-coder_14b/qwen2.5-coder_7b/rules/C002_static_number_fires_rules_iter03.py,qwen2.5-coder_7b,False,,,
map_interactive.html,experiments/05_choropleth_reliability_benchmark/outputs/runs_iterative_repair/qwen2.5-coder_7b/rules/qwen2.5-coder_7b_rules_C002_static_number_fires_iter03_20260624_235605/map_interactive.html,False,0,missing_or_empty;html_not_rendered;low_rendered_map_ink;low_edge_detail,False,,,,False,,,,,missing,False,3,interactive_html,,rules,,,C002_static_number_fires,,,qwen2.5-coder_14b,1,experiments/05_choropleth_reliability_benchmark/outputs/runs_iterative_repair/qwen2.5-coder_7b/rules/qwen2.5-coder_7b_rules_C002_static_number_fires_iter03_20260624_235605,,0,,,,False,,,,,,missing_or_empty,False,,,,experiments/05_choropleth_reliability_benchmark/outputs/generated_code_iterative_repair/qwen2.5-coder_14b/qwen2.5-coder_7b/rules/C002_static_number_fires_rules_iter03.py,qwen2.5-coder_7b,False,,False,
map_static.png,experiments/05_choropleth_reliability_benchmark/outputs/runs_iterative_repair/qwen2.5-coder_7b/rules/qwen2.5-coder_7b_rules_C004_missing_crs_repair_iter01_20260624_042632/map_static.png,False,0,missing_or_empty;low_thematic_color;low_map_ink;low_edge_detail,False,,,,False,,,,,,,1,static_png,,rules,,,C004_missing_crs_repair,missing_or_empty,False,qwen2.5-coder_32b,1,experiments/05_choropleth_reliability_benchmark/outputs/runs_iterative_repair/qwen2.5-coder_7b/rules/qwen2.5-coder_7b_rules_C004_missing_crs_repair_iter01_20260624_042632,,0,,,,False,,,,,,missing_or_empty,False,,,,experiments/05_choropleth_reliability_benchmark/outputs/generated_code_iterative_repair/qwen2.5-coder_32b/qwen2.5-coder_7b/rules/C004_missing_crs_repair_rules_iter01.py,qwen2.5-coder_7b,False,,,
time_series.png,experiments/05_choropleth_reliability_benchmark/outputs/runs_iterative_repair/qwen2.5-coder_7b/rules/qwen2.5-coder_7b_rules_C004_missing_crs_repair_iter01_20260624_042632/time_series.png,False,0,missing_or_empty;low_plot_ink;no_visible_line;low_edge_detail,False,,,,False,,,,,,,1,time_series_png,,rules,,,C004_missing_crs_repair,missing_or_empty,False,qwen2.5-coder_32b,1,experiments/05_choropleth_reliability_benchmark/outputs/runs_iterative_repair/qwen2.5-coder_7b/rules/qwen2.5-coder_7b_rules_C004_missing_crs_repair_iter01_20260624_042632,,0,,,,False,,,,,,missing_or_empty,False,,,,experiments/05_choropleth_reliability_benchmark/outputs/generated_code_iterative_repair/qwen2.5-coder_32b/qwen2.5-coder_7b/rules/C004_missing_crs_repair_rules_iter01.py,qwen2.5-coder_7b,False,,,
map_interactive.html,experiments/05_choropleth_reliability_benchmark/outputs/runs_iterative_repair/qwen2.5-coder_7b/rules/qwen2.5-coder_7b_rules_C004_missing_crs_repair_iter01_20260624_042632/map_interactive.html,False,0,missing_or_empty;html_not_rendered;low_rendered_map_ink;low_edge_detail,False,,,,False,,,,,missing,False,1,interactive_html,,rules,,,C004_missing_crs_repair,,,qwen2.5-coder_32b,1,experiments/05_choropleth_reliability_benchmark/outputs/runs_iterative_repair/qwen2.5-coder_7b/rules/qwen2.5-coder_7b_rules_C004_missing_crs_repair_iter01_20260624_042632,,0,,,,False,,,,,,missing_or_empty,False,,,,experiments/05_choropleth_reliability_benchmark/outputs/generated_code_iterative_repair/qwen2.5-coder_32b/qwen2.5-coder_7b/rules/C004_missing_crs_repair_rules_iter01.py,qwen2.5-coder_7b,False,,False,
map_static.png,experiments/05_choropleth_reliability_benchmark/outputs/runs_iterative_repair/qwen2.5-coder_7b/rules/qwen2.5-coder_7b_rules_C004_missing_crs_repair_iter01_20260624_231006/map_static.png,False,0,missing_or_empty;low_thematic_color;low_map_ink;low_edge_detail,False,,,,False,,,,,,,1,static_png,,rules,,,C004_missing_crs_repair,missing_or_empty,False,qwen2.5-coder_7b,1,experiments/05_choropleth_reliability_benchmark/outputs/runs_iterative_repair/qwen2.5-coder_7b/rules/qwen2.5-coder_7b_rules_C004_missing_crs_repair_iter01_20260624_231006,,0,,,,False,,,,,,missing_or_empty,False,,,,experiments/05_choropleth_reliability_benchmark/outputs/generated_code_iterative_repair/qwen2.5-coder_7b/qwen2.5-coder_7b/rules/C004_missing_crs_repair_rules_iter01.py,qwen2.5-coder_7b,False,,,
time_series.png,experiments/05_choropleth_reliability_benchmark/outputs/runs_iterative_repair/qwen2.5-coder_7b/rules/qwen2.5-coder_7b_rules_C004_missing_crs_repair_iter01_20260624_231006/time_series.png,False,0,missing_or_empty;low_plot_ink;no_visible_line;low_edge_detail,False,,,,False,,,,,,,1,time_series_png,,rules,,,C004_missing_crs_repair,missing_or_empty,False,qwen2.5-coder_7b,1,experiments/05_choropleth_reliability_benchmark/outputs/runs_iterative_repair/qwen2.5-coder_7b/rules/qwen2.5-coder_7b_rules_C004_missing_crs_repair_iter01_20260624_231006,,0,,,,False,,,,,,missing_or_empty,False,,,,experiments/05_choropleth_reliability_benchmark/outputs/generated_code_iterative_repair/qwen2.5-coder_7b/qwen2.5-coder_7b/rules/C004_missing_crs_repair_rules_iter01.py,qwen2.5-coder_7b,False,,,
map_interactive.html,experiments/05_choropleth_reliability_benchmark/outputs/runs_iterative_repair/qwen2.5-coder_7b/rules/qwen2.5-coder_7b_rules_C004_missing_crs_repair_iter01_20260624_231006/map_interactive.html,False,0,missing_or_empty;html_not_rendered;low_rendered_map_ink;low_edge_detail,False,,,,False,,,,,missing,False,1,interactive_html,,rules,,,C004_missing_crs_repair,,,qwen2.5-coder_7b,1,experiments/05_choropleth_reliability_benchmark/outputs/runs_iterative_repair/qwen2.5-coder_7b/rules/qwen2.5-coder_7b_rules_C004_missing_crs_repair_iter01_20260624_231006,,0,,,,False,,,,,,missing_or_empty,False,,,,experiments/05_choropleth_reliability_benchmark/outputs/generated_code_iterative_repair/qwen2.5-coder_7b/qwen2.5-coder_7b/rules/C004_missing_crs_repair_rules_iter01.py,qwen2.5-coder_7b,False,,False,
map_static.png,experiments/05_choropleth_reliability_benchmark/outputs/runs_iterative_repair/qwen2.5-coder_7b/rules/qwen2.5-coder_7b_rules_C004_missing_crs_repair_iter01_20260624_233533/map_static.png,False,0,missing_or_empty;low_thematic_color;low_map_ink;low_edge_detail,False,,,,False,,,,,,,1,static_png,,rules,,,C004_missing_crs_repair,missing_or_empty,False,qwen2.5-coder_14b,1,experiments/05_choropleth_reliability_benchmark/outputs/runs_iterative_repair/qwen2.5-coder_7b/rules/qwen2.5-coder_7b_rules_C004_missing_crs_repair_iter01_20260624_233533,,0,,,,False,,,,,,missing_or_empty,False,,,,experiments/05_choropleth_reliability_benchmark/outputs/generated_code_iterative_repair/qwen2.5-coder_14b/qwen2.5-coder_7b/rules/C004_missing_crs_repair_rules_iter01.py,qwen2.5-coder_7b,False,,,
time_series.png,experiments/05_choropleth_reliability_benchmark/outputs/runs_iterative_repair/qwen2.5-coder_7b/rules/qwen2.5-coder_7b_rules_C004_missing_crs_repair_iter01_20260624_233533/time_series.png,False,0,missing_or_empty;low_plot_ink;no_visible_line;low_edge_detail,False,,,,False,,,,,,,1,time_series_png,,rules,,,C004_missing_crs_repair,missing_or_empty,False,qwen2.5-coder_14b,1,experiments/05_choropleth_reliability_benchmark/outputs/runs_iterative_repair/qwen2.5-coder_7b/rules/qwen2.5-coder_7b_rules_C004_missing_crs_repair_iter01_20260624_233533,,0,,,,False,,,,,,missing_or_empty,False,,,,experiments/05_choropleth_reliability_benchmark/outputs/generated_code_iterative_repair/qwen2.5-coder_14b/qwen2.5-coder_7b/rules/C004_missing_crs_repair_rules_iter01.py,qwen2.5-coder_7b,False,,,
map_interactive.html,experiments/05_choropleth_reliability_benchmark/outputs/runs_iterative_repair/qwen2.5-coder_7b/rules/qwen2.5-coder_7b_rules_C004_missing_crs_repair_iter01_20260624_233533/map_interactive.html,False,0,missing_or_empty;html_not_rendered;low_rendered_map_ink;low_edge_detail,False,,,,False,,,,,missing,False,1,interactive_html,,rules,,,C004_missing_crs_repair,,,qwen2.5-coder_14b,1,experiments/05_choropleth_reliability_benchmark/outputs/runs_iterative_repair/qwen2.5-coder_7b/rules/qwen2.5-coder_7b_rules_C004_missing_crs_repair_iter01_20260624_233533,,0,,,,False,,,,,,missing_or_empty,False,,,,experiments/05_choropleth_reliability_benchmark/outputs/generated_code_iterative_repair/qwen2.5-coder_14b/qwen2.5-coder_7b/rules/C004_missing_crs_repair_rules_iter01.py,qwen2.5-coder_7b,False,,False,
map_static.png,experiments/05_choropleth_reliability_benchmark/outputs/runs_iterative_repair/qwen2.5-coder_7b/rules/qwen2.5-coder_7b_rules_C004_missing_crs_repair_iter02_20260624_042715/map_static.png,False,0,missing_or_empty;low_thematic_color;low_map_ink;low_edge_detail,False,,,,False,,,,,,,2,static_png,,rules,,,C004_missing_crs_repair,missing_or_empty,False,qwen2.5-coder_32b,1,experiments/05_choropleth_reliability_benchmark/outputs/runs_iterative_repair/qwen2.5-coder_7b/rules/qwen2.5-coder_7b_rules_C004_missing_crs_repair_iter02_20260624_042715,,0,,,,False,,,,,,missing_or_empty,False,,,,experiments/05_choropleth_reliability_benchmark/outputs/generated_code_iterative_repair/qwen2.5-coder_32b/qwen2.5-coder_7b/rules/C004_missing_crs_repair_rules_iter02.py,qwen2.5-coder_7b,False,,,
time_series.png,experiments/05_choropleth_reliability_benchmark/outputs/runs_iterative_repair/qwen2.5-coder_7b/rules/qwen2.5-coder_7b_rules_C004_missing_crs_repair_iter02_20260624_042715/time_series.png,False,0,missing_or_empty;low_plot_ink;no_visible_line;low_edge_detail,False,,,,False,,,,,,,2,time_series_png,,rules,,,C004_missing_crs_repair,missing_or_empty,False,qwen2.5-coder_32b,1,experiments/05_choropleth_reliability_benchmark/outputs/runs_iterative_repair/qwen2.5-coder_7b/rules/qwen2.5-coder_7b_rules_C004_missing_crs_repair_iter02_20260624_042715,,0,,,,False,,,,,,missing_or_empty,False,,,,experiments/05_choropleth_reliability_benchmark/outputs/generated_code_iterative_repair/qwen2.5-coder_32b/qwen2.5-coder_7b/rules/C004_missing_crs_repair_rules_iter02.py,qwen2.5-coder_7b,False,,,
map_interactive.html,experiments/05_choropleth_reliability_benchmark/outputs/runs_iterative_repair/qwen2.5-coder_7b/rules/qwen2.5-coder_7b_rules_C004_missing_crs_repair_iter02_20260624_042715/map_interactive.html,False,0,missing_or_empty;html_not_rendered;low_rendered_map_ink;low_edge_detail,False,,,,False,,,,,missing,False,2,interactive_html,,rules,,,C004_missing_crs_repair,,,qwen2.5-coder_32b,1,experiments/05_choropleth_reliability_benchmark/outputs/runs_iterative_repair/qwen2.5-coder_7b/rules/qwen2.5-coder_7b_rules_C004_missing_crs_repair_iter02_20260624_042715,,0,,,,False,,,,,,missing_or_empty,False,,,,experiments/05_choropleth_reliability_benchmark/outputs/generated_code_iterative_repair/qwen2.5-coder_32b/qwen2.5-coder_7b/rules/C004_missing_crs_repair_rules_iter02.py,qwen2.5-coder_7b,False,,False,
map_static.png,experiments/05_choropleth_reliability_benchmark/outputs/runs_iterative_repair/qwen2.5-coder_7b/rules/qwen2.5-coder_7b_rules_C004_missing_crs_repair_iter02_20260624_231014/map_static.png,False,0,missing_or_empty;low_thematic_color;low_map_ink;low_edge_detail,False,,,,False,,,,,,,2,static_png,,rules,,,C004_missing_crs_repair,missing_or_empty,False,qwen2.5-coder_7b,1,experiments/05_choropleth_reliability_benchmark/outputs/runs_iterative_repair/qwen2.5-coder_7b/rules/qwen2.5-coder_7b_rules_C004_missing_crs_repair_iter02_20260624_231014,,0,,,,False,,,,,,missing_or_empty,False,,,,experiments/05_choropleth_reliability_benchmark/outputs/generated_code_iterative_repair/qwen2.5-coder_7b/qwen2.5-coder_7b/rules/C004_missing_crs_repair_rules_iter02.py,qwen2.5-coder_7b,False,,,
time_series.png,experiments/05_choropleth_reliability_benchmark/outputs/runs_iterative_repair/qwen2.5-coder_7b/rules/qwen2.5-coder_7b_rules_C004_missing_crs_repair_iter02_20260624_231014/time_series.png,False,0,missing_or_empty;low_plot_ink;no_visible_line;low_edge_detail,False,,,,False,,,,,,,2,time_series_png,,rules,,,C004_missing_crs_repair,missing_or_empty,False,qwen2.5-coder_7b,1,experiments/05_choropleth_reliability_benchmark/outputs/runs_iterative_repair/qwen2.5-coder_7b/rules/qwen2.5-coder_7b_rules_C004_missing_crs_repair_iter02_20260624_231014,,0,,,,False,,,,,,missing_or_empty,False,,,,experiments/05_choropleth_reliability_benchmark/outputs/generated_code_iterative_repair/qwen2.5-coder_7b/qwen2.5-coder_7b/rules/C004_missing_crs_repair_rules_iter02.py,qwen2.5-coder_7b,False,,,
map_interactive.html,experiments/05_choropleth_reliability_benchmark/outputs/runs_iterative_repair/qwen2.5-coder_7b/rules/qwen2.5-coder_7b_rules_C004_missing_crs_repair_iter02_20260624_231014/map_interactive.html,False,0,missing_or_empty;html_not_rendered;low_rendered_map_ink;low_edge_detail,False,,,,False,,,,,missing,False,2,interactive_html,,rules,,,C004_missing_crs_repair,,,qwen2.5-coder_7b,1,experiments/05_choropleth_reliability_benchmark/outputs/runs_iterative_repair/qwen2.5-coder_7b/rules/qwen2.5-coder_7b_rules_C004_missing_crs_repair_iter02_20260624_231014,,0,,,,False,,,,,,missing_or_empty,False,,,,experiments/05_choropleth_reliability_benchmark/outputs/generated_code_iterative_repair/qwen2.5-coder_7b/qwen2.5-coder_7b/rules/C004_missing_crs_repair_rules_iter02.py,qwen2.5-coder_7b,False,,False,
map_static.png,experiments/05_choropleth_reliability_benchmark/outputs/runs_iterative_repair/qwen2.5-coder_7b/rules/qwen2.5-coder_7b_rules_C004_missing_crs_repair_iter02_20260624_233556/map_static.png,False,0,missing_or_empty;low_thematic_color;low_map_ink;low_edge_detail,False,,,,False,,,,,,,2,static_png,,rules,,,C004_missing_crs_repair,missing_or_empty,False,qwen2.5-coder_14b,1,experiments/05_choropleth_reliability_benchmark/outputs/runs_iterative_repair/qwen2.5-coder_7b/rules/qwen2.5-coder_7b_rules_C004_missing_crs_repair_iter02_20260624_233556,,0,,,,False,,,,,,missing_or_empty,False,,,,experiments/05_choropleth_reliability_benchmark/outputs/generated_code_iterative_repair/qwen2.5-coder_14b/qwen2.5-coder_7b/rules/C004_missing_crs_repair_rules_iter02.py,qwen2.5-coder_7b,False,,,
time_series.png,experiments/05_choropleth_reliability_benchmark/outputs/runs_iterative_repair/qwen2.5-coder_7b/rules/qwen2.5-coder_7b_rules_C004_missing_crs_repair_iter02_20260624_233556/time_series.png,False,0,missing_or_empty;low_plot_ink;no_visible_line;low_edge_detail,False,,,,False,,,,,,,2,time_series_png,,rules,,,C004_missing_crs_repair,missing_or_empty,False,qwen2.5-coder_14b,1,experiments/05_choropleth_reliability_benchmark/outputs/runs_iterative_repair/qwen2.5-coder_7b/rules/qwen2.5-coder_7b_rules_C004_missing_crs_repair_iter02_20260624_233556,,0,,,,False,,,,,,missing_or_empty,False,,,,experiments/05_choropleth_reliability_benchmark/outputs/generated_code_iterative_repair/qwen2.5-coder_14b/qwen2.5-coder_7b/rules/C004_missing_crs_repair_rules_iter02.py,qwen2.5-coder_7b,False,,,
map_interactive.html,experiments/05_choropleth_reliability_benchmark/outputs/runs_iterative_repair/qwen2.5-coder_7b/rules/qwen2.5-coder_7b_rules_C004_missing_crs_repair_iter02_20260624_233556/map_interactive.html,False,0,missing_or_empty;html_not_rendered;low_rendered_map_ink;low_edge_detail,False,,,,False,,,,,missing,False,2,interactive_html,,rules,,,C004_missing_crs_repair,,,qwen2.5-coder_14b,1,experiments/05_choropleth_reliability_benchmark/outputs/runs_iterative_repair/qwen2.5-coder_7b/rules/qwen2.5-coder_7b_rules_C004_missing_crs_repair_iter02_20260624_233556,,0,,,,False,,,,,,missing_or_empty,False,,,,experiments/05_choropleth_reliability_benchmark/outputs/generated_code_iterative_repair/qwen2.5-coder_14b/qwen2.5-coder_7b/rules/C004_missing_crs_repair_rules_iter02.py,qwen2.5-coder_7b,False,,False,
map_static.png,experiments/05_choropleth_reliability_benchmark/outputs/runs_iterative_repair/qwen2.5-coder_7b/rules/qwen2.5-coder_7b_rules_C004_missing_crs_repair_iter03_20260624_061856/map_static.png,True,54267,,True,0.0065,255,5.579,True,,,,800,,,3,static_png,241.469,rules,0.9946,0.1437,C004_missing_crs_repair,,True,qwen2.5-coder_32b,0,experiments/05_choropleth_reliability_benchmark/outputs/runs_iterative_repair/qwen2.5-coder_7b/rules/qwen2.5-coder_7b_rules_C004_missing_crs_repair_iter03_20260624_061856,0.0351,54267,0.0065,255,5.579,True,800,241.469,0.9946,0.1437,,,True,0.0351,37,1000,experiments/05_choropleth_reliability_benchmark/outputs/generated_code_iterative_repair/qwen2.5-coder_32b/qwen2.5-coder_7b/rules/C004_missing_crs_repair_rules_iter03.py,qwen2.5-coder_7b,False,37,,1000
time_series.png,experiments/05_choropleth_reliability_benchmark/outputs/runs_iterative_repair/qwen2.5-coder_7b/rules/qwen2.5-coder_7b_rules_C004_missing_crs_repair_iter03_20260624_061856/time_series.png,False,0,missing_or_empty;low_plot_ink;no_visible_line;low_edge_detail,False,,,,False,,,,,,,3,time_series_png,,rules,,,C004_missing_crs_repair,missing_or_empty,False,qwen2.5-coder_32b,0,experiments/05_choropleth_reliability_benchmark/outputs/runs_iterative_repair/qwen2.5-coder_7b/rules/qwen2.5-coder_7b_rules_C004_missing_crs_repair_iter03_20260624_061856,,0,,,,False,,,,,,missing_or_empty,False,,,,experiments/05_choropleth_reliability_benchmark/outputs/generated_code_iterative_repair/qwen2.5-coder_32b/qwen2.5-coder_7b/rules/C004_missing_crs_repair_rules_iter03.py,qwen2.5-coder_7b,False,,,
map_interactive.html,experiments/05_choropleth_reliability_benchmark/outputs/runs_iterative_repair/qwen2.5-coder_7b/rules/qwen2.5-coder_7b_rules_C004_missing_crs_repair_iter03_20260624_061856/map_interactive.html,False,0,missing_or_empty;html_not_rendered;low_rendered_map_ink;low_edge_detail,False,,,,False,,,,,missing,False,3,interactive_html,,rules,,,C004_missing_crs_repair,,,qwen2.5-coder_32b,0,experiments/05_choropleth_reliability_benchmark/outputs/runs_iterative_repair/qwen2.5-coder_7b/rules/qwen2.5-coder_7b_rules_C004_missing_crs_repair_iter03_20260624_061856,,0,,,,False,,,,,,missing_or_empty,False,,,,experiments/05_choropleth_reliability_benchmark/outputs/generated_code_iterative_repair/qwen2.5-coder_32b/qwen2.5-coder_7b/rules/C004_missing_crs_repair_rules_iter03.py,qwen2.5-coder_7b,False,,False,
map_static.png,experiments/05_choropleth_reliability_benchmark/outputs/runs_iterative_repair/qwen2.5-coder_7b/rules/qwen2.5-coder_7b_rules_C004_missing_crs_repair_iter03_20260624_231023/map_static.png,False,0,missing_or_empty;low_thematic_color;low_map_ink;low_edge_detail,False,,,,False,,,,,,,3,static_png,,rules,,,C004_missing_crs_repair,missing_or_empty,False,qwen2.5-coder_7b,1,experiments/05_choropleth_reliability_benchmark/outputs/runs_iterative_repair/qwen2.5-coder_7b/rules/qwen2.5-coder_7b_rules_C004_missing_crs_repair_iter03_20260624_231023,,0,,,,False,,,,,,missing_or_empty,False,,,,experiments/05_choropleth_reliability_benchmark/outputs/generated_code_iterative_repair/qwen2.5-coder_7b/qwen2.5-coder_7b/rules/C004_missing_crs_repair_rules_iter03.py,qwen2.5-coder_7b,False,,,
time_series.png,experiments/05_choropleth_reliability_benchmark/outputs/runs_iterative_repair/qwen2.5-coder_7b/rules/qwen2.5-coder_7b_rules_C004_missing_crs_repair_iter03_20260624_231023/time_series.png,False,0,missing_or_empty;low_plot_ink;no_visible_line;low_edge_detail,False,,,,False,,,,,,,3,time_series_png,,rules,,,C004_missing_crs_repair,missing_or_empty,False,qwen2.5-coder_7b,1,experiments/05_choropleth_reliability_benchmark/outputs/runs_iterative_repair/qwen2.5-coder_7b/rules/qwen2.5-coder_7b_rules_C004_missing_crs_repair_iter03_20260624_231023,,0,,,,False,,,,,,missing_or_empty,False,,,,experiments/05_choropleth_reliability_benchmark/outputs/generated_code_iterative_repair/qwen2.5-coder_7b/qwen2.5-coder_7b/rules/C004_missing_crs_repair_rules_iter03.py,qwen2.5-coder_7b,False,,,
map_interactive.html,experiments/05_choropleth_reliability_benchmark/outputs/runs_iterative_repair/qwen2.5-coder_7b/rules/qwen2.5-coder_7b_rules_C004_missing_crs_repair_iter03_20260624_231023/map_interactive.html,False,0,missing_or_empty;html_not_rendered;low_rendered_map_ink;low_edge_detail,False,,,,False,,,,,missing,False,3,interactive_html,,rules,,,C004_missing_crs_repair,,,qwen2.5-coder_7b,1,experiments/05_choropleth_reliability_benchmark/outputs/runs_iterative_repair/qwen2.5-coder_7b/rules/qwen2.5-coder_7b_rules_C004_missing_crs_repair_iter03_20260624_231023,,0,,,,False,,,,,,missing_or_empty,False,,,,experiments/05_choropleth_reliability_benchmark/outputs/generated_code_iterative_repair/qwen2.5-coder_7b/qwen2.5-coder_7b/rules/C004_missing_crs_repair_rules_iter03.py,qwen2.5-coder_7b,False,,False,
map_static.png,experiments/05_choropleth_reliability_benchmark/outputs/runs_iterative_repair/qwen2.5-coder_7b/rules/qwen2.5-coder_7b_rules_C004_missing_crs_repair_iter03_20260624_233618/map_static.png,False,0,missing_or_empty;low_thematic_color;low_map_ink;low_edge_detail,False,,,,False,,,,,,,3,static_png,,rules,,,C004_missing_crs_repair,missing_or_empty,False,qwen2.5-coder_14b,1,experiments/05_choropleth_reliability_benchmark/outputs/runs_iterative_repair/qwen2.5-coder_7b/rules/qwen2.5-coder_7b_rules_C004_missing_crs_repair_iter03_20260624_233618,,0,,,,False,,,,,,missing_or_empty,False,,,,experiments/05_choropleth_reliability_benchmark/outputs/generated_code_iterative_repair/qwen2.5-coder_14b/qwen2.5-coder_7b/rules/C004_missing_crs_repair_rules_iter03.py,qwen2.5-coder_7b,False,,,
time_series.png,experiments/05_choropleth_reliability_benchmark/outputs/runs_iterative_repair/qwen2.5-coder_7b/rules/qwen2.5-coder_7b_rules_C004_missing_crs_repair_iter03_20260624_233618/time_series.png,False,0,missing_or_empty;low_plot_ink;no_visible_line;low_edge_detail,False,,,,False,,,,,,,3,time_series_png,,rules,,,C004_missing_crs_repair,missing_or_empty,False,qwen2.5-coder_14b,1,experiments/05_choropleth_reliability_benchmark/outputs/runs_iterative_repair/qwen2.5-coder_7b/rules/qwen2.5-coder_7b_rules_C004_missing_crs_repair_iter03_20260624_233618,,0,,,,False,,,,,,missing_or_empty,False,,,,experiments/05_choropleth_reliability_benchmark/outputs/generated_code_iterative_repair/qwen2.5-coder_14b/qwen2.5-coder_7b/rules/C004_missing_crs_repair_rules_iter03.py,qwen2.5-coder_7b,False,,,
map_interactive.html,experiments/05_choropleth_reliability_benchmark/outputs/runs_iterative_repair/qwen2.5-coder_7b/rules/qwen2.5-coder_7b_rules_C004_missing_crs_repair_iter03_20260624_233618/map_interactive.html,False,0,missing_or_empty;html_not_rendered;low_rendered_map_ink;low_edge_detail,False,,,,False,,,,,missing,False,3,interactive_html,,rules,,,C004_missing_crs_repair,,,qwen2.5-coder_14b,1,experiments/05_choropleth_reliability_benchmark/outputs/runs_iterative_repair/qwen2.5-coder_7b/rules/qwen2.5-coder_7b_rules_C004_missing_crs_repair_iter03_20260624_233618,,0,,,,False,,,,,,missing_or_empty,False,,,,experiments/05_choropleth_reliability_benchmark/outputs/generated_code_iterative_repair/qwen2.5-coder_14b/qwen2.5-coder_7b/rules/C004_missing_crs_repair_rules_iter03.py,qwen2.5-coder_7b,False,,False,
map_static.png,experiments/05_choropleth_reliability_benchmark/outputs/runs_iterative_repair/qwen2.5-coder_7b/rules/qwen2.5-coder_7b_rules_C005_geometry_repair_iter01_20260624_042802/map_static.png,False,0,missing_or_empty;low_thematic_color;low_map_ink;low_edge_detail,False,,,,False,,,,,,,1,static_png,,rules,,,C005_geometry_repair,missing_or_empty,False,qwen2.5-coder_32b,1,experiments/05_choropleth_reliability_benchmark/outputs/runs_iterative_repair/qwen2.5-coder_7b/rules/qwen2.5-coder_7b_rules_C005_geometry_repair_iter01_20260624_042802,,0,,,,False,,,,,,missing_or_empty,False,,,,experiments/05_choropleth_reliability_benchmark/outputs/generated_code_iterative_repair/qwen2.5-coder_32b/qwen2.5-coder_7b/rules/C005_geometry_repair_rules_iter01.py,qwen2.5-coder_7b,False,,,
time_series.png,experiments/05_choropleth_reliability_benchmark/outputs/runs_iterative_repair/qwen2.5-coder_7b/rules/qwen2.5-coder_7b_rules_C005_geometry_repair_iter01_20260624_042802/time_series.png,False,0,missing_or_empty;low_plot_ink;no_visible_line;low_edge_detail,False,,,,False,,,,,,,1,time_series_png,,rules,,,C005_geometry_repair,missing_or_empty,False,qwen2.5-coder_32b,1,experiments/05_choropleth_reliability_benchmark/outputs/runs_iterative_repair/qwen2.5-coder_7b/rules/qwen2.5-coder_7b_rules_C005_geometry_repair_iter01_20260624_042802,,0,,,,False,,,,,,missing_or_empty,False,,,,experiments/05_choropleth_reliability_benchmark/outputs/generated_code_iterative_repair/qwen2.5-coder_32b/qwen2.5-coder_7b/rules/C005_geometry_repair_rules_iter01.py,qwen2.5-coder_7b,False,,,
map_interactive.html,experiments/05_choropleth_reliability_benchmark/outputs/runs_iterative_repair/qwen2.5-coder_7b/rules/qwen2.5-coder_7b_rules_C005_geometry_repair_iter01_20260624_042802/map_interactive.html,False,0,missing_or_empty;html_not_rendered;low_rendered_map_ink;low_edge_detail,False,,,,False,,,,,missing,False,1,interactive_html,,rules,,,C005_geometry_repair,,,qwen2.5-coder_32b,1,experiments/05_choropleth_reliability_benchmark/outputs/runs_iterative_repair/qwen2.5-coder_7b/rules/qwen2.5-coder_7b_rules_C005_geometry_repair_iter01_20260624_042802,,0,,,,False,,,,,,missing_or_empty,False,,,,experiments/05_choropleth_reliability_benchmark/outputs/generated_code_iterative_repair/qwen2.5-coder_32b/qwen2.5-coder_7b/rules/C005_geometry_repair_rules_iter01.py,qwen2.5-coder_7b,False,,False,
map_static.png,experiments/05_choropleth_reliability_benchmark/outputs/runs_iterative_repair/qwen2.5-coder_7b/rules/qwen2.5-coder_7b_rules_C005_geometry_repair_iter01_20260624_231034/map_static.png,False,0,missing_or_empty;low_thematic_color;low_map_ink;low_edge_detail,False,,,,False,,,,,,,1,static_png,,rules,,,C005_geometry_repair,missing_or_empty,False,qwen2.5-coder_7b,1,experiments/05_choropleth_reliability_benchmark/outputs/runs_iterative_repair/qwen2.5-coder_7b/rules/qwen2.5-coder_7b_rules_C005_geometry_repair_iter01_20260624_231034,,0,,,,False,,,,,,missing_or_empty,False,,,,experiments/05_choropleth_reliability_benchmark/outputs/generated_code_iterative_repair/qwen2.5-coder_7b/qwen2.5-coder_7b/rules/C005_geometry_repair_rules_iter01.py,qwen2.5-coder_7b,False,,,
time_series.png,experiments/05_choropleth_reliability_benchmark/outputs/runs_iterative_repair/qwen2.5-coder_7b/rules/qwen2.5-coder_7b_rules_C005_geometry_repair_iter01_20260624_231034/time_series.png,False,0,missing_or_empty;low_plot_ink;no_visible_line;low_edge_detail,False,,,,False,,,,,,,1,time_series_png,,rules,,,C005_geometry_repair,missing_or_empty,False,qwen2.5-coder_7b,1,experiments/05_choropleth_reliability_benchmark/outputs/runs_iterative_repair/qwen2.5-coder_7b/rules/qwen2.5-coder_7b_rules_C005_geometry_repair_iter01_20260624_231034,,0,,,,False,,,,,,missing_or_empty,False,,,,experiments/05_choropleth_reliability_benchmark/outputs/generated_code_iterative_repair/qwen2.5-coder_7b/qwen2.5-coder_7b/rules/C005_geometry_repair_rules_iter01.py,qwen2.5-coder_7b,False,,,
map_interactive.html,experiments/05_choropleth_reliability_benchmark/outputs/runs_iterative_repair/qwen2.5-coder_7b/rules/qwen2.5-coder_7b_rules_C005_geometry_repair_iter01_20260624_231034/map_interactive.html,False,0,missing_or_empty;html_not_rendered;low_rendered_map_ink;low_edge_detail,False,,,,False,,,,,missing,False,1,interactive_html,,rules,,,C005_geometry_repair,,,qwen2.5-coder_7b,1,experiments/05_choropleth_reliability_benchmark/outputs/runs_iterative_repair/qwen2.5-coder_7b/rules/qwen2.5-coder_7b_rules_C005_geometry_repair_iter01_20260624_231034,,0,,,,False,,,,,,missing_or_empty,False,,,,experiments/05_choropleth_reliability_benchmark/outputs/generated_code_iterative_repair/qwen2.5-coder_7b/qwen2.5-coder_7b/rules/C005_geometry_repair_rules_iter01.py,qwen2.5-coder_7b,False,,False,
map_static.png,experiments/05_choropleth_reliability_benchmark/outputs/runs_iterative_repair/qwen2.5-coder_7b/rules/qwen2.5-coder_7b_rules_C005_geometry_repair_iter01_20260624_233643/map_static.png,False,0,missing_or_empty;low_thematic_color;low_map_ink;low_edge_detail,False,,,,False,,,,,,,1,static_png,,rules,,,C005_geometry_repair,missing_or_empty,False,qwen2.5-coder_14b,1,experiments/05_choropleth_reliability_benchmark/outputs/runs_iterative_repair/qwen2.5-coder_7b/rules/qwen2.5-coder_7b_rules_C005_geometry_repair_iter01_20260624_233643,,0,,,,False,,,,,,missing_or_empty,False,,,,experiments/05_choropleth_reliability_benchmark/outputs/generated_code_iterative_repair/qwen2.5-coder_14b/qwen2.5-coder_7b/rules/C005_geometry_repair_rules_iter01.py,qwen2.5-coder_7b,False,,,
time_series.png,experiments/05_choropleth_reliability_benchmark/outputs/runs_iterative_repair/qwen2.5-coder_7b/rules/qwen2.5-coder_7b_rules_C005_geometry_repair_iter01_20260624_233643/time_series.png,False,0,missing_or_empty;low_plot_ink;no_visible_line;low_edge_detail,False,,,,False,,,,,,,1,time_series_png,,rules,,,C005_geometry_repair,missing_or_empty,False,qwen2.5-coder_14b,1,experiments/05_choropleth_reliability_benchmark/outputs/runs_iterative_repair/qwen2.5-coder_7b/rules/qwen2.5-coder_7b_rules_C005_geometry_repair_iter01_20260624_233643,,0,,,,False,,,,,,missing_or_empty,False,,,,experiments/05_choropleth_reliability_benchmark/outputs/generated_code_iterative_repair/qwen2.5-coder_14b/qwen2.5-coder_7b/rules/C005_geometry_repair_rules_iter01.py,qwen2.5-coder_7b,False,,,
map_interactive.html,experiments/05_choropleth_reliability_benchmark/outputs/runs_iterative_repair/qwen2.5-coder_7b/rules/qwen2.5-coder_7b_rules_C005_geometry_repair_iter01_20260624_233643/map_interactive.html,False,0,missing_or_empty;html_not_rendered;low_rendered_map_ink;low_edge_detail,False,,,,False,,,,,missing,False,1,interactive_html,,rules,,,C005_geometry_repair,,,qwen2.5-coder_14b,1,experiments/05_choropleth_reliability_benchmark/outputs/runs_iterative_repair/qwen2.5-coder_7b/rules/qwen2.5-coder_7b_rules_C005_geometry_repair_iter01_20260624_233643,,0,,,,False,,,,,,missing_or_empty,False,,,,experiments/05_choropleth_reliability_benchmark/outputs/generated_code_iterative_repair/qwen2.5-coder_14b/qwen2.5-coder_7b/rules/C005_geometry_repair_rules_iter01.py,qwen2.5-coder_7b,False,,False,
map_static.png,experiments/05_choropleth_reliability_benchmark/outputs/runs_iterative_repair/qwen2.5-coder_7b/rules/qwen2.5-coder_7b_rules_C005_geometry_repair_iter02_20260624_042845/map_static.png,True,31406,,True,0.0106,255,8.975,True,,,,480,,,2,static_png,241.185,rules,0.9912,0.1445,C005_geometry_repair,,True,qwen2.5-coder_32b,0,experiments/05_choropleth_reliability_benchmark/outputs/runs_iterative_repair/qwen2.5-coder_7b/rules/qwen2.5-coder_7b_rules_C005_geometry_repair_iter02_20260624_042845,0.0333,31406,0.0106,255,8.975,True,480,241.185,0.9912,0.1445,,,True,0.0333,40,640,experiments/05_choropleth_reliability_benchmark/outputs/generated_code_iterative_repair/qwen2.5-coder_32b/qwen2.5-coder_7b/rules/C005_geometry_repair_rules_iter02.py,qwen2.5-coder_7b,False,40,,640
time_series.png,experiments/05_choropleth_reliability_benchmark/outputs/runs_iterative_repair/qwen2.5-coder_7b/rules/qwen2.5-coder_7b_rules_C005_geometry_repair_iter02_20260624_042845/time_series.png,False,0,missing_or_empty;low_plot_ink;no_visible_line;low_edge_detail,False,,,,False,,,,,,,2,time_series_png,,rules,,,C005_geometry_repair,missing_or_empty,False,qwen2.5-coder_32b,0,experiments/05_choropleth_reliability_benchmark/outputs/runs_iterative_repair/qwen2.5-coder_7b/rules/qwen2.5-coder_7b_rules_C005_geometry_repair_iter02_20260624_042845,,0,,,,False,,,,,,missing_or_empty,False,,,,experiments/05_choropleth_reliability_benchmark/outputs/generated_code_iterative_repair/qwen2.5-coder_32b/qwen2.5-coder_7b/rules/C005_geometry_repair_rules_iter02.py,qwen2.5-coder_7b,False,,,
map_interactive.html,experiments/05_choropleth_reliability_benchmark/outputs/runs_iterative_repair/qwen2.5-coder_7b/rules/qwen2.5-coder_7b_rules_C005_geometry_repair_iter02_20260624_042845/map_interactive.html,False,0,missing_or_empty;html_not_rendered;low_rendered_map_ink;low_edge_detail,False,,,,False,,,,,missing,False,2,interactive_html,,rules,,,C005_geometry_repair,,,qwen2.5-coder_32b,0,experiments/05_choropleth_reliability_benchmark/outputs/runs_iterative_repair/qwen2.5-coder_7b/rules/qwen2.5-coder_7b_rules_C005_geometry_repair_iter02_20260624_042845,,0,,,,False,,,,,,missing_or_empty,False,,,,experiments/05_choropleth_reliability_benchmark/outputs/generated_code_iterative_repair/qwen2.5-coder_32b/qwen2.5-coder_7b/rules/C005_geometry_repair_rules_iter02.py,qwen2.5-coder_7b,False,,False,
map_static.png,experiments/05_choropleth_reliability_benchmark/outputs/runs_iterative_repair/qwen2.5-coder_7b/rules/qwen2.5-coder_7b_rules_C005_geometry_repair_iter02_20260624_231045/map_static.png,False,0,missing_or_empty;low_thematic_color;low_map_ink;low_edge_detail,False,,,,False,,,,,,,2,static_png,,rules,,,C005_geometry_repair,missing_or_empty,False,qwen2.5-coder_7b,1,experiments/05_choropleth_reliability_benchmark/outputs/runs_iterative_repair/qwen2.5-coder_7b/rules/qwen2.5-coder_7b_rules_C005_geometry_repair_iter02_20260624_231045,,0,,,,False,,,,,,missing_or_empty,False,,,,experiments/05_choropleth_reliability_benchmark/outputs/generated_code_iterative_repair/qwen2.5-coder_7b/qwen2.5-coder_7b/rules/C005_geometry_repair_rules_iter02.py,qwen2.5-coder_7b,False,,,
time_series.png,experiments/05_choropleth_reliability_benchmark/outputs/runs_iterative_repair/qwen2.5-coder_7b/rules/qwen2.5-coder_7b_rules_C005_geometry_repair_iter02_20260624_231045/time_series.png,False,0,missing_or_empty;low_plot_ink;no_visible_line;low_edge_detail,False,,,,False,,,,,,,2,time_series_png,,rules,,,C005_geometry_repair,missing_or_empty,False,qwen2.5-coder_7b,1,experiments/05_choropleth_reliability_benchmark/outputs/runs_iterative_repair/qwen2.5-coder_7b/rules/qwen2.5-coder_7b_rules_C005_geometry_repair_iter02_20260624_231045,,0,,,,False,,,,,,missing_or_empty,False,,,,experiments/05_choropleth_reliability_benchmark/outputs/generated_code_iterative_repair/qwen2.5-coder_7b/qwen2.5-coder_7b/rules/C005_geometry_repair_rules_iter02.py,qwen2.5-coder_7b,False,,,
map_interactive.html,experiments/05_choropleth_reliability_benchmark/outputs/runs_iterative_repair/qwen2.5-coder_7b/rules/qwen2.5-coder_7b_rules_C005_geometry_repair_iter02_20260624_231045/map_interactive.html,False,0,missing_or_empty;html_not_rendered;low_rendered_map_ink;low_edge_detail,False,,,,False,,,,,missing,False,2,interactive_html,,rules,,,C005_geometry_repair,,,qwen2.5-coder_7b,1,experiments/05_choropleth_reliability_benchmark/outputs/runs_iterative_repair/qwen2.5-coder_7b/rules/qwen2.5-coder_7b_rules_C005_geometry_repair_iter02_20260624_231045,,0,,,,False,,,,,,missing_or_empty,False,,,,experiments/05_choropleth_reliability_benchmark/outputs/generated_code_iterative_repair/qwen2.5-coder_7b/qwen2.5-coder_7b/rules/C005_geometry_repair_rules_iter02.py,qwen2.5-coder_7b,False,,False,
map_static.png,experiments/05_choropleth_reliability_benchmark/outputs/runs_iterative_repair/qwen2.5-coder_7b/rules/qwen2.5-coder_7b_rules_C005_geometry_repair_iter02_20260624_233709/map_static.png,False,0,missing_or_empty;low_thematic_color;low_map_ink;low_edge_detail,False,,,,False,,,,,,,2,static_png,,rules,,,C005_geometry_repair,missing_or_empty,False,qwen2.5-coder_14b,1,experiments/05_choropleth_reliability_benchmark/outputs/runs_iterative_repair/qwen2.5-coder_7b/rules/qwen2.5-coder_7b_rules_C005_geometry_repair_iter02_20260624_233709,,0,,,,False,,,,,,missing_or_empty,False,,,,experiments/05_choropleth_reliability_benchmark/outputs/generated_code_iterative_repair/qwen2.5-coder_14b/qwen2.5-coder_7b/rules/C005_geometry_repair_rules_iter02.py,qwen2.5-coder_7b,False,,,
time_series.png,experiments/05_choropleth_reliability_benchmark/outputs/runs_iterative_repair/qwen2.5-coder_7b/rules/qwen2.5-coder_7b_rules_C005_geometry_repair_iter02_20260624_233709/time_series.png,False,0,missing_or_empty;low_plot_ink;no_visible_line;low_edge_detail,False,,,,False,,,,,,,2,time_series_png,,rules,,,C005_geometry_repair,missing_or_empty,False,qwen2.5-coder_14b,1,experiments/05_choropleth_reliability_benchmark/outputs/runs_iterative_repair/qwen2.5-coder_7b/rules/qwen2.5-coder_7b_rules_C005_geometry_repair_iter02_20260624_233709,,0,,,,False,,,,,,missing_or_empty,False,,,,experiments/05_choropleth_reliability_benchmark/outputs/generated_code_iterative_repair/qwen2.5-coder_14b/qwen2.5-coder_7b/rules/C005_geometry_repair_rules_iter02.py,qwen2.5-coder_7b,False,,,
map_interactive.html,experiments/05_choropleth_reliability_benchmark/outputs/runs_iterative_repair/qwen2.5-coder_7b/rules/qwen2.5-coder_7b_rules_C005_geometry_repair_iter02_20260624_233709/map_interactive.html,False,0,missing_or_empty;html_not_rendered;low_rendered_map_ink;low_edge_detail,False,,,,False,,,,,missing,False,2,interactive_html,,rules,,,C005_geometry_repair,,,qwen2.5-coder_14b,1,experiments/05_choropleth_reliability_benchmark/outputs/runs_iterative_repair/qwen2.5-coder_7b/rules/qwen2.5-coder_7b_rules_C005_geometry_repair_iter02_20260624_233709,,0,,,,False,,,,,,missing_or_empty,False,,,,experiments/05_choropleth_reliability_benchmark/outputs/generated_code_iterative_repair/qwen2.5-coder_14b/qwen2.5-coder_7b/rules/C005_geometry_repair_rules_iter02.py,qwen2.5-coder_7b,False,,False,
map_static.png,experiments/05_choropleth_reliability_benchmark/outputs/runs_iterative_repair/qwen2.5-coder_7b/rules/qwen2.5-coder_7b_rules_C005_geometry_repair_iter03_20260624_231056/map_static.png,False,0,missing_or_empty;low_thematic_color;low_map_ink;low_edge_detail,False,,,,False,,,,,,,3,static_png,,rules,,,C005_geometry_repair,missing_or_empty,False,qwen2.5-coder_7b,1,experiments/05_choropleth_reliability_benchmark/outputs/runs_iterative_repair/qwen2.5-coder_7b/rules/qwen2.5-coder_7b_rules_C005_geometry_repair_iter03_20260624_231056,,0,,,,False,,,,,,missing_or_empty,False,,,,experiments/05_choropleth_reliability_benchmark/outputs/generated_code_iterative_repair/qwen2.5-coder_7b/qwen2.5-coder_7b/rules/C005_geometry_repair_rules_iter03.py,qwen2.5-coder_7b,False,,,
time_series.png,experiments/05_choropleth_reliability_benchmark/outputs/runs_iterative_repair/qwen2.5-coder_7b/rules/qwen2.5-coder_7b_rules_C005_geometry_repair_iter03_20260624_231056/time_series.png,False,0,missing_or_empty;low_plot_ink;no_visible_line;low_edge_detail,False,,,,False,,,,,,,3,time_series_png,,rules,,,C005_geometry_repair,missing_or_empty,False,qwen2.5-coder_7b,1,experiments/05_choropleth_reliability_benchmark/outputs/runs_iterative_repair/qwen2.5-coder_7b/rules/qwen2.5-coder_7b_rules_C005_geometry_repair_iter03_20260624_231056,,0,,,,False,,,,,,missing_or_empty,False,,,,experiments/05_choropleth_reliability_benchmark/outputs/generated_code_iterative_repair/qwen2.5-coder_7b/qwen2.5-coder_7b/rules/C005_geometry_repair_rules_iter03.py,qwen2.5-coder_7b,False,,,
map_interactive.html,experiments/05_choropleth_reliability_benchmark/outputs/runs_iterative_repair/qwen2.5-coder_7b/rules/qwen2.5-coder_7b_rules_C005_geometry_repair_iter03_20260624_231056/map_interactive.html,False,0,missing_or_empty;html_not_rendered;low_rendered_map_ink;low_edge_detail,False,,,,False,,,,,missing,False,3,interactive_html,,rules,,,C005_geometry_repair,,,qwen2.5-coder_7b,1,experiments/05_choropleth_reliability_benchmark/outputs/runs_iterative_repair/qwen2.5-coder_7b/rules/qwen2.5-coder_7b_rules_C005_geometry_repair_iter03_20260624_231056,,0,,,,False,,,,,,missing_or_empty,False,,,,experiments/05_choropleth_reliability_benchmark/outputs/generated_code_iterative_repair/qwen2.5-coder_7b/qwen2.5-coder_7b/rules/C005_geometry_repair_rules_iter03.py,qwen2.5-coder_7b,False,,False,
map_static.png,experiments/05_choropleth_reliability_benchmark/outputs/runs_iterative_repair/qwen2.5-coder_7b/rules/qwen2.5-coder_7b_rules_C005_geometry_repair_iter03_20260624_233734/map_static.png,False,0,missing_or_empty;low_thematic_color;low_map_ink;low_edge_detail,False,,,,False,,,,,,,3,static_png,,rules,,,C005_geometry_repair,missing_or_empty,False,qwen2.5-coder_14b,1,experiments/05_choropleth_reliability_benchmark/outputs/runs_iterative_repair/qwen2.5-coder_7b/rules/qwen2.5-coder_7b_rules_C005_geometry_repair_iter03_20260624_233734,,0,,,,False,,,,,,missing_or_empty,False,,,,experiments/05_choropleth_reliability_benchmark/outputs/generated_code_iterative_repair/qwen2.5-coder_14b/qwen2.5-coder_7b/rules/C005_geometry_repair_rules_iter03.py,qwen2.5-coder_7b,False,,,
time_series.png,experiments/05_choropleth_reliability_benchmark/outputs/runs_iterative_repair/qwen2.5-coder_7b/rules/qwen2.5-coder_7b_rules_C005_geometry_repair_iter03_20260624_233734/time_series.png,False,0,missing_or_empty;low_plot_ink;no_visible_line;low_edge_detail,False,,,,False,,,,,,,3,time_series_png,,rules,,,C005_geometry_repair,missing_or_empty,False,qwen2.5-coder_14b,1,experiments/05_choropleth_reliability_benchmark/outputs/runs_iterative_repair/qwen2.5-coder_7b/rules/qwen2.5-coder_7b_rules_C005_geometry_repair_iter03_20260624_233734,,0,,,,False,,,,,,missing_or_empty,False,,,,experiments/05_choropleth_reliability_benchmark/outputs/generated_code_iterative_repair/qwen2.5-coder_14b/qwen2.5-coder_7b/rules/C005_geometry_repair_rules_iter03.py,qwen2.5-coder_7b,False,,,
map_interactive.html,experiments/05_choropleth_reliability_benchmark/outputs/runs_iterative_repair/qwen2.5-coder_7b/rules/qwen2.5-coder_7b_rules_C005_geometry_repair_iter03_20260624_233734/map_interactive.html,False,0,missing_or_empty;html_not_rendered;low_rendered_map_ink;low_edge_detail,False,,,,False,,,,,missing,False,3,interactive_html,,rules,,,C005_geometry_repair,,,qwen2.5-coder_14b,1,experiments/05_choropleth_reliability_benchmark/outputs/runs_iterative_repair/qwen2.5-coder_7b/rules/qwen2.5-coder_7b_rules_C005_geometry_repair_iter03_20260624_233734,,0,,,,False,,,,,,missing_or_empty,False,,,,experiments/05_choropleth_reliability_benchmark/outputs/generated_code_iterative_repair/qwen2.5-coder_14b/qwen2.5-coder_7b/rules/C005_geometry_repair_rules_iter03.py,qwen2.5-coder_7b,False,,False,
map_static.png,experiments/05_choropleth_reliability_benchmark/outputs/runs_iterative_repair/qwen2.5-coder_7b/rules/qwen2.5-coder_7b_rules_C006_join_diagnostics_iter01_20260624_045912/map_static.png,False,0,missing_or_empty;low_thematic_color;low_map_ink;low_edge_detail,False,,,,False,,,,,,,1,static_png,,rules,,,C006_join_diagnostics,missing_or_empty,False,qwen2.5-coder_32b,1,experiments/05_choropleth_reliability_benchmark/outputs/runs_iterative_repair/qwen2.5-coder_7b/rules/qwen2.5-coder_7b_rules_C006_join_diagnostics_iter01_20260624_045912,,0,,,,False,,,,,,missing_or_empty,False,,,,experiments/05_choropleth_reliability_benchmark/outputs/generated_code_iterative_repair/qwen2.5-coder_32b/qwen2.5-coder_7b/rules/C006_join_diagnostics_rules_iter01.py,qwen2.5-coder_7b,False,,,
time_series.png,experiments/05_choropleth_reliability_benchmark/outputs/runs_iterative_repair/qwen2.5-coder_7b/rules/qwen2.5-coder_7b_rules_C006_join_diagnostics_iter01_20260624_045912/time_series.png,False,0,missing_or_empty;low_plot_ink;no_visible_line;low_edge_detail,False,,,,False,,,,,,,1,time_series_png,,rules,,,C006_join_diagnostics,missing_or_empty,False,qwen2.5-coder_32b,1,experiments/05_choropleth_reliability_benchmark/outputs/runs_iterative_repair/qwen2.5-coder_7b/rules/qwen2.5-coder_7b_rules_C006_join_diagnostics_iter01_20260624_045912,,0,,,,False,,,,,,missing_or_empty,False,,,,experiments/05_choropleth_reliability_benchmark/outputs/generated_code_iterative_repair/qwen2.5-coder_32b/qwen2.5-coder_7b/rules/C006_join_diagnostics_rules_iter01.py,qwen2.5-coder_7b,False,,,
map_interactive.html,experiments/05_choropleth_reliability_benchmark/outputs/runs_iterative_repair/qwen2.5-coder_7b/rules/qwen2.5-coder_7b_rules_C006_join_diagnostics_iter01_20260624_045912/map_interactive.html,False,0,missing_or_empty;html_not_rendered;low_rendered_map_ink;low_edge_detail,False,,,,False,,,,,missing,False,1,interactive_html,,rules,,,C006_join_diagnostics,,,qwen2.5-coder_32b,1,experiments/05_choropleth_reliability_benchmark/outputs/runs_iterative_repair/qwen2.5-coder_7b/rules/qwen2.5-coder_7b_rules_C006_join_diagnostics_iter01_20260624_045912,,0,,,,False,,,,,,missing_or_empty,False,,,,experiments/05_choropleth_reliability_benchmark/outputs/generated_code_iterative_repair/qwen2.5-coder_32b/qwen2.5-coder_7b/rules/C006_join_diagnostics_rules_iter01.py,qwen2.5-coder_7b,False,,False,
map_static.png,experiments/05_choropleth_reliability_benchmark/outputs/runs_iterative_repair/qwen2.5-coder_7b/rules/qwen2.5-coder_7b_rules_C006_join_diagnostics_iter01_20260624_232207/map_static.png,False,0,missing_or_empty;low_thematic_color;low_map_ink;low_edge_detail,False,,,,False,,,,,,,1,static_png,,rules,,,C006_join_diagnostics,missing_or_empty,False,qwen2.5-coder_7b,1,experiments/05_choropleth_reliability_benchmark/outputs/runs_iterative_repair/qwen2.5-coder_7b/rules/qwen2.5-coder_7b_rules_C006_join_diagnostics_iter01_20260624_232207,,0,,,,False,,,,,,missing_or_empty,False,,,,experiments/05_choropleth_reliability_benchmark/outputs/generated_code_iterative_repair/qwen2.5-coder_7b/qwen2.5-coder_7b/rules/C006_join_diagnostics_rules_iter01.py,qwen2.5-coder_7b,False,,,
time_series.png,experiments/05_choropleth_reliability_benchmark/outputs/runs_iterative_repair/qwen2.5-coder_7b/rules/qwen2.5-coder_7b_rules_C006_join_diagnostics_iter01_20260624_232207/time_series.png,False,0,missing_or_empty;low_plot_ink;no_visible_line;low_edge_detail,False,,,,False,,,,,,,1,time_series_png,,rules,,,C006_join_diagnostics,missing_or_empty,False,qwen2.5-coder_7b,1,experiments/05_choropleth_reliability_benchmark/outputs/runs_iterative_repair/qwen2.5-coder_7b/rules/qwen2.5-coder_7b_rules_C006_join_diagnostics_iter01_20260624_232207,,0,,,,False,,,,,,missing_or_empty,False,,,,experiments/05_choropleth_reliability_benchmark/outputs/generated_code_iterative_repair/qwen2.5-coder_7b/qwen2.5-coder_7b/rules/C006_join_diagnostics_rules_iter01.py,qwen2.5-coder_7b,False,,,
map_interactive.html,experiments/05_choropleth_reliability_benchmark/outputs/runs_iterative_repair/qwen2.5-coder_7b/rules/qwen2.5-coder_7b_rules_C006_join_diagnostics_iter01_20260624_232207/map_interactive.html,False,0,missing_or_empty;html_not_rendered;low_rendered_map_ink;low_edge_detail,False,,,,False,,,,,missing,False,1,interactive_html,,rules,,,C006_join_diagnostics,,,qwen2.5-coder_7b,1,experiments/05_choropleth_reliability_benchmark/outputs/runs_iterative_repair/qwen2.5-coder_7b/rules/qwen2.5-coder_7b_rules_C006_join_diagnostics_iter01_20260624_232207,,0,,,,False,,,,,,missing_or_empty,False,,,,experiments/05_choropleth_reliability_benchmark/outputs/generated_code_iterative_repair/qwen2.5-coder_7b/qwen2.5-coder_7b/rules/C006_join_diagnostics_rules_iter01.py,qwen2.5-coder_7b,False,,False,
map_static.png,experiments/05_choropleth_reliability_benchmark/outputs/runs_iterative_repair/qwen2.5-coder_7b/rules/qwen2.5-coder_7b_rules_C006_join_diagnostics_iter01_20260624_235636/map_static.png,False,0,missing_or_empty;low_thematic_color;low_map_ink;low_edge_detail,False,,,,False,,,,,,,1,static_png,,rules,,,C006_join_diagnostics,missing_or_empty,False,qwen2.5-coder_14b,1,experiments/05_choropleth_reliability_benchmark/outputs/runs_iterative_repair/qwen2.5-coder_7b/rules/qwen2.5-coder_7b_rules_C006_join_diagnostics_iter01_20260624_235636,,0,,,,False,,,,,,missing_or_empty,False,,,,experiments/05_choropleth_reliability_benchmark/outputs/generated_code_iterative_repair/qwen2.5-coder_14b/qwen2.5-coder_7b/rules/C006_join_diagnostics_rules_iter01.py,qwen2.5-coder_7b,False,,,
time_series.png,experiments/05_choropleth_reliability_benchmark/outputs/runs_iterative_repair/qwen2.5-coder_7b/rules/qwen2.5-coder_7b_rules_C006_join_diagnostics_iter01_20260624_235636/time_series.png,False,0,missing_or_empty;low_plot_ink;no_visible_line;low_edge_detail,False,,,,False,,,,,,,1,time_series_png,,rules,,,C006_join_diagnostics,missing_or_empty,False,qwen2.5-coder_14b,1,experiments/05_choropleth_reliability_benchmark/outputs/runs_iterative_repair/qwen2.5-coder_7b/rules/qwen2.5-coder_7b_rules_C006_join_diagnostics_iter01_20260624_235636,,0,,,,False,,,,,,missing_or_empty,False,,,,experiments/05_choropleth_reliability_benchmark/outputs/generated_code_iterative_repair/qwen2.5-coder_14b/qwen2.5-coder_7b/rules/C006_join_diagnostics_rules_iter01.py,qwen2.5-coder_7b,False,,,
map_interactive.html,experiments/05_choropleth_reliability_benchmark/outputs/runs_iterative_repair/qwen2.5-coder_7b/rules/qwen2.5-coder_7b_rules_C006_join_diagnostics_iter01_20260624_235636/map_interactive.html,False,0,missing_or_empty;html_not_rendered;low_rendered_map_ink;low_edge_detail,False,,,,False,,,,,missing,False,1,interactive_html,,rules,,,C006_join_diagnostics,,,qwen2.5-coder_14b,1,experiments/05_choropleth_reliability_benchmark/outputs/runs_iterative_repair/qwen2.5-coder_7b/rules/qwen2.5-coder_7b_rules_C006_join_diagnostics_iter01_20260624_235636,,0,,,,False,,,,,,missing_or_empty,False,,,,experiments/05_choropleth_reliability_benchmark/outputs/generated_code_iterative_repair/qwen2.5-coder_14b/qwen2.5-coder_7b/rules/C006_join_diagnostics_rules_iter01.py,qwen2.5-coder_7b,False,,False,
map_static.png,experiments/05_choropleth_reliability_benchmark/outputs/runs_iterative_repair/qwen2.5-coder_7b/rules/qwen2.5-coder_7b_rules_C006_join_diagnostics_iter01_20260625_002215/map_static.png,True,11375,low_thematic_color;low_map_ink,False,0.0101,255,7.332,True,,,,480,,,1,static_png,252.184,rules,0.9925,0.0237,C006_join_diagnostics,,True,deepseek-coder_6.7b,0,experiments/05_choropleth_reliability_benchmark/outputs/runs_iterative_repair/qwen2.5-coder_7b/rules/qwen2.5-coder_7b_rules_C006_join_diagnostics_iter01_20260625_002215,0.0000,11375,0.0101,255,7.332,True,480,252.184,0.9925,0.0237,,,True,0.0000,8,640,experiments/05_choropleth_reliability_benchmark/outputs/generated_code_iterative_repair/deepseek-coder_6.7b/qwen2.5-coder_7b/rules/C006_join_diagnostics_rules_iter01.py,qwen2.5-coder_7b,False,8,,640
time_series.png,experiments/05_choropleth_reliability_benchmark/outputs/runs_iterative_repair/qwen2.5-coder_7b/rules/qwen2.5-coder_7b_rules_C006_join_diagnostics_iter01_20260625_002215/time_series.png,False,0,missing_or_empty;low_plot_ink;no_visible_line;low_edge_detail,False,,,,False,,,,,,,1,time_series_png,,rules,,,C006_join_diagnostics,missing_or_empty,False,deepseek-coder_6.7b,0,experiments/05_choropleth_reliability_benchmark/outputs/runs_iterative_repair/qwen2.5-coder_7b/rules/qwen2.5-coder_7b_rules_C006_join_diagnostics_iter01_20260625_002215,,0,,,,False,,,,,,missing_or_empty,False,,,,experiments/05_choropleth_reliability_benchmark/outputs/generated_code_iterative_repair/deepseek-coder_6.7b/qwen2.5-coder_7b/rules/C006_join_diagnostics_rules_iter01.py,qwen2.5-coder_7b,False,,,
map_interactive.html,experiments/05_choropleth_reliability_benchmark/outputs/runs_iterative_repair/qwen2.5-coder_7b/rules/qwen2.5-coder_7b_rules_C006_join_diagnostics_iter01_20260625_002215/map_interactive.html,False,0,missing_or_empty;html_not_rendered;low_rendered_map_ink;low_edge_detail,False,,,,False,,,,,missing,False,1,interactive_html,,rules,,,C006_join_diagnostics,,,deepseek-coder_6.7b,0,experiments/05_choropleth_reliability_benchmark/outputs/runs_iterative_repair/qwen2.5-coder_7b/rules/qwen2.5-coder_7b_rules_C006_join_diagnostics_iter01_20260625_002215,,0,,,,False,,,,,,missing_or_empty,False,,,,experiments/05_choropleth_reliability_benchmark/outputs/generated_code_iterative_repair/deepseek-coder_6.7b/qwen2.5-coder_7b/rules/C006_join_diagnostics_rules_iter01.py,qwen2.5-coder_7b,False,,False,
map_static.png,experiments/05_choropleth_reliability_benchmark/outputs/runs_iterative_repair/qwen2.5-coder_7b/rules/qwen2.5-coder_7b_rules_C006_join_diagnostics_iter02_20260624_050016/map_static.png,False,0,missing_or_empty;low_thematic_color;low_map_ink;low_edge_detail,False,,,,False,,,,,,,2,static_png,,rules,,,C006_join_diagnostics,missing_or_empty,False,qwen2.5-coder_32b,1,experiments/05_choropleth_reliability_benchmark/outputs/runs_iterative_repair/qwen2.5-coder_7b/rules/qwen2.5-coder_7b_rules_C006_join_diagnostics_iter02_20260624_050016,,0,,,,False,,,,,,missing_or_empty,False,,,,experiments/05_choropleth_reliability_benchmark/outputs/generated_code_iterative_repair/qwen2.5-coder_32b/qwen2.5-coder_7b/rules/C006_join_diagnostics_rules_iter02.py,qwen2.5-coder_7b,False,,,
time_series.png,experiments/05_choropleth_reliability_benchmark/outputs/runs_iterative_repair/qwen2.5-coder_7b/rules/qwen2.5-coder_7b_rules_C006_join_diagnostics_iter02_20260624_050016/time_series.png,False,0,missing_or_empty;low_plot_ink;no_visible_line;low_edge_detail,False,,,,False,,,,,,,2,time_series_png,,rules,,,C006_join_diagnostics,missing_or_empty,False,qwen2.5-coder_32b,1,experiments/05_choropleth_reliability_benchmark/outputs/runs_iterative_repair/qwen2.5-coder_7b/rules/qwen2.5-coder_7b_rules_C006_join_diagnostics_iter02_20260624_050016,,0,,,,False,,,,,,missing_or_empty,False,,,,experiments/05_choropleth_reliability_benchmark/outputs/generated_code_iterative_repair/qwen2.5-coder_32b/qwen2.5-coder_7b/rules/C006_join_diagnostics_rules_iter02.py,qwen2.5-coder_7b,False,,,
map_interactive.html,experiments/05_choropleth_reliability_benchmark/outputs/runs_iterative_repair/qwen2.5-coder_7b/rules/qwen2.5-coder_7b_rules_C006_join_diagnostics_iter02_20260624_050016/map_interactive.html,False,0,missing_or_empty;html_not_rendered;low_rendered_map_ink;low_edge_detail,False,,,,False,,,,,missing,False,2,interactive_html,,rules,,,C006_join_diagnostics,,,qwen2.5-coder_32b,1,experiments/05_choropleth_reliability_benchmark/outputs/runs_iterative_repair/qwen2.5-coder_7b/rules/qwen2.5-coder_7b_rules_C006_join_diagnostics_iter02_20260624_050016,,0,,,,False,,,,,,missing_or_empty,False,,,,experiments/05_choropleth_reliability_benchmark/outputs/generated_code_iterative_repair/qwen2.5-coder_32b/qwen2.5-coder_7b/rules/C006_join_diagnostics_rules_iter02.py,qwen2.5-coder_7b,False,,False,
map_static.png,experiments/05_choropleth_reliability_benchmark/outputs/runs_iterative_repair/qwen2.5-coder_7b/rules/qwen2.5-coder_7b_rules_C006_join_diagnostics_iter02_20260624_232226/map_static.png,False,0,missing_or_empty;low_thematic_color;low_map_ink;low_edge_detail,False,,,,False,,,,,,,2,static_png,,rules,,,C006_join_diagnostics,missing_or_empty,False,qwen2.5-coder_7b,1,experiments/05_choropleth_reliability_benchmark/outputs/runs_iterative_repair/qwen2.5-coder_7b/rules/qwen2.5-coder_7b_rules_C006_join_diagnostics_iter02_20260624_232226,,0,,,,False,,,,,,missing_or_empty,False,,,,experiments/05_choropleth_reliability_benchmark/outputs/generated_code_iterative_repair/qwen2.5-coder_7b/qwen2.5-coder_7b/rules/C006_join_diagnostics_rules_iter02.py,qwen2.5-coder_7b,False,,,
time_series.png,experiments/05_choropleth_reliability_benchmark/outputs/runs_iterative_repair/qwen2.5-coder_7b/rules/qwen2.5-coder_7b_rules_C006_join_diagnostics_iter02_20260624_232226/time_series.png,False,0,missing_or_empty;low_plot_ink;no_visible_line;low_edge_detail,False,,,,False,,,,,,,2,time_series_png,,rules,,,C006_join_diagnostics,missing_or_empty,False,qwen2.5-coder_7b,1,experiments/05_choropleth_reliability_benchmark/outputs/runs_iterative_repair/qwen2.5-coder_7b/rules/qwen2.5-coder_7b_rules_C006_join_diagnostics_iter02_20260624_232226,,0,,,,False,,,,,,missing_or_empty,False,,,,experiments/05_choropleth_reliability_benchmark/outputs/generated_code_iterative_repair/qwen2.5-coder_7b/qwen2.5-coder_7b/rules/C006_join_diagnostics_rules_iter02.py,qwen2.5-coder_7b,False,,,
map_interactive.html,experiments/05_choropleth_reliability_benchmark/outputs/runs_iterative_repair/qwen2.5-coder_7b/rules/qwen2.5-coder_7b_rules_C006_join_diagnostics_iter02_20260624_232226/map_interactive.html,False,0,missing_or_empty;html_not_rendered;low_rendered_map_ink;low_edge_detail,False,,,,False,,,,,missing,False,2,interactive_html,,rules,,,C006_join_diagnostics,,,qwen2.5-coder_7b,1,experiments/05_choropleth_reliability_benchmark/outputs/runs_iterative_repair/qwen2.5-coder_7b/rules/qwen2.5-coder_7b_rules_C006_join_diagnostics_iter02_20260624_232226,,0,,,,False,,,,,,missing_or_empty,False,,,,experiments/05_choropleth_reliability_benchmark/outputs/generated_code_iterative_repair/qwen2.5-coder_7b/qwen2.5-coder_7b/rules/C006_join_diagnostics_rules_iter02.py,qwen2.5-coder_7b,False,,False,
map_static.png,experiments/05_choropleth_reliability_benchmark/outputs/runs_iterative_repair/qwen2.5-coder_7b/rules/qwen2.5-coder_7b_rules_C006_join_diagnostics_iter02_20260624_235707/map_static.png,False,0,missing_or_empty;low_thematic_color;low_map_ink;low_edge_detail,False,,,,False,,,,,,,2,static_png,,rules,,,C006_join_diagnostics,missing_or_empty,False,qwen2.5-coder_14b,1,experiments/05_choropleth_reliability_benchmark/outputs/runs_iterative_repair/qwen2.5-coder_7b/rules/qwen2.5-coder_7b_rules_C006_join_diagnostics_iter02_20260624_235707,,0,,,,False,,,,,,missing_or_empty,False,,,,experiments/05_choropleth_reliability_benchmark/outputs/generated_code_iterative_repair/qwen2.5-coder_14b/qwen2.5-coder_7b/rules/C006_join_diagnostics_rules_iter02.py,qwen2.5-coder_7b,False,,,
time_series.png,experiments/05_choropleth_reliability_benchmark/outputs/runs_iterative_repair/qwen2.5-coder_7b/rules/qwen2.5-coder_7b_rules_C006_join_diagnostics_iter02_20260624_235707/time_series.png,False,0,missing_or_empty;low_plot_ink;no_visible_line;low_edge_detail,False,,,,False,,,,,,,2,time_series_png,,rules,,,C006_join_diagnostics,missing_or_empty,False,qwen2.5-coder_14b,1,experiments/05_choropleth_reliability_benchmark/outputs/runs_iterative_repair/qwen2.5-coder_7b/rules/qwen2.5-coder_7b_rules_C006_join_diagnostics_iter02_20260624_235707,,0,,,,False,,,,,,missing_or_empty,False,,,,experiments/05_choropleth_reliability_benchmark/outputs/generated_code_iterative_repair/qwen2.5-coder_14b/qwen2.5-coder_7b/rules/C006_join_diagnostics_rules_iter02.py,qwen2.5-coder_7b,False,,,
map_interactive.html,experiments/05_choropleth_reliability_benchmark/outputs/runs_iterative_repair/qwen2.5-coder_7b/rules/qwen2.5-coder_7b_rules_C006_join_diagnostics_iter02_20260624_235707/map_interactive.html,False,0,missing_or_empty;html_not_rendered;low_rendered_map_ink;low_edge_detail,False,,,,False,,,,,missing,False,2,interactive_html,,rules,,,C006_join_diagnostics,,,qwen2.5-coder_14b,1,experiments/05_choropleth_reliability_benchmark/outputs/runs_iterative_repair/qwen2.5-coder_7b/rules/qwen2.5-coder_7b_rules_C006_join_diagnostics_iter02_20260624_235707,,0,,,,False,,,,,,missing_or_empty,False,,,,experiments/05_choropleth_reliability_benchmark/outputs/generated_code_iterative_repair/qwen2.5-coder_14b/qwen2.5-coder_7b/rules/C006_join_diagnostics_rules_iter02.py,qwen2.5-coder_7b,False,,False,
map_static.png,experiments/05_choropleth_reliability_benchmark/outputs/runs_iterative_repair/qwen2.5-coder_7b/rules/qwen2.5-coder_7b_rules_C006_join_diagnostics_iter02_20260625_002237/map_static.png,False,0,missing_or_empty;low_thematic_color;low_map_ink;low_edge_detail,False,,,,False,,,,,,,2,static_png,,rules,,,C006_join_diagnostics,missing_or_empty,False,deepseek-coder_6.7b,1,experiments/05_choropleth_reliability_benchmark/outputs/runs_iterative_repair/qwen2.5-coder_7b/rules/qwen2.5-coder_7b_rules_C006_join_diagnostics_iter02_20260625_002237,,0,,,,False,,,,,,missing_or_empty,False,,,,experiments/05_choropleth_reliability_benchmark/outputs/generated_code_iterative_repair/deepseek-coder_6.7b/qwen2.5-coder_7b/rules/C006_join_diagnostics_rules_iter02.py,qwen2.5-coder_7b,False,,,
time_series.png,experiments/05_choropleth_reliability_benchmark/outputs/runs_iterative_repair/qwen2.5-coder_7b/rules/qwen2.5-coder_7b_rules_C006_join_diagnostics_iter02_20260625_002237/time_series.png,False,0,missing_or_empty;low_plot_ink;no_visible_line;low_edge_detail,False,,,,False,,,,,,,2,time_series_png,,rules,,,C006_join_diagnostics,missing_or_empty,False,deepseek-coder_6.7b,1,experiments/05_choropleth_reliability_benchmark/outputs/runs_iterative_repair/qwen2.5-coder_7b/rules/qwen2.5-coder_7b_rules_C006_join_diagnostics_iter02_20260625_002237,,0,,,,False,,,,,,missing_or_empty,False,,,,experiments/05_choropleth_reliability_benchmark/outputs/generated_code_iterative_repair/deepseek-coder_6.7b/qwen2.5-coder_7b/rules/C006_join_diagnostics_rules_iter02.py,qwen2.5-coder_7b,False,,,
map_interactive.html,experiments/05_choropleth_reliability_benchmark/outputs/runs_iterative_repair/qwen2.5-coder_7b/rules/qwen2.5-coder_7b_rules_C006_join_diagnostics_iter02_20260625_002237/map_interactive.html,False,0,missing_or_empty;html_not_rendered;low_rendered_map_ink;low_edge_detail,False,,,,False,,,,,missing,False,2,interactive_html,,rules,,,C006_join_diagnostics,,,deepseek-coder_6.7b,1,experiments/05_choropleth_reliability_benchmark/outputs/runs_iterative_repair/qwen2.5-coder_7b/rules/qwen2.5-coder_7b_rules_C006_join_diagnostics_iter02_20260625_002237,,0,,,,False,,,,,,missing_or_empty,False,,,,experiments/05_choropleth_reliability_benchmark/outputs/generated_code_iterative_repair/deepseek-coder_6.7b/qwen2.5-coder_7b/rules/C006_join_diagnostics_rules_iter02.py,qwen2.5-coder_7b,False,,False,
map_static.png,experiments/05_choropleth_reliability_benchmark/outputs/runs_iterative_repair/qwen2.5-coder_7b/rules/qwen2.5-coder_7b_rules_C006_join_diagnostics_iter03_20260624_062615/map_static.png,False,0,missing_or_empty;low_thematic_color;low_map_ink;low_edge_detail,False,,,,False,,,,,,,3,static_png,,rules,,,C006_join_diagnostics,missing_or_empty,False,qwen2.5-coder_32b,1,experiments/05_choropleth_reliability_benchmark/outputs/runs_iterative_repair/qwen2.5-coder_7b/rules/qwen2.5-coder_7b_rules_C006_join_diagnostics_iter03_20260624_062615,,0,,,,False,,,,,,missing_or_empty,False,,,,experiments/05_choropleth_reliability_benchmark/outputs/generated_code_iterative_repair/qwen2.5-coder_32b/qwen2.5-coder_7b/rules/C006_join_diagnostics_rules_iter03.py,qwen2.5-coder_7b,False,,,
time_series.png,experiments/05_choropleth_reliability_benchmark/outputs/runs_iterative_repair/qwen2.5-coder_7b/rules/qwen2.5-coder_7b_rules_C006_join_diagnostics_iter03_20260624_062615/time_series.png,False,0,missing_or_empty;low_plot_ink;no_visible_line;low_edge_detail,False,,,,False,,,,,,,3,time_series_png,,rules,,,C006_join_diagnostics,missing_or_empty,False,qwen2.5-coder_32b,1,experiments/05_choropleth_reliability_benchmark/outputs/runs_iterative_repair/qwen2.5-coder_7b/rules/qwen2.5-coder_7b_rules_C006_join_diagnostics_iter03_20260624_062615,,0,,,,False,,,,,,missing_or_empty,False,,,,experiments/05_choropleth_reliability_benchmark/outputs/generated_code_iterative_repair/qwen2.5-coder_32b/qwen2.5-coder_7b/rules/C006_join_diagnostics_rules_iter03.py,qwen2.5-coder_7b,False,,,
map_interactive.html,experiments/05_choropleth_reliability_benchmark/outputs/runs_iterative_repair/qwen2.5-coder_7b/rules/qwen2.5-coder_7b_rules_C006_join_diagnostics_iter03_20260624_062615/map_interactive.html,False,0,missing_or_empty;html_not_rendered;low_rendered_map_ink;low_edge_detail,False,,,,False,,,,,missing,False,3,interactive_html,,rules,,,C006_join_diagnostics,,,qwen2.5-coder_32b,1,experiments/05_choropleth_reliability_benchmark/outputs/runs_iterative_repair/qwen2.5-coder_7b/rules/qwen2.5-coder_7b_rules_C006_join_diagnostics_iter03_20260624_062615,,0,,,,False,,,,,,missing_or_empty,False,,,,experiments/05_choropleth_reliability_benchmark/outputs/generated_code_iterative_repair/qwen2.5-coder_32b/qwen2.5-coder_7b/rules/C006_join_diagnostics_rules_iter03.py,qwen2.5-coder_7b,False,,False,
map_static.png,experiments/05_choropleth_reliability_benchmark/outputs/runs_iterative_repair/qwen2.5-coder_7b/rules/qwen2.5-coder_7b_rules_C006_join_diagnostics_iter03_20260624_232242/map_static.png,False,0,missing_or_empty;low_thematic_color;low_map_ink;low_edge_detail,False,,,,False,,,,,,,3,static_png,,rules,,,C006_join_diagnostics,missing_or_empty,False,qwen2.5-coder_7b,1,experiments/05_choropleth_reliability_benchmark/outputs/runs_iterative_repair/qwen2.5-coder_7b/rules/qwen2.5-coder_7b_rules_C006_join_diagnostics_iter03_20260624_232242,,0,,,,False,,,,,,missing_or_empty,False,,,,experiments/05_choropleth_reliability_benchmark/outputs/generated_code_iterative_repair/qwen2.5-coder_7b/qwen2.5-coder_7b/rules/C006_join_diagnostics_rules_iter03.py,qwen2.5-coder_7b,False,,,
time_series.png,experiments/05_choropleth_reliability_benchmark/outputs/runs_iterative_repair/qwen2.5-coder_7b/rules/qwen2.5-coder_7b_rules_C006_join_diagnostics_iter03_20260624_232242/time_series.png,False,0,missing_or_empty;low_plot_ink;no_visible_line;low_edge_detail,False,,,,False,,,,,,,3,time_series_png,,rules,,,C006_join_diagnostics,missing_or_empty,False,qwen2.5-coder_7b,1,experiments/05_choropleth_reliability_benchmark/outputs/runs_iterative_repair/qwen2.5-coder_7b/rules/qwen2.5-coder_7b_rules_C006_join_diagnostics_iter03_20260624_232242,,0,,,,False,,,,,,missing_or_empty,False,,,,experiments/05_choropleth_reliability_benchmark/outputs/generated_code_iterative_repair/qwen2.5-coder_7b/qwen2.5-coder_7b/rules/C006_join_diagnostics_rules_iter03.py,qwen2.5-coder_7b,False,,,
map_interactive.html,experiments/05_choropleth_reliability_benchmark/outputs/runs_iterative_repair/qwen2.5-coder_7b/rules/qwen2.5-coder_7b_rules_C006_join_diagnostics_iter03_20260624_232242/map_interactive.html,False,0,missing_or_empty;html_not_rendered;low_rendered_map_ink;low_edge_detail,False,,,,False,,,,,missing,False,3,interactive_html,,rules,,,C006_join_diagnostics,,,qwen2.5-coder_7b,1,experiments/05_choropleth_reliability_benchmark/outputs/runs_iterative_repair/qwen2.5-coder_7b/rules/qwen2.5-coder_7b_rules_C006_join_diagnostics_iter03_20260624_232242,,0,,,,False,,,,,,missing_or_empty,False,,,,experiments/05_choropleth_reliability_benchmark/outputs/generated_code_iterative_repair/qwen2.5-coder_7b/qwen2.5-coder_7b/rules/C006_join_diagnostics_rules_iter03.py,qwen2.5-coder_7b,False,,False,
map_static.png,experiments/05_choropleth_reliability_benchmark/outputs/runs_iterative_repair/qwen2.5-coder_7b/rules/qwen2.5-coder_7b_rules_C006_join_diagnostics_iter03_20260624_235738/map_static.png,False,0,missing_or_empty;low_thematic_color;low_map_ink;low_edge_detail,False,,,,False,,,,,,,3,static_png,,rules,,,C006_join_diagnostics,missing_or_empty,False,qwen2.5-coder_14b,1,experiments/05_choropleth_reliability_benchmark/outputs/runs_iterative_repair/qwen2.5-coder_7b/rules/qwen2.5-coder_7b_rules_C006_join_diagnostics_iter03_20260624_235738,,0,,,,False,,,,,,missing_or_empty,False,,,,experiments/05_choropleth_reliability_benchmark/outputs/generated_code_iterative_repair/qwen2.5-coder_14b/qwen2.5-coder_7b/rules/C006_join_diagnostics_rules_iter03.py,qwen2.5-coder_7b,False,,,
time_series.png,experiments/05_choropleth_reliability_benchmark/outputs/runs_iterative_repair/qwen2.5-coder_7b/rules/qwen2.5-coder_7b_rules_C006_join_diagnostics_iter03_20260624_235738/time_series.png,False,0,missing_or_empty;low_plot_ink;no_visible_line;low_edge_detail,False,,,,False,,,,,,,3,time_series_png,,rules,,,C006_join_diagnostics,missing_or_empty,False,qwen2.5-coder_14b,1,experiments/05_choropleth_reliability_benchmark/outputs/runs_iterative_repair/qwen2.5-coder_7b/rules/qwen2.5-coder_7b_rules_C006_join_diagnostics_iter03_20260624_235738,,0,,,,False,,,,,,missing_or_empty,False,,,,experiments/05_choropleth_reliability_benchmark/outputs/generated_code_iterative_repair/qwen2.5-coder_14b/qwen2.5-coder_7b/rules/C006_join_diagnostics_rules_iter03.py,qwen2.5-coder_7b,False,,,
map_interactive.html,experiments/05_choropleth_reliability_benchmark/outputs/runs_iterative_repair/qwen2.5-coder_7b/rules/qwen2.5-coder_7b_rules_C006_join_diagnostics_iter03_20260624_235738/map_interactive.html,False,0,missing_or_empty;html_not_rendered;low_rendered_map_ink;low_edge_detail,False,,,,False,,,,,missing,False,3,interactive_html,,rules,,,C006_join_diagnostics,,,qwen2.5-coder_14b,1,experiments/05_choropleth_reliability_benchmark/outputs/runs_iterative_repair/qwen2.5-coder_7b/rules/qwen2.5-coder_7b_rules_C006_join_diagnostics_iter03_20260624_235738,,0,,,,False,,,,,,missing_or_empty,False,,,,experiments/05_choropleth_reliability_benchmark/outputs/generated_code_iterative_repair/qwen2.5-coder_14b/qwen2.5-coder_7b/rules/C006_join_diagnostics_rules_iter03.py,qwen2.5-coder_7b,False,,False,
map_static.png,experiments/05_choropleth_reliability_benchmark/outputs/runs_iterative_repair/qwen2.5-coder_7b/rules/qwen2.5-coder_7b_rules_C007_wrong_column_guard_iter01_20260624_041501/map_static.png,False,0,missing_or_empty;low_thematic_color;low_map_ink;low_edge_detail,False,,,,False,,,,,,,1,static_png,,rules,,,C007_wrong_column_guard,missing_or_empty,False,qwen2.5-coder_32b,1,experiments/05_choropleth_reliability_benchmark/outputs/runs_iterative_repair/qwen2.5-coder_7b/rules/qwen2.5-coder_7b_rules_C007_wrong_column_guard_iter01_20260624_041501,,0,,,,False,,,,,,missing_or_empty,False,,,,experiments/05_choropleth_reliability_benchmark/outputs/generated_code_iterative_repair/qwen2.5-coder_32b/qwen2.5-coder_7b/rules/C007_wrong_column_guard_rules_iter01.py,qwen2.5-coder_7b,False,,,
time_series.png,experiments/05_choropleth_reliability_benchmark/outputs/runs_iterative_repair/qwen2.5-coder_7b/rules/qwen2.5-coder_7b_rules_C007_wrong_column_guard_iter01_20260624_041501/time_series.png,False,0,missing_or_empty;low_plot_ink;no_visible_line;low_edge_detail,False,,,,False,,,,,,,1,time_series_png,,rules,,,C007_wrong_column_guard,missing_or_empty,False,qwen2.5-coder_32b,1,experiments/05_choropleth_reliability_benchmark/outputs/runs_iterative_repair/qwen2.5-coder_7b/rules/qwen2.5-coder_7b_rules_C007_wrong_column_guard_iter01_20260624_041501,,0,,,,False,,,,,,missing_or_empty,False,,,,experiments/05_choropleth_reliability_benchmark/outputs/generated_code_iterative_repair/qwen2.5-coder_32b/qwen2.5-coder_7b/rules/C007_wrong_column_guard_rules_iter01.py,qwen2.5-coder_7b,False,,,
map_interactive.html,experiments/05_choropleth_reliability_benchmark/outputs/runs_iterative_repair/qwen2.5-coder_7b/rules/qwen2.5-coder_7b_rules_C007_wrong_column_guard_iter01_20260624_041501/map_interactive.html,False,0,missing_or_empty;html_not_rendered;low_rendered_map_ink;low_edge_detail,False,,,,False,,,,,missing,False,1,interactive_html,,rules,,,C007_wrong_column_guard,,,qwen2.5-coder_32b,1,experiments/05_choropleth_reliability_benchmark/outputs/runs_iterative_repair/qwen2.5-coder_7b/rules/qwen2.5-coder_7b_rules_C007_wrong_column_guard_iter01_20260624_041501,,0,,,,False,,,,,,missing_or_empty,False,,,,experiments/05_choropleth_reliability_benchmark/outputs/generated_code_iterative_repair/qwen2.5-coder_32b/qwen2.5-coder_7b/rules/C007_wrong_column_guard_rules_iter01.py,qwen2.5-coder_7b,False,,False,
map_static.png,experiments/05_choropleth_reliability_benchmark/outputs/runs_iterative_repair/qwen2.5-coder_7b/rules/qwen2.5-coder_7b_rules_C007_wrong_column_guard_iter01_20260624_071128/map_static.png,False,0,missing_or_empty;low_thematic_color;low_map_ink;low_edge_detail,False,,,,False,,,,,,,1,static_png,,rules,,,C007_wrong_column_guard,missing_or_empty,False,qwen2.5-coder_14b,1,experiments/05_choropleth_reliability_benchmark/outputs/runs_iterative_repair/qwen2.5-coder_7b/rules/qwen2.5-coder_7b_rules_C007_wrong_column_guard_iter01_20260624_071128,,0,,,,False,,,,,,missing_or_empty,False,,,,experiments/05_choropleth_reliability_benchmark/outputs/generated_code_iterative_repair/qwen2.5-coder_14b/qwen2.5-coder_7b/rules/C007_wrong_column_guard_rules_iter01.py,qwen2.5-coder_7b,False,,,
time_series.png,experiments/05_choropleth_reliability_benchmark/outputs/runs_iterative_repair/qwen2.5-coder_7b/rules/qwen2.5-coder_7b_rules_C007_wrong_column_guard_iter01_20260624_071128/time_series.png,False,0,missing_or_empty;low_plot_ink;no_visible_line;low_edge_detail,False,,,,False,,,,,,,1,time_series_png,,rules,,,C007_wrong_column_guard,missing_or_empty,False,qwen2.5-coder_14b,1,experiments/05_choropleth_reliability_benchmark/outputs/runs_iterative_repair/qwen2.5-coder_7b/rules/qwen2.5-coder_7b_rules_C007_wrong_column_guard_iter01_20260624_071128,,0,,,,False,,,,,,missing_or_empty,False,,,,experiments/05_choropleth_reliability_benchmark/outputs/generated_code_iterative_repair/qwen2.5-coder_14b/qwen2.5-coder_7b/rules/C007_wrong_column_guard_rules_iter01.py,qwen2.5-coder_7b,False,,,
map_interactive.html,experiments/05_choropleth_reliability_benchmark/outputs/runs_iterative_repair/qwen2.5-coder_7b/rules/qwen2.5-coder_7b_rules_C007_wrong_column_guard_iter01_20260624_071128/map_interactive.html,False,0,missing_or_empty;html_not_rendered;low_rendered_map_ink;low_edge_detail,False,,,,False,,,,,missing,False,1,interactive_html,,rules,,,C007_wrong_column_guard,,,qwen2.5-coder_14b,1,experiments/05_choropleth_reliability_benchmark/outputs/runs_iterative_repair/qwen2.5-coder_7b/rules/qwen2.5-coder_7b_rules_C007_wrong_column_guard_iter01_20260624_071128,,0,,,,False,,,,,,missing_or_empty,False,,,,experiments/05_choropleth_reliability_benchmark/outputs/generated_code_iterative_repair/qwen2.5-coder_14b/qwen2.5-coder_7b/rules/C007_wrong_column_guard_rules_iter01.py,qwen2.5-coder_7b,False,,False,
map_static.png,experiments/05_choropleth_reliability_benchmark/outputs/runs_iterative_repair/qwen2.5-coder_7b/rules/qwen2.5-coder_7b_rules_C007_wrong_column_guard_iter01_20260624_072358/map_static.png,False,0,missing_or_empty;low_thematic_color;low_map_ink;low_edge_detail,False,,,,False,,,,,,,1,static_png,,rules,,,C007_wrong_column_guard,missing_or_empty,False,qwen2.5-coder_7b,1,experiments/05_choropleth_reliability_benchmark/outputs/runs_iterative_repair/qwen2.5-coder_7b/rules/qwen2.5-coder_7b_rules_C007_wrong_column_guard_iter01_20260624_072358,,0,,,,False,,,,,,missing_or_empty,False,,,,experiments/05_choropleth_reliability_benchmark/outputs/generated_code_iterative_repair/qwen2.5-coder_7b/qwen2.5-coder_7b/rules/C007_wrong_column_guard_rules_iter01.py,qwen2.5-coder_7b,False,,,
time_series.png,experiments/05_choropleth_reliability_benchmark/outputs/runs_iterative_repair/qwen2.5-coder_7b/rules/qwen2.5-coder_7b_rules_C007_wrong_column_guard_iter01_20260624_072358/time_series.png,False,0,missing_or_empty;low_plot_ink;no_visible_line;low_edge_detail,False,,,,False,,,,,,,1,time_series_png,,rules,,,C007_wrong_column_guard,missing_or_empty,False,qwen2.5-coder_7b,1,experiments/05_choropleth_reliability_benchmark/outputs/runs_iterative_repair/qwen2.5-coder_7b/rules/qwen2.5-coder_7b_rules_C007_wrong_column_guard_iter01_20260624_072358,,0,,,,False,,,,,,missing_or_empty,False,,,,experiments/05_choropleth_reliability_benchmark/outputs/generated_code_iterative_repair/qwen2.5-coder_7b/qwen2.5-coder_7b/rules/C007_wrong_column_guard_rules_iter01.py,qwen2.5-coder_7b,False,,,
map_interactive.html,experiments/05_choropleth_reliability_benchmark/outputs/runs_iterative_repair/qwen2.5-coder_7b/rules/qwen2.5-coder_7b_rules_C007_wrong_column_guard_iter01_20260624_072358/map_interactive.html,False,0,missing_or_empty;html_not_rendered;low_rendered_map_ink;low_edge_detail,False,,,,False,,,,,missing,False,1,interactive_html,,rules,,,C007_wrong_column_guard,,,qwen2.5-coder_7b,1,experiments/05_choropleth_reliability_benchmark/outputs/runs_iterative_repair/qwen2.5-coder_7b/rules/qwen2.5-coder_7b_rules_C007_wrong_column_guard_iter01_20260624_072358,,0,,,,False,,,,,,missing_or_empty,False,,,,experiments/05_choropleth_reliability_benchmark/outputs/generated_code_iterative_repair/qwen2.5-coder_7b/qwen2.5-coder_7b/rules/C007_wrong_column_guard_rules_iter01.py,qwen2.5-coder_7b,False,,False,
map_static.png,experiments/05_choropleth_reliability_benchmark/outputs/runs_iterative_repair/qwen2.5-coder_7b/rules/qwen2.5-coder_7b_rules_C007_wrong_column_guard_iter01_20260624_073002/map_static.png,False,0,missing_or_empty;low_thematic_color;low_map_ink;low_edge_detail,False,,,,False,,,,,,,1,static_png,,rules,,,C007_wrong_column_guard,missing_or_empty,False,deepseek-coder_6.7b,1,experiments/05_choropleth_reliability_benchmark/outputs/runs_iterative_repair/qwen2.5-coder_7b/rules/qwen2.5-coder_7b_rules_C007_wrong_column_guard_iter01_20260624_073002,,0,,,,False,,,,,,missing_or_empty,False,,,,experiments/05_choropleth_reliability_benchmark/outputs/generated_code_iterative_repair/deepseek-coder_6.7b/qwen2.5-coder_7b/rules/C007_wrong_column_guard_rules_iter01.py,qwen2.5-coder_7b,False,,,
time_series.png,experiments/05_choropleth_reliability_benchmark/outputs/runs_iterative_repair/qwen2.5-coder_7b/rules/qwen2.5-coder_7b_rules_C007_wrong_column_guard_iter01_20260624_073002/time_series.png,False,0,missing_or_empty;low_plot_ink;no_visible_line;low_edge_detail,False,,,,False,,,,,,,1,time_series_png,,rules,,,C007_wrong_column_guard,missing_or_empty,False,deepseek-coder_6.7b,1,experiments/05_choropleth_reliability_benchmark/outputs/runs_iterative_repair/qwen2.5-coder_7b/rules/qwen2.5-coder_7b_rules_C007_wrong_column_guard_iter01_20260624_073002,,0,,,,False,,,,,,missing_or_empty,False,,,,experiments/05_choropleth_reliability_benchmark/outputs/generated_code_iterative_repair/deepseek-coder_6.7b/qwen2.5-coder_7b/rules/C007_wrong_column_guard_rules_iter01.py,qwen2.5-coder_7b,False,,,
map_interactive.html,experiments/05_choropleth_reliability_benchmark/outputs/runs_iterative_repair/qwen2.5-coder_7b/rules/qwen2.5-coder_7b_rules_C007_wrong_column_guard_iter01_20260624_073002/map_interactive.html,False,0,missing_or_empty;html_not_rendered;low_rendered_map_ink;low_edge_detail,False,,,,False,,,,,missing,False,1,interactive_html,,rules,,,C007_wrong_column_guard,,,deepseek-coder_6.7b,1,experiments/05_choropleth_reliability_benchmark/outputs/runs_iterative_repair/qwen2.5-coder_7b/rules/qwen2.5-coder_7b_rules_C007_wrong_column_guard_iter01_20260624_073002,,0,,,,False,,,,,,missing_or_empty,False,,,,experiments/05_choropleth_reliability_benchmark/outputs/generated_code_iterative_repair/deepseek-coder_6.7b/qwen2.5-coder_7b/rules/C007_wrong_column_guard_rules_iter01.py,qwen2.5-coder_7b,False,,False,
map_static.png,experiments/05_choropleth_reliability_benchmark/outputs/runs_iterative_repair/qwen2.5-coder_7b/rules/qwen2.5-coder_7b_rules_C007_wrong_column_guard_iter02_20260624_041640/map_static.png,False,0,missing_or_empty;low_thematic_color;low_map_ink;low_edge_detail,False,,,,False,,,,,,,2,static_png,,rules,,,C007_wrong_column_guard,missing_or_empty,False,qwen2.5-coder_32b,1,experiments/05_choropleth_reliability_benchmark/outputs/runs_iterative_repair/qwen2.5-coder_7b/rules/qwen2.5-coder_7b_rules_C007_wrong_column_guard_iter02_20260624_041640,,0,,,,False,,,,,,missing_or_empty,False,,,,experiments/05_choropleth_reliability_benchmark/outputs/generated_code_iterative_repair/qwen2.5-coder_32b/qwen2.5-coder_7b/rules/C007_wrong_column_guard_rules_iter02.py,qwen2.5-coder_7b,False,,,
time_series.png,experiments/05_choropleth_reliability_benchmark/outputs/runs_iterative_repair/qwen2.5-coder_7b/rules/qwen2.5-coder_7b_rules_C007_wrong_column_guard_iter02_20260624_041640/time_series.png,False,0,missing_or_empty;low_plot_ink;no_visible_line;low_edge_detail,False,,,,False,,,,,,,2,time_series_png,,rules,,,C007_wrong_column_guard,missing_or_empty,False,qwen2.5-coder_32b,1,experiments/05_choropleth_reliability_benchmark/outputs/runs_iterative_repair/qwen2.5-coder_7b/rules/qwen2.5-coder_7b_rules_C007_wrong_column_guard_iter02_20260624_041640,,0,,,,False,,,,,,missing_or_empty,False,,,,experiments/05_choropleth_reliability_benchmark/outputs/generated_code_iterative_repair/qwen2.5-coder_32b/qwen2.5-coder_7b/rules/C007_wrong_column_guard_rules_iter02.py,qwen2.5-coder_7b,False,,,
map_interactive.html,experiments/05_choropleth_reliability_benchmark/outputs/runs_iterative_repair/qwen2.5-coder_7b/rules/qwen2.5-coder_7b_rules_C007_wrong_column_guard_iter02_20260624_041640/map_interactive.html,False,0,missing_or_empty;html_not_rendered;low_rendered_map_ink;low_edge_detail,False,,,,False,,,,,missing,False,2,interactive_html,,rules,,,C007_wrong_column_guard,,,qwen2.5-coder_32b,1,experiments/05_choropleth_reliability_benchmark/outputs/runs_iterative_repair/qwen2.5-coder_7b/rules/qwen2.5-coder_7b_rules_C007_wrong_column_guard_iter02_20260624_041640,,0,,,,False,,,,,,missing_or_empty,False,,,,experiments/05_choropleth_reliability_benchmark/outputs/generated_code_iterative_repair/qwen2.5-coder_32b/qwen2.5-coder_7b/rules/C007_wrong_column_guard_rules_iter02.py,qwen2.5-coder_7b,False,,False,
map_static.png,experiments/05_choropleth_reliability_benchmark/outputs/runs_iterative_repair/qwen2.5-coder_7b/rules/qwen2.5-coder_7b_rules_C007_wrong_column_guard_iter02_20260624_071207/map_static.png,False,0,missing_or_empty;low_thematic_color;low_map_ink;low_edge_detail,False,,,,False,,,,,,,2,static_png,,rules,,,C007_wrong_column_guard,missing_or_empty,False,qwen2.5-coder_14b,1,experiments/05_choropleth_reliability_benchmark/outputs/runs_iterative_repair/qwen2.5-coder_7b/rules/qwen2.5-coder_7b_rules_C007_wrong_column_guard_iter02_20260624_071207,,0,,,,False,,,,,,missing_or_empty,False,,,,experiments/05_choropleth_reliability_benchmark/outputs/generated_code_iterative_repair/qwen2.5-coder_14b/qwen2.5-coder_7b/rules/C007_wrong_column_guard_rules_iter02.py,qwen2.5-coder_7b,False,,,
time_series.png,experiments/05_choropleth_reliability_benchmark/outputs/runs_iterative_repair/qwen2.5-coder_7b/rules/qwen2.5-coder_7b_rules_C007_wrong_column_guard_iter02_20260624_071207/time_series.png,False,0,missing_or_empty;low_plot_ink;no_visible_line;low_edge_detail,False,,,,False,,,,,,,2,time_series_png,,rules,,,C007_wrong_column_guard,missing_or_empty,False,qwen2.5-coder_14b,1,experiments/05_choropleth_reliability_benchmark/outputs/runs_iterative_repair/qwen2.5-coder_7b/rules/qwen2.5-coder_7b_rules_C007_wrong_column_guard_iter02_20260624_071207,,0,,,,False,,,,,,missing_or_empty,False,,,,experiments/05_choropleth_reliability_benchmark/outputs/generated_code_iterative_repair/qwen2.5-coder_14b/qwen2.5-coder_7b/rules/C007_wrong_column_guard_rules_iter02.py,qwen2.5-coder_7b,False,,,
map_interactive.html,experiments/05_choropleth_reliability_benchmark/outputs/runs_iterative_repair/qwen2.5-coder_7b/rules/qwen2.5-coder_7b_rules_C007_wrong_column_guard_iter02_20260624_071207/map_interactive.html,False,0,missing_or_empty;html_not_rendered;low_rendered_map_ink;low_edge_detail,False,,,,False,,,,,missing,False,2,interactive_html,,rules,,,C007_wrong_column_guard,,,qwen2.5-coder_14b,1,experiments/05_choropleth_reliability_benchmark/outputs/runs_iterative_repair/qwen2.5-coder_7b/rules/qwen2.5-coder_7b_rules_C007_wrong_column_guard_iter02_20260624_071207,,0,,,,False,,,,,,missing_or_empty,False,,,,experiments/05_choropleth_reliability_benchmark/outputs/generated_code_iterative_repair/qwen2.5-coder_14b/qwen2.5-coder_7b/rules/C007_wrong_column_guard_rules_iter02.py,qwen2.5-coder_7b,False,,False,
map_static.png,experiments/05_choropleth_reliability_benchmark/outputs/runs_iterative_repair/qwen2.5-coder_7b/rules/qwen2.5-coder_7b_rules_C007_wrong_column_guard_iter02_20260624_072415/map_static.png,False,0,missing_or_empty;low_thematic_color;low_map_ink;low_edge_detail,False,,,,False,,,,,,,2,static_png,,rules,,,C007_wrong_column_guard,missing_or_empty,False,qwen2.5-coder_7b,1,experiments/05_choropleth_reliability_benchmark/outputs/runs_iterative_repair/qwen2.5-coder_7b/rules/qwen2.5-coder_7b_rules_C007_wrong_column_guard_iter02_20260624_072415,,0,,,,False,,,,,,missing_or_empty,False,,,,experiments/05_choropleth_reliability_benchmark/outputs/generated_code_iterative_repair/qwen2.5-coder_7b/qwen2.5-coder_7b/rules/C007_wrong_column_guard_rules_iter02.py,qwen2.5-coder_7b,False,,,
time_series.png,experiments/05_choropleth_reliability_benchmark/outputs/runs_iterative_repair/qwen2.5-coder_7b/rules/qwen2.5-coder_7b_rules_C007_wrong_column_guard_iter02_20260624_072415/time_series.png,False,0,missing_or_empty;low_plot_ink;no_visible_line;low_edge_detail,False,,,,False,,,,,,,2,time_series_png,,rules,,,C007_wrong_column_guard,missing_or_empty,False,qwen2.5-coder_7b,1,experiments/05_choropleth_reliability_benchmark/outputs/runs_iterative_repair/qwen2.5-coder_7b/rules/qwen2.5-coder_7b_rules_C007_wrong_column_guard_iter02_20260624_072415,,0,,,,False,,,,,,missing_or_empty,False,,,,experiments/05_choropleth_reliability_benchmark/outputs/generated_code_iterative_repair/qwen2.5-coder_7b/qwen2.5-coder_7b/rules/C007_wrong_column_guard_rules_iter02.py,qwen2.5-coder_7b,False,,,
map_interactive.html,experiments/05_choropleth_reliability_benchmark/outputs/runs_iterative_repair/qwen2.5-coder_7b/rules/qwen2.5-coder_7b_rules_C007_wrong_column_guard_iter02_20260624_072415/map_interactive.html,False,0,missing_or_empty;html_not_rendered;low_rendered_map_ink;low_edge_detail,False,,,,False,,,,,missing,False,2,interactive_html,,rules,,,C007_wrong_column_guard,,,qwen2.5-coder_7b,1,experiments/05_choropleth_reliability_benchmark/outputs/runs_iterative_repair/qwen2.5-coder_7b/rules/qwen2.5-coder_7b_rules_C007_wrong_column_guard_iter02_20260624_072415,,0,,,,False,,,,,,missing_or_empty,False,,,,experiments/05_choropleth_reliability_benchmark/outputs/generated_code_iterative_repair/qwen2.5-coder_7b/qwen2.5-coder_7b/rules/C007_wrong_column_guard_rules_iter02.py,qwen2.5-coder_7b,False,,False,
map_static.png,experiments/05_choropleth_reliability_benchmark/outputs/runs_iterative_repair/qwen2.5-coder_7b/rules/qwen2.5-coder_7b_rules_C007_wrong_column_guard_iter02_20260624_073014/map_static.png,False,0,missing_or_empty;low_thematic_color;low_map_ink;low_edge_detail,False,,,,False,,,,,,,2,static_png,,rules,,,C007_wrong_column_guard,missing_or_empty,False,deepseek-coder_6.7b,1,experiments/05_choropleth_reliability_benchmark/outputs/runs_iterative_repair/qwen2.5-coder_7b/rules/qwen2.5-coder_7b_rules_C007_wrong_column_guard_iter02_20260624_073014,,0,,,,False,,,,,,missing_or_empty,False,,,,experiments/05_choropleth_reliability_benchmark/outputs/generated_code_iterative_repair/deepseek-coder_6.7b/qwen2.5-coder_7b/rules/C007_wrong_column_guard_rules_iter02.py,qwen2.5-coder_7b,False,,,
time_series.png,experiments/05_choropleth_reliability_benchmark/outputs/runs_iterative_repair/qwen2.5-coder_7b/rules/qwen2.5-coder_7b_rules_C007_wrong_column_guard_iter02_20260624_073014/time_series.png,False,0,missing_or_empty;low_plot_ink;no_visible_line;low_edge_detail,False,,,,False,,,,,,,2,time_series_png,,rules,,,C007_wrong_column_guard,missing_or_empty,False,deepseek-coder_6.7b,1,experiments/05_choropleth_reliability_benchmark/outputs/runs_iterative_repair/qwen2.5-coder_7b/rules/qwen2.5-coder_7b_rules_C007_wrong_column_guard_iter02_20260624_073014,,0,,,,False,,,,,,missing_or_empty,False,,,,experiments/05_choropleth_reliability_benchmark/outputs/generated_code_iterative_repair/deepseek-coder_6.7b/qwen2.5-coder_7b/rules/C007_wrong_column_guard_rules_iter02.py,qwen2.5-coder_7b,False,,,
map_interactive.html,experiments/05_choropleth_reliability_benchmark/outputs/runs_iterative_repair/qwen2.5-coder_7b/rules/qwen2.5-coder_7b_rules_C007_wrong_column_guard_iter02_20260624_073014/map_interactive.html,False,0,missing_or_empty;html_not_rendered;low_rendered_map_ink;low_edge_detail,False,,,,False,,,,,missing,False,2,interactive_html,,rules,,,C007_wrong_column_guard,,,deepseek-coder_6.7b,1,experiments/05_choropleth_reliability_benchmark/outputs/runs_iterative_repair/qwen2.5-coder_7b/rules/qwen2.5-coder_7b_rules_C007_wrong_column_guard_iter02_20260624_073014,,0,,,,False,,,,,,missing_or_empty,False,,,,experiments/05_choropleth_reliability_benchmark/outputs/generated_code_iterative_repair/deepseek-coder_6.7b/qwen2.5-coder_7b/rules/C007_wrong_column_guard_rules_iter02.py,qwen2.5-coder_7b,False,,False,
map_static.png,experiments/05_choropleth_reliability_benchmark/outputs/runs_iterative_repair/qwen2.5-coder_7b/rules/qwen2.5-coder_7b_rules_C007_wrong_column_guard_iter03_20260624_061742/map_static.png,False,0,missing_or_empty;low_thematic_color;low_map_ink;low_edge_detail,False,,,,False,,,,,,,3,static_png,,rules,,,C007_wrong_column_guard,missing_or_empty,False,qwen2.5-coder_32b,1,experiments/05_choropleth_reliability_benchmark/outputs/runs_iterative_repair/qwen2.5-coder_7b/rules/qwen2.5-coder_7b_rules_C007_wrong_column_guard_iter03_20260624_061742,,0,,,,False,,,,,,missing_or_empty,False,,,,experiments/05_choropleth_reliability_benchmark/outputs/generated_code_iterative_repair/qwen2.5-coder_32b/qwen2.5-coder_7b/rules/C007_wrong_column_guard_rules_iter03.py,qwen2.5-coder_7b,False,,,
time_series.png,experiments/05_choropleth_reliability_benchmark/outputs/runs_iterative_repair/qwen2.5-coder_7b/rules/qwen2.5-coder_7b_rules_C007_wrong_column_guard_iter03_20260624_061742/time_series.png,False,0,missing_or_empty;low_plot_ink;no_visible_line;low_edge_detail,False,,,,False,,,,,,,3,time_series_png,,rules,,,C007_wrong_column_guard,missing_or_empty,False,qwen2.5-coder_32b,1,experiments/05_choropleth_reliability_benchmark/outputs/runs_iterative_repair/qwen2.5-coder_7b/rules/qwen2.5-coder_7b_rules_C007_wrong_column_guard_iter03_20260624_061742,,0,,,,False,,,,,,missing_or_empty,False,,,,experiments/05_choropleth_reliability_benchmark/outputs/generated_code_iterative_repair/qwen2.5-coder_32b/qwen2.5-coder_7b/rules/C007_wrong_column_guard_rules_iter03.py,qwen2.5-coder_7b,False,,,
map_interactive.html,experiments/05_choropleth_reliability_benchmark/outputs/runs_iterative_repair/qwen2.5-coder_7b/rules/qwen2.5-coder_7b_rules_C007_wrong_column_guard_iter03_20260624_061742/map_interactive.html,False,0,missing_or_empty;html_not_rendered;low_rendered_map_ink;low_edge_detail,False,,,,False,,,,,missing,False,3,interactive_html,,rules,,,C007_wrong_column_guard,,,qwen2.5-coder_32b,1,experiments/05_choropleth_reliability_benchmark/outputs/runs_iterative_repair/qwen2.5-coder_7b/rules/qwen2.5-coder_7b_rules_C007_wrong_column_guard_iter03_20260624_061742,,0,,,,False,,,,,,missing_or_empty,False,,,,experiments/05_choropleth_reliability_benchmark/outputs/generated_code_iterative_repair/qwen2.5-coder_32b/qwen2.5-coder_7b/rules/C007_wrong_column_guard_rules_iter03.py,qwen2.5-coder_7b,False,,False,
map_static.png,experiments/05_choropleth_reliability_benchmark/outputs/runs_iterative_repair/qwen2.5-coder_7b/rules/qwen2.5-coder_7b_rules_C007_wrong_column_guard_iter03_20260624_230926/map_static.png,False,0,missing_or_empty;low_thematic_color;low_map_ink;low_edge_detail,False,,,,False,,,,,,,3,static_png,,rules,,,C007_wrong_column_guard,missing_or_empty,False,qwen2.5-coder_7b,1,experiments/05_choropleth_reliability_benchmark/outputs/runs_iterative_repair/qwen2.5-coder_7b/rules/qwen2.5-coder_7b_rules_C007_wrong_column_guard_iter03_20260624_230926,,0,,,,False,,,,,,missing_or_empty,False,,,,experiments/05_choropleth_reliability_benchmark/outputs/generated_code_iterative_repair/qwen2.5-coder_7b/qwen2.5-coder_7b/rules/C007_wrong_column_guard_rules_iter03.py,qwen2.5-coder_7b,False,,,
time_series.png,experiments/05_choropleth_reliability_benchmark/outputs/runs_iterative_repair/qwen2.5-coder_7b/rules/qwen2.5-coder_7b_rules_C007_wrong_column_guard_iter03_20260624_230926/time_series.png,False,0,missing_or_empty;low_plot_ink;no_visible_line;low_edge_detail,False,,,,False,,,,,,,3,time_series_png,,rules,,,C007_wrong_column_guard,missing_or_empty,False,qwen2.5-coder_7b,1,experiments/05_choropleth_reliability_benchmark/outputs/runs_iterative_repair/qwen2.5-coder_7b/rules/qwen2.5-coder_7b_rules_C007_wrong_column_guard_iter03_20260624_230926,,0,,,,False,,,,,,missing_or_empty,False,,,,experiments/05_choropleth_reliability_benchmark/outputs/generated_code_iterative_repair/qwen2.5-coder_7b/qwen2.5-coder_7b/rules/C007_wrong_column_guard_rules_iter03.py,qwen2.5-coder_7b,False,,,
map_interactive.html,experiments/05_choropleth_reliability_benchmark/outputs/runs_iterative_repair/qwen2.5-coder_7b/rules/qwen2.5-coder_7b_rules_C007_wrong_column_guard_iter03_20260624_230926/map_interactive.html,False,0,missing_or_empty;html_not_rendered;low_rendered_map_ink;low_edge_detail,False,,,,False,,,,,missing,False,3,interactive_html,,rules,,,C007_wrong_column_guard,,,qwen2.5-coder_7b,1,experiments/05_choropleth_reliability_benchmark/outputs/runs_iterative_repair/qwen2.5-coder_7b/rules/qwen2.5-coder_7b_rules_C007_wrong_column_guard_iter03_20260624_230926,,0,,,,False,,,,,,missing_or_empty,False,,,,experiments/05_choropleth_reliability_benchmark/outputs/generated_code_iterative_repair/qwen2.5-coder_7b/qwen2.5-coder_7b/rules/C007_wrong_column_guard_rules_iter03.py,qwen2.5-coder_7b,False,,False,
map_static.png,experiments/05_choropleth_reliability_benchmark/outputs/runs_iterative_repair/qwen2.5-coder_7b/rules/qwen2.5-coder_7b_rules_C007_wrong_column_guard_iter03_20260624_233308/map_static.png,False,0,missing_or_empty;low_thematic_color;low_map_ink;low_edge_detail,False,,,,False,,,,,,,3,static_png,,rules,,,C007_wrong_column_guard,missing_or_empty,False,qwen2.5-coder_14b,1,experiments/05_choropleth_reliability_benchmark/outputs/runs_iterative_repair/qwen2.5-coder_7b/rules/qwen2.5-coder_7b_rules_C007_wrong_column_guard_iter03_20260624_233308,,0,,,,False,,,,,,missing_or_empty,False,,,,experiments/05_choropleth_reliability_benchmark/outputs/generated_code_iterative_repair/qwen2.5-coder_14b/qwen2.5-coder_7b/rules/C007_wrong_column_guard_rules_iter03.py,qwen2.5-coder_7b,False,,,
time_series.png,experiments/05_choropleth_reliability_benchmark/outputs/runs_iterative_repair/qwen2.5-coder_7b/rules/qwen2.5-coder_7b_rules_C007_wrong_column_guard_iter03_20260624_233308/time_series.png,False,0,missing_or_empty;low_plot_ink;no_visible_line;low_edge_detail,False,,,,False,,,,,,,3,time_series_png,,rules,,,C007_wrong_column_guard,missing_or_empty,False,qwen2.5-coder_14b,1,experiments/05_choropleth_reliability_benchmark/outputs/runs_iterative_repair/qwen2.5-coder_7b/rules/qwen2.5-coder_7b_rules_C007_wrong_column_guard_iter03_20260624_233308,,0,,,,False,,,,,,missing_or_empty,False,,,,experiments/05_choropleth_reliability_benchmark/outputs/generated_code_iterative_repair/qwen2.5-coder_14b/qwen2.5-coder_7b/rules/C007_wrong_column_guard_rules_iter03.py,qwen2.5-coder_7b,False,,,
map_interactive.html,experiments/05_choropleth_reliability_benchmark/outputs/runs_iterative_repair/qwen2.5-coder_7b/rules/qwen2.5-coder_7b_rules_C007_wrong_column_guard_iter03_20260624_233308/map_interactive.html,False,0,missing_or_empty;html_not_rendered;low_rendered_map_ink;low_edge_detail,False,,,,False,,,,,missing,False,3,interactive_html,,rules,,,C007_wrong_column_guard,,,qwen2.5-coder_14b,1,experiments/05_choropleth_reliability_benchmark/outputs/runs_iterative_repair/qwen2.5-coder_7b/rules/qwen2.5-coder_7b_rules_C007_wrong_column_guard_iter03_20260624_233308,,0,,,,False,,,,,,missing_or_empty,False,,,,experiments/05_choropleth_reliability_benchmark/outputs/generated_code_iterative_repair/qwen2.5-coder_14b/qwen2.5-coder_7b/rules/C007_wrong_column_guard_rules_iter03.py,qwen2.5-coder_7b,False,,False,
map_static.png,experiments/05_choropleth_reliability_benchmark/outputs/runs_iterative_repair/qwen2.5-coder_7b/rules/qwen2.5-coder_7b_rules_C008_quantile_classes_iter01_20260624_051605/map_static.png,True,66513,,True,0.0067,255,6.101,True,,,,800,,,1,static_png,240.744,rules,0.9945,0.1391,C008_quantile_classes,,True,qwen2.5-coder_32b,0,experiments/05_choropleth_reliability_benchmark/outputs/runs_iterative_repair/qwen2.5-coder_7b/rules/qwen2.5-coder_7b_rules_C008_quantile_classes_iter01_20260624_051605,0.0540,66513,0.0067,255,6.101,True,800,240.744,0.9945,0.1391,,,True,0.0540,46,1000,experiments/05_choropleth_reliability_benchmark/outputs/generated_code_iterative_repair/qwen2.5-coder_32b/qwen2.5-coder_7b/rules/C008_quantile_classes_rules_iter01.py,qwen2.5-coder_7b,False,46,,1000
time_series.png,experiments/05_choropleth_reliability_benchmark/outputs/runs_iterative_repair/qwen2.5-coder_7b/rules/qwen2.5-coder_7b_rules_C008_quantile_classes_iter01_20260624_051605/time_series.png,False,0,missing_or_empty;low_plot_ink;no_visible_line;low_edge_detail,False,,,,False,,,,,,,1,time_series_png,,rules,,,C008_quantile_classes,missing_or_empty,False,qwen2.5-coder_32b,0,experiments/05_choropleth_reliability_benchmark/outputs/runs_iterative_repair/qwen2.5-coder_7b/rules/qwen2.5-coder_7b_rules_C008_quantile_classes_iter01_20260624_051605,,0,,,,False,,,,,,missing_or_empty,False,,,,experiments/05_choropleth_reliability_benchmark/outputs/generated_code_iterative_repair/qwen2.5-coder_32b/qwen2.5-coder_7b/rules/C008_quantile_classes_rules_iter01.py,qwen2.5-coder_7b,False,,,
map_interactive.html,experiments/05_choropleth_reliability_benchmark/outputs/runs_iterative_repair/qwen2.5-coder_7b/rules/qwen2.5-coder_7b_rules_C008_quantile_classes_iter01_20260624_051605/map_interactive.html,False,0,missing_or_empty;html_not_rendered;low_rendered_map_ink;low_edge_detail,False,,,,False,,,,,missing,False,1,interactive_html,,rules,,,C008_quantile_classes,,,qwen2.5-coder_32b,0,experiments/05_choropleth_reliability_benchmark/outputs/runs_iterative_repair/qwen2.5-coder_7b/rules/qwen2.5-coder_7b_rules_C008_quantile_classes_iter01_20260624_051605,,0,,,,False,,,,,,missing_or_empty,False,,,,experiments/05_choropleth_reliability_benchmark/outputs/generated_code_iterative_repair/qwen2.5-coder_32b/qwen2.5-coder_7b/rules/C008_quantile_classes_rules_iter01.py,qwen2.5-coder_7b,False,,False,
map_static.png,experiments/05_choropleth_reliability_benchmark/outputs/runs_iterative_repair/qwen2.5-coder_7b/rules/qwen2.5-coder_7b_rules_C008_quantile_classes_iter01_20260624_232830/map_static.png,False,0,missing_or_empty;low_thematic_color;low_map_ink;low_edge_detail,False,,,,False,,,,,,,1,static_png,,rules,,,C008_quantile_classes,missing_or_empty,False,qwen2.5-coder_7b,1,experiments/05_choropleth_reliability_benchmark/outputs/runs_iterative_repair/qwen2.5-coder_7b/rules/qwen2.5-coder_7b_rules_C008_quantile_classes_iter01_20260624_232830,,0,,,,False,,,,,,missing_or_empty,False,,,,experiments/05_choropleth_reliability_benchmark/outputs/generated_code_iterative_repair/qwen2.5-coder_7b/qwen2.5-coder_7b/rules/C008_quantile_classes_rules_iter01.py,qwen2.5-coder_7b,False,,,
time_series.png,experiments/05_choropleth_reliability_benchmark/outputs/runs_iterative_repair/qwen2.5-coder_7b/rules/qwen2.5-coder_7b_rules_C008_quantile_classes_iter01_20260624_232830/time_series.png,False,0,missing_or_empty;low_plot_ink;no_visible_line;low_edge_detail,False,,,,False,,,,,,,1,time_series_png,,rules,,,C008_quantile_classes,missing_or_empty,False,qwen2.5-coder_7b,1,experiments/05_choropleth_reliability_benchmark/outputs/runs_iterative_repair/qwen2.5-coder_7b/rules/qwen2.5-coder_7b_rules_C008_quantile_classes_iter01_20260624_232830,,0,,,,False,,,,,,missing_or_empty,False,,,,experiments/05_choropleth_reliability_benchmark/outputs/generated_code_iterative_repair/qwen2.5-coder_7b/qwen2.5-coder_7b/rules/C008_quantile_classes_rules_iter01.py,qwen2.5-coder_7b,False,,,
map_interactive.html,experiments/05_choropleth_reliability_benchmark/outputs/runs_iterative_repair/qwen2.5-coder_7b/rules/qwen2.5-coder_7b_rules_C008_quantile_classes_iter01_20260624_232830/map_interactive.html,False,0,missing_or_empty;html_not_rendered;low_rendered_map_ink;low_edge_detail,False,,,,False,,,,,missing,False,1,interactive_html,,rules,,,C008_quantile_classes,,,qwen2.5-coder_7b,1,experiments/05_choropleth_reliability_benchmark/outputs/runs_iterative_repair/qwen2.5-coder_7b/rules/qwen2.5-coder_7b_rules_C008_quantile_classes_iter01_20260624_232830,,0,,,,False,,,,,,missing_or_empty,False,,,,experiments/05_choropleth_reliability_benchmark/outputs/generated_code_iterative_repair/qwen2.5-coder_7b/qwen2.5-coder_7b/rules/C008_quantile_classes_rules_iter01.py,qwen2.5-coder_7b,False,,False,
map_static.png,experiments/05_choropleth_reliability_benchmark/outputs/runs_iterative_repair/qwen2.5-coder_7b/rules/qwen2.5-coder_7b_rules_C008_quantile_classes_iter01_20260625_000554/map_static.png,False,0,missing_or_empty;low_thematic_color;low_map_ink;low_edge_detail,False,,,,False,,,,,,,1,static_png,,rules,,,C008_quantile_classes,missing_or_empty,False,qwen2.5-coder_14b,1,experiments/05_choropleth_reliability_benchmark/outputs/runs_iterative_repair/qwen2.5-coder_7b/rules/qwen2.5-coder_7b_rules_C008_quantile_classes_iter01_20260625_000554,,0,,,,False,,,,,,missing_or_empty,False,,,,experiments/05_choropleth_reliability_benchmark/outputs/generated_code_iterative_repair/qwen2.5-coder_14b/qwen2.5-coder_7b/rules/C008_quantile_classes_rules_iter01.py,qwen2.5-coder_7b,False,,,
time_series.png,experiments/05_choropleth_reliability_benchmark/outputs/runs_iterative_repair/qwen2.5-coder_7b/rules/qwen2.5-coder_7b_rules_C008_quantile_classes_iter01_20260625_000554/time_series.png,False,0,missing_or_empty;low_plot_ink;no_visible_line;low_edge_detail,False,,,,False,,,,,,,1,time_series_png,,rules,,,C008_quantile_classes,missing_or_empty,False,qwen2.5-coder_14b,1,experiments/05_choropleth_reliability_benchmark/outputs/runs_iterative_repair/qwen2.5-coder_7b/rules/qwen2.5-coder_7b_rules_C008_quantile_classes_iter01_20260625_000554,,0,,,,False,,,,,,missing_or_empty,False,,,,experiments/05_choropleth_reliability_benchmark/outputs/generated_code_iterative_repair/qwen2.5-coder_14b/qwen2.5-coder_7b/rules/C008_quantile_classes_rules_iter01.py,qwen2.5-coder_7b,False,,,
map_interactive.html,experiments/05_choropleth_reliability_benchmark/outputs/runs_iterative_repair/qwen2.5-coder_7b/rules/qwen2.5-coder_7b_rules_C008_quantile_classes_iter01_20260625_000554/map_interactive.html,False,0,missing_or_empty;html_not_rendered;low_rendered_map_ink;low_edge_detail,False,,,,False,,,,,missing,False,1,interactive_html,,rules,,,C008_quantile_classes,,,qwen2.5-coder_14b,1,experiments/05_choropleth_reliability_benchmark/outputs/runs_iterative_repair/qwen2.5-coder_7b/rules/qwen2.5-coder_7b_rules_C008_quantile_classes_iter01_20260625_000554,,0,,,,False,,,,,,missing_or_empty,False,,,,experiments/05_choropleth_reliability_benchmark/outputs/generated_code_iterative_repair/qwen2.5-coder_14b/qwen2.5-coder_7b/rules/C008_quantile_classes_rules_iter01.py,qwen2.5-coder_7b,False,,False,
map_static.png,experiments/05_choropleth_reliability_benchmark/outputs/runs_iterative_repair/qwen2.5-coder_7b/rules/qwen2.5-coder_7b_rules_C008_quantile_classes_iter02_20260624_232841/map_static.png,False,0,missing_or_empty;low_thematic_color;low_map_ink;low_edge_detail,False,,,,False,,,,,,,2,static_png,,rules,,,C008_quantile_classes,missing_or_empty,False,qwen2.5-coder_7b,1,experiments/05_choropleth_reliability_benchmark/outputs/runs_iterative_repair/qwen2.5-coder_7b/rules/qwen2.5-coder_7b_rules_C008_quantile_classes_iter02_20260624_232841,,0,,,,False,,,,,,missing_or_empty,False,,,,experiments/05_choropleth_reliability_benchmark/outputs/generated_code_iterative_repair/qwen2.5-coder_7b/qwen2.5-coder_7b/rules/C008_quantile_classes_rules_iter02.py,qwen2.5-coder_7b,False,,,
time_series.png,experiments/05_choropleth_reliability_benchmark/outputs/runs_iterative_repair/qwen2.5-coder_7b/rules/qwen2.5-coder_7b_rules_C008_quantile_classes_iter02_20260624_232841/time_series.png,False,0,missing_or_empty;low_plot_ink;no_visible_line;low_edge_detail,False,,,,False,,,,,,,2,time_series_png,,rules,,,C008_quantile_classes,missing_or_empty,False,qwen2.5-coder_7b,1,experiments/05_choropleth_reliability_benchmark/outputs/runs_iterative_repair/qwen2.5-coder_7b/rules/qwen2.5-coder_7b_rules_C008_quantile_classes_iter02_20260624_232841,,0,,,,False,,,,,,missing_or_empty,False,,,,experiments/05_choropleth_reliability_benchmark/outputs/generated_code_iterative_repair/qwen2.5-coder_7b/qwen2.5-coder_7b/rules/C008_quantile_classes_rules_iter02.py,qwen2.5-coder_7b,False,,,
map_interactive.html,experiments/05_choropleth_reliability_benchmark/outputs/runs_iterative_repair/qwen2.5-coder_7b/rules/qwen2.5-coder_7b_rules_C008_quantile_classes_iter02_20260624_232841/map_interactive.html,False,0,missing_or_empty;html_not_rendered;low_rendered_map_ink;low_edge_detail,False,,,,False,,,,,missing,False,2,interactive_html,,rules,,,C008_quantile_classes,,,qwen2.5-coder_7b,1,experiments/05_choropleth_reliability_benchmark/outputs/runs_iterative_repair/qwen2.5-coder_7b/rules/qwen2.5-coder_7b_rules_C008_quantile_classes_iter02_20260624_232841,,0,,,,False,,,,,,missing_or_empty,False,,,,experiments/05_choropleth_reliability_benchmark/outputs/generated_code_iterative_repair/qwen2.5-coder_7b/qwen2.5-coder_7b/rules/C008_quantile_classes_rules_iter02.py,qwen2.5-coder_7b,False,,False,
map_static.png,experiments/05_choropleth_reliability_benchmark/outputs/runs_iterative_repair/qwen2.5-coder_7b/rules/qwen2.5-coder_7b_rules_C008_quantile_classes_iter02_20260625_000620/map_static.png,False,0,missing_or_empty;low_thematic_color;low_map_ink;low_edge_detail,False,,,,False,,,,,,,2,static_png,,rules,,,C008_quantile_classes,missing_or_empty,False,qwen2.5-coder_14b,1,experiments/05_choropleth_reliability_benchmark/outputs/runs_iterative_repair/qwen2.5-coder_7b/rules/qwen2.5-coder_7b_rules_C008_quantile_classes_iter02_20260625_000620,,0,,,,False,,,,,,missing_or_empty,False,,,,experiments/05_choropleth_reliability_benchmark/outputs/generated_code_iterative_repair/qwen2.5-coder_14b/qwen2.5-coder_7b/rules/C008_quantile_classes_rules_iter02.py,qwen2.5-coder_7b,False,,,
time_series.png,experiments/05_choropleth_reliability_benchmark/outputs/runs_iterative_repair/qwen2.5-coder_7b/rules/qwen2.5-coder_7b_rules_C008_quantile_classes_iter02_20260625_000620/time_series.png,False,0,missing_or_empty;low_plot_ink;no_visible_line;low_edge_detail,False,,,,False,,,,,,,2,time_series_png,,rules,,,C008_quantile_classes,missing_or_empty,False,qwen2.5-coder_14b,1,experiments/05_choropleth_reliability_benchmark/outputs/runs_iterative_repair/qwen2.5-coder_7b/rules/qwen2.5-coder_7b_rules_C008_quantile_classes_iter02_20260625_000620,,0,,,,False,,,,,,missing_or_empty,False,,,,experiments/05_choropleth_reliability_benchmark/outputs/generated_code_iterative_repair/qwen2.5-coder_14b/qwen2.5-coder_7b/rules/C008_quantile_classes_rules_iter02.py,qwen2.5-coder_7b,False,,,
map_interactive.html,experiments/05_choropleth_reliability_benchmark/outputs/runs_iterative_repair/qwen2.5-coder_7b/rules/qwen2.5-coder_7b_rules_C008_quantile_classes_iter02_20260625_000620/map_interactive.html,False,0,missing_or_empty;html_not_rendered;low_rendered_map_ink;low_edge_detail,False,,,,False,,,,,missing,False,2,interactive_html,,rules,,,C008_quantile_classes,,,qwen2.5-coder_14b,1,experiments/05_choropleth_reliability_benchmark/outputs/runs_iterative_repair/qwen2.5-coder_7b/rules/qwen2.5-coder_7b_rules_C008_quantile_classes_iter02_20260625_000620,,0,,,,False,,,,,,missing_or_empty,False,,,,experiments/05_choropleth_reliability_benchmark/outputs/generated_code_iterative_repair/qwen2.5-coder_14b/qwen2.5-coder_7b/rules/C008_quantile_classes_rules_iter02.py,qwen2.5-coder_7b,False,,False,
map_static.png,experiments/05_choropleth_reliability_benchmark/outputs/runs_iterative_repair/qwen2.5-coder_7b/rules/qwen2.5-coder_7b_rules_C008_quantile_classes_iter03_20260624_232853/map_static.png,False,0,missing_or_empty;low_thematic_color;low_map_ink;low_edge_detail,False,,,,False,,,,,,,3,static_png,,rules,,,C008_quantile_classes,missing_or_empty,False,qwen2.5-coder_7b,1,experiments/05_choropleth_reliability_benchmark/outputs/runs_iterative_repair/qwen2.5-coder_7b/rules/qwen2.5-coder_7b_rules_C008_quantile_classes_iter03_20260624_232853,,0,,,,False,,,,,,missing_or_empty,False,,,,experiments/05_choropleth_reliability_benchmark/outputs/generated_code_iterative_repair/qwen2.5-coder_7b/qwen2.5-coder_7b/rules/C008_quantile_classes_rules_iter03.py,qwen2.5-coder_7b,False,,,
time_series.png,experiments/05_choropleth_reliability_benchmark/outputs/runs_iterative_repair/qwen2.5-coder_7b/rules/qwen2.5-coder_7b_rules_C008_quantile_classes_iter03_20260624_232853/time_series.png,False,0,missing_or_empty;low_plot_ink;no_visible_line;low_edge_detail,False,,,,False,,,,,,,3,time_series_png,,rules,,,C008_quantile_classes,missing_or_empty,False,qwen2.5-coder_7b,1,experiments/05_choropleth_reliability_benchmark/outputs/runs_iterative_repair/qwen2.5-coder_7b/rules/qwen2.5-coder_7b_rules_C008_quantile_classes_iter03_20260624_232853,,0,,,,False,,,,,,missing_or_empty,False,,,,experiments/05_choropleth_reliability_benchmark/outputs/generated_code_iterative_repair/qwen2.5-coder_7b/qwen2.5-coder_7b/rules/C008_quantile_classes_rules_iter03.py,qwen2.5-coder_7b,False,,,
map_interactive.html,experiments/05_choropleth_reliability_benchmark/outputs/runs_iterative_repair/qwen2.5-coder_7b/rules/qwen2.5-coder_7b_rules_C008_quantile_classes_iter03_20260624_232853/map_interactive.html,False,0,missing_or_empty;html_not_rendered;low_rendered_map_ink;low_edge_detail,False,,,,False,,,,,missing,False,3,interactive_html,,rules,,,C008_quantile_classes,,,qwen2.5-coder_7b,1,experiments/05_choropleth_reliability_benchmark/outputs/runs_iterative_repair/qwen2.5-coder_7b/rules/qwen2.5-coder_7b_rules_C008_quantile_classes_iter03_20260624_232853,,0,,,,False,,,,,,missing_or_empty,False,,,,experiments/05_choropleth_reliability_benchmark/outputs/generated_code_iterative_repair/qwen2.5-coder_7b/qwen2.5-coder_7b/rules/C008_quantile_classes_rules_iter03.py,qwen2.5-coder_7b,False,,False,
map_static.png,experiments/05_choropleth_reliability_benchmark/outputs/runs_iterative_repair/qwen2.5-coder_7b/rules/qwen2.5-coder_7b_rules_C008_quantile_classes_iter03_20260625_000645/map_static.png,False,0,missing_or_empty;low_thematic_color;low_map_ink;low_edge_detail,False,,,,False,,,,,,,3,static_png,,rules,,,C008_quantile_classes,missing_or_empty,False,qwen2.5-coder_14b,1,experiments/05_choropleth_reliability_benchmark/outputs/runs_iterative_repair/qwen2.5-coder_7b/rules/qwen2.5-coder_7b_rules_C008_quantile_classes_iter03_20260625_000645,,0,,,,False,,,,,,missing_or_empty,False,,,,experiments/05_choropleth_reliability_benchmark/outputs/generated_code_iterative_repair/qwen2.5-coder_14b/qwen2.5-coder_7b/rules/C008_quantile_classes_rules_iter03.py,qwen2.5-coder_7b,False,,,
time_series.png,experiments/05_choropleth_reliability_benchmark/outputs/runs_iterative_repair/qwen2.5-coder_7b/rules/qwen2.5-coder_7b_rules_C008_quantile_classes_iter03_20260625_000645/time_series.png,False,0,missing_or_empty;low_plot_ink;no_visible_line;low_edge_detail,False,,,,False,,,,,,,3,time_series_png,,rules,,,C008_quantile_classes,missing_or_empty,False,qwen2.5-coder_14b,1,experiments/05_choropleth_reliability_benchmark/outputs/runs_iterative_repair/qwen2.5-coder_7b/rules/qwen2.5-coder_7b_rules_C008_quantile_classes_iter03_20260625_000645,,0,,,,False,,,,,,missing_or_empty,False,,,,experiments/05_choropleth_reliability_benchmark/outputs/generated_code_iterative_repair/qwen2.5-coder_14b/qwen2.5-coder_7b/rules/C008_quantile_classes_rules_iter03.py,qwen2.5-coder_7b,False,,,
map_interactive.html,experiments/05_choropleth_reliability_benchmark/outputs/runs_iterative_repair/qwen2.5-coder_7b/rules/qwen2.5-coder_7b_rules_C008_quantile_classes_iter03_20260625_000645/map_interactive.html,False,0,missing_or_empty;html_not_rendered;low_rendered_map_ink;low_edge_detail,False,,,,False,,,,,missing,False,3,interactive_html,,rules,,,C008_quantile_classes,,,qwen2.5-coder_14b,1,experiments/05_choropleth_reliability_benchmark/outputs/runs_iterative_repair/qwen2.5-coder_7b/rules/qwen2.5-coder_7b_rules_C008_quantile_classes_iter03_20260625_000645,,0,,,,False,,,,,,missing_or_empty,False,,,,experiments/05_choropleth_reliability_benchmark/outputs/generated_code_iterative_repair/qwen2.5-coder_14b/qwen2.5-coder_7b/rules/C008_quantile_classes_rules_iter03.py,qwen2.5-coder_7b,False,,False,
map_static.png,experiments/05_choropleth_reliability_benchmark/outputs/runs_iterative_repair/qwen2.5-coder_7b/rules/qwen2.5-coder_7b_rules_C009_colorblind_safe_iter01_20260624_050109/map_static.png,False,0,missing_or_empty;low_thematic_color;low_map_ink;low_edge_detail,False,,,,False,,,,,,,1,static_png,,rules,,,C009_colorblind_safe,missing_or_empty,False,qwen2.5-coder_32b,1,experiments/05_choropleth_reliability_benchmark/outputs/runs_iterative_repair/qwen2.5-coder_7b/rules/qwen2.5-coder_7b_rules_C009_colorblind_safe_iter01_20260624_050109,,0,,,,False,,,,,,missing_or_empty,False,,,,experiments/05_choropleth_reliability_benchmark/outputs/generated_code_iterative_repair/qwen2.5-coder_32b/qwen2.5-coder_7b/rules/C009_colorblind_safe_rules_iter01.py,qwen2.5-coder_7b,False,,,
time_series.png,experiments/05_choropleth_reliability_benchmark/outputs/runs_iterative_repair/qwen2.5-coder_7b/rules/qwen2.5-coder_7b_rules_C009_colorblind_safe_iter01_20260624_050109/time_series.png,False,0,missing_or_empty;low_plot_ink;no_visible_line;low_edge_detail,False,,,,False,,,,,,,1,time_series_png,,rules,,,C009_colorblind_safe,missing_or_empty,False,qwen2.5-coder_32b,1,experiments/05_choropleth_reliability_benchmark/outputs/runs_iterative_repair/qwen2.5-coder_7b/rules/qwen2.5-coder_7b_rules_C009_colorblind_safe_iter01_20260624_050109,,0,,,,False,,,,,,missing_or_empty,False,,,,experiments/05_choropleth_reliability_benchmark/outputs/generated_code_iterative_repair/qwen2.5-coder_32b/qwen2.5-coder_7b/rules/C009_colorblind_safe_rules_iter01.py,qwen2.5-coder_7b,False,,,
map_interactive.html,experiments/05_choropleth_reliability_benchmark/outputs/runs_iterative_repair/qwen2.5-coder_7b/rules/qwen2.5-coder_7b_rules_C009_colorblind_safe_iter01_20260624_050109/map_interactive.html,False,0,missing_or_empty;html_not_rendered;low_rendered_map_ink;low_edge_detail,False,,,,False,,,,,missing,False,1,interactive_html,,rules,,,C009_colorblind_safe,,,qwen2.5-coder_32b,1,experiments/05_choropleth_reliability_benchmark/outputs/runs_iterative_repair/qwen2.5-coder_7b/rules/qwen2.5-coder_7b_rules_C009_colorblind_safe_iter01_20260624_050109,,0,,,,False,,,,,,missing_or_empty,False,,,,experiments/05_choropleth_reliability_benchmark/outputs/generated_code_iterative_repair/qwen2.5-coder_32b/qwen2.5-coder_7b/rules/C009_colorblind_safe_rules_iter01.py,qwen2.5-coder_7b,False,,False,
map_static.png,experiments/05_choropleth_reliability_benchmark/outputs/runs_iterative_repair/qwen2.5-coder_7b/rules/qwen2.5-coder_7b_rules_C009_colorblind_safe_iter01_20260624_232256/map_static.png,False,0,missing_or_empty;low_thematic_color;low_map_ink;low_edge_detail,False,,,,False,,,,,,,1,static_png,,rules,,,C009_colorblind_safe,missing_or_empty,False,qwen2.5-coder_7b,1,experiments/05_choropleth_reliability_benchmark/outputs/runs_iterative_repair/qwen2.5-coder_7b/rules/qwen2.5-coder_7b_rules_C009_colorblind_safe_iter01_20260624_232256,,0,,,,False,,,,,,missing_or_empty,False,,,,experiments/05_choropleth_reliability_benchmark/outputs/generated_code_iterative_repair/qwen2.5-coder_7b/qwen2.5-coder_7b/rules/C009_colorblind_safe_rules_iter01.py,qwen2.5-coder_7b,False,,,
time_series.png,experiments/05_choropleth_reliability_benchmark/outputs/runs_iterative_repair/qwen2.5-coder_7b/rules/qwen2.5-coder_7b_rules_C009_colorblind_safe_iter01_20260624_232256/time_series.png,False,0,missing_or_empty;low_plot_ink;no_visible_line;low_edge_detail,False,,,,False,,,,,,,1,time_series_png,,rules,,,C009_colorblind_safe,missing_or_empty,False,qwen2.5-coder_7b,1,experiments/05_choropleth_reliability_benchmark/outputs/runs_iterative_repair/qwen2.5-coder_7b/rules/qwen2.5-coder_7b_rules_C009_colorblind_safe_iter01_20260624_232256,,0,,,,False,,,,,,missing_or_empty,False,,,,experiments/05_choropleth_reliability_benchmark/outputs/generated_code_iterative_repair/qwen2.5-coder_7b/qwen2.5-coder_7b/rules/C009_colorblind_safe_rules_iter01.py,qwen2.5-coder_7b,False,,,
map_interactive.html,experiments/05_choropleth_reliability_benchmark/outputs/runs_iterative_repair/qwen2.5-coder_7b/rules/qwen2.5-coder_7b_rules_C009_colorblind_safe_iter01_20260624_232256/map_interactive.html,False,0,missing_or_empty;html_not_rendered;low_rendered_map_ink;low_edge_detail,False,,,,False,,,,,missing,False,1,interactive_html,,rules,,,C009_colorblind_safe,,,qwen2.5-coder_7b,1,experiments/05_choropleth_reliability_benchmark/outputs/runs_iterative_repair/qwen2.5-coder_7b/rules/qwen2.5-coder_7b_rules_C009_colorblind_safe_iter01_20260624_232256,,0,,,,False,,,,,,missing_or_empty,False,,,,experiments/05_choropleth_reliability_benchmark/outputs/generated_code_iterative_repair/qwen2.5-coder_7b/qwen2.5-coder_7b/rules/C009_colorblind_safe_rules_iter01.py,qwen2.5-coder_7b,False,,False,
map_static.png,experiments/05_choropleth_reliability_benchmark/outputs/runs_iterative_repair/qwen2.5-coder_7b/rules/qwen2.5-coder_7b_rules_C009_colorblind_safe_iter01_20260624_235801/map_static.png,False,0,missing_or_empty;low_thematic_color;low_map_ink;low_edge_detail,False,,,,False,,,,,,,1,static_png,,rules,,,C009_colorblind_safe,missing_or_empty,False,qwen2.5-coder_14b,1,experiments/05_choropleth_reliability_benchmark/outputs/runs_iterative_repair/qwen2.5-coder_7b/rules/qwen2.5-coder_7b_rules_C009_colorblind_safe_iter01_20260624_235801,,0,,,,False,,,,,,missing_or_empty,False,,,,experiments/05_choropleth_reliability_benchmark/outputs/generated_code_iterative_repair/qwen2.5-coder_14b/qwen2.5-coder_7b/rules/C009_colorblind_safe_rules_iter01.py,qwen2.5-coder_7b,False,,,
time_series.png,experiments/05_choropleth_reliability_benchmark/outputs/runs_iterative_repair/qwen2.5-coder_7b/rules/qwen2.5-coder_7b_rules_C009_colorblind_safe_iter01_20260624_235801/time_series.png,False,0,missing_or_empty;low_plot_ink;no_visible_line;low_edge_detail,False,,,,False,,,,,,,1,time_series_png,,rules,,,C009_colorblind_safe,missing_or_empty,False,qwen2.5-coder_14b,1,experiments/05_choropleth_reliability_benchmark/outputs/runs_iterative_repair/qwen2.5-coder_7b/rules/qwen2.5-coder_7b_rules_C009_colorblind_safe_iter01_20260624_235801,,0,,,,False,,,,,,missing_or_empty,False,,,,experiments/05_choropleth_reliability_benchmark/outputs/generated_code_iterative_repair/qwen2.5-coder_14b/qwen2.5-coder_7b/rules/C009_colorblind_safe_rules_iter01.py,qwen2.5-coder_7b,False,,,
map_interactive.html,experiments/05_choropleth_reliability_benchmark/outputs/runs_iterative_repair/qwen2.5-coder_7b/rules/qwen2.5-coder_7b_rules_C009_colorblind_safe_iter01_20260624_235801/map_interactive.html,False,0,missing_or_empty;html_not_rendered;low_rendered_map_ink;low_edge_detail,False,,,,False,,,,,missing,False,1,interactive_html,,rules,,,C009_colorblind_safe,,,qwen2.5-coder_14b,1,experiments/05_choropleth_reliability_benchmark/outputs/runs_iterative_repair/qwen2.5-coder_7b/rules/qwen2.5-coder_7b_rules_C009_colorblind_safe_iter01_20260624_235801,,0,,,,False,,,,,,missing_or_empty,False,,,,experiments/05_choropleth_reliability_benchmark/outputs/generated_code_iterative_repair/qwen2.5-coder_14b/qwen2.5-coder_7b/rules/C009_colorblind_safe_rules_iter01.py,qwen2.5-coder_7b,False,,False,
map_static.png,experiments/05_choropleth_reliability_benchmark/outputs/runs_iterative_repair/qwen2.5-coder_7b/rules/qwen2.5-coder_7b_rules_C009_colorblind_safe_iter02_20260624_050210/map_static.png,True,299370,,True,0.0087,255,3.484,True,,,,2433,,,2,static_png,212.783,rules,0.9923,0.3583,C009_colorblind_safe,,True,qwen2.5-coder_32b,0,experiments/05_choropleth_reliability_benchmark/outputs/runs_iterative_repair/qwen2.5-coder_7b/rules/qwen2.5-coder_7b_rules_C009_colorblind_safe_iter02_20260624_050210,0.3298,299370,0.0087,255,3.484,True,2433,212.783,0.9923,0.3583,,,True,0.3298,61,1718,experiments/05_choropleth_reliability_benchmark/outputs/generated_code_iterative_repair/qwen2.5-coder_32b/qwen2.5-coder_7b/rules/C009_colorblind_safe_rules_iter02.py,qwen2.5-coder_7b,False,61,,1718
time_series.png,experiments/05_choropleth_reliability_benchmark/outputs/runs_iterative_repair/qwen2.5-coder_7b/rules/qwen2.5-coder_7b_rules_C009_colorblind_safe_iter02_20260624_050210/time_series.png,False,0,missing_or_empty;low_plot_ink;no_visible_line;low_edge_detail,False,,,,False,,,,,,,2,time_series_png,,rules,,,C009_colorblind_safe,missing_or_empty,False,qwen2.5-coder_32b,0,experiments/05_choropleth_reliability_benchmark/outputs/runs_iterative_repair/qwen2.5-coder_7b/rules/qwen2.5-coder_7b_rules_C009_colorblind_safe_iter02_20260624_050210,,0,,,,False,,,,,,missing_or_empty,False,,,,experiments/05_choropleth_reliability_benchmark/outputs/generated_code_iterative_repair/qwen2.5-coder_32b/qwen2.5-coder_7b/rules/C009_colorblind_safe_rules_iter02.py,qwen2.5-coder_7b,False,,,
map_interactive.html,experiments/05_choropleth_reliability_benchmark/outputs/runs_iterative_repair/qwen2.5-coder_7b/rules/qwen2.5-coder_7b_rules_C009_colorblind_safe_iter02_20260624_050210/map_interactive.html,False,0,missing_or_empty;html_not_rendered;low_rendered_map_ink;low_edge_detail,False,,,,False,,,,,missing,False,2,interactive_html,,rules,,,C009_colorblind_safe,,,qwen2.5-coder_32b,0,experiments/05_choropleth_reliability_benchmark/outputs/runs_iterative_repair/qwen2.5-coder_7b/rules/qwen2.5-coder_7b_rules_C009_colorblind_safe_iter02_20260624_050210,,0,,,,False,,,,,,missing_or_empty,False,,,,experiments/05_choropleth_reliability_benchmark/outputs/generated_code_iterative_repair/qwen2.5-coder_32b/qwen2.5-coder_7b/rules/C009_colorblind_safe_rules_iter02.py,qwen2.5-coder_7b,False,,False,
map_static.png,experiments/05_choropleth_reliability_benchmark/outputs/runs_iterative_repair/qwen2.5-coder_7b/rules/qwen2.5-coder_7b_rules_C009_colorblind_safe_iter02_20260624_232309/map_static.png,False,0,missing_or_empty;low_thematic_color;low_map_ink;low_edge_detail,False,,,,False,,,,,,,2,static_png,,rules,,,C009_colorblind_safe,missing_or_empty,False,qwen2.5-coder_7b,1,experiments/05_choropleth_reliability_benchmark/outputs/runs_iterative_repair/qwen2.5-coder_7b/rules/qwen2.5-coder_7b_rules_C009_colorblind_safe_iter02_20260624_232309,,0,,,,False,,,,,,missing_or_empty,False,,,,experiments/05_choropleth_reliability_benchmark/outputs/generated_code_iterative_repair/qwen2.5-coder_7b/qwen2.5-coder_7b/rules/C009_colorblind_safe_rules_iter02.py,qwen2.5-coder_7b,False,,,
time_series.png,experiments/05_choropleth_reliability_benchmark/outputs/runs_iterative_repair/qwen2.5-coder_7b/rules/qwen2.5-coder_7b_rules_C009_colorblind_safe_iter02_20260624_232309/time_series.png,False,0,missing_or_empty;low_plot_ink;no_visible_line;low_edge_detail,False,,,,False,,,,,,,2,time_series_png,,rules,,,C009_colorblind_safe,missing_or_empty,False,qwen2.5-coder_7b,1,experiments/05_choropleth_reliability_benchmark/outputs/runs_iterative_repair/qwen2.5-coder_7b/rules/qwen2.5-coder_7b_rules_C009_colorblind_safe_iter02_20260624_232309,,0,,,,False,,,,,,missing_or_empty,False,,,,experiments/05_choropleth_reliability_benchmark/outputs/generated_code_iterative_repair/qwen2.5-coder_7b/qwen2.5-coder_7b/rules/C009_colorblind_safe_rules_iter02.py,qwen2.5-coder_7b,False,,,
map_interactive.html,experiments/05_choropleth_reliability_benchmark/outputs/runs_iterative_repair/qwen2.5-coder_7b/rules/qwen2.5-coder_7b_rules_C009_colorblind_safe_iter02_20260624_232309/map_interactive.html,False,0,missing_or_empty;html_not_rendered;low_rendered_map_ink;low_edge_detail,False,,,,False,,,,,missing,False,2,interactive_html,,rules,,,C009_colorblind_safe,,,qwen2.5-coder_7b,1,experiments/05_choropleth_reliability_benchmark/outputs/runs_iterative_repair/qwen2.5-coder_7b/rules/qwen2.5-coder_7b_rules_C009_colorblind_safe_iter02_20260624_232309,,0,,,,False,,,,,,missing_or_empty,False,,,,experiments/05_choropleth_reliability_benchmark/outputs/generated_code_iterative_repair/qwen2.5-coder_7b/qwen2.5-coder_7b/rules/C009_colorblind_safe_rules_iter02.py,qwen2.5-coder_7b,False,,False,
map_static.png,experiments/05_choropleth_reliability_benchmark/outputs/runs_iterative_repair/qwen2.5-coder_7b/rules/qwen2.5-coder_7b_rules_C009_colorblind_safe_iter02_20260624_235823/map_static.png,False,0,missing_or_empty;low_thematic_color;low_map_ink;low_edge_detail,False,,,,False,,,,,,,2,static_png,,rules,,,C009_colorblind_safe,missing_or_empty,False,qwen2.5-coder_14b,1,experiments/05_choropleth_reliability_benchmark/outputs/runs_iterative_repair/qwen2.5-coder_7b/rules/qwen2.5-coder_7b_rules_C009_colorblind_safe_iter02_20260624_235823,,0,,,,False,,,,,,missing_or_empty,False,,,,experiments/05_choropleth_reliability_benchmark/outputs/generated_code_iterative_repair/qwen2.5-coder_14b/qwen2.5-coder_7b/rules/C009_colorblind_safe_rules_iter02.py,qwen2.5-coder_7b,False,,,
time_series.png,experiments/05_choropleth_reliability_benchmark/outputs/runs_iterative_repair/qwen2.5-coder_7b/rules/qwen2.5-coder_7b_rules_C009_colorblind_safe_iter02_20260624_235823/time_series.png,False,0,missing_or_empty;low_plot_ink;no_visible_line;low_edge_detail,False,,,,False,,,,,,,2,time_series_png,,rules,,,C009_colorblind_safe,missing_or_empty,False,qwen2.5-coder_14b,1,experiments/05_choropleth_reliability_benchmark/outputs/runs_iterative_repair/qwen2.5-coder_7b/rules/qwen2.5-coder_7b_rules_C009_colorblind_safe_iter02_20260624_235823,,0,,,,False,,,,,,missing_or_empty,False,,,,experiments/05_choropleth_reliability_benchmark/outputs/generated_code_iterative_repair/qwen2.5-coder_14b/qwen2.5-coder_7b/rules/C009_colorblind_safe_rules_iter02.py,qwen2.5-coder_7b,False,,,
map_interactive.html,experiments/05_choropleth_reliability_benchmark/outputs/runs_iterative_repair/qwen2.5-coder_7b/rules/qwen2.5-coder_7b_rules_C009_colorblind_safe_iter02_20260624_235823/map_interactive.html,False,0,missing_or_empty;html_not_rendered;low_rendered_map_ink;low_edge_detail,False,,,,False,,,,,missing,False,2,interactive_html,,rules,,,C009_colorblind_safe,,,qwen2.5-coder_14b,1,experiments/05_choropleth_reliability_benchmark/outputs/runs_iterative_repair/qwen2.5-coder_7b/rules/qwen2.5-coder_7b_rules_C009_colorblind_safe_iter02_20260624_235823,,0,,,,False,,,,,,missing_or_empty,False,,,,experiments/05_choropleth_reliability_benchmark/outputs/generated_code_iterative_repair/qwen2.5-coder_14b/qwen2.5-coder_7b/rules/C009_colorblind_safe_rules_iter02.py,qwen2.5-coder_7b,False,,False,
map_static.png,experiments/05_choropleth_reliability_benchmark/outputs/runs_iterative_repair/qwen2.5-coder_7b/rules/qwen2.5-coder_7b_rules_C009_colorblind_safe_iter03_20260624_232322/map_static.png,False,0,missing_or_empty;low_thematic_color;low_map_ink;low_edge_detail,False,,,,False,,,,,,,3,static_png,,rules,,,C009_colorblind_safe,missing_or_empty,False,qwen2.5-coder_7b,1,experiments/05_choropleth_reliability_benchmark/outputs/runs_iterative_repair/qwen2.5-coder_7b/rules/qwen2.5-coder_7b_rules_C009_colorblind_safe_iter03_20260624_232322,,0,,,,False,,,,,,missing_or_empty,False,,,,experiments/05_choropleth_reliability_benchmark/outputs/generated_code_iterative_repair/qwen2.5-coder_7b/qwen2.5-coder_7b/rules/C009_colorblind_safe_rules_iter03.py,qwen2.5-coder_7b,False,,,
time_series.png,experiments/05_choropleth_reliability_benchmark/outputs/runs_iterative_repair/qwen2.5-coder_7b/rules/qwen2.5-coder_7b_rules_C009_colorblind_safe_iter03_20260624_232322/time_series.png,False,0,missing_or_empty;low_plot_ink;no_visible_line;low_edge_detail,False,,,,False,,,,,,,3,time_series_png,,rules,,,C009_colorblind_safe,missing_or_empty,False,qwen2.5-coder_7b,1,experiments/05_choropleth_reliability_benchmark/outputs/runs_iterative_repair/qwen2.5-coder_7b/rules/qwen2.5-coder_7b_rules_C009_colorblind_safe_iter03_20260624_232322,,0,,,,False,,,,,,missing_or_empty,False,,,,experiments/05_choropleth_reliability_benchmark/outputs/generated_code_iterative_repair/qwen2.5-coder_7b/qwen2.5-coder_7b/rules/C009_colorblind_safe_rules_iter03.py,qwen2.5-coder_7b,False,,,
map_interactive.html,experiments/05_choropleth_reliability_benchmark/outputs/runs_iterative_repair/qwen2.5-coder_7b/rules/qwen2.5-coder_7b_rules_C009_colorblind_safe_iter03_20260624_232322/map_interactive.html,False,0,missing_or_empty;html_not_rendered;low_rendered_map_ink;low_edge_detail,False,,,,False,,,,,missing,False,3,interactive_html,,rules,,,C009_colorblind_safe,,,qwen2.5-coder_7b,1,experiments/05_choropleth_reliability_benchmark/outputs/runs_iterative_repair/qwen2.5-coder_7b/rules/qwen2.5-coder_7b_rules_C009_colorblind_safe_iter03_20260624_232322,,0,,,,False,,,,,,missing_or_empty,False,,,,experiments/05_choropleth_reliability_benchmark/outputs/generated_code_iterative_repair/qwen2.5-coder_7b/qwen2.5-coder_7b/rules/C009_colorblind_safe_rules_iter03.py,qwen2.5-coder_7b,False,,False,
map_static.png,experiments/05_choropleth_reliability_benchmark/outputs/runs_iterative_repair/qwen2.5-coder_7b/rules/qwen2.5-coder_7b_rules_C009_colorblind_safe_iter03_20260624_235845/map_static.png,False,0,missing_or_empty;low_thematic_color;low_map_ink;low_edge_detail,False,,,,False,,,,,,,3,static_png,,rules,,,C009_colorblind_safe,missing_or_empty,False,qwen2.5-coder_14b,1,experiments/05_choropleth_reliability_benchmark/outputs/runs_iterative_repair/qwen2.5-coder_7b/rules/qwen2.5-coder_7b_rules_C009_colorblind_safe_iter03_20260624_235845,,0,,,,False,,,,,,missing_or_empty,False,,,,experiments/05_choropleth_reliability_benchmark/outputs/generated_code_iterative_repair/qwen2.5-coder_14b/qwen2.5-coder_7b/rules/C009_colorblind_safe_rules_iter03.py,qwen2.5-coder_7b,False,,,
time_series.png,experiments/05_choropleth_reliability_benchmark/outputs/runs_iterative_repair/qwen2.5-coder_7b/rules/qwen2.5-coder_7b_rules_C009_colorblind_safe_iter03_20260624_235845/time_series.png,False,0,missing_or_empty;low_plot_ink;no_visible_line;low_edge_detail,False,,,,False,,,,,,,3,time_series_png,,rules,,,C009_colorblind_safe,missing_or_empty,False,qwen2.5-coder_14b,1,experiments/05_choropleth_reliability_benchmark/outputs/runs_iterative_repair/qwen2.5-coder_7b/rules/qwen2.5-coder_7b_rules_C009_colorblind_safe_iter03_20260624_235845,,0,,,,False,,,,,,missing_or_empty,False,,,,experiments/05_choropleth_reliability_benchmark/outputs/generated_code_iterative_repair/qwen2.5-coder_14b/qwen2.5-coder_7b/rules/C009_colorblind_safe_rules_iter03.py,qwen2.5-coder_7b,False,,,
map_interactive.html,experiments/05_choropleth_reliability_benchmark/outputs/runs_iterative_repair/qwen2.5-coder_7b/rules/qwen2.5-coder_7b_rules_C009_colorblind_safe_iter03_20260624_235845/map_interactive.html,False,0,missing_or_empty;html_not_rendered;low_rendered_map_ink;low_edge_detail,False,,,,False,,,,,missing,False,3,interactive_html,,rules,,,C009_colorblind_safe,,,qwen2.5-coder_14b,1,experiments/05_choropleth_reliability_benchmark/outputs/runs_iterative_repair/qwen2.5-coder_7b/rules/qwen2.5-coder_7b_rules_C009_colorblind_safe_iter03_20260624_235845,,0,,,,False,,,,,,missing_or_empty,False,,,,experiments/05_choropleth_reliability_benchmark/outputs/generated_code_iterative_repair/qwen2.5-coder_14b/qwen2.5-coder_7b/rules/C009_colorblind_safe_rules_iter03.py,qwen2.5-coder_7b,False,,False,
map_static.png,experiments/05_choropleth_reliability_benchmark/outputs/runs_iterative_repair/qwen2.5-coder_7b/rules/qwen2.5-coder_7b_rules_C010_interactive_tooltips_iter01_20260624_050311/map_static.png,False,0,missing_or_empty;low_thematic_color;low_map_ink;low_edge_detail,False,,,,False,,,,,,,1,static_png,,rules,,,C010_interactive_tooltips,missing_or_empty,False,qwen2.5-coder_32b,1,experiments/05_choropleth_reliability_benchmark/outputs/runs_iterative_repair/qwen2.5-coder_7b/rules/qwen2.5-coder_7b_rules_C010_interactive_tooltips_iter01_20260624_050311,,0,,,,False,,,,,,missing_or_empty,False,,,,experiments/05_choropleth_reliability_benchmark/outputs/generated_code_iterative_repair/qwen2.5-coder_32b/qwen2.5-coder_7b/rules/C010_interactive_tooltips_rules_iter01.py,qwen2.5-coder_7b,False,,,
time_series.png,experiments/05_choropleth_reliability_benchmark/outputs/runs_iterative_repair/qwen2.5-coder_7b/rules/qwen2.5-coder_7b_rules_C010_interactive_tooltips_iter01_20260624_050311/time_series.png,False,0,missing_or_empty;low_plot_ink;no_visible_line;low_edge_detail,False,,,,False,,,,,,,1,time_series_png,,rules,,,C010_interactive_tooltips,missing_or_empty,False,qwen2.5-coder_32b,1,experiments/05_choropleth_reliability_benchmark/outputs/runs_iterative_repair/qwen2.5-coder_7b/rules/qwen2.5-coder_7b_rules_C010_interactive_tooltips_iter01_20260624_050311,,0,,,,False,,,,,,missing_or_empty,False,,,,experiments/05_choropleth_reliability_benchmark/outputs/generated_code_iterative_repair/qwen2.5-coder_32b/qwen2.5-coder_7b/rules/C010_interactive_tooltips_rules_iter01.py,qwen2.5-coder_7b,False,,,
map_interactive.html,experiments/05_choropleth_reliability_benchmark/outputs/runs_iterative_repair/qwen2.5-coder_7b/rules/qwen2.5-coder_7b_rules_C010_interactive_tooltips_iter01_20260624_050311/map_interactive.html,False,0,missing_or_empty;html_not_rendered;low_rendered_map_ink;low_edge_detail,False,,,,False,,,,,missing,False,1,interactive_html,,rules,,,C010_interactive_tooltips,,,qwen2.5-coder_32b,1,experiments/05_choropleth_reliability_benchmark/outputs/runs_iterative_repair/qwen2.5-coder_7b/rules/qwen2.5-coder_7b_rules_C010_interactive_tooltips_iter01_20260624_050311,,0,,,,False,,,,,,missing_or_empty,False,,,,experiments/05_choropleth_reliability_benchmark/outputs/generated_code_iterative_repair/qwen2.5-coder_32b/qwen2.5-coder_7b/rules/C010_interactive_tooltips_rules_iter01.py,qwen2.5-coder_7b,False,,False,
map_static.png,experiments/05_choropleth_reliability_benchmark/outputs/runs_iterative_repair/qwen2.5-coder_7b/rules/qwen2.5-coder_7b_rules_C010_interactive_tooltips_iter01_20260624_232337/map_static.png,False,0,missing_or_empty;low_thematic_color;low_map_ink;low_edge_detail,False,,,,False,,,,,,,1,static_png,,rules,,,C010_interactive_tooltips,missing_or_empty,False,qwen2.5-coder_7b,1,experiments/05_choropleth_reliability_benchmark/outputs/runs_iterative_repair/qwen2.5-coder_7b/rules/qwen2.5-coder_7b_rules_C010_interactive_tooltips_iter01_20260624_232337,,0,,,,False,,,,,,missing_or_empty,False,,,,experiments/05_choropleth_reliability_benchmark/outputs/generated_code_iterative_repair/qwen2.5-coder_7b/qwen2.5-coder_7b/rules/C010_interactive_tooltips_rules_iter01.py,qwen2.5-coder_7b,False,,,
time_series.png,experiments/05_choropleth_reliability_benchmark/outputs/runs_iterative_repair/qwen2.5-coder_7b/rules/qwen2.5-coder_7b_rules_C010_interactive_tooltips_iter01_20260624_232337/time_series.png,False,0,missing_or_empty;low_plot_ink;no_visible_line;low_edge_detail,False,,,,False,,,,,,,1,time_series_png,,rules,,,C010_interactive_tooltips,missing_or_empty,False,qwen2.5-coder_7b,1,experiments/05_choropleth_reliability_benchmark/outputs/runs_iterative_repair/qwen2.5-coder_7b/rules/qwen2.5-coder_7b_rules_C010_interactive_tooltips_iter01_20260624_232337,,0,,,,False,,,,,,missing_or_empty,False,,,,experiments/05_choropleth_reliability_benchmark/outputs/generated_code_iterative_repair/qwen2.5-coder_7b/qwen2.5-coder_7b/rules/C010_interactive_tooltips_rules_iter01.py,qwen2.5-coder_7b,False,,,
map_interactive.html,experiments/05_choropleth_reliability_benchmark/outputs/runs_iterative_repair/qwen2.5-coder_7b/rules/qwen2.5-coder_7b_rules_C010_interactive_tooltips_iter01_20260624_232337/map_interactive.html,False,0,missing_or_empty;html_not_rendered;low_rendered_map_ink;low_edge_detail,False,,,,False,,,,,missing,False,1,interactive_html,,rules,,,C010_interactive_tooltips,,,qwen2.5-coder_7b,1,experiments/05_choropleth_reliability_benchmark/outputs/runs_iterative_repair/qwen2.5-coder_7b/rules/qwen2.5-coder_7b_rules_C010_interactive_tooltips_iter01_20260624_232337,,0,,,,False,,,,,,missing_or_empty,False,,,,experiments/05_choropleth_reliability_benchmark/outputs/generated_code_iterative_repair/qwen2.5-coder_7b/qwen2.5-coder_7b/rules/C010_interactive_tooltips_rules_iter01.py,qwen2.5-coder_7b,False,,False,
map_static.png,experiments/05_choropleth_reliability_benchmark/outputs/runs_iterative_repair/qwen2.5-coder_7b/rules/qwen2.5-coder_7b_rules_C010_interactive_tooltips_iter01_20260624_235910/map_static.png,False,0,missing_or_empty;low_thematic_color;low_map_ink;low_edge_detail,False,,,,False,,,,,,,1,static_png,,rules,,,C010_interactive_tooltips,missing_or_empty,False,qwen2.5-coder_14b,1,experiments/05_choropleth_reliability_benchmark/outputs/runs_iterative_repair/qwen2.5-coder_7b/rules/qwen2.5-coder_7b_rules_C010_interactive_tooltips_iter01_20260624_235910,,0,,,,False,,,,,,missing_or_empty,False,,,,experiments/05_choropleth_reliability_benchmark/outputs/generated_code_iterative_repair/qwen2.5-coder_14b/qwen2.5-coder_7b/rules/C010_interactive_tooltips_rules_iter01.py,qwen2.5-coder_7b,False,,,
time_series.png,experiments/05_choropleth_reliability_benchmark/outputs/runs_iterative_repair/qwen2.5-coder_7b/rules/qwen2.5-coder_7b_rules_C010_interactive_tooltips_iter01_20260624_235910/time_series.png,False,0,missing_or_empty;low_plot_ink;no_visible_line;low_edge_detail,False,,,,False,,,,,,,1,time_series_png,,rules,,,C010_interactive_tooltips,missing_or_empty,False,qwen2.5-coder_14b,1,experiments/05_choropleth_reliability_benchmark/outputs/runs_iterative_repair/qwen2.5-coder_7b/rules/qwen2.5-coder_7b_rules_C010_interactive_tooltips_iter01_20260624_235910,,0,,,,False,,,,,,missing_or_empty,False,,,,experiments/05_choropleth_reliability_benchmark/outputs/generated_code_iterative_repair/qwen2.5-coder_14b/qwen2.5-coder_7b/rules/C010_interactive_tooltips_rules_iter01.py,qwen2.5-coder_7b,False,,,
map_interactive.html,experiments/05_choropleth_reliability_benchmark/outputs/runs_iterative_repair/qwen2.5-coder_7b/rules/qwen2.5-coder_7b_rules_C010_interactive_tooltips_iter01_20260624_235910/map_interactive.html,False,0,missing_or_empty;html_not_rendered;low_rendered_map_ink;low_edge_detail,False,,,,False,,,,,missing,False,1,interactive_html,,rules,,,C010_interactive_tooltips,,,qwen2.5-coder_14b,1,experiments/05_choropleth_reliability_benchmark/outputs/runs_iterative_repair/qwen2.5-coder_7b/rules/qwen2.5-coder_7b_rules_C010_interactive_tooltips_iter01_20260624_235910,,0,,,,False,,,,,,missing_or_empty,False,,,,experiments/05_choropleth_reliability_benchmark/outputs/generated_code_iterative_repair/qwen2.5-coder_14b/qwen2.5-coder_7b/rules/C010_interactive_tooltips_rules_iter01.py,qwen2.5-coder_7b,False,,False,
map_static.png,experiments/05_choropleth_reliability_benchmark/outputs/runs_iterative_repair/qwen2.5-coder_7b/rules/qwen2.5-coder_7b_rules_C010_interactive_tooltips_iter02_20260624_050417/map_static.png,False,0,missing_or_empty;low_thematic_color;low_map_ink;low_edge_detail,False,,,,False,,,,,,,2,static_png,,rules,,,C010_interactive_tooltips,missing_or_empty,False,qwen2.5-coder_32b,1,experiments/05_choropleth_reliability_benchmark/outputs/runs_iterative_repair/qwen2.5-coder_7b/rules/qwen2.5-coder_7b_rules_C010_interactive_tooltips_iter02_20260624_050417,,0,,,,False,,,,,,missing_or_empty,False,,,,experiments/05_choropleth_reliability_benchmark/outputs/generated_code_iterative_repair/qwen2.5-coder_32b/qwen2.5-coder_7b/rules/C010_interactive_tooltips_rules_iter02.py,qwen2.5-coder_7b,False,,,
time_series.png,experiments/05_choropleth_reliability_benchmark/outputs/runs_iterative_repair/qwen2.5-coder_7b/rules/qwen2.5-coder_7b_rules_C010_interactive_tooltips_iter02_20260624_050417/time_series.png,False,0,missing_or_empty;low_plot_ink;no_visible_line;low_edge_detail,False,,,,False,,,,,,,2,time_series_png,,rules,,,C010_interactive_tooltips,missing_or_empty,False,qwen2.5-coder_32b,1,experiments/05_choropleth_reliability_benchmark/outputs/runs_iterative_repair/qwen2.5-coder_7b/rules/qwen2.5-coder_7b_rules_C010_interactive_tooltips_iter02_20260624_050417,,0,,,,False,,,,,,missing_or_empty,False,,,,experiments/05_choropleth_reliability_benchmark/outputs/generated_code_iterative_repair/qwen2.5-coder_32b/qwen2.5-coder_7b/rules/C010_interactive_tooltips_rules_iter02.py,qwen2.5-coder_7b,False,,,
map_interactive.html,experiments/05_choropleth_reliability_benchmark/outputs/runs_iterative_repair/qwen2.5-coder_7b/rules/qwen2.5-coder_7b_rules_C010_interactive_tooltips_iter02_20260624_050417/map_interactive.html,False,0,html_not_rendered;low_rendered_map_ink;low_edge_detail,False,,,,True,,,,,missing,False,2,interactive_html,,rules,,,C010_interactive_tooltips,,,qwen2.5-coder_32b,1,experiments/05_choropleth_reliability_benchmark/outputs/runs_iterative_repair/qwen2.5-coder_7b/rules/qwen2.5-coder_7b_rules_C010_interactive_tooltips_iter02_20260624_050417,,0,,,,True,,,,,,missing_or_empty,False,,,,experiments/05_choropleth_reliability_benchmark/outputs/generated_code_iterative_repair/qwen2.5-coder_32b/qwen2.5-coder_7b/rules/C010_interactive_tooltips_rules_iter02.py,qwen2.5-coder_7b,False,,False,
map_static.png,experiments/05_choropleth_reliability_benchmark/outputs/runs_iterative_repair/qwen2.5-coder_7b/rules/qwen2.5-coder_7b_rules_C010_interactive_tooltips_iter02_20260624_232354/map_static.png,False,0,missing_or_empty;low_thematic_color;low_map_ink;low_edge_detail,False,,,,False,,,,,,,2,static_png,,rules,,,C010_interactive_tooltips,missing_or_empty,False,qwen2.5-coder_7b,1,experiments/05_choropleth_reliability_benchmark/outputs/runs_iterative_repair/qwen2.5-coder_7b/rules/qwen2.5-coder_7b_rules_C010_interactive_tooltips_iter02_20260624_232354,,0,,,,False,,,,,,missing_or_empty,False,,,,experiments/05_choropleth_reliability_benchmark/outputs/generated_code_iterative_repair/qwen2.5-coder_7b/qwen2.5-coder_7b/rules/C010_interactive_tooltips_rules_iter02.py,qwen2.5-coder_7b,False,,,
time_series.png,experiments/05_choropleth_reliability_benchmark/outputs/runs_iterative_repair/qwen2.5-coder_7b/rules/qwen2.5-coder_7b_rules_C010_interactive_tooltips_iter02_20260624_232354/time_series.png,False,0,missing_or_empty;low_plot_ink;no_visible_line;low_edge_detail,False,,,,False,,,,,,,2,time_series_png,,rules,,,C010_interactive_tooltips,missing_or_empty,False,qwen2.5-coder_7b,1,experiments/05_choropleth_reliability_benchmark/outputs/runs_iterative_repair/qwen2.5-coder_7b/rules/qwen2.5-coder_7b_rules_C010_interactive_tooltips_iter02_20260624_232354,,0,,,,False,,,,,,missing_or_empty,False,,,,experiments/05_choropleth_reliability_benchmark/outputs/generated_code_iterative_repair/qwen2.5-coder_7b/qwen2.5-coder_7b/rules/C010_interactive_tooltips_rules_iter02.py,qwen2.5-coder_7b,False,,,
map_interactive.html,experiments/05_choropleth_reliability_benchmark/outputs/runs_iterative_repair/qwen2.5-coder_7b/rules/qwen2.5-coder_7b_rules_C010_interactive_tooltips_iter02_20260624_232354/map_interactive.html,False,0,missing_or_empty;html_not_rendered;low_rendered_map_ink;low_edge_detail,False,,,,False,,,,,missing,False,2,interactive_html,,rules,,,C010_interactive_tooltips,,,qwen2.5-coder_7b,1,experiments/05_choropleth_reliability_benchmark/outputs/runs_iterative_repair/qwen2.5-coder_7b/rules/qwen2.5-coder_7b_rules_C010_interactive_tooltips_iter02_20260624_232354,,0,,,,False,,,,,,missing_or_empty,False,,,,experiments/05_choropleth_reliability_benchmark/outputs/generated_code_iterative_repair/qwen2.5-coder_7b/qwen2.5-coder_7b/rules/C010_interactive_tooltips_rules_iter02.py,qwen2.5-coder_7b,False,,False,
map_static.png,experiments/05_choropleth_reliability_benchmark/outputs/runs_iterative_repair/qwen2.5-coder_7b/rules/qwen2.5-coder_7b_rules_C010_interactive_tooltips_iter02_20260624_235937/map_static.png,False,0,missing_or_empty;low_thematic_color;low_map_ink;low_edge_detail,False,,,,False,,,,,,,2,static_png,,rules,,,C010_interactive_tooltips,missing_or_empty,False,qwen2.5-coder_14b,1,experiments/05_choropleth_reliability_benchmark/outputs/runs_iterative_repair/qwen2.5-coder_7b/rules/qwen2.5-coder_7b_rules_C010_interactive_tooltips_iter02_20260624_235937,,0,,,,False,,,,,,missing_or_empty,False,,,,experiments/05_choropleth_reliability_benchmark/outputs/generated_code_iterative_repair/qwen2.5-coder_14b/qwen2.5-coder_7b/rules/C010_interactive_tooltips_rules_iter02.py,qwen2.5-coder_7b,False,,,
time_series.png,experiments/05_choropleth_reliability_benchmark/outputs/runs_iterative_repair/qwen2.5-coder_7b/rules/qwen2.5-coder_7b_rules_C010_interactive_tooltips_iter02_20260624_235937/time_series.png,False,0,missing_or_empty;low_plot_ink;no_visible_line;low_edge_detail,False,,,,False,,,,,,,2,time_series_png,,rules,,,C010_interactive_tooltips,missing_or_empty,False,qwen2.5-coder_14b,1,experiments/05_choropleth_reliability_benchmark/outputs/runs_iterative_repair/qwen2.5-coder_7b/rules/qwen2.5-coder_7b_rules_C010_interactive_tooltips_iter02_20260624_235937,,0,,,,False,,,,,,missing_or_empty,False,,,,experiments/05_choropleth_reliability_benchmark/outputs/generated_code_iterative_repair/qwen2.5-coder_14b/qwen2.5-coder_7b/rules/C010_interactive_tooltips_rules_iter02.py,qwen2.5-coder_7b,False,,,
map_interactive.html,experiments/05_choropleth_reliability_benchmark/outputs/runs_iterative_repair/qwen2.5-coder_7b/rules/qwen2.5-coder_7b_rules_C010_interactive_tooltips_iter02_20260624_235937/map_interactive.html,False,0,missing_or_empty;html_not_rendered;low_rendered_map_ink;low_edge_detail,False,,,,False,,,,,missing,False,2,interactive_html,,rules,,,C010_interactive_tooltips,,,qwen2.5-coder_14b,1,experiments/05_choropleth_reliability_benchmark/outputs/runs_iterative_repair/qwen2.5-coder_7b/rules/qwen2.5-coder_7b_rules_C010_interactive_tooltips_iter02_20260624_235937,,0,,,,False,,,,,,missing_or_empty,False,,,,experiments/05_choropleth_reliability_benchmark/outputs/generated_code_iterative_repair/qwen2.5-coder_14b/qwen2.5-coder_7b/rules/C010_interactive_tooltips_rules_iter02.py,qwen2.5-coder_7b,False,,False,
map_static.png,experiments/05_choropleth_reliability_benchmark/outputs/runs_iterative_repair/qwen2.5-coder_7b/rules/qwen2.5-coder_7b_rules_C010_interactive_tooltips_iter03_20260624_062721/map_static.png,False,0,missing_or_empty;low_thematic_color;low_map_ink;low_edge_detail,False,,,,False,,,,,,,3,static_png,,rules,,,C010_interactive_tooltips,missing_or_empty,False,qwen2.5-coder_32b,0,experiments/05_choropleth_reliability_benchmark/outputs/runs_iterative_repair/qwen2.5-coder_7b/rules/qwen2.5-coder_7b_rules_C010_interactive_tooltips_iter03_20260624_062721,,0,,,,False,,,,,,missing_or_empty,False,,,,experiments/05_choropleth_reliability_benchmark/outputs/generated_code_iterative_repair/qwen2.5-coder_32b/qwen2.5-coder_7b/rules/C010_interactive_tooltips_rules_iter03.py,qwen2.5-coder_7b,False,,,
time_series.png,experiments/05_choropleth_reliability_benchmark/outputs/runs_iterative_repair/qwen2.5-coder_7b/rules/qwen2.5-coder_7b_rules_C010_interactive_tooltips_iter03_20260624_062721/time_series.png,False,0,missing_or_empty;low_plot_ink;no_visible_line;low_edge_detail,False,,,,False,,,,,,,3,time_series_png,,rules,,,C010_interactive_tooltips,missing_or_empty,False,qwen2.5-coder_32b,0,experiments/05_choropleth_reliability_benchmark/outputs/runs_iterative_repair/qwen2.5-coder_7b/rules/qwen2.5-coder_7b_rules_C010_interactive_tooltips_iter03_20260624_062721,,0,,,,False,,,,,,missing_or_empty,False,,,,experiments/05_choropleth_reliability_benchmark/outputs/generated_code_iterative_repair/qwen2.5-coder_32b/qwen2.5-coder_7b/rules/C010_interactive_tooltips_rules_iter03.py,qwen2.5-coder_7b,False,,,
map_interactive.html,experiments/05_choropleth_reliability_benchmark/outputs/runs_iterative_repair/qwen2.5-coder_7b/rules/qwen2.5-coder_7b_rules_C010_interactive_tooltips_iter03_20260624_062721/map_interactive.html,True,12527466,,True,,,,True,True,True,True,,,True,3,interactive_html,,rules,,,C010_interactive_tooltips,,,qwen2.5-coder_32b,0,experiments/05_choropleth_reliability_benchmark/outputs/runs_iterative_repair/qwen2.5-coder_7b/rules/qwen2.5-coder_7b_rules_C010_interactive_tooltips_iter03_20260624_062721,,790949,0.0085,255,16.799,True,850,201.019,0.9978,0.9920,experiments/05_choropleth_reliability_benchmark/outputs/scores/iterative_repair_screenshot_qa/qwen2.5-coder_32b_qwen2.5-coder_7b_rules_C010_interactive_tooltips_iter3_interactive.png,,True,0.6978,141,1200,experiments/05_choropleth_reliability_benchmark/outputs/generated_code_iterative_repair/qwen2.5-coder_32b/qwen2.5-coder_7b/rules/C010_interactive_tooltips_rules_iter03.py,qwen2.5-coder_7b,False,,True,
map_static.png,experiments/05_choropleth_reliability_benchmark/outputs/runs_iterative_repair/qwen2.5-coder_7b/rules/qwen2.5-coder_7b_rules_C010_interactive_tooltips_iter03_20260624_232410/map_static.png,False,0,missing_or_empty;low_thematic_color;low_map_ink;low_edge_detail,False,,,,False,,,,,,,3,static_png,,rules,,,C010_interactive_tooltips,missing_or_empty,False,qwen2.5-coder_7b,1,experiments/05_choropleth_reliability_benchmark/outputs/runs_iterative_repair/qwen2.5-coder_7b/rules/qwen2.5-coder_7b_rules_C010_interactive_tooltips_iter03_20260624_232410,,0,,,,False,,,,,,missing_or_empty,False,,,,experiments/05_choropleth_reliability_benchmark/outputs/generated_code_iterative_repair/qwen2.5-coder_7b/qwen2.5-coder_7b/rules/C010_interactive_tooltips_rules_iter03.py,qwen2.5-coder_7b,False,,,
time_series.png,experiments/05_choropleth_reliability_benchmark/outputs/runs_iterative_repair/qwen2.5-coder_7b/rules/qwen2.5-coder_7b_rules_C010_interactive_tooltips_iter03_20260624_232410/time_series.png,False,0,missing_or_empty;low_plot_ink;no_visible_line;low_edge_detail,False,,,,False,,,,,,,3,time_series_png,,rules,,,C010_interactive_tooltips,missing_or_empty,False,qwen2.5-coder_7b,1,experiments/05_choropleth_reliability_benchmark/outputs/runs_iterative_repair/qwen2.5-coder_7b/rules/qwen2.5-coder_7b_rules_C010_interactive_tooltips_iter03_20260624_232410,,0,,,,False,,,,,,missing_or_empty,False,,,,experiments/05_choropleth_reliability_benchmark/outputs/generated_code_iterative_repair/qwen2.5-coder_7b/qwen2.5-coder_7b/rules/C010_interactive_tooltips_rules_iter03.py,qwen2.5-coder_7b,False,,,
map_interactive.html,experiments/05_choropleth_reliability_benchmark/outputs/runs_iterative_repair/qwen2.5-coder_7b/rules/qwen2.5-coder_7b_rules_C010_interactive_tooltips_iter03_20260624_232410/map_interactive.html,False,0,missing_or_empty;html_not_rendered;low_rendered_map_ink;low_edge_detail,False,,,,False,,,,,missing,False,3,interactive_html,,rules,,,C010_interactive_tooltips,,,qwen2.5-coder_7b,1,experiments/05_choropleth_reliability_benchmark/outputs/runs_iterative_repair/qwen2.5-coder_7b/rules/qwen2.5-coder_7b_rules_C010_interactive_tooltips_iter03_20260624_232410,,0,,,,False,,,,,,missing_or_empty,False,,,,experiments/05_choropleth_reliability_benchmark/outputs/generated_code_iterative_repair/qwen2.5-coder_7b/qwen2.5-coder_7b/rules/C010_interactive_tooltips_rules_iter03.py,qwen2.5-coder_7b,False,,False,
map_static.png,experiments/05_choropleth_reliability_benchmark/outputs/runs_iterative_repair/qwen2.5-coder_7b/rules/qwen2.5-coder_7b_rules_C010_interactive_tooltips_iter03_20260625_000006/map_static.png,False,0,missing_or_empty;low_thematic_color;low_map_ink;low_edge_detail,False,,,,False,,,,,,,3,static_png,,rules,,,C010_interactive_tooltips,missing_or_empty,False,qwen2.5-coder_14b,0,experiments/05_choropleth_reliability_benchmark/outputs/runs_iterative_repair/qwen2.5-coder_7b/rules/qwen2.5-coder_7b_rules_C010_interactive_tooltips_iter03_20260625_000006,,0,,,,False,,,,,,missing_or_empty,False,,,,experiments/05_choropleth_reliability_benchmark/outputs/generated_code_iterative_repair/qwen2.5-coder_14b/qwen2.5-coder_7b/rules/C010_interactive_tooltips_rules_iter03.py,qwen2.5-coder_7b,False,,,
time_series.png,experiments/05_choropleth_reliability_benchmark/outputs/runs_iterative_repair/qwen2.5-coder_7b/rules/qwen2.5-coder_7b_rules_C010_interactive_tooltips_iter03_20260625_000006/time_series.png,False,0,missing_or_empty;low_plot_ink;no_visible_line;low_edge_detail,False,,,,False,,,,,,,3,time_series_png,,rules,,,C010_interactive_tooltips,missing_or_empty,False,qwen2.5-coder_14b,0,experiments/05_choropleth_reliability_benchmark/outputs/runs_iterative_repair/qwen2.5-coder_7b/rules/qwen2.5-coder_7b_rules_C010_interactive_tooltips_iter03_20260625_000006,,0,,,,False,,,,,,missing_or_empty,False,,,,experiments/05_choropleth_reliability_benchmark/outputs/generated_code_iterative_repair/qwen2.5-coder_14b/qwen2.5-coder_7b/rules/C010_interactive_tooltips_rules_iter03.py,qwen2.5-coder_7b,False,,,
map_interactive.html,experiments/05_choropleth_reliability_benchmark/outputs/runs_iterative_repair/qwen2.5-coder_7b/rules/qwen2.5-coder_7b_rules_C010_interactive_tooltips_iter03_20260625_000006/map_interactive.html,True,12536131,,True,,,,True,True,True,True,,,True,3,interactive_html,,rules,,,C010_interactive_tooltips,,,qwen2.5-coder_14b,0,experiments/05_choropleth_reliability_benchmark/outputs/runs_iterative_repair/qwen2.5-coder_7b/rules/qwen2.5-coder_7b_rules_C010_interactive_tooltips_iter03_20260625_000006,,789191,0.0075,255,16.384,True,850,200.259,0.9980,0.9920,experiments/05_choropleth_reliability_benchmark/outputs/scores/iterative_repair_screenshot_qa/qwen2.5-coder_14b_qwen2.5-coder_7b_rules_C010_interactive_tooltips_iter3_interactive.png,,True,0.7013,82,1200,experiments/05_choropleth_reliability_benchmark/outputs/generated_code_iterative_repair/qwen2.5-coder_14b/qwen2.5-coder_7b/rules/C010_interactive_tooltips_rules_iter03.py,qwen2.5-coder_7b,False,,True,
map_static.png,experiments/05_choropleth_reliability_benchmark/outputs/runs_iterative_repair/qwen2.5-coder_7b/rules/qwen2.5-coder_7b_rules_C011_static_and_interactive_iter01_20260624_052302/map_static.png,False,0,missing_or_empty;low_thematic_color;low_map_ink;low_edge_detail,False,,,,False,,,,,,,1,static_png,,rules,,,C011_static_and_interactive,missing_or_empty,False,qwen2.5-coder_32b,1,experiments/05_choropleth_reliability_benchmark/outputs/runs_iterative_repair/qwen2.5-coder_7b/rules/qwen2.5-coder_7b_rules_C011_static_and_interactive_iter01_20260624_052302,,0,,,,False,,,,,,missing_or_empty,False,,,,experiments/05_choropleth_reliability_benchmark/outputs/generated_code_iterative_repair/qwen2.5-coder_32b/qwen2.5-coder_7b/rules/C011_static_and_interactive_rules_iter01.py,qwen2.5-coder_7b,False,,,
time_series.png,experiments/05_choropleth_reliability_benchmark/outputs/runs_iterative_repair/qwen2.5-coder_7b/rules/qwen2.5-coder_7b_rules_C011_static_and_interactive_iter01_20260624_052302/time_series.png,False,0,missing_or_empty;low_plot_ink;no_visible_line;low_edge_detail,False,,,,False,,,,,,,1,time_series_png,,rules,,,C011_static_and_interactive,missing_or_empty,False,qwen2.5-coder_32b,1,experiments/05_choropleth_reliability_benchmark/outputs/runs_iterative_repair/qwen2.5-coder_7b/rules/qwen2.5-coder_7b_rules_C011_static_and_interactive_iter01_20260624_052302,,0,,,,False,,,,,,missing_or_empty,False,,,,experiments/05_choropleth_reliability_benchmark/outputs/generated_code_iterative_repair/qwen2.5-coder_32b/qwen2.5-coder_7b/rules/C011_static_and_interactive_rules_iter01.py,qwen2.5-coder_7b,False,,,
map_interactive.html,experiments/05_choropleth_reliability_benchmark/outputs/runs_iterative_repair/qwen2.5-coder_7b/rules/qwen2.5-coder_7b_rules_C011_static_and_interactive_iter01_20260624_052302/map_interactive.html,False,0,missing_or_empty;html_not_rendered;low_rendered_map_ink;low_edge_detail,False,,,,False,,,,,missing,False,1,interactive_html,,rules,,,C011_static_and_interactive,,,qwen2.5-coder_32b,1,experiments/05_choropleth_reliability_benchmark/outputs/runs_iterative_repair/qwen2.5-coder_7b/rules/qwen2.5-coder_7b_rules_C011_static_and_interactive_iter01_20260624_052302,,0,,,,False,,,,,,missing_or_empty,False,,,,experiments/05_choropleth_reliability_benchmark/outputs/generated_code_iterative_repair/qwen2.5-coder_32b/qwen2.5-coder_7b/rules/C011_static_and_interactive_rules_iter01.py,qwen2.5-coder_7b,False,,False,
map_static.png,experiments/05_choropleth_reliability_benchmark/outputs/runs_iterative_repair/qwen2.5-coder_7b/rules/qwen2.5-coder_7b_rules_C011_static_and_interactive_iter01_20260624_233104/map_static.png,False,0,missing_or_empty;low_thematic_color;low_map_ink;low_edge_detail,False,,,,False,,,,,,,1,static_png,,rules,,,C011_static_and_interactive,missing_or_empty,False,qwen2.5-coder_7b,1,experiments/05_choropleth_reliability_benchmark/outputs/runs_iterative_repair/qwen2.5-coder_7b/rules/qwen2.5-coder_7b_rules_C011_static_and_interactive_iter01_20260624_233104,,0,,,,False,,,,,,missing_or_empty,False,,,,experiments/05_choropleth_reliability_benchmark/outputs/generated_code_iterative_repair/qwen2.5-coder_7b/qwen2.5-coder_7b/rules/C011_static_and_interactive_rules_iter01.py,qwen2.5-coder_7b,False,,,
time_series.png,experiments/05_choropleth_reliability_benchmark/outputs/runs_iterative_repair/qwen2.5-coder_7b/rules/qwen2.5-coder_7b_rules_C011_static_and_interactive_iter01_20260624_233104/time_series.png,False,0,missing_or_empty;low_plot_ink;no_visible_line;low_edge_detail,False,,,,False,,,,,,,1,time_series_png,,rules,,,C011_static_and_interactive,missing_or_empty,False,qwen2.5-coder_7b,1,experiments/05_choropleth_reliability_benchmark/outputs/runs_iterative_repair/qwen2.5-coder_7b/rules/qwen2.5-coder_7b_rules_C011_static_and_interactive_iter01_20260624_233104,,0,,,,False,,,,,,missing_or_empty,False,,,,experiments/05_choropleth_reliability_benchmark/outputs/generated_code_iterative_repair/qwen2.5-coder_7b/qwen2.5-coder_7b/rules/C011_static_and_interactive_rules_iter01.py,qwen2.5-coder_7b,False,,,
map_interactive.html,experiments/05_choropleth_reliability_benchmark/outputs/runs_iterative_repair/qwen2.5-coder_7b/rules/qwen2.5-coder_7b_rules_C011_static_and_interactive_iter01_20260624_233104/map_interactive.html,False,0,missing_or_empty;html_not_rendered;low_rendered_map_ink;low_edge_detail,False,,,,False,,,,,missing,False,1,interactive_html,,rules,,,C011_static_and_interactive,,,qwen2.5-coder_7b,1,experiments/05_choropleth_reliability_benchmark/outputs/runs_iterative_repair/qwen2.5-coder_7b/rules/qwen2.5-coder_7b_rules_C011_static_and_interactive_iter01_20260624_233104,,0,,,,False,,,,,,missing_or_empty,False,,,,experiments/05_choropleth_reliability_benchmark/outputs/generated_code_iterative_repair/qwen2.5-coder_7b/qwen2.5-coder_7b/rules/C011_static_and_interactive_rules_iter01.py,qwen2.5-coder_7b,False,,False,
map_static.png,experiments/05_choropleth_reliability_benchmark/outputs/runs_iterative_repair/qwen2.5-coder_7b/rules/qwen2.5-coder_7b_rules_C011_static_and_interactive_iter01_20260625_001128/map_static.png,False,0,missing_or_empty;low_thematic_color;low_map_ink;low_edge_detail,False,,,,False,,,,,,,1,static_png,,rules,,,C011_static_and_interactive,missing_or_empty,False,qwen2.5-coder_14b,1,experiments/05_choropleth_reliability_benchmark/outputs/runs_iterative_repair/qwen2.5-coder_7b/rules/qwen2.5-coder_7b_rules_C011_static_and_interactive_iter01_20260625_001128,,0,,,,False,,,,,,missing_or_empty,False,,,,experiments/05_choropleth_reliability_benchmark/outputs/generated_code_iterative_repair/qwen2.5-coder_14b/qwen2.5-coder_7b/rules/C011_static_and_interactive_rules_iter01.py,qwen2.5-coder_7b,False,,,
time_series.png,experiments/05_choropleth_reliability_benchmark/outputs/runs_iterative_repair/qwen2.5-coder_7b/rules/qwen2.5-coder_7b_rules_C011_static_and_interactive_iter01_20260625_001128/time_series.png,False,0,missing_or_empty;low_plot_ink;no_visible_line;low_edge_detail,False,,,,False,,,,,,,1,time_series_png,,rules,,,C011_static_and_interactive,missing_or_empty,False,qwen2.5-coder_14b,1,experiments/05_choropleth_reliability_benchmark/outputs/runs_iterative_repair/qwen2.5-coder_7b/rules/qwen2.5-coder_7b_rules_C011_static_and_interactive_iter01_20260625_001128,,0,,,,False,,,,,,missing_or_empty,False,,,,experiments/05_choropleth_reliability_benchmark/outputs/generated_code_iterative_repair/qwen2.5-coder_14b/qwen2.5-coder_7b/rules/C011_static_and_interactive_rules_iter01.py,qwen2.5-coder_7b,False,,,
map_interactive.html,experiments/05_choropleth_reliability_benchmark/outputs/runs_iterative_repair/qwen2.5-coder_7b/rules/qwen2.5-coder_7b_rules_C011_static_and_interactive_iter01_20260625_001128/map_interactive.html,False,0,missing_or_empty;html_not_rendered;low_rendered_map_ink;low_edge_detail,False,,,,False,,,,,missing,False,1,interactive_html,,rules,,,C011_static_and_interactive,,,qwen2.5-coder_14b,1,experiments/05_choropleth_reliability_benchmark/outputs/runs_iterative_repair/qwen2.5-coder_7b/rules/qwen2.5-coder_7b_rules_C011_static_and_interactive_iter01_20260625_001128,,0,,,,False,,,,,,missing_or_empty,False,,,,experiments/05_choropleth_reliability_benchmark/outputs/generated_code_iterative_repair/qwen2.5-coder_14b/qwen2.5-coder_7b/rules/C011_static_and_interactive_rules_iter01.py,qwen2.5-coder_7b,False,,False,
map_static.png,experiments/05_choropleth_reliability_benchmark/outputs/runs_iterative_repair/qwen2.5-coder_7b/rules/qwen2.5-coder_7b_rules_C011_static_and_interactive_iter01_20260625_002736/map_static.png,False,0,missing_or_empty;low_thematic_color;low_map_ink;low_edge_detail,False,,,,False,,,,,,,1,static_png,,rules,,,C011_static_and_interactive,missing_or_empty,False,deepseek-coder_6.7b,1,experiments/05_choropleth_reliability_benchmark/outputs/runs_iterative_repair/qwen2.5-coder_7b/rules/qwen2.5-coder_7b_rules_C011_static_and_interactive_iter01_20260625_002736,,0,,,,False,,,,,,missing_or_empty,False,,,,experiments/05_choropleth_reliability_benchmark/outputs/generated_code_iterative_repair/deepseek-coder_6.7b/qwen2.5-coder_7b/rules/C011_static_and_interactive_rules_iter01.py,qwen2.5-coder_7b,False,,,
time_series.png,experiments/05_choropleth_reliability_benchmark/outputs/runs_iterative_repair/qwen2.5-coder_7b/rules/qwen2.5-coder_7b_rules_C011_static_and_interactive_iter01_20260625_002736/time_series.png,False,0,missing_or_empty;low_plot_ink;no_visible_line;low_edge_detail,False,,,,False,,,,,,,1,time_series_png,,rules,,,C011_static_and_interactive,missing_or_empty,False,deepseek-coder_6.7b,1,experiments/05_choropleth_reliability_benchmark/outputs/runs_iterative_repair/qwen2.5-coder_7b/rules/qwen2.5-coder_7b_rules_C011_static_and_interactive_iter01_20260625_002736,,0,,,,False,,,,,,missing_or_empty,False,,,,experiments/05_choropleth_reliability_benchmark/outputs/generated_code_iterative_repair/deepseek-coder_6.7b/qwen2.5-coder_7b/rules/C011_static_and_interactive_rules_iter01.py,qwen2.5-coder_7b,False,,,
map_interactive.html,experiments/05_choropleth_reliability_benchmark/outputs/runs_iterative_repair/qwen2.5-coder_7b/rules/qwen2.5-coder_7b_rules_C011_static_and_interactive_iter01_20260625_002736/map_interactive.html,False,0,missing_or_empty;html_not_rendered;low_rendered_map_ink;low_edge_detail,False,,,,False,,,,,missing,False,1,interactive_html,,rules,,,C011_static_and_interactive,,,deepseek-coder_6.7b,1,experiments/05_choropleth_reliability_benchmark/outputs/runs_iterative_repair/qwen2.5-coder_7b/rules/qwen2.5-coder_7b_rules_C011_static_and_interactive_iter01_20260625_002736,,0,,,,False,,,,,,missing_or_empty,False,,,,experiments/05_choropleth_reliability_benchmark/outputs/generated_code_iterative_repair/deepseek-coder_6.7b/qwen2.5-coder_7b/rules/C011_static_and_interactive_rules_iter01.py,qwen2.5-coder_7b,False,,False,
map_static.png,experiments/05_choropleth_reliability_benchmark/outputs/runs_iterative_repair/qwen2.5-coder_7b/rules/qwen2.5-coder_7b_rules_C011_static_and_interactive_iter02_20260624_052416/map_static.png,False,0,missing_or_empty;low_thematic_color;low_map_ink;low_edge_detail,False,,,,False,,,,,,,2,static_png,,rules,,,C011_static_and_interactive,missing_or_empty,False,qwen2.5-coder_32b,1,experiments/05_choropleth_reliability_benchmark/outputs/runs_iterative_repair/qwen2.5-coder_7b/rules/qwen2.5-coder_7b_rules_C011_static_and_interactive_iter02_20260624_052416,,0,,,,False,,,,,,missing_or_empty,False,,,,experiments/05_choropleth_reliability_benchmark/outputs/generated_code_iterative_repair/qwen2.5-coder_32b/qwen2.5-coder_7b/rules/C011_static_and_interactive_rules_iter02.py,qwen2.5-coder_7b,False,,,
time_series.png,experiments/05_choropleth_reliability_benchmark/outputs/runs_iterative_repair/qwen2.5-coder_7b/rules/qwen2.5-coder_7b_rules_C011_static_and_interactive_iter02_20260624_052416/time_series.png,False,0,missing_or_empty;low_plot_ink;no_visible_line;low_edge_detail,False,,,,False,,,,,,,2,time_series_png,,rules,,,C011_static_and_interactive,missing_or_empty,False,qwen2.5-coder_32b,1,experiments/05_choropleth_reliability_benchmark/outputs/runs_iterative_repair/qwen2.5-coder_7b/rules/qwen2.5-coder_7b_rules_C011_static_and_interactive_iter02_20260624_052416,,0,,,,False,,,,,,missing_or_empty,False,,,,experiments/05_choropleth_reliability_benchmark/outputs/generated_code_iterative_repair/qwen2.5-coder_32b/qwen2.5-coder_7b/rules/C011_static_and_interactive_rules_iter02.py,qwen2.5-coder_7b,False,,,
map_interactive.html,experiments/05_choropleth_reliability_benchmark/outputs/runs_iterative_repair/qwen2.5-coder_7b/rules/qwen2.5-coder_7b_rules_C011_static_and_interactive_iter02_20260624_052416/map_interactive.html,False,0,missing_or_empty;html_not_rendered;low_rendered_map_ink;low_edge_detail,False,,,,False,,,,,missing,False,2,interactive_html,,rules,,,C011_static_and_interactive,,,qwen2.5-coder_32b,1,experiments/05_choropleth_reliability_benchmark/outputs/runs_iterative_repair/qwen2.5-coder_7b/rules/qwen2.5-coder_7b_rules_C011_static_and_interactive_iter02_20260624_052416,,0,,,,False,,,,,,missing_or_empty,False,,,,experiments/05_choropleth_reliability_benchmark/outputs/generated_code_iterative_repair/qwen2.5-coder_32b/qwen2.5-coder_7b/rules/C011_static_and_interactive_rules_iter02.py,qwen2.5-coder_7b,False,,False,
map_static.png,experiments/05_choropleth_reliability_benchmark/outputs/runs_iterative_repair/qwen2.5-coder_7b/rules/qwen2.5-coder_7b_rules_C011_static_and_interactive_iter02_20260624_233121/map_static.png,False,0,missing_or_empty;low_thematic_color;low_map_ink;low_edge_detail,False,,,,False,,,,,,,2,static_png,,rules,,,C011_static_and_interactive,missing_or_empty,False,qwen2.5-coder_7b,1,experiments/05_choropleth_reliability_benchmark/outputs/runs_iterative_repair/qwen2.5-coder_7b/rules/qwen2.5-coder_7b_rules_C011_static_and_interactive_iter02_20260624_233121,,0,,,,False,,,,,,missing_or_empty,False,,,,experiments/05_choropleth_reliability_benchmark/outputs/generated_code_iterative_repair/qwen2.5-coder_7b/qwen2.5-coder_7b/rules/C011_static_and_interactive_rules_iter02.py,qwen2.5-coder_7b,False,,,
time_series.png,experiments/05_choropleth_reliability_benchmark/outputs/runs_iterative_repair/qwen2.5-coder_7b/rules/qwen2.5-coder_7b_rules_C011_static_and_interactive_iter02_20260624_233121/time_series.png,False,0,missing_or_empty;low_plot_ink;no_visible_line;low_edge_detail,False,,,,False,,,,,,,2,time_series_png,,rules,,,C011_static_and_interactive,missing_or_empty,False,qwen2.5-coder_7b,1,experiments/05_choropleth_reliability_benchmark/outputs/runs_iterative_repair/qwen2.5-coder_7b/rules/qwen2.5-coder_7b_rules_C011_static_and_interactive_iter02_20260624_233121,,0,,,,False,,,,,,missing_or_empty,False,,,,experiments/05_choropleth_reliability_benchmark/outputs/generated_code_iterative_repair/qwen2.5-coder_7b/qwen2.5-coder_7b/rules/C011_static_and_interactive_rules_iter02.py,qwen2.5-coder_7b,False,,,
map_interactive.html,experiments/05_choropleth_reliability_benchmark/outputs/runs_iterative_repair/qwen2.5-coder_7b/rules/qwen2.5-coder_7b_rules_C011_static_and_interactive_iter02_20260624_233121/map_interactive.html,False,0,missing_or_empty;html_not_rendered;low_rendered_map_ink;low_edge_detail,False,,,,False,,,,,missing,False,2,interactive_html,,rules,,,C011_static_and_interactive,,,qwen2.5-coder_7b,1,experiments/05_choropleth_reliability_benchmark/outputs/runs_iterative_repair/qwen2.5-coder_7b/rules/qwen2.5-coder_7b_rules_C011_static_and_interactive_iter02_20260624_233121,,0,,,,False,,,,,,missing_or_empty,False,,,,experiments/05_choropleth_reliability_benchmark/outputs/generated_code_iterative_repair/qwen2.5-coder_7b/qwen2.5-coder_7b/rules/C011_static_and_interactive_rules_iter02.py,qwen2.5-coder_7b,False,,False,
map_static.png,experiments/05_choropleth_reliability_benchmark/outputs/runs_iterative_repair/qwen2.5-coder_7b/rules/qwen2.5-coder_7b_rules_C011_static_and_interactive_iter02_20260625_001200/map_static.png,False,0,missing_or_empty;low_thematic_color;low_map_ink;low_edge_detail,False,,,,False,,,,,,,2,static_png,,rules,,,C011_static_and_interactive,missing_or_empty,False,qwen2.5-coder_14b,1,experiments/05_choropleth_reliability_benchmark/outputs/runs_iterative_repair/qwen2.5-coder_7b/rules/qwen2.5-coder_7b_rules_C011_static_and_interactive_iter02_20260625_001200,,0,,,,False,,,,,,missing_or_empty,False,,,,experiments/05_choropleth_reliability_benchmark/outputs/generated_code_iterative_repair/qwen2.5-coder_14b/qwen2.5-coder_7b/rules/C011_static_and_interactive_rules_iter02.py,qwen2.5-coder_7b,False,,,
time_series.png,experiments/05_choropleth_reliability_benchmark/outputs/runs_iterative_repair/qwen2.5-coder_7b/rules/qwen2.5-coder_7b_rules_C011_static_and_interactive_iter02_20260625_001200/time_series.png,False,0,missing_or_empty;low_plot_ink;no_visible_line;low_edge_detail,False,,,,False,,,,,,,2,time_series_png,,rules,,,C011_static_and_interactive,missing_or_empty,False,qwen2.5-coder_14b,1,experiments/05_choropleth_reliability_benchmark/outputs/runs_iterative_repair/qwen2.5-coder_7b/rules/qwen2.5-coder_7b_rules_C011_static_and_interactive_iter02_20260625_001200,,0,,,,False,,,,,,missing_or_empty,False,,,,experiments/05_choropleth_reliability_benchmark/outputs/generated_code_iterative_repair/qwen2.5-coder_14b/qwen2.5-coder_7b/rules/C011_static_and_interactive_rules_iter02.py,qwen2.5-coder_7b,False,,,
map_interactive.html,experiments/05_choropleth_reliability_benchmark/outputs/runs_iterative_repair/qwen2.5-coder_7b/rules/qwen2.5-coder_7b_rules_C011_static_and_interactive_iter02_20260625_001200/map_interactive.html,False,0,missing_or_empty;html_not_rendered;low_rendered_map_ink;low_edge_detail,False,,,,False,,,,,missing,False,2,interactive_html,,rules,,,C011_static_and_interactive,,,qwen2.5-coder_14b,1,experiments/05_choropleth_reliability_benchmark/outputs/runs_iterative_repair/qwen2.5-coder_7b/rules/qwen2.5-coder_7b_rules_C011_static_and_interactive_iter02_20260625_001200,,0,,,,False,,,,,,missing_or_empty,False,,,,experiments/05_choropleth_reliability_benchmark/outputs/generated_code_iterative_repair/qwen2.5-coder_14b/qwen2.5-coder_7b/rules/C011_static_and_interactive_rules_iter02.py,qwen2.5-coder_7b,False,,False,
map_static.png,experiments/05_choropleth_reliability_benchmark/outputs/runs_iterative_repair/qwen2.5-coder_7b/rules/qwen2.5-coder_7b_rules_C011_static_and_interactive_iter03_20260624_063314/map_static.png,False,0,missing_or_empty;low_thematic_color;low_map_ink;low_edge_detail,False,,,,False,,,,,,,3,static_png,,rules,,,C011_static_and_interactive,missing_or_empty,False,qwen2.5-coder_32b,1,experiments/05_choropleth_reliability_benchmark/outputs/runs_iterative_repair/qwen2.5-coder_7b/rules/qwen2.5-coder_7b_rules_C011_static_and_interactive_iter03_20260624_063314,,0,,,,False,,,,,,missing_or_empty,False,,,,experiments/05_choropleth_reliability_benchmark/outputs/generated_code_iterative_repair/qwen2.5-coder_32b/qwen2.5-coder_7b/rules/C011_static_and_interactive_rules_iter03.py,qwen2.5-coder_7b,False,,,
time_series.png,experiments/05_choropleth_reliability_benchmark/outputs/runs_iterative_repair/qwen2.5-coder_7b/rules/qwen2.5-coder_7b_rules_C011_static_and_interactive_iter03_20260624_063314/time_series.png,False,0,missing_or_empty;low_plot_ink;no_visible_line;low_edge_detail,False,,,,False,,,,,,,3,time_series_png,,rules,,,C011_static_and_interactive,missing_or_empty,False,qwen2.5-coder_32b,1,experiments/05_choropleth_reliability_benchmark/outputs/runs_iterative_repair/qwen2.5-coder_7b/rules/qwen2.5-coder_7b_rules_C011_static_and_interactive_iter03_20260624_063314,,0,,,,False,,,,,,missing_or_empty,False,,,,experiments/05_choropleth_reliability_benchmark/outputs/generated_code_iterative_repair/qwen2.5-coder_32b/qwen2.5-coder_7b/rules/C011_static_and_interactive_rules_iter03.py,qwen2.5-coder_7b,False,,,
map_interactive.html,experiments/05_choropleth_reliability_benchmark/outputs/runs_iterative_repair/qwen2.5-coder_7b/rules/qwen2.5-coder_7b_rules_C011_static_and_interactive_iter03_20260624_063314/map_interactive.html,False,0,missing_or_empty;html_not_rendered;low_rendered_map_ink;low_edge_detail,False,,,,False,,,,,missing,False,3,interactive_html,,rules,,,C011_static_and_interactive,,,qwen2.5-coder_32b,1,experiments/05_choropleth_reliability_benchmark/outputs/runs_iterative_repair/qwen2.5-coder_7b/rules/qwen2.5-coder_7b_rules_C011_static_and_interactive_iter03_20260624_063314,,0,,,,False,,,,,,missing_or_empty,False,,,,experiments/05_choropleth_reliability_benchmark/outputs/generated_code_iterative_repair/qwen2.5-coder_32b/qwen2.5-coder_7b/rules/C011_static_and_interactive_rules_iter03.py,qwen2.5-coder_7b,False,,False,
map_static.png,experiments/05_choropleth_reliability_benchmark/outputs/runs_iterative_repair/qwen2.5-coder_7b/rules/qwen2.5-coder_7b_rules_C011_static_and_interactive_iter03_20260624_233137/map_static.png,False,0,missing_or_empty;low_thematic_color;low_map_ink;low_edge_detail,False,,,,False,,,,,,,3,static_png,,rules,,,C011_static_and_interactive,missing_or_empty,False,qwen2.5-coder_7b,1,experiments/05_choropleth_reliability_benchmark/outputs/runs_iterative_repair/qwen2.5-coder_7b/rules/qwen2.5-coder_7b_rules_C011_static_and_interactive_iter03_20260624_233137,,0,,,,False,,,,,,missing_or_empty,False,,,,experiments/05_choropleth_reliability_benchmark/outputs/generated_code_iterative_repair/qwen2.5-coder_7b/qwen2.5-coder_7b/rules/C011_static_and_interactive_rules_iter03.py,qwen2.5-coder_7b,False,,,
time_series.png,experiments/05_choropleth_reliability_benchmark/outputs/runs_iterative_repair/qwen2.5-coder_7b/rules/qwen2.5-coder_7b_rules_C011_static_and_interactive_iter03_20260624_233137/time_series.png,False,0,missing_or_empty;low_plot_ink;no_visible_line;low_edge_detail,False,,,,False,,,,,,,3,time_series_png,,rules,,,C011_static_and_interactive,missing_or_empty,False,qwen2.5-coder_7b,1,experiments/05_choropleth_reliability_benchmark/outputs/runs_iterative_repair/qwen2.5-coder_7b/rules/qwen2.5-coder_7b_rules_C011_static_and_interactive_iter03_20260624_233137,,0,,,,False,,,,,,missing_or_empty,False,,,,experiments/05_choropleth_reliability_benchmark/outputs/generated_code_iterative_repair/qwen2.5-coder_7b/qwen2.5-coder_7b/rules/C011_static_and_interactive_rules_iter03.py,qwen2.5-coder_7b,False,,,
map_interactive.html,experiments/05_choropleth_reliability_benchmark/outputs/runs_iterative_repair/qwen2.5-coder_7b/rules/qwen2.5-coder_7b_rules_C011_static_and_interactive_iter03_20260624_233137/map_interactive.html,False,0,missing_or_empty;html_not_rendered;low_rendered_map_ink;low_edge_detail,False,,,,False,,,,,missing,False,3,interactive_html,,rules,,,C011_static_and_interactive,,,qwen2.5-coder_7b,1,experiments/05_choropleth_reliability_benchmark/outputs/runs_iterative_repair/qwen2.5-coder_7b/rules/qwen2.5-coder_7b_rules_C011_static_and_interactive_iter03_20260624_233137,,0,,,,False,,,,,,missing_or_empty,False,,,,experiments/05_choropleth_reliability_benchmark/outputs/generated_code_iterative_repair/qwen2.5-coder_7b/qwen2.5-coder_7b/rules/C011_static_and_interactive_rules_iter03.py,qwen2.5-coder_7b,False,,False,
map_static.png,experiments/05_choropleth_reliability_benchmark/outputs/runs_iterative_repair/qwen2.5-coder_7b/rules/qwen2.5-coder_7b_rules_C011_static_and_interactive_iter03_20260625_001230/map_static.png,False,0,missing_or_empty;low_thematic_color;low_map_ink;low_edge_detail,False,,,,False,,,,,,,3,static_png,,rules,,,C011_static_and_interactive,missing_or_empty,False,qwen2.5-coder_14b,1,experiments/05_choropleth_reliability_benchmark/outputs/runs_iterative_repair/qwen2.5-coder_7b/rules/qwen2.5-coder_7b_rules_C011_static_and_interactive_iter03_20260625_001230,,0,,,,False,,,,,,missing_or_empty,False,,,,experiments/05_choropleth_reliability_benchmark/outputs/generated_code_iterative_repair/qwen2.5-coder_14b/qwen2.5-coder_7b/rules/C011_static_and_interactive_rules_iter03.py,qwen2.5-coder_7b,False,,,
time_series.png,experiments/05_choropleth_reliability_benchmark/outputs/runs_iterative_repair/qwen2.5-coder_7b/rules/qwen2.5-coder_7b_rules_C011_static_and_interactive_iter03_20260625_001230/time_series.png,False,0,missing_or_empty;low_plot_ink;no_visible_line;low_edge_detail,False,,,,False,,,,,,,3,time_series_png,,rules,,,C011_static_and_interactive,missing_or_empty,False,qwen2.5-coder_14b,1,experiments/05_choropleth_reliability_benchmark/outputs/runs_iterative_repair/qwen2.5-coder_7b/rules/qwen2.5-coder_7b_rules_C011_static_and_interactive_iter03_20260625_001230,,0,,,,False,,,,,,missing_or_empty,False,,,,experiments/05_choropleth_reliability_benchmark/outputs/generated_code_iterative_repair/qwen2.5-coder_14b/qwen2.5-coder_7b/rules/C011_static_and_interactive_rules_iter03.py,qwen2.5-coder_7b,False,,,
map_interactive.html,experiments/05_choropleth_reliability_benchmark/outputs/runs_iterative_repair/qwen2.5-coder_7b/rules/qwen2.5-coder_7b_rules_C011_static_and_interactive_iter03_20260625_001230/map_interactive.html,False,0,missing_or_empty;html_not_rendered;low_rendered_map_ink;low_edge_detail,False,,,,False,,,,,missing,False,3,interactive_html,,rules,,,C011_static_and_interactive,,,qwen2.5-coder_14b,1,experiments/05_choropleth_reliability_benchmark/outputs/runs_iterative_repair/qwen2.5-coder_7b/rules/qwen2.5-coder_7b_rules_C011_static_and_interactive_iter03_20260625_001230,,0,,,,False,,,,,,missing_or_empty,False,,,,experiments/05_choropleth_reliability_benchmark/outputs/generated_code_iterative_repair/qwen2.5-coder_14b/qwen2.5-coder_7b/rules/C011_static_and_interactive_rules_iter03.py,qwen2.5-coder_7b,False,,False,
map_static.png,experiments/05_choropleth_reliability_benchmark/outputs/runs_iterative_repair/qwen2.5-coder_7b/rules/qwen2.5-coder_7b_rules_C012_time_series_report_iter01_20260624_051649/map_static.png,False,0,missing_or_empty;low_thematic_color;low_map_ink;low_edge_detail,False,,,,False,,,,,,,1,static_png,,rules,,,C012_time_series_report,missing_or_empty,False,qwen2.5-coder_32b,1,experiments/05_choropleth_reliability_benchmark/outputs/runs_iterative_repair/qwen2.5-coder_7b/rules/qwen2.5-coder_7b_rules_C012_time_series_report_iter01_20260624_051649,,0,,,,False,,,,,,missing_or_empty,False,,,,experiments/05_choropleth_reliability_benchmark/outputs/generated_code_iterative_repair/qwen2.5-coder_32b/qwen2.5-coder_7b/rules/C012_time_series_report_rules_iter01.py,qwen2.5-coder_7b,False,,,
time_series.png,experiments/05_choropleth_reliability_benchmark/outputs/runs_iterative_repair/qwen2.5-coder_7b/rules/qwen2.5-coder_7b_rules_C012_time_series_report_iter01_20260624_051649/time_series.png,True,48859,,True,0.0098,255,15.435,True,,,,600,,,1,time_series_png,249.359,rules,0.9927,0.0523,C012_time_series_report,,True,qwen2.5-coder_32b,1,experiments/05_choropleth_reliability_benchmark/outputs/runs_iterative_repair/qwen2.5-coder_7b/rules/qwen2.5-coder_7b_rules_C012_time_series_report_iter01_20260624_051649,0.0130,48859,0.0098,255,15.435,True,600,249.359,0.9927,0.0523,,,True,0.0130,23,1000,experiments/05_choropleth_reliability_benchmark/outputs/generated_code_iterative_repair/qwen2.5-coder_32b/qwen2.5-coder_7b/rules/C012_time_series_report_rules_iter01.py,qwen2.5-coder_7b,False,23,,1000
map_interactive.html,experiments/05_choropleth_reliability_benchmark/outputs/runs_iterative_repair/qwen2.5-coder_7b/rules/qwen2.5-coder_7b_rules_C012_time_series_report_iter01_20260624_051649/map_interactive.html,False,0,missing_or_empty;html_not_rendered;low_rendered_map_ink;low_edge_detail,False,,,,False,,,,,missing,False,1,interactive_html,,rules,,,C012_time_series_report,,,qwen2.5-coder_32b,1,experiments/05_choropleth_reliability_benchmark/outputs/runs_iterative_repair/qwen2.5-coder_7b/rules/qwen2.5-coder_7b_rules_C012_time_series_report_iter01_20260624_051649,,0,,,,False,,,,,,missing_or_empty,False,,,,experiments/05_choropleth_reliability_benchmark/outputs/generated_code_iterative_repair/qwen2.5-coder_32b/qwen2.5-coder_7b/rules/C012_time_series_report_rules_iter01.py,qwen2.5-coder_7b,False,,False,
map_static.png,experiments/05_choropleth_reliability_benchmark/outputs/runs_iterative_repair/qwen2.5-coder_7b/rules/qwen2.5-coder_7b_rules_C012_time_series_report_iter01_20260624_232903/map_static.png,False,0,missing_or_empty;low_thematic_color;low_map_ink;low_edge_detail,False,,,,False,,,,,,,1,static_png,,rules,,,C012_time_series_report,missing_or_empty,False,qwen2.5-coder_7b,1,experiments/05_choropleth_reliability_benchmark/outputs/runs_iterative_repair/qwen2.5-coder_7b/rules/qwen2.5-coder_7b_rules_C012_time_series_report_iter01_20260624_232903,,0,,,,False,,,,,,missing_or_empty,False,,,,experiments/05_choropleth_reliability_benchmark/outputs/generated_code_iterative_repair/qwen2.5-coder_7b/qwen2.5-coder_7b/rules/C012_time_series_report_rules_iter01.py,qwen2.5-coder_7b,False,,,
time_series.png,experiments/05_choropleth_reliability_benchmark/outputs/runs_iterative_repair/qwen2.5-coder_7b/rules/qwen2.5-coder_7b_rules_C012_time_series_report_iter01_20260624_232903/time_series.png,True,48859,,True,0.0098,255,15.435,True,,,,600,,,1,time_series_png,249.359,rules,0.9927,0.0523,C012_time_series_report,,True,qwen2.5-coder_7b,1,experiments/05_choropleth_reliability_benchmark/outputs/runs_iterative_repair/qwen2.5-coder_7b/rules/qwen2.5-coder_7b_rules_C012_time_series_report_iter01_20260624_232903,0.0130,48859,0.0098,255,15.435,True,600,249.359,0.9927,0.0523,,,True,0.0130,23,1000,experiments/05_choropleth_reliability_benchmark/outputs/generated_code_iterative_repair/qwen2.5-coder_7b/qwen2.5-coder_7b/rules/C012_time_series_report_rules_iter01.py,qwen2.5-coder_7b,False,23,,1000
map_interactive.html,experiments/05_choropleth_reliability_benchmark/outputs/runs_iterative_repair/qwen2.5-coder_7b/rules/qwen2.5-coder_7b_rules_C012_time_series_report_iter01_20260624_232903/map_interactive.html,False,0,missing_or_empty;html_not_rendered;low_rendered_map_ink;low_edge_detail,False,,,,False,,,,,missing,False,1,interactive_html,,rules,,,C012_time_series_report,,,qwen2.5-coder_7b,1,experiments/05_choropleth_reliability_benchmark/outputs/runs_iterative_repair/qwen2.5-coder_7b/rules/qwen2.5-coder_7b_rules_C012_time_series_report_iter01_20260624_232903,,0,,,,False,,,,,,missing_or_empty,False,,,,experiments/05_choropleth_reliability_benchmark/outputs/generated_code_iterative_repair/qwen2.5-coder_7b/qwen2.5-coder_7b/rules/C012_time_series_report_rules_iter01.py,qwen2.5-coder_7b,False,,False,
map_static.png,experiments/05_choropleth_reliability_benchmark/outputs/runs_iterative_repair/qwen2.5-coder_7b/rules/qwen2.5-coder_7b_rules_C012_time_series_report_iter01_20260625_000707/map_static.png,False,0,missing_or_empty;low_thematic_color;low_map_ink;low_edge_detail,False,,,,False,,,,,,,1,static_png,,rules,,,C012_time_series_report,missing_or_empty,False,qwen2.5-coder_14b,1,experiments/05_choropleth_reliability_benchmark/outputs/runs_iterative_repair/qwen2.5-coder_7b/rules/qwen2.5-coder_7b_rules_C012_time_series_report_iter01_20260625_000707,,0,,,,False,,,,,,missing_or_empty,False,,,,experiments/05_choropleth_reliability_benchmark/outputs/generated_code_iterative_repair/qwen2.5-coder_14b/qwen2.5-coder_7b/rules/C012_time_series_report_rules_iter01.py,qwen2.5-coder_7b,False,,,
time_series.png,experiments/05_choropleth_reliability_benchmark/outputs/runs_iterative_repair/qwen2.5-coder_7b/rules/qwen2.5-coder_7b_rules_C012_time_series_report_iter01_20260625_000707/time_series.png,True,48859,,True,0.0098,255,15.435,True,,,,600,,,1,time_series_png,249.359,rules,0.9927,0.0523,C012_time_series_report,,True,qwen2.5-coder_14b,1,experiments/05_choropleth_reliability_benchmark/outputs/runs_iterative_repair/qwen2.5-coder_7b/rules/qwen2.5-coder_7b_rules_C012_time_series_report_iter01_20260625_000707,0.0130,48859,0.0098,255,15.435,True,600,249.359,0.9927,0.0523,,,True,0.0130,23,1000,experiments/05_choropleth_reliability_benchmark/outputs/generated_code_iterative_repair/qwen2.5-coder_14b/qwen2.5-coder_7b/rules/C012_time_series_report_rules_iter01.py,qwen2.5-coder_7b,False,23,,1000
map_interactive.html,experiments/05_choropleth_reliability_benchmark/outputs/runs_iterative_repair/qwen2.5-coder_7b/rules/qwen2.5-coder_7b_rules_C012_time_series_report_iter01_20260625_000707/map_interactive.html,False,0,missing_or_empty;html_not_rendered;low_rendered_map_ink;low_edge_detail,False,,,,False,,,,,missing,False,1,interactive_html,,rules,,,C012_time_series_report,,,qwen2.5-coder_14b,1,experiments/05_choropleth_reliability_benchmark/outputs/runs_iterative_repair/qwen2.5-coder_7b/rules/qwen2.5-coder_7b_rules_C012_time_series_report_iter01_20260625_000707,,0,,,,False,,,,,,missing_or_empty,False,,,,experiments/05_choropleth_reliability_benchmark/outputs/generated_code_iterative_repair/qwen2.5-coder_14b/qwen2.5-coder_7b/rules/C012_time_series_report_rules_iter01.py,qwen2.5-coder_7b,False,,False,
map_static.png,experiments/05_choropleth_reliability_benchmark/outputs/runs_iterative_repair/qwen2.5-coder_7b/rules/qwen2.5-coder_7b_rules_C012_time_series_report_iter02_20260624_051739/map_static.png,False,0,missing_or_empty;low_thematic_color;low_map_ink;low_edge_detail,False,,,,False,,,,,,,2,static_png,,rules,,,C012_time_series_report,missing_or_empty,False,qwen2.5-coder_32b,0,experiments/05_choropleth_reliability_benchmark/outputs/runs_iterative_repair/qwen2.5-coder_7b/rules/qwen2.5-coder_7b_rules_C012_time_series_report_iter02_20260624_051739,,0,,,,False,,,,,,missing_or_empty,False,,,,experiments/05_choropleth_reliability_benchmark/outputs/generated_code_iterative_repair/qwen2.5-coder_32b/qwen2.5-coder_7b/rules/C012_time_series_report_rules_iter02.py,qwen2.5-coder_7b,False,,,
time_series.png,experiments/05_choropleth_reliability_benchmark/outputs/runs_iterative_repair/qwen2.5-coder_7b/rules/qwen2.5-coder_7b_rules_C012_time_series_report_iter02_20260624_051739/time_series.png,True,48859,,True,0.0098,255,15.435,True,,,,600,,,2,time_series_png,249.359,rules,0.9927,0.0523,C012_time_series_report,,True,qwen2.5-coder_32b,0,experiments/05_choropleth_reliability_benchmark/outputs/runs_iterative_repair/qwen2.5-coder_7b/rules/qwen2.5-coder_7b_rules_C012_time_series_report_iter02_20260624_051739,0.0130,48859,0.0098,255,15.435,True,600,249.359,0.9927,0.0523,,,True,0.0130,23,1000,experiments/05_choropleth_reliability_benchmark/outputs/generated_code_iterative_repair/qwen2.5-coder_32b/qwen2.5-coder_7b/rules/C012_time_series_report_rules_iter02.py,qwen2.5-coder_7b,False,23,,1000
map_interactive.html,experiments/05_choropleth_reliability_benchmark/outputs/runs_iterative_repair/qwen2.5-coder_7b/rules/qwen2.5-coder_7b_rules_C012_time_series_report_iter02_20260624_051739/map_interactive.html,False,0,missing_or_empty;html_not_rendered;low_rendered_map_ink;low_edge_detail,False,,,,False,,,,,missing,False,2,interactive_html,,rules,,,C012_time_series_report,,,qwen2.5-coder_32b,0,experiments/05_choropleth_reliability_benchmark/outputs/runs_iterative_repair/qwen2.5-coder_7b/rules/qwen2.5-coder_7b_rules_C012_time_series_report_iter02_20260624_051739,,0,,,,False,,,,,,missing_or_empty,False,,,,experiments/05_choropleth_reliability_benchmark/outputs/generated_code_iterative_repair/qwen2.5-coder_32b/qwen2.5-coder_7b/rules/C012_time_series_report_rules_iter02.py,qwen2.5-coder_7b,False,,False,
map_static.png,experiments/05_choropleth_reliability_benchmark/outputs/runs_iterative_repair/qwen2.5-coder_7b/rules/qwen2.5-coder_7b_rules_C012_time_series_report_iter02_20260624_232913/map_static.png,False,0,missing_or_empty;low_thematic_color;low_map_ink;low_edge_detail,False,,,,False,,,,,,,2,static_png,,rules,,,C012_time_series_report,missing_or_empty,False,qwen2.5-coder_7b,0,experiments/05_choropleth_reliability_benchmark/outputs/runs_iterative_repair/qwen2.5-coder_7b/rules/qwen2.5-coder_7b_rules_C012_time_series_report_iter02_20260624_232913,,0,,,,False,,,,,,missing_or_empty,False,,,,experiments/05_choropleth_reliability_benchmark/outputs/generated_code_iterative_repair/qwen2.5-coder_7b/qwen2.5-coder_7b/rules/C012_time_series_report_rules_iter02.py,qwen2.5-coder_7b,False,,,
time_series.png,experiments/05_choropleth_reliability_benchmark/outputs/runs_iterative_repair/qwen2.5-coder_7b/rules/qwen2.5-coder_7b_rules_C012_time_series_report_iter02_20260624_232913/time_series.png,True,48859,,True,0.0098,255,15.435,True,,,,600,,,2,time_series_png,249.359,rules,0.9927,0.0523,C012_time_series_report,,True,qwen2.5-coder_7b,0,experiments/05_choropleth_reliability_benchmark/outputs/runs_iterative_repair/qwen2.5-coder_7b/rules/qwen2.5-coder_7b_rules_C012_time_series_report_iter02_20260624_232913,0.0130,48859,0.0098,255,15.435,True,600,249.359,0.9927,0.0523,,,True,0.0130,23,1000,experiments/05_choropleth_reliability_benchmark/outputs/generated_code_iterative_repair/qwen2.5-coder_7b/qwen2.5-coder_7b/rules/C012_time_series_report_rules_iter02.py,qwen2.5-coder_7b,False,23,,1000
map_interactive.html,experiments/05_choropleth_reliability_benchmark/outputs/runs_iterative_repair/qwen2.5-coder_7b/rules/qwen2.5-coder_7b_rules_C012_time_series_report_iter02_20260624_232913/map_interactive.html,False,0,missing_or_empty;html_not_rendered;low_rendered_map_ink;low_edge_detail,False,,,,False,,,,,missing,False,2,interactive_html,,rules,,,C012_time_series_report,,,qwen2.5-coder_7b,0,experiments/05_choropleth_reliability_benchmark/outputs/runs_iterative_repair/qwen2.5-coder_7b/rules/qwen2.5-coder_7b_rules_C012_time_series_report_iter02_20260624_232913,,0,,,,False,,,,,,missing_or_empty,False,,,,experiments/05_choropleth_reliability_benchmark/outputs/generated_code_iterative_repair/qwen2.5-coder_7b/qwen2.5-coder_7b/rules/C012_time_series_report_rules_iter02.py,qwen2.5-coder_7b,False,,False,
map_static.png,experiments/05_choropleth_reliability_benchmark/outputs/runs_iterative_repair/qwen2.5-coder_7b/rules/qwen2.5-coder_7b_rules_C012_time_series_report_iter02_20260625_000731/map_static.png,False,0,missing_or_empty;low_thematic_color;low_map_ink;low_edge_detail,False,,,,False,,,,,,,2,static_png,,rules,,,C012_time_series_report,missing_or_empty,False,qwen2.5-coder_14b,0,experiments/05_choropleth_reliability_benchmark/outputs/runs_iterative_repair/qwen2.5-coder_7b/rules/qwen2.5-coder_7b_rules_C012_time_series_report_iter02_20260625_000731,,0,,,,False,,,,,,missing_or_empty,False,,,,experiments/05_choropleth_reliability_benchmark/outputs/generated_code_iterative_repair/qwen2.5-coder_14b/qwen2.5-coder_7b/rules/C012_time_series_report_rules_iter02.py,qwen2.5-coder_7b,False,,,
time_series.png,experiments/05_choropleth_reliability_benchmark/outputs/runs_iterative_repair/qwen2.5-coder_7b/rules/qwen2.5-coder_7b_rules_C012_time_series_report_iter02_20260625_000731/time_series.png,True,48859,,True,0.0098,255,15.435,True,,,,600,,,2,time_series_png,249.359,rules,0.9927,0.0523,C012_time_series_report,,True,qwen2.5-coder_14b,0,experiments/05_choropleth_reliability_benchmark/outputs/runs_iterative_repair/qwen2.5-coder_7b/rules/qwen2.5-coder_7b_rules_C012_time_series_report_iter02_20260625_000731,0.0130,48859,0.0098,255,15.435,True,600,249.359,0.9927,0.0523,,,True,0.0130,23,1000,experiments/05_choropleth_reliability_benchmark/outputs/generated_code_iterative_repair/qwen2.5-coder_14b/qwen2.5-coder_7b/rules/C012_time_series_report_rules_iter02.py,qwen2.5-coder_7b,False,23,,1000
map_interactive.html,experiments/05_choropleth_reliability_benchmark/outputs/runs_iterative_repair/qwen2.5-coder_7b/rules/qwen2.5-coder_7b_rules_C012_time_series_report_iter02_20260625_000731/map_interactive.html,False,0,missing_or_empty;html_not_rendered;low_rendered_map_ink;low_edge_detail,False,,,,False,,,,,missing,False,2,interactive_html,,rules,,,C012_time_series_report,,,qwen2.5-coder_14b,0,experiments/05_choropleth_reliability_benchmark/outputs/runs_iterative_repair/qwen2.5-coder_7b/rules/qwen2.5-coder_7b_rules_C012_time_series_report_iter02_20260625_000731,,0,,,,False,,,,,,missing_or_empty,False,,,,experiments/05_choropleth_reliability_benchmark/outputs/generated_code_iterative_repair/qwen2.5-coder_14b/qwen2.5-coder_7b/rules/C012_time_series_report_rules_iter02.py,qwen2.5-coder_7b,False,,False,
