iteration,mode,prompt_id,repair_model,returncode,run_dir,script,source_model,timed_out
1,basic,C001_static_burned_area,qwen2.5-coder_32b,1,experiments/05_choropleth_reliability_benchmark/outputs/runs_iterative_repair/deepseek-coder_6.7b/basic/deepseek-coder_6.7b_basic_C001_static_burned_area_iter01_20260624_042946,experiments/05_choropleth_reliability_benchmark/outputs/generated_code_iterative_repair/qwen2.5-coder_32b/deepseek-coder_6.7b/basic/C001_static_burned_area_basic_iter01.py,deepseek-coder_6.7b,False
1,basic,C001_static_burned_area,qwen2.5-coder_7b,1,experiments/05_choropleth_reliability_benchmark/outputs/runs_iterative_repair/deepseek-coder_6.7b/basic/deepseek-coder_6.7b_basic_C001_static_burned_area_iter01_20260624_231105,experiments/05_choropleth_reliability_benchmark/outputs/generated_code_iterative_repair/qwen2.5-coder_7b/deepseek-coder_6.7b/basic/C001_static_burned_area_basic_iter01.py,deepseek-coder_6.7b,False
1,basic,C001_static_burned_area,qwen2.5-coder_14b,1,experiments/05_choropleth_reliability_benchmark/outputs/runs_iterative_repair/deepseek-coder_6.7b/basic/deepseek-coder_6.7b_basic_C001_static_burned_area_iter01_20260624_233757,experiments/05_choropleth_reliability_benchmark/outputs/generated_code_iterative_repair/qwen2.5-coder_14b/deepseek-coder_6.7b/basic/C001_static_burned_area_basic_iter01.py,deepseek-coder_6.7b,False
1,basic,C001_static_burned_area,deepseek-coder_6.7b,1,experiments/05_choropleth_reliability_benchmark/outputs/runs_iterative_repair/deepseek-coder_6.7b/basic/deepseek-coder_6.7b_basic_C001_static_burned_area_iter01_20260625_001606,experiments/05_choropleth_reliability_benchmark/outputs/generated_code_iterative_repair/deepseek-coder_6.7b/deepseek-coder_6.7b/basic/C001_static_burned_area_basic_iter01.py,deepseek-coder_6.7b,False
2,basic,C001_static_burned_area,qwen2.5-coder_32b,1,experiments/05_choropleth_reliability_benchmark/outputs/runs_iterative_repair/deepseek-coder_6.7b/basic/deepseek-coder_6.7b_basic_C001_static_burned_area_iter02_20260624_043043,experiments/05_choropleth_reliability_benchmark/outputs/generated_code_iterative_repair/qwen2.5-coder_32b/deepseek-coder_6.7b/basic/C001_static_burned_area_basic_iter02.py,deepseek-coder_6.7b,False
2,basic,C001_static_burned_area,qwen2.5-coder_7b,1,experiments/05_choropleth_reliability_benchmark/outputs/runs_iterative_repair/deepseek-coder_6.7b/basic/deepseek-coder_6.7b_basic_C001_static_burned_area_iter02_20260624_231116,experiments/05_choropleth_reliability_benchmark/outputs/generated_code_iterative_repair/qwen2.5-coder_7b/deepseek-coder_6.7b/basic/C001_static_burned_area_basic_iter02.py,deepseek-coder_6.7b,False
2,basic,C001_static_burned_area,qwen2.5-coder_14b,1,experiments/05_choropleth_reliability_benchmark/outputs/runs_iterative_repair/deepseek-coder_6.7b/basic/deepseek-coder_6.7b_basic_C001_static_burned_area_iter02_20260624_233821,experiments/05_choropleth_reliability_benchmark/outputs/generated_code_iterative_repair/qwen2.5-coder_14b/deepseek-coder_6.7b/basic/C001_static_burned_area_basic_iter02.py,deepseek-coder_6.7b,False
2,basic,C001_static_burned_area,deepseek-coder_6.7b,1,experiments/05_choropleth_reliability_benchmark/outputs/runs_iterative_repair/deepseek-coder_6.7b/basic/deepseek-coder_6.7b_basic_C001_static_burned_area_iter02_20260625_001622,experiments/05_choropleth_reliability_benchmark/outputs/generated_code_iterative_repair/deepseek-coder_6.7b/deepseek-coder_6.7b/basic/C001_static_burned_area_basic_iter02.py,deepseek-coder_6.7b,False
3,basic,C001_static_burned_area,qwen2.5-coder_32b,1,experiments/05_choropleth_reliability_benchmark/outputs/runs_iterative_repair/deepseek-coder_6.7b/basic/deepseek-coder_6.7b_basic_C001_static_burned_area_iter03_20260624_061945,experiments/05_choropleth_reliability_benchmark/outputs/generated_code_iterative_repair/qwen2.5-coder_32b/deepseek-coder_6.7b/basic/C001_static_burned_area_basic_iter03.py,deepseek-coder_6.7b,False
3,basic,C001_static_burned_area,qwen2.5-coder_7b,1,experiments/05_choropleth_reliability_benchmark/outputs/runs_iterative_repair/deepseek-coder_6.7b/basic/deepseek-coder_6.7b_basic_C001_static_burned_area_iter03_20260624_231127,experiments/05_choropleth_reliability_benchmark/outputs/generated_code_iterative_repair/qwen2.5-coder_7b/deepseek-coder_6.7b/basic/C001_static_burned_area_basic_iter03.py,deepseek-coder_6.7b,False
3,basic,C001_static_burned_area,qwen2.5-coder_14b,1,experiments/05_choropleth_reliability_benchmark/outputs/runs_iterative_repair/deepseek-coder_6.7b/basic/deepseek-coder_6.7b_basic_C001_static_burned_area_iter03_20260624_233844,experiments/05_choropleth_reliability_benchmark/outputs/generated_code_iterative_repair/qwen2.5-coder_14b/deepseek-coder_6.7b/basic/C001_static_burned_area_basic_iter03.py,deepseek-coder_6.7b,False
1,basic,C002_static_number_fires,qwen2.5-coder_32b,1,experiments/05_choropleth_reliability_benchmark/outputs/runs_iterative_repair/deepseek-coder_6.7b/basic/deepseek-coder_6.7b_basic_C002_static_number_fires_iter01_20260624_043124,experiments/05_choropleth_reliability_benchmark/outputs/generated_code_iterative_repair/qwen2.5-coder_32b/deepseek-coder_6.7b/basic/C002_static_number_fires_basic_iter01.py,deepseek-coder_6.7b,False
1,basic,C002_static_number_fires,qwen2.5-coder_7b,1,experiments/05_choropleth_reliability_benchmark/outputs/runs_iterative_repair/deepseek-coder_6.7b/basic/deepseek-coder_6.7b_basic_C002_static_number_fires_iter01_20260624_231139,experiments/05_choropleth_reliability_benchmark/outputs/generated_code_iterative_repair/qwen2.5-coder_7b/deepseek-coder_6.7b/basic/C002_static_number_fires_basic_iter01.py,deepseek-coder_6.7b,False
1,basic,C002_static_number_fires,qwen2.5-coder_14b,1,experiments/05_choropleth_reliability_benchmark/outputs/runs_iterative_repair/deepseek-coder_6.7b/basic/deepseek-coder_6.7b_basic_C002_static_number_fires_iter01_20260624_233905,experiments/05_choropleth_reliability_benchmark/outputs/generated_code_iterative_repair/qwen2.5-coder_14b/deepseek-coder_6.7b/basic/C002_static_number_fires_basic_iter01.py,deepseek-coder_6.7b,False
2,basic,C002_static_number_fires,qwen2.5-coder_32b,0,experiments/05_choropleth_reliability_benchmark/outputs/runs_iterative_repair/deepseek-coder_6.7b/basic/deepseek-coder_6.7b_basic_C002_static_number_fires_iter02_20260624_043205,experiments/05_choropleth_reliability_benchmark/outputs/generated_code_iterative_repair/qwen2.5-coder_32b/deepseek-coder_6.7b/basic/C002_static_number_fires_basic_iter02.py,deepseek-coder_6.7b,False
2,basic,C002_static_number_fires,qwen2.5-coder_7b,1,experiments/05_choropleth_reliability_benchmark/outputs/runs_iterative_repair/deepseek-coder_6.7b/basic/deepseek-coder_6.7b_basic_C002_static_number_fires_iter02_20260624_231151,experiments/05_choropleth_reliability_benchmark/outputs/generated_code_iterative_repair/qwen2.5-coder_7b/deepseek-coder_6.7b/basic/C002_static_number_fires_basic_iter02.py,deepseek-coder_6.7b,False
2,basic,C002_static_number_fires,qwen2.5-coder_14b,1,experiments/05_choropleth_reliability_benchmark/outputs/runs_iterative_repair/deepseek-coder_6.7b/basic/deepseek-coder_6.7b_basic_C002_static_number_fires_iter02_20260624_233927,experiments/05_choropleth_reliability_benchmark/outputs/generated_code_iterative_repair/qwen2.5-coder_14b/deepseek-coder_6.7b/basic/C002_static_number_fires_basic_iter02.py,deepseek-coder_6.7b,False
3,basic,C002_static_number_fires,qwen2.5-coder_7b,1,experiments/05_choropleth_reliability_benchmark/outputs/runs_iterative_repair/deepseek-coder_6.7b/basic/deepseek-coder_6.7b_basic_C002_static_number_fires_iter03_20260624_231204,experiments/05_choropleth_reliability_benchmark/outputs/generated_code_iterative_repair/qwen2.5-coder_7b/deepseek-coder_6.7b/basic/C002_static_number_fires_basic_iter03.py,deepseek-coder_6.7b,False
3,basic,C002_static_number_fires,qwen2.5-coder_14b,1,experiments/05_choropleth_reliability_benchmark/outputs/runs_iterative_repair/deepseek-coder_6.7b/basic/deepseek-coder_6.7b_basic_C002_static_number_fires_iter03_20260624_233948,experiments/05_choropleth_reliability_benchmark/outputs/generated_code_iterative_repair/qwen2.5-coder_14b/deepseek-coder_6.7b/basic/C002_static_number_fires_basic_iter03.py,deepseek-coder_6.7b,False
1,basic,C004_missing_crs_repair,qwen2.5-coder_32b,1,experiments/05_choropleth_reliability_benchmark/outputs/runs_iterative_repair/deepseek-coder_6.7b/basic/deepseek-coder_6.7b_basic_C004_missing_crs_repair_iter01_20260624_041715,experiments/05_choropleth_reliability_benchmark/outputs/generated_code_iterative_repair/qwen2.5-coder_32b/deepseek-coder_6.7b/basic/C004_missing_crs_repair_basic_iter01.py,deepseek-coder_6.7b,False
1,basic,C004_missing_crs_repair,qwen2.5-coder_14b,1,experiments/05_choropleth_reliability_benchmark/outputs/runs_iterative_repair/deepseek-coder_6.7b/basic/deepseek-coder_6.7b_basic_C004_missing_crs_repair_iter01_20260624_071223,experiments/05_choropleth_reliability_benchmark/outputs/generated_code_iterative_repair/qwen2.5-coder_14b/deepseek-coder_6.7b/basic/C004_missing_crs_repair_basic_iter01.py,deepseek-coder_6.7b,False
1,basic,C004_missing_crs_repair,qwen2.5-coder_7b,1,experiments/05_choropleth_reliability_benchmark/outputs/runs_iterative_repair/deepseek-coder_6.7b/basic/deepseek-coder_6.7b_basic_C004_missing_crs_repair_iter01_20260624_072421,experiments/05_choropleth_reliability_benchmark/outputs/generated_code_iterative_repair/qwen2.5-coder_7b/deepseek-coder_6.7b/basic/C004_missing_crs_repair_basic_iter01.py,deepseek-coder_6.7b,False
2,basic,C004_missing_crs_repair,qwen2.5-coder_32b,1,experiments/05_choropleth_reliability_benchmark/outputs/runs_iterative_repair/deepseek-coder_6.7b/basic/deepseek-coder_6.7b_basic_C004_missing_crs_repair_iter02_20260624_041754,experiments/05_choropleth_reliability_benchmark/outputs/generated_code_iterative_repair/qwen2.5-coder_32b/deepseek-coder_6.7b/basic/C004_missing_crs_repair_basic_iter02.py,deepseek-coder_6.7b,False
2,basic,C004_missing_crs_repair,qwen2.5-coder_14b,1,experiments/05_choropleth_reliability_benchmark/outputs/runs_iterative_repair/deepseek-coder_6.7b/basic/deepseek-coder_6.7b_basic_C004_missing_crs_repair_iter02_20260624_071240,experiments/05_choropleth_reliability_benchmark/outputs/generated_code_iterative_repair/qwen2.5-coder_14b/deepseek-coder_6.7b/basic/C004_missing_crs_repair_basic_iter02.py,deepseek-coder_6.7b,False
2,basic,C004_missing_crs_repair,qwen2.5-coder_7b,1,experiments/05_choropleth_reliability_benchmark/outputs/runs_iterative_repair/deepseek-coder_6.7b/basic/deepseek-coder_6.7b_basic_C004_missing_crs_repair_iter02_20260624_072426,experiments/05_choropleth_reliability_benchmark/outputs/generated_code_iterative_repair/qwen2.5-coder_7b/deepseek-coder_6.7b/basic/C004_missing_crs_repair_basic_iter02.py,deepseek-coder_6.7b,False
2,basic,C004_missing_crs_repair,deepseek-coder_6.7b,1,experiments/05_choropleth_reliability_benchmark/outputs/runs_iterative_repair/deepseek-coder_6.7b/basic/deepseek-coder_6.7b_basic_C004_missing_crs_repair_iter02_20260625_001428,experiments/05_choropleth_reliability_benchmark/outputs/generated_code_iterative_repair/deepseek-coder_6.7b/deepseek-coder_6.7b/basic/C004_missing_crs_repair_basic_iter02.py,deepseek-coder_6.7b,False
3,basic,C004_missing_crs_repair,qwen2.5-coder_32b,1,experiments/05_choropleth_reliability_benchmark/outputs/runs_iterative_repair/deepseek-coder_6.7b/basic/deepseek-coder_6.7b_basic_C004_missing_crs_repair_iter03_20260624_061813,experiments/05_choropleth_reliability_benchmark/outputs/generated_code_iterative_repair/qwen2.5-coder_32b/deepseek-coder_6.7b/basic/C004_missing_crs_repair_basic_iter03.py,deepseek-coder_6.7b,False
3,basic,C004_missing_crs_repair,qwen2.5-coder_7b,1,experiments/05_choropleth_reliability_benchmark/outputs/runs_iterative_repair/deepseek-coder_6.7b/basic/deepseek-coder_6.7b_basic_C004_missing_crs_repair_iter03_20260624_230932,experiments/05_choropleth_reliability_benchmark/outputs/generated_code_iterative_repair/qwen2.5-coder_7b/deepseek-coder_6.7b/basic/C004_missing_crs_repair_basic_iter03.py,deepseek-coder_6.7b,False
3,basic,C004_missing_crs_repair,qwen2.5-coder_14b,1,experiments/05_choropleth_reliability_benchmark/outputs/runs_iterative_repair/deepseek-coder_6.7b/basic/deepseek-coder_6.7b_basic_C004_missing_crs_repair_iter03_20260624_233326,experiments/05_choropleth_reliability_benchmark/outputs/generated_code_iterative_repair/qwen2.5-coder_14b/deepseek-coder_6.7b/basic/C004_missing_crs_repair_basic_iter03.py,deepseek-coder_6.7b,False
1,basic,C006_join_diagnostics,qwen2.5-coder_32b,0,experiments/05_choropleth_reliability_benchmark/outputs/runs_iterative_repair/deepseek-coder_6.7b/basic/deepseek-coder_6.7b_basic_C006_join_diagnostics_iter01_20260624_043259,experiments/05_choropleth_reliability_benchmark/outputs/generated_code_iterative_repair/qwen2.5-coder_32b/deepseek-coder_6.7b/basic/C006_join_diagnostics_basic_iter01.py,deepseek-coder_6.7b,False
1,basic,C006_join_diagnostics,qwen2.5-coder_7b,1,experiments/05_choropleth_reliability_benchmark/outputs/runs_iterative_repair/deepseek-coder_6.7b/basic/deepseek-coder_6.7b_basic_C006_join_diagnostics_iter01_20260624_231218,experiments/05_choropleth_reliability_benchmark/outputs/generated_code_iterative_repair/qwen2.5-coder_7b/deepseek-coder_6.7b/basic/C006_join_diagnostics_basic_iter01.py,deepseek-coder_6.7b,False
1,basic,C006_join_diagnostics,qwen2.5-coder_14b,1,experiments/05_choropleth_reliability_benchmark/outputs/runs_iterative_repair/deepseek-coder_6.7b/basic/deepseek-coder_6.7b_basic_C006_join_diagnostics_iter01_20260624_234013,experiments/05_choropleth_reliability_benchmark/outputs/generated_code_iterative_repair/qwen2.5-coder_14b/deepseek-coder_6.7b/basic/C006_join_diagnostics_basic_iter01.py,deepseek-coder_6.7b,False
2,basic,C006_join_diagnostics,qwen2.5-coder_32b,0,experiments/05_choropleth_reliability_benchmark/outputs/runs_iterative_repair/deepseek-coder_6.7b/basic/deepseek-coder_6.7b_basic_C006_join_diagnostics_iter02_20260624_043352,experiments/05_choropleth_reliability_benchmark/outputs/generated_code_iterative_repair/qwen2.5-coder_32b/deepseek-coder_6.7b/basic/C006_join_diagnostics_basic_iter02.py,deepseek-coder_6.7b,False
2,basic,C006_join_diagnostics,qwen2.5-coder_7b,1,experiments/05_choropleth_reliability_benchmark/outputs/runs_iterative_repair/deepseek-coder_6.7b/basic/deepseek-coder_6.7b_basic_C006_join_diagnostics_iter02_20260624_231231,experiments/05_choropleth_reliability_benchmark/outputs/generated_code_iterative_repair/qwen2.5-coder_7b/deepseek-coder_6.7b/basic/C006_join_diagnostics_basic_iter02.py,deepseek-coder_6.7b,False
2,basic,C006_join_diagnostics,qwen2.5-coder_14b,1,experiments/05_choropleth_reliability_benchmark/outputs/runs_iterative_repair/deepseek-coder_6.7b/basic/deepseek-coder_6.7b_basic_C006_join_diagnostics_iter02_20260624_234038,experiments/05_choropleth_reliability_benchmark/outputs/generated_code_iterative_repair/qwen2.5-coder_14b/deepseek-coder_6.7b/basic/C006_join_diagnostics_basic_iter02.py,deepseek-coder_6.7b,False
3,basic,C006_join_diagnostics,qwen2.5-coder_32b,0,experiments/05_choropleth_reliability_benchmark/outputs/runs_iterative_repair/deepseek-coder_6.7b/basic/deepseek-coder_6.7b_basic_C006_join_diagnostics_iter03_20260624_062042,experiments/05_choropleth_reliability_benchmark/outputs/generated_code_iterative_repair/qwen2.5-coder_32b/deepseek-coder_6.7b/basic/C006_join_diagnostics_basic_iter03.py,deepseek-coder_6.7b,False
3,basic,C006_join_diagnostics,qwen2.5-coder_7b,1,experiments/05_choropleth_reliability_benchmark/outputs/runs_iterative_repair/deepseek-coder_6.7b/basic/deepseek-coder_6.7b_basic_C006_join_diagnostics_iter03_20260624_231245,experiments/05_choropleth_reliability_benchmark/outputs/generated_code_iterative_repair/qwen2.5-coder_7b/deepseek-coder_6.7b/basic/C006_join_diagnostics_basic_iter03.py,deepseek-coder_6.7b,False
3,basic,C006_join_diagnostics,qwen2.5-coder_14b,1,experiments/05_choropleth_reliability_benchmark/outputs/runs_iterative_repair/deepseek-coder_6.7b/basic/deepseek-coder_6.7b_basic_C006_join_diagnostics_iter03_20260624_234103,experiments/05_choropleth_reliability_benchmark/outputs/generated_code_iterative_repair/qwen2.5-coder_14b/deepseek-coder_6.7b/basic/C006_join_diagnostics_basic_iter03.py,deepseek-coder_6.7b,False
1,basic,C007_wrong_column_guard,qwen2.5-coder_32b,1,experiments/05_choropleth_reliability_benchmark/outputs/runs_iterative_repair/deepseek-coder_6.7b/basic/deepseek-coder_6.7b_basic_C007_wrong_column_guard_iter01_20260624_041056,experiments/05_choropleth_reliability_benchmark/outputs/generated_code_iterative_repair/qwen2.5-coder_32b/deepseek-coder_6.7b/basic/C007_wrong_column_guard_basic_iter01.py,deepseek-coder_6.7b,False
1,basic,C007_wrong_column_guard,qwen2.5-coder_14b,1,experiments/05_choropleth_reliability_benchmark/outputs/runs_iterative_repair/deepseek-coder_6.7b/basic/deepseek-coder_6.7b_basic_C007_wrong_column_guard_iter01_20260624_071021,experiments/05_choropleth_reliability_benchmark/outputs/generated_code_iterative_repair/qwen2.5-coder_14b/deepseek-coder_6.7b/basic/C007_wrong_column_guard_basic_iter01.py,deepseek-coder_6.7b,False
1,basic,C007_wrong_column_guard,qwen2.5-coder_7b,1,experiments/05_choropleth_reliability_benchmark/outputs/runs_iterative_repair/deepseek-coder_6.7b/basic/deepseek-coder_6.7b_basic_C007_wrong_column_guard_iter01_20260624_072321,experiments/05_choropleth_reliability_benchmark/outputs/generated_code_iterative_repair/qwen2.5-coder_7b/deepseek-coder_6.7b/basic/C007_wrong_column_guard_basic_iter01.py,deepseek-coder_6.7b,False
2,basic,C007_wrong_column_guard,qwen2.5-coder_32b,0,experiments/05_choropleth_reliability_benchmark/outputs/runs_iterative_repair/deepseek-coder_6.7b/basic/deepseek-coder_6.7b_basic_C007_wrong_column_guard_iter02_20260624_041147,experiments/05_choropleth_reliability_benchmark/outputs/generated_code_iterative_repair/qwen2.5-coder_32b/deepseek-coder_6.7b/basic/C007_wrong_column_guard_basic_iter02.py,deepseek-coder_6.7b,False
2,basic,C007_wrong_column_guard,qwen2.5-coder_14b,0,experiments/05_choropleth_reliability_benchmark/outputs/runs_iterative_repair/deepseek-coder_6.7b/basic/deepseek-coder_6.7b_basic_C007_wrong_column_guard_iter02_20260624_071038,experiments/05_choropleth_reliability_benchmark/outputs/generated_code_iterative_repair/qwen2.5-coder_14b/deepseek-coder_6.7b/basic/C007_wrong_column_guard_basic_iter02.py,deepseek-coder_6.7b,False
2,basic,C007_wrong_column_guard,qwen2.5-coder_7b,1,experiments/05_choropleth_reliability_benchmark/outputs/runs_iterative_repair/deepseek-coder_6.7b/basic/deepseek-coder_6.7b_basic_C007_wrong_column_guard_iter02_20260624_072331,experiments/05_choropleth_reliability_benchmark/outputs/generated_code_iterative_repair/qwen2.5-coder_7b/deepseek-coder_6.7b/basic/C007_wrong_column_guard_basic_iter02.py,deepseek-coder_6.7b,False
2,basic,C007_wrong_column_guard,deepseek-coder_6.7b,1,experiments/05_choropleth_reliability_benchmark/outputs/runs_iterative_repair/deepseek-coder_6.7b/basic/deepseek-coder_6.7b_basic_C007_wrong_column_guard_iter02_20260625_001335,experiments/05_choropleth_reliability_benchmark/outputs/generated_code_iterative_repair/deepseek-coder_6.7b/deepseek-coder_6.7b/basic/C007_wrong_column_guard_basic_iter02.py,deepseek-coder_6.7b,False
3,basic,C007_wrong_column_guard,qwen2.5-coder_7b,1,experiments/05_choropleth_reliability_benchmark/outputs/runs_iterative_repair/deepseek-coder_6.7b/basic/deepseek-coder_6.7b_basic_C007_wrong_column_guard_iter03_20260624_230910,experiments/05_choropleth_reliability_benchmark/outputs/generated_code_iterative_repair/qwen2.5-coder_7b/deepseek-coder_6.7b/basic/C007_wrong_column_guard_basic_iter03.py,deepseek-coder_6.7b,False
1,basic,C008_quantile_classes,qwen2.5-coder_32b,1,experiments/05_choropleth_reliability_benchmark/outputs/runs_iterative_repair/deepseek-coder_6.7b/basic/deepseek-coder_6.7b_basic_C008_quantile_classes_iter01_20260624_050908,experiments/05_choropleth_reliability_benchmark/outputs/generated_code_iterative_repair/qwen2.5-coder_32b/deepseek-coder_6.7b/basic/C008_quantile_classes_basic_iter01.py,deepseek-coder_6.7b,False
1,basic,C008_quantile_classes,qwen2.5-coder_7b,1,experiments/05_choropleth_reliability_benchmark/outputs/runs_iterative_repair/deepseek-coder_6.7b/basic/deepseek-coder_6.7b_basic_C008_quantile_classes_iter01_20260624_232427,experiments/05_choropleth_reliability_benchmark/outputs/generated_code_iterative_repair/qwen2.5-coder_7b/deepseek-coder_6.7b/basic/C008_quantile_classes_basic_iter01.py,deepseek-coder_6.7b,False
1,basic,C008_quantile_classes,qwen2.5-coder_14b,1,experiments/05_choropleth_reliability_benchmark/outputs/runs_iterative_repair/deepseek-coder_6.7b/basic/deepseek-coder_6.7b_basic_C008_quantile_classes_iter01_20260625_000032,experiments/05_choropleth_reliability_benchmark/outputs/generated_code_iterative_repair/qwen2.5-coder_14b/deepseek-coder_6.7b/basic/C008_quantile_classes_basic_iter01.py,deepseek-coder_6.7b,False
2,basic,C008_quantile_classes,qwen2.5-coder_32b,1,experiments/05_choropleth_reliability_benchmark/outputs/runs_iterative_repair/deepseek-coder_6.7b/basic/deepseek-coder_6.7b_basic_C008_quantile_classes_iter02_20260624_051003,experiments/05_choropleth_reliability_benchmark/outputs/generated_code_iterative_repair/qwen2.5-coder_32b/deepseek-coder_6.7b/basic/C008_quantile_classes_basic_iter02.py,deepseek-coder_6.7b,False
2,basic,C008_quantile_classes,qwen2.5-coder_7b,1,experiments/05_choropleth_reliability_benchmark/outputs/runs_iterative_repair/deepseek-coder_6.7b/basic/deepseek-coder_6.7b_basic_C008_quantile_classes_iter02_20260624_232444,experiments/05_choropleth_reliability_benchmark/outputs/generated_code_iterative_repair/qwen2.5-coder_7b/deepseek-coder_6.7b/basic/C008_quantile_classes_basic_iter02.py,deepseek-coder_6.7b,False
2,basic,C008_quantile_classes,qwen2.5-coder_14b,1,experiments/05_choropleth_reliability_benchmark/outputs/runs_iterative_repair/deepseek-coder_6.7b/basic/deepseek-coder_6.7b_basic_C008_quantile_classes_iter02_20260625_000056,experiments/05_choropleth_reliability_benchmark/outputs/generated_code_iterative_repair/qwen2.5-coder_14b/deepseek-coder_6.7b/basic/C008_quantile_classes_basic_iter02.py,deepseek-coder_6.7b,False
3,basic,C008_quantile_classes,qwen2.5-coder_32b,1,experiments/05_choropleth_reliability_benchmark/outputs/runs_iterative_repair/deepseek-coder_6.7b/basic/deepseek-coder_6.7b_basic_C008_quantile_classes_iter03_20260624_062832,experiments/05_choropleth_reliability_benchmark/outputs/generated_code_iterative_repair/qwen2.5-coder_32b/deepseek-coder_6.7b/basic/C008_quantile_classes_basic_iter03.py,deepseek-coder_6.7b,False
3,basic,C008_quantile_classes,qwen2.5-coder_7b,1,experiments/05_choropleth_reliability_benchmark/outputs/runs_iterative_repair/deepseek-coder_6.7b/basic/deepseek-coder_6.7b_basic_C008_quantile_classes_iter03_20260624_232508,experiments/05_choropleth_reliability_benchmark/outputs/generated_code_iterative_repair/qwen2.5-coder_7b/deepseek-coder_6.7b/basic/C008_quantile_classes_basic_iter03.py,deepseek-coder_6.7b,False
3,basic,C008_quantile_classes,qwen2.5-coder_14b,1,experiments/05_choropleth_reliability_benchmark/outputs/runs_iterative_repair/deepseek-coder_6.7b/basic/deepseek-coder_6.7b_basic_C008_quantile_classes_iter03_20260625_000120,experiments/05_choropleth_reliability_benchmark/outputs/generated_code_iterative_repair/qwen2.5-coder_14b/deepseek-coder_6.7b/basic/C008_quantile_classes_basic_iter03.py,deepseek-coder_6.7b,False
1,basic,C009_colorblind_safe,qwen2.5-coder_32b,1,experiments/05_choropleth_reliability_benchmark/outputs/runs_iterative_repair/deepseek-coder_6.7b/basic/deepseek-coder_6.7b_basic_C009_colorblind_safe_iter01_20260624_043653,experiments/05_choropleth_reliability_benchmark/outputs/generated_code_iterative_repair/qwen2.5-coder_32b/deepseek-coder_6.7b/basic/C009_colorblind_safe_basic_iter01.py,deepseek-coder_6.7b,False
1,basic,C009_colorblind_safe,qwen2.5-coder_7b,1,experiments/05_choropleth_reliability_benchmark/outputs/runs_iterative_repair/deepseek-coder_6.7b/basic/deepseek-coder_6.7b_basic_C009_colorblind_safe_iter01_20260624_231259,experiments/05_choropleth_reliability_benchmark/outputs/generated_code_iterative_repair/qwen2.5-coder_7b/deepseek-coder_6.7b/basic/C009_colorblind_safe_basic_iter01.py,deepseek-coder_6.7b,False
1,basic,C009_colorblind_safe,qwen2.5-coder_14b,1,experiments/05_choropleth_reliability_benchmark/outputs/runs_iterative_repair/deepseek-coder_6.7b/basic/deepseek-coder_6.7b_basic_C009_colorblind_safe_iter01_20260624_234124,experiments/05_choropleth_reliability_benchmark/outputs/generated_code_iterative_repair/qwen2.5-coder_14b/deepseek-coder_6.7b/basic/C009_colorblind_safe_basic_iter01.py,deepseek-coder_6.7b,False
2,basic,C009_colorblind_safe,qwen2.5-coder_32b,0,experiments/05_choropleth_reliability_benchmark/outputs/runs_iterative_repair/deepseek-coder_6.7b/basic/deepseek-coder_6.7b_basic_C009_colorblind_safe_iter02_20260624_043731,experiments/05_choropleth_reliability_benchmark/outputs/generated_code_iterative_repair/qwen2.5-coder_32b/deepseek-coder_6.7b/basic/C009_colorblind_safe_basic_iter02.py,deepseek-coder_6.7b,False
2,basic,C009_colorblind_safe,qwen2.5-coder_7b,1,experiments/05_choropleth_reliability_benchmark/outputs/runs_iterative_repair/deepseek-coder_6.7b/basic/deepseek-coder_6.7b_basic_C009_colorblind_safe_iter02_20260624_231312,experiments/05_choropleth_reliability_benchmark/outputs/generated_code_iterative_repair/qwen2.5-coder_7b/deepseek-coder_6.7b/basic/C009_colorblind_safe_basic_iter02.py,deepseek-coder_6.7b,False
2,basic,C009_colorblind_safe,qwen2.5-coder_14b,1,experiments/05_choropleth_reliability_benchmark/outputs/runs_iterative_repair/deepseek-coder_6.7b/basic/deepseek-coder_6.7b_basic_C009_colorblind_safe_iter02_20260624_234145,experiments/05_choropleth_reliability_benchmark/outputs/generated_code_iterative_repair/qwen2.5-coder_14b/deepseek-coder_6.7b/basic/C009_colorblind_safe_basic_iter02.py,deepseek-coder_6.7b,False
3,basic,C009_colorblind_safe,qwen2.5-coder_7b,1,experiments/05_choropleth_reliability_benchmark/outputs/runs_iterative_repair/deepseek-coder_6.7b/basic/deepseek-coder_6.7b_basic_C009_colorblind_safe_iter03_20260624_231325,experiments/05_choropleth_reliability_benchmark/outputs/generated_code_iterative_repair/qwen2.5-coder_7b/deepseek-coder_6.7b/basic/C009_colorblind_safe_basic_iter03.py,deepseek-coder_6.7b,False
3,basic,C009_colorblind_safe,qwen2.5-coder_14b,1,experiments/05_choropleth_reliability_benchmark/outputs/runs_iterative_repair/deepseek-coder_6.7b/basic/deepseek-coder_6.7b_basic_C009_colorblind_safe_iter03_20260624_234205,experiments/05_choropleth_reliability_benchmark/outputs/generated_code_iterative_repair/qwen2.5-coder_14b/deepseek-coder_6.7b/basic/C009_colorblind_safe_basic_iter03.py,deepseek-coder_6.7b,False
1,basic,C010_interactive_tooltips,qwen2.5-coder_32b,1,experiments/05_choropleth_reliability_benchmark/outputs/runs_iterative_repair/deepseek-coder_6.7b/basic/deepseek-coder_6.7b_basic_C010_interactive_tooltips_iter01_20260624_043811,experiments/05_choropleth_reliability_benchmark/outputs/generated_code_iterative_repair/qwen2.5-coder_32b/deepseek-coder_6.7b/basic/C010_interactive_tooltips_basic_iter01.py,deepseek-coder_6.7b,False
1,basic,C010_interactive_tooltips,qwen2.5-coder_7b,1,experiments/05_choropleth_reliability_benchmark/outputs/runs_iterative_repair/deepseek-coder_6.7b/basic/deepseek-coder_6.7b_basic_C010_interactive_tooltips_iter01_20260624_231340,experiments/05_choropleth_reliability_benchmark/outputs/generated_code_iterative_repair/qwen2.5-coder_7b/deepseek-coder_6.7b/basic/C010_interactive_tooltips_basic_iter01.py,deepseek-coder_6.7b,False
1,basic,C010_interactive_tooltips,qwen2.5-coder_14b,1,experiments/05_choropleth_reliability_benchmark/outputs/runs_iterative_repair/deepseek-coder_6.7b/basic/deepseek-coder_6.7b_basic_C010_interactive_tooltips_iter01_20260624_234229,experiments/05_choropleth_reliability_benchmark/outputs/generated_code_iterative_repair/qwen2.5-coder_14b/deepseek-coder_6.7b/basic/C010_interactive_tooltips_basic_iter01.py,deepseek-coder_6.7b,False
1,basic,C010_interactive_tooltips,deepseek-coder_6.7b,1,experiments/05_choropleth_reliability_benchmark/outputs/runs_iterative_repair/deepseek-coder_6.7b/basic/deepseek-coder_6.7b_basic_C010_interactive_tooltips_iter01_20260625_001743,experiments/05_choropleth_reliability_benchmark/outputs/generated_code_iterative_repair/deepseek-coder_6.7b/deepseek-coder_6.7b/basic/C010_interactive_tooltips_basic_iter01.py,deepseek-coder_6.7b,False
2,basic,C010_interactive_tooltips,qwen2.5-coder_32b,1,experiments/05_choropleth_reliability_benchmark/outputs/runs_iterative_repair/deepseek-coder_6.7b/basic/deepseek-coder_6.7b_basic_C010_interactive_tooltips_iter02_20260624_043903,experiments/05_choropleth_reliability_benchmark/outputs/generated_code_iterative_repair/qwen2.5-coder_32b/deepseek-coder_6.7b/basic/C010_interactive_tooltips_basic_iter02.py,deepseek-coder_6.7b,False
2,basic,C010_interactive_tooltips,qwen2.5-coder_7b,1,experiments/05_choropleth_reliability_benchmark/outputs/runs_iterative_repair/deepseek-coder_6.7b/basic/deepseek-coder_6.7b_basic_C010_interactive_tooltips_iter02_20260624_231354,experiments/05_choropleth_reliability_benchmark/outputs/generated_code_iterative_repair/qwen2.5-coder_7b/deepseek-coder_6.7b/basic/C010_interactive_tooltips_basic_iter02.py,deepseek-coder_6.7b,False
2,basic,C010_interactive_tooltips,qwen2.5-coder_14b,1,experiments/05_choropleth_reliability_benchmark/outputs/runs_iterative_repair/deepseek-coder_6.7b/basic/deepseek-coder_6.7b_basic_C010_interactive_tooltips_iter02_20260624_234252,experiments/05_choropleth_reliability_benchmark/outputs/generated_code_iterative_repair/qwen2.5-coder_14b/deepseek-coder_6.7b/basic/C010_interactive_tooltips_basic_iter02.py,deepseek-coder_6.7b,False
3,basic,C010_interactive_tooltips,qwen2.5-coder_32b,1,experiments/05_choropleth_reliability_benchmark/outputs/runs_iterative_repair/deepseek-coder_6.7b/basic/deepseek-coder_6.7b_basic_C010_interactive_tooltips_iter03_20260624_062136,experiments/05_choropleth_reliability_benchmark/outputs/generated_code_iterative_repair/qwen2.5-coder_32b/deepseek-coder_6.7b/basic/C010_interactive_tooltips_basic_iter03.py,deepseek-coder_6.7b,False
3,basic,C010_interactive_tooltips,qwen2.5-coder_7b,1,experiments/05_choropleth_reliability_benchmark/outputs/runs_iterative_repair/deepseek-coder_6.7b/basic/deepseek-coder_6.7b_basic_C010_interactive_tooltips_iter03_20260624_231407,experiments/05_choropleth_reliability_benchmark/outputs/generated_code_iterative_repair/qwen2.5-coder_7b/deepseek-coder_6.7b/basic/C010_interactive_tooltips_basic_iter03.py,deepseek-coder_6.7b,False
3,basic,C010_interactive_tooltips,qwen2.5-coder_14b,1,experiments/05_choropleth_reliability_benchmark/outputs/runs_iterative_repair/deepseek-coder_6.7b/basic/deepseek-coder_6.7b_basic_C010_interactive_tooltips_iter03_20260624_234315,experiments/05_choropleth_reliability_benchmark/outputs/generated_code_iterative_repair/qwen2.5-coder_14b/deepseek-coder_6.7b/basic/C010_interactive_tooltips_basic_iter03.py,deepseek-coder_6.7b,False
1,rules,C002_static_number_fires,qwen2.5-coder_32b,1,experiments/05_choropleth_reliability_benchmark/outputs/runs_iterative_repair/deepseek-coder_6.7b/rules/deepseek-coder_6.7b_rules_C002_static_number_fires_iter01_20260624_044023,experiments/05_choropleth_reliability_benchmark/outputs/generated_code_iterative_repair/qwen2.5-coder_32b/deepseek-coder_6.7b/rules/C002_static_number_fires_rules_iter01.py,deepseek-coder_6.7b,False
1,rules,C002_static_number_fires,qwen2.5-coder_7b,1,experiments/05_choropleth_reliability_benchmark/outputs/runs_iterative_repair/deepseek-coder_6.7b/rules/deepseek-coder_6.7b_rules_C002_static_number_fires_iter01_20260624_231424,experiments/05_choropleth_reliability_benchmark/outputs/generated_code_iterative_repair/qwen2.5-coder_7b/deepseek-coder_6.7b/rules/C002_static_number_fires_rules_iter01.py,deepseek-coder_6.7b,False
1,rules,C002_static_number_fires,qwen2.5-coder_14b,1,experiments/05_choropleth_reliability_benchmark/outputs/runs_iterative_repair/deepseek-coder_6.7b/rules/deepseek-coder_6.7b_rules_C002_static_number_fires_iter01_20260624_234346,experiments/05_choropleth_reliability_benchmark/outputs/generated_code_iterative_repair/qwen2.5-coder_14b/deepseek-coder_6.7b/rules/C002_static_number_fires_rules_iter01.py,deepseek-coder_6.7b,False
1,rules,C002_static_number_fires,deepseek-coder_6.7b,1,experiments/05_choropleth_reliability_benchmark/outputs/runs_iterative_repair/deepseek-coder_6.7b/rules/deepseek-coder_6.7b_rules_C002_static_number_fires_iter01_20260625_001819,experiments/05_choropleth_reliability_benchmark/outputs/generated_code_iterative_repair/deepseek-coder_6.7b/deepseek-coder_6.7b/rules/C002_static_number_fires_rules_iter01.py,deepseek-coder_6.7b,False
2,rules,C002_static_number_fires,qwen2.5-coder_32b,0,experiments/05_choropleth_reliability_benchmark/outputs/runs_iterative_repair/deepseek-coder_6.7b/rules/deepseek-coder_6.7b_rules_C002_static_number_fires_iter02_20260624_044122,experiments/05_choropleth_reliability_benchmark/outputs/generated_code_iterative_repair/qwen2.5-coder_32b/deepseek-coder_6.7b/rules/C002_static_number_fires_rules_iter02.py,deepseek-coder_6.7b,False
2,rules,C002_static_number_fires,qwen2.5-coder_7b,1,experiments/05_choropleth_reliability_benchmark/outputs/runs_iterative_repair/deepseek-coder_6.7b/rules/deepseek-coder_6.7b_rules_C002_static_number_fires_iter02_20260624_231443,experiments/05_choropleth_reliability_benchmark/outputs/generated_code_iterative_repair/qwen2.5-coder_7b/deepseek-coder_6.7b/rules/C002_static_number_fires_rules_iter02.py,deepseek-coder_6.7b,False
2,rules,C002_static_number_fires,qwen2.5-coder_14b,1,experiments/05_choropleth_reliability_benchmark/outputs/runs_iterative_repair/deepseek-coder_6.7b/rules/deepseek-coder_6.7b_rules_C002_static_number_fires_iter02_20260624_234418,experiments/05_choropleth_reliability_benchmark/outputs/generated_code_iterative_repair/qwen2.5-coder_14b/deepseek-coder_6.7b/rules/C002_static_number_fires_rules_iter02.py,deepseek-coder_6.7b,False
2,rules,C002_static_number_fires,deepseek-coder_6.7b,1,experiments/05_choropleth_reliability_benchmark/outputs/runs_iterative_repair/deepseek-coder_6.7b/rules/deepseek-coder_6.7b_rules_C002_static_number_fires_iter02_20260625_001835,experiments/05_choropleth_reliability_benchmark/outputs/generated_code_iterative_repair/deepseek-coder_6.7b/deepseek-coder_6.7b/rules/C002_static_number_fires_rules_iter02.py,deepseek-coder_6.7b,False
3,rules,C002_static_number_fires,qwen2.5-coder_7b,1,experiments/05_choropleth_reliability_benchmark/outputs/runs_iterative_repair/deepseek-coder_6.7b/rules/deepseek-coder_6.7b_rules_C002_static_number_fires_iter03_20260624_231502,experiments/05_choropleth_reliability_benchmark/outputs/generated_code_iterative_repair/qwen2.5-coder_7b/deepseek-coder_6.7b/rules/C002_static_number_fires_rules_iter03.py,deepseek-coder_6.7b,False
3,rules,C002_static_number_fires,qwen2.5-coder_14b,1,experiments/05_choropleth_reliability_benchmark/outputs/runs_iterative_repair/deepseek-coder_6.7b/rules/deepseek-coder_6.7b_rules_C002_static_number_fires_iter03_20260624_234448,experiments/05_choropleth_reliability_benchmark/outputs/generated_code_iterative_repair/qwen2.5-coder_14b/deepseek-coder_6.7b/rules/C002_static_number_fires_rules_iter03.py,deepseek-coder_6.7b,False
3,rules,C002_static_number_fires,deepseek-coder_6.7b,1,experiments/05_choropleth_reliability_benchmark/outputs/runs_iterative_repair/deepseek-coder_6.7b/rules/deepseek-coder_6.7b_rules_C002_static_number_fires_iter03_20260625_001850,experiments/05_choropleth_reliability_benchmark/outputs/generated_code_iterative_repair/deepseek-coder_6.7b/deepseek-coder_6.7b/rules/C002_static_number_fires_rules_iter03.py,deepseek-coder_6.7b,False
1,rules,C003_static_full_layout,qwen2.5-coder_32b,0,experiments/05_choropleth_reliability_benchmark/outputs/runs_iterative_repair/deepseek-coder_6.7b/rules/deepseek-coder_6.7b_rules_C003_static_full_layout_iter01_20260624_040903,experiments/05_choropleth_reliability_benchmark/outputs/generated_code_iterative_repair/qwen2.5-coder_32b/deepseek-coder_6.7b/rules/C003_static_full_layout_rules_iter01.py,deepseek-coder_6.7b,False
1,rules,C003_static_full_layout,qwen2.5-coder_14b,0,experiments/05_choropleth_reliability_benchmark/outputs/runs_iterative_repair/deepseek-coder_6.7b/rules/deepseek-coder_6.7b_rules_C003_static_full_layout_iter01_20260624_070930,experiments/05_choropleth_reliability_benchmark/outputs/generated_code_iterative_repair/qwen2.5-coder_14b/deepseek-coder_6.7b/rules/C003_static_full_layout_rules_iter01.py,deepseek-coder_6.7b,False
1,rules,C003_static_full_layout,qwen2.5-coder_7b,0,experiments/05_choropleth_reliability_benchmark/outputs/runs_iterative_repair/deepseek-coder_6.7b/rules/deepseek-coder_6.7b_rules_C003_static_full_layout_iter01_20260624_071849,experiments/05_choropleth_reliability_benchmark/outputs/generated_code_iterative_repair/qwen2.5-coder_7b/deepseek-coder_6.7b/rules/C003_static_full_layout_rules_iter01.py,deepseek-coder_6.7b,False
1,rules,C003_static_full_layout,deepseek-coder_6.7b,0,experiments/05_choropleth_reliability_benchmark/outputs/runs_iterative_repair/deepseek-coder_6.7b/rules/deepseek-coder_6.7b_rules_C003_static_full_layout_iter01_20260624_072857,experiments/05_choropleth_reliability_benchmark/outputs/generated_code_iterative_repair/deepseek-coder_6.7b/deepseek-coder_6.7b/rules/C003_static_full_layout_rules_iter01.py,deepseek-coder_6.7b,False
2,rules,C003_static_full_layout,qwen2.5-coder_32b,0,experiments/05_choropleth_reliability_benchmark/outputs/runs_iterative_repair/deepseek-coder_6.7b/rules/deepseek-coder_6.7b_rules_C003_static_full_layout_iter02_20260624_040946,experiments/05_choropleth_reliability_benchmark/outputs/generated_code_iterative_repair/qwen2.5-coder_32b/deepseek-coder_6.7b/rules/C003_static_full_layout_rules_iter02.py,deepseek-coder_6.7b,False
2,rules,C003_static_full_layout,qwen2.5-coder_14b,0,experiments/05_choropleth_reliability_benchmark/outputs/runs_iterative_repair/deepseek-coder_6.7b/rules/deepseek-coder_6.7b_rules_C003_static_full_layout_iter02_20260624_070950,experiments/05_choropleth_reliability_benchmark/outputs/generated_code_iterative_repair/qwen2.5-coder_14b/deepseek-coder_6.7b/rules/C003_static_full_layout_rules_iter02.py,deepseek-coder_6.7b,False
2,rules,C003_static_full_layout,qwen2.5-coder_7b,0,experiments/05_choropleth_reliability_benchmark/outputs/runs_iterative_repair/deepseek-coder_6.7b/rules/deepseek-coder_6.7b_rules_C003_static_full_layout_iter02_20260624_071900,experiments/05_choropleth_reliability_benchmark/outputs/generated_code_iterative_repair/qwen2.5-coder_7b/deepseek-coder_6.7b/rules/C003_static_full_layout_rules_iter02.py,deepseek-coder_6.7b,False
2,rules,C003_static_full_layout,deepseek-coder_6.7b,0,experiments/05_choropleth_reliability_benchmark/outputs/runs_iterative_repair/deepseek-coder_6.7b/rules/deepseek-coder_6.7b_rules_C003_static_full_layout_iter02_20260624_072910,experiments/05_choropleth_reliability_benchmark/outputs/generated_code_iterative_repair/deepseek-coder_6.7b/deepseek-coder_6.7b/rules/C003_static_full_layout_rules_iter02.py,deepseek-coder_6.7b,False
3,rules,C003_static_full_layout,qwen2.5-coder_32b,0,experiments/05_choropleth_reliability_benchmark/outputs/runs_iterative_repair/deepseek-coder_6.7b/rules/deepseek-coder_6.7b_rules_C003_static_full_layout_iter03_20260624_061627,experiments/05_choropleth_reliability_benchmark/outputs/generated_code_iterative_repair/qwen2.5-coder_32b/deepseek-coder_6.7b/rules/C003_static_full_layout_rules_iter03.py,deepseek-coder_6.7b,False
3,rules,C003_static_full_layout,qwen2.5-coder_7b,0,experiments/05_choropleth_reliability_benchmark/outputs/runs_iterative_repair/deepseek-coder_6.7b/rules/deepseek-coder_6.7b_rules_C003_static_full_layout_iter03_20260624_230846,experiments/05_choropleth_reliability_benchmark/outputs/generated_code_iterative_repair/qwen2.5-coder_7b/deepseek-coder_6.7b/rules/C003_static_full_layout_rules_iter03.py,deepseek-coder_6.7b,False
3,rules,C003_static_full_layout,qwen2.5-coder_14b,0,experiments/05_choropleth_reliability_benchmark/outputs/runs_iterative_repair/deepseek-coder_6.7b/rules/deepseek-coder_6.7b_rules_C003_static_full_layout_iter03_20260624_233226,experiments/05_choropleth_reliability_benchmark/outputs/generated_code_iterative_repair/qwen2.5-coder_14b/deepseek-coder_6.7b/rules/C003_static_full_layout_rules_iter03.py,deepseek-coder_6.7b,False
1,rules,C004_missing_crs_repair,qwen2.5-coder_32b,0,experiments/05_choropleth_reliability_benchmark/outputs/runs_iterative_repair/deepseek-coder_6.7b/rules/deepseek-coder_6.7b_rules_C004_missing_crs_repair_iter01_20260624_042444,experiments/05_choropleth_reliability_benchmark/outputs/generated_code_iterative_repair/qwen2.5-coder_32b/deepseek-coder_6.7b/rules/C004_missing_crs_repair_rules_iter01.py,deepseek-coder_6.7b,False
1,rules,C004_missing_crs_repair,qwen2.5-coder_14b,1,experiments/05_choropleth_reliability_benchmark/outputs/runs_iterative_repair/deepseek-coder_6.7b/rules/deepseek-coder_6.7b_rules_C004_missing_crs_repair_iter01_20260624_071300,experiments/05_choropleth_reliability_benchmark/outputs/generated_code_iterative_repair/qwen2.5-coder_14b/deepseek-coder_6.7b/rules/C004_missing_crs_repair_rules_iter01.py,deepseek-coder_6.7b,False
1,rules,C004_missing_crs_repair,qwen2.5-coder_7b,0,experiments/05_choropleth_reliability_benchmark/outputs/runs_iterative_repair/deepseek-coder_6.7b/rules/deepseek-coder_6.7b_rules_C004_missing_crs_repair_iter01_20260624_072435,experiments/05_choropleth_reliability_benchmark/outputs/generated_code_iterative_repair/qwen2.5-coder_7b/deepseek-coder_6.7b/rules/C004_missing_crs_repair_rules_iter01.py,deepseek-coder_6.7b,False
2,rules,C004_missing_crs_repair,qwen2.5-coder_14b,1,experiments/05_choropleth_reliability_benchmark/outputs/runs_iterative_repair/deepseek-coder_6.7b/rules/deepseek-coder_6.7b_rules_C004_missing_crs_repair_iter02_20260624_071321,experiments/05_choropleth_reliability_benchmark/outputs/generated_code_iterative_repair/qwen2.5-coder_14b/deepseek-coder_6.7b/rules/C004_missing_crs_repair_rules_iter02.py,deepseek-coder_6.7b,False
3,rules,C004_missing_crs_repair,qwen2.5-coder_14b,1,experiments/05_choropleth_reliability_benchmark/outputs/runs_iterative_repair/deepseek-coder_6.7b/rules/deepseek-coder_6.7b_rules_C004_missing_crs_repair_iter03_20260624_233349,experiments/05_choropleth_reliability_benchmark/outputs/generated_code_iterative_repair/qwen2.5-coder_14b/deepseek-coder_6.7b/rules/C004_missing_crs_repair_rules_iter03.py,deepseek-coder_6.7b,False
1,rules,C005_geometry_repair,qwen2.5-coder_32b,0,experiments/05_choropleth_reliability_benchmark/outputs/runs_iterative_repair/deepseek-coder_6.7b/rules/deepseek-coder_6.7b_rules_C005_geometry_repair_iter01_20260624_041015,experiments/05_choropleth_reliability_benchmark/outputs/generated_code_iterative_repair/qwen2.5-coder_32b/deepseek-coder_6.7b/rules/C005_geometry_repair_rules_iter01.py,deepseek-coder_6.7b,False
1,rules,C005_geometry_repair,qwen2.5-coder_14b,0,experiments/05_choropleth_reliability_benchmark/outputs/runs_iterative_repair/deepseek-coder_6.7b/rules/deepseek-coder_6.7b_rules_C005_geometry_repair_iter01_20260624_071004,experiments/05_choropleth_reliability_benchmark/outputs/generated_code_iterative_repair/qwen2.5-coder_14b/deepseek-coder_6.7b/rules/C005_geometry_repair_rules_iter01.py,deepseek-coder_6.7b,False
1,rules,C005_geometry_repair,qwen2.5-coder_7b,None,experiments/05_choropleth_reliability_benchmark/outputs/runs_iterative_repair/deepseek-coder_6.7b/rules/deepseek-coder_6.7b_rules_C005_geometry_repair_iter01_20260624_071906,experiments/05_choropleth_reliability_benchmark/outputs/generated_code_iterative_repair/qwen2.5-coder_7b/deepseek-coder_6.7b/rules/C005_geometry_repair_rules_iter01.py,deepseek-coder_6.7b,True
2,rules,C005_geometry_repair,qwen2.5-coder_7b,None,experiments/05_choropleth_reliability_benchmark/outputs/runs_iterative_repair/deepseek-coder_6.7b/rules/deepseek-coder_6.7b_rules_C005_geometry_repair_iter02_20260624_072112,experiments/05_choropleth_reliability_benchmark/outputs/generated_code_iterative_repair/qwen2.5-coder_7b/deepseek-coder_6.7b/rules/C005_geometry_repair_rules_iter02.py,deepseek-coder_6.7b,True
2,rules,C005_geometry_repair,deepseek-coder_6.7b,0,experiments/05_choropleth_reliability_benchmark/outputs/runs_iterative_repair/deepseek-coder_6.7b/rules/deepseek-coder_6.7b_rules_C005_geometry_repair_iter02_20260625_001315,experiments/05_choropleth_reliability_benchmark/outputs/generated_code_iterative_repair/deepseek-coder_6.7b/deepseek-coder_6.7b/rules/C005_geometry_repair_rules_iter02.py,deepseek-coder_6.7b,False
3,rules,C005_geometry_repair,qwen2.5-coder_7b,0,experiments/05_choropleth_reliability_benchmark/outputs/runs_iterative_repair/deepseek-coder_6.7b/rules/deepseek-coder_6.7b_rules_C005_geometry_repair_iter03_20260624_230853,experiments/05_choropleth_reliability_benchmark/outputs/generated_code_iterative_repair/qwen2.5-coder_7b/deepseek-coder_6.7b/rules/C005_geometry_repair_rules_iter03.py,deepseek-coder_6.7b,False
1,rules,C006_join_diagnostics,qwen2.5-coder_32b,1,experiments/05_choropleth_reliability_benchmark/outputs/runs_iterative_repair/deepseek-coder_6.7b/rules/deepseek-coder_6.7b_rules_C006_join_diagnostics_iter01_20260624_044208,experiments/05_choropleth_reliability_benchmark/outputs/generated_code_iterative_repair/qwen2.5-coder_32b/deepseek-coder_6.7b/rules/C006_join_diagnostics_rules_iter01.py,deepseek-coder_6.7b,False
1,rules,C006_join_diagnostics,qwen2.5-coder_7b,1,experiments/05_choropleth_reliability_benchmark/outputs/runs_iterative_repair/deepseek-coder_6.7b/rules/deepseek-coder_6.7b_rules_C006_join_diagnostics_iter01_20260624_231515,experiments/05_choropleth_reliability_benchmark/outputs/generated_code_iterative_repair/qwen2.5-coder_7b/deepseek-coder_6.7b/rules/C006_join_diagnostics_rules_iter01.py,deepseek-coder_6.7b,False
1,rules,C006_join_diagnostics,qwen2.5-coder_14b,1,experiments/05_choropleth_reliability_benchmark/outputs/runs_iterative_repair/deepseek-coder_6.7b/rules/deepseek-coder_6.7b_rules_C006_join_diagnostics_iter01_20260624_234511,experiments/05_choropleth_reliability_benchmark/outputs/generated_code_iterative_repair/qwen2.5-coder_14b/deepseek-coder_6.7b/rules/C006_join_diagnostics_rules_iter01.py,deepseek-coder_6.7b,False
2,rules,C006_join_diagnostics,qwen2.5-coder_32b,1,experiments/05_choropleth_reliability_benchmark/outputs/runs_iterative_repair/deepseek-coder_6.7b/rules/deepseek-coder_6.7b_rules_C006_join_diagnostics_iter02_20260624_044259,experiments/05_choropleth_reliability_benchmark/outputs/generated_code_iterative_repair/qwen2.5-coder_32b/deepseek-coder_6.7b/rules/C006_join_diagnostics_rules_iter02.py,deepseek-coder_6.7b,False
2,rules,C006_join_diagnostics,qwen2.5-coder_7b,1,experiments/05_choropleth_reliability_benchmark/outputs/runs_iterative_repair/deepseek-coder_6.7b/rules/deepseek-coder_6.7b_rules_C006_join_diagnostics_iter02_20260624_231528,experiments/05_choropleth_reliability_benchmark/outputs/generated_code_iterative_repair/qwen2.5-coder_7b/deepseek-coder_6.7b/rules/C006_join_diagnostics_rules_iter02.py,deepseek-coder_6.7b,False
2,rules,C006_join_diagnostics,qwen2.5-coder_14b,1,experiments/05_choropleth_reliability_benchmark/outputs/runs_iterative_repair/deepseek-coder_6.7b/rules/deepseek-coder_6.7b_rules_C006_join_diagnostics_iter02_20260624_234531,experiments/05_choropleth_reliability_benchmark/outputs/generated_code_iterative_repair/qwen2.5-coder_14b/deepseek-coder_6.7b/rules/C006_join_diagnostics_rules_iter02.py,deepseek-coder_6.7b,False
3,rules,C006_join_diagnostics,qwen2.5-coder_32b,1,experiments/05_choropleth_reliability_benchmark/outputs/runs_iterative_repair/deepseek-coder_6.7b/rules/deepseek-coder_6.7b_rules_C006_join_diagnostics_iter03_20260624_062224,experiments/05_choropleth_reliability_benchmark/outputs/generated_code_iterative_repair/qwen2.5-coder_32b/deepseek-coder_6.7b/rules/C006_join_diagnostics_rules_iter03.py,deepseek-coder_6.7b,False
3,rules,C006_join_diagnostics,qwen2.5-coder_7b,1,experiments/05_choropleth_reliability_benchmark/outputs/runs_iterative_repair/deepseek-coder_6.7b/rules/deepseek-coder_6.7b_rules_C006_join_diagnostics_iter03_20260624_231540,experiments/05_choropleth_reliability_benchmark/outputs/generated_code_iterative_repair/qwen2.5-coder_7b/deepseek-coder_6.7b/rules/C006_join_diagnostics_rules_iter03.py,deepseek-coder_6.7b,False
3,rules,C006_join_diagnostics,qwen2.5-coder_14b,1,experiments/05_choropleth_reliability_benchmark/outputs/runs_iterative_repair/deepseek-coder_6.7b/rules/deepseek-coder_6.7b_rules_C006_join_diagnostics_iter03_20260624_234552,experiments/05_choropleth_reliability_benchmark/outputs/generated_code_iterative_repair/qwen2.5-coder_14b/deepseek-coder_6.7b/rules/C006_join_diagnostics_rules_iter03.py,deepseek-coder_6.7b,False
1,rules,C008_quantile_classes,qwen2.5-coder_32b,1,experiments/05_choropleth_reliability_benchmark/outputs/runs_iterative_repair/deepseek-coder_6.7b/rules/deepseek-coder_6.7b_rules_C008_quantile_classes_iter01_20260624_051052,experiments/05_choropleth_reliability_benchmark/outputs/generated_code_iterative_repair/qwen2.5-coder_32b/deepseek-coder_6.7b/rules/C008_quantile_classes_rules_iter01.py,deepseek-coder_6.7b,False
1,rules,C008_quantile_classes,qwen2.5-coder_7b,1,experiments/05_choropleth_reliability_benchmark/outputs/runs_iterative_repair/deepseek-coder_6.7b/rules/deepseek-coder_6.7b_rules_C008_quantile_classes_iter01_20260624_232530,experiments/05_choropleth_reliability_benchmark/outputs/generated_code_iterative_repair/qwen2.5-coder_7b/deepseek-coder_6.7b/rules/C008_quantile_classes_rules_iter01.py,deepseek-coder_6.7b,False
1,rules,C008_quantile_classes,qwen2.5-coder_14b,1,experiments/05_choropleth_reliability_benchmark/outputs/runs_iterative_repair/deepseek-coder_6.7b/rules/deepseek-coder_6.7b_rules_C008_quantile_classes_iter01_20260625_000144,experiments/05_choropleth_reliability_benchmark/outputs/generated_code_iterative_repair/qwen2.5-coder_14b/deepseek-coder_6.7b/rules/C008_quantile_classes_rules_iter01.py,deepseek-coder_6.7b,False
1,rules,C008_quantile_classes,deepseek-coder_6.7b,1,experiments/05_choropleth_reliability_benchmark/outputs/runs_iterative_repair/deepseek-coder_6.7b/rules/deepseek-coder_6.7b_rules_C008_quantile_classes_iter01_20260625_002414,experiments/05_choropleth_reliability_benchmark/outputs/generated_code_iterative_repair/deepseek-coder_6.7b/deepseek-coder_6.7b/rules/C008_quantile_classes_rules_iter01.py,deepseek-coder_6.7b,False
2,rules,C008_quantile_classes,qwen2.5-coder_32b,1,experiments/05_choropleth_reliability_benchmark/outputs/runs_iterative_repair/deepseek-coder_6.7b/rules/deepseek-coder_6.7b_rules_C008_quantile_classes_iter02_20260624_051144,experiments/05_choropleth_reliability_benchmark/outputs/generated_code_iterative_repair/qwen2.5-coder_32b/deepseek-coder_6.7b/rules/C008_quantile_classes_rules_iter02.py,deepseek-coder_6.7b,False
2,rules,C008_quantile_classes,qwen2.5-coder_7b,1,experiments/05_choropleth_reliability_benchmark/outputs/runs_iterative_repair/deepseek-coder_6.7b/rules/deepseek-coder_6.7b_rules_C008_quantile_classes_iter02_20260624_232551,experiments/05_choropleth_reliability_benchmark/outputs/generated_code_iterative_repair/qwen2.5-coder_7b/deepseek-coder_6.7b/rules/C008_quantile_classes_rules_iter02.py,deepseek-coder_6.7b,False
2,rules,C008_quantile_classes,qwen2.5-coder_14b,1,experiments/05_choropleth_reliability_benchmark/outputs/runs_iterative_repair/deepseek-coder_6.7b/rules/deepseek-coder_6.7b_rules_C008_quantile_classes_iter02_20260625_000211,experiments/05_choropleth_reliability_benchmark/outputs/generated_code_iterative_repair/qwen2.5-coder_14b/deepseek-coder_6.7b/rules/C008_quantile_classes_rules_iter02.py,deepseek-coder_6.7b,False
3,rules,C008_quantile_classes,qwen2.5-coder_32b,1,experiments/05_choropleth_reliability_benchmark/outputs/runs_iterative_repair/deepseek-coder_6.7b/rules/deepseek-coder_6.7b_rules_C008_quantile_classes_iter03_20260624_062927,experiments/05_choropleth_reliability_benchmark/outputs/generated_code_iterative_repair/qwen2.5-coder_32b/deepseek-coder_6.7b/rules/C008_quantile_classes_rules_iter03.py,deepseek-coder_6.7b,False
3,rules,C008_quantile_classes,qwen2.5-coder_7b,1,experiments/05_choropleth_reliability_benchmark/outputs/runs_iterative_repair/deepseek-coder_6.7b/rules/deepseek-coder_6.7b_rules_C008_quantile_classes_iter03_20260624_232612,experiments/05_choropleth_reliability_benchmark/outputs/generated_code_iterative_repair/qwen2.5-coder_7b/deepseek-coder_6.7b/rules/C008_quantile_classes_rules_iter03.py,deepseek-coder_6.7b,False
3,rules,C008_quantile_classes,qwen2.5-coder_14b,1,experiments/05_choropleth_reliability_benchmark/outputs/runs_iterative_repair/deepseek-coder_6.7b/rules/deepseek-coder_6.7b_rules_C008_quantile_classes_iter03_20260625_000239,experiments/05_choropleth_reliability_benchmark/outputs/generated_code_iterative_repair/qwen2.5-coder_14b/deepseek-coder_6.7b/rules/C008_quantile_classes_rules_iter03.py,deepseek-coder_6.7b,False
1,rules,C009_colorblind_safe,qwen2.5-coder_32b,0,experiments/05_choropleth_reliability_benchmark/outputs/runs_iterative_repair/deepseek-coder_6.7b/rules/deepseek-coder_6.7b_rules_C009_colorblind_safe_iter01_20260624_044358,experiments/05_choropleth_reliability_benchmark/outputs/generated_code_iterative_repair/qwen2.5-coder_32b/deepseek-coder_6.7b/rules/C009_colorblind_safe_rules_iter01.py,deepseek-coder_6.7b,False
1,rules,C009_colorblind_safe,qwen2.5-coder_7b,1,experiments/05_choropleth_reliability_benchmark/outputs/runs_iterative_repair/deepseek-coder_6.7b/rules/deepseek-coder_6.7b_rules_C009_colorblind_safe_iter01_20260624_231554,experiments/05_choropleth_reliability_benchmark/outputs/generated_code_iterative_repair/qwen2.5-coder_7b/deepseek-coder_6.7b/rules/C009_colorblind_safe_rules_iter01.py,deepseek-coder_6.7b,False
1,rules,C009_colorblind_safe,qwen2.5-coder_14b,1,experiments/05_choropleth_reliability_benchmark/outputs/runs_iterative_repair/deepseek-coder_6.7b/rules/deepseek-coder_6.7b_rules_C009_colorblind_safe_iter01_20260624_234615,experiments/05_choropleth_reliability_benchmark/outputs/generated_code_iterative_repair/qwen2.5-coder_14b/deepseek-coder_6.7b/rules/C009_colorblind_safe_rules_iter01.py,deepseek-coder_6.7b,False
2,rules,C009_colorblind_safe,qwen2.5-coder_7b,1,experiments/05_choropleth_reliability_benchmark/outputs/runs_iterative_repair/deepseek-coder_6.7b/rules/deepseek-coder_6.7b_rules_C009_colorblind_safe_iter02_20260624_231609,experiments/05_choropleth_reliability_benchmark/outputs/generated_code_iterative_repair/qwen2.5-coder_7b/deepseek-coder_6.7b/rules/C009_colorblind_safe_rules_iter02.py,deepseek-coder_6.7b,False
2,rules,C009_colorblind_safe,qwen2.5-coder_14b,1,experiments/05_choropleth_reliability_benchmark/outputs/runs_iterative_repair/deepseek-coder_6.7b/rules/deepseek-coder_6.7b_rules_C009_colorblind_safe_iter02_20260624_234642,experiments/05_choropleth_reliability_benchmark/outputs/generated_code_iterative_repair/qwen2.5-coder_14b/deepseek-coder_6.7b/rules/C009_colorblind_safe_rules_iter02.py,deepseek-coder_6.7b,False
3,rules,C009_colorblind_safe,qwen2.5-coder_7b,1,experiments/05_choropleth_reliability_benchmark/outputs/runs_iterative_repair/deepseek-coder_6.7b/rules/deepseek-coder_6.7b_rules_C009_colorblind_safe_iter03_20260624_231623,experiments/05_choropleth_reliability_benchmark/outputs/generated_code_iterative_repair/qwen2.5-coder_7b/deepseek-coder_6.7b/rules/C009_colorblind_safe_rules_iter03.py,deepseek-coder_6.7b,False
3,rules,C009_colorblind_safe,qwen2.5-coder_14b,1,experiments/05_choropleth_reliability_benchmark/outputs/runs_iterative_repair/deepseek-coder_6.7b/rules/deepseek-coder_6.7b_rules_C009_colorblind_safe_iter03_20260624_234714,experiments/05_choropleth_reliability_benchmark/outputs/generated_code_iterative_repair/qwen2.5-coder_14b/deepseek-coder_6.7b/rules/C009_colorblind_safe_rules_iter03.py,deepseek-coder_6.7b,False
1,rules,C010_interactive_tooltips,qwen2.5-coder_32b,1,experiments/05_choropleth_reliability_benchmark/outputs/runs_iterative_repair/deepseek-coder_6.7b/rules/deepseek-coder_6.7b_rules_C010_interactive_tooltips_iter01_20260624_044500,experiments/05_choropleth_reliability_benchmark/outputs/generated_code_iterative_repair/qwen2.5-coder_32b/deepseek-coder_6.7b/rules/C010_interactive_tooltips_rules_iter01.py,deepseek-coder_6.7b,False
1,rules,C010_interactive_tooltips,qwen2.5-coder_7b,1,experiments/05_choropleth_reliability_benchmark/outputs/runs_iterative_repair/deepseek-coder_6.7b/rules/deepseek-coder_6.7b_rules_C010_interactive_tooltips_iter01_20260624_231638,experiments/05_choropleth_reliability_benchmark/outputs/generated_code_iterative_repair/qwen2.5-coder_7b/deepseek-coder_6.7b/rules/C010_interactive_tooltips_rules_iter01.py,deepseek-coder_6.7b,False
1,rules,C010_interactive_tooltips,qwen2.5-coder_14b,1,experiments/05_choropleth_reliability_benchmark/outputs/runs_iterative_repair/deepseek-coder_6.7b/rules/deepseek-coder_6.7b_rules_C010_interactive_tooltips_iter01_20260624_234743,experiments/05_choropleth_reliability_benchmark/outputs/generated_code_iterative_repair/qwen2.5-coder_14b/deepseek-coder_6.7b/rules/C010_interactive_tooltips_rules_iter01.py,deepseek-coder_6.7b,False
2,rules,C010_interactive_tooltips,qwen2.5-coder_32b,0,experiments/05_choropleth_reliability_benchmark/outputs/runs_iterative_repair/deepseek-coder_6.7b/rules/deepseek-coder_6.7b_rules_C010_interactive_tooltips_iter02_20260624_044550,experiments/05_choropleth_reliability_benchmark/outputs/generated_code_iterative_repair/qwen2.5-coder_32b/deepseek-coder_6.7b/rules/C010_interactive_tooltips_rules_iter02.py,deepseek-coder_6.7b,False
2,rules,C010_interactive_tooltips,qwen2.5-coder_7b,1,experiments/05_choropleth_reliability_benchmark/outputs/runs_iterative_repair/deepseek-coder_6.7b/rules/deepseek-coder_6.7b_rules_C010_interactive_tooltips_iter02_20260624_231655,experiments/05_choropleth_reliability_benchmark/outputs/generated_code_iterative_repair/qwen2.5-coder_7b/deepseek-coder_6.7b/rules/C010_interactive_tooltips_rules_iter02.py,deepseek-coder_6.7b,False
2,rules,C010_interactive_tooltips,qwen2.5-coder_14b,1,experiments/05_choropleth_reliability_benchmark/outputs/runs_iterative_repair/deepseek-coder_6.7b/rules/deepseek-coder_6.7b_rules_C010_interactive_tooltips_iter02_20260624_234810,experiments/05_choropleth_reliability_benchmark/outputs/generated_code_iterative_repair/qwen2.5-coder_14b/deepseek-coder_6.7b/rules/C010_interactive_tooltips_rules_iter02.py,deepseek-coder_6.7b,False
3,rules,C010_interactive_tooltips,qwen2.5-coder_7b,1,experiments/05_choropleth_reliability_benchmark/outputs/runs_iterative_repair/deepseek-coder_6.7b/rules/deepseek-coder_6.7b_rules_C010_interactive_tooltips_iter03_20260624_231712,experiments/05_choropleth_reliability_benchmark/outputs/generated_code_iterative_repair/qwen2.5-coder_7b/deepseek-coder_6.7b/rules/C010_interactive_tooltips_rules_iter03.py,deepseek-coder_6.7b,False
3,rules,C010_interactive_tooltips,qwen2.5-coder_14b,1,experiments/05_choropleth_reliability_benchmark/outputs/runs_iterative_repair/deepseek-coder_6.7b/rules/deepseek-coder_6.7b_rules_C010_interactive_tooltips_iter03_20260624_234836,experiments/05_choropleth_reliability_benchmark/outputs/generated_code_iterative_repair/qwen2.5-coder_14b/deepseek-coder_6.7b/rules/C010_interactive_tooltips_rules_iter03.py,deepseek-coder_6.7b,False
1,rules,C011_static_and_interactive,qwen2.5-coder_32b,1,experiments/05_choropleth_reliability_benchmark/outputs/runs_iterative_repair/deepseek-coder_6.7b/rules/deepseek-coder_6.7b_rules_C011_static_and_interactive_iter01_20260624_051847,experiments/05_choropleth_reliability_benchmark/outputs/generated_code_iterative_repair/qwen2.5-coder_32b/deepseek-coder_6.7b/rules/C011_static_and_interactive_rules_iter01.py,deepseek-coder_6.7b,False
1,rules,C011_static_and_interactive,qwen2.5-coder_7b,1,experiments/05_choropleth_reliability_benchmark/outputs/runs_iterative_repair/deepseek-coder_6.7b/rules/deepseek-coder_6.7b_rules_C011_static_and_interactive_iter01_20260624_232930,experiments/05_choropleth_reliability_benchmark/outputs/generated_code_iterative_repair/qwen2.5-coder_7b/deepseek-coder_6.7b/rules/C011_static_and_interactive_rules_iter01.py,deepseek-coder_6.7b,False
1,rules,C011_static_and_interactive,qwen2.5-coder_14b,1,experiments/05_choropleth_reliability_benchmark/outputs/runs_iterative_repair/deepseek-coder_6.7b/rules/deepseek-coder_6.7b_rules_C011_static_and_interactive_iter01_20260625_000815,experiments/05_choropleth_reliability_benchmark/outputs/generated_code_iterative_repair/qwen2.5-coder_14b/deepseek-coder_6.7b/rules/C011_static_and_interactive_rules_iter01.py,deepseek-coder_6.7b,False
1,rules,C011_static_and_interactive,deepseek-coder_6.7b,1,experiments/05_choropleth_reliability_benchmark/outputs/runs_iterative_repair/deepseek-coder_6.7b/rules/deepseek-coder_6.7b_rules_C011_static_and_interactive_iter01_20260625_002634,experiments/05_choropleth_reliability_benchmark/outputs/generated_code_iterative_repair/deepseek-coder_6.7b/deepseek-coder_6.7b/rules/C011_static_and_interactive_rules_iter01.py,deepseek-coder_6.7b,False
2,rules,C011_static_and_interactive,qwen2.5-coder_32b,1,experiments/05_choropleth_reliability_benchmark/outputs/runs_iterative_repair/deepseek-coder_6.7b/rules/deepseek-coder_6.7b_rules_C011_static_and_interactive_iter02_20260624_051959,experiments/05_choropleth_reliability_benchmark/outputs/generated_code_iterative_repair/qwen2.5-coder_32b/deepseek-coder_6.7b/rules/C011_static_and_interactive_rules_iter02.py,deepseek-coder_6.7b,False
2,rules,C011_static_and_interactive,qwen2.5-coder_7b,1,experiments/05_choropleth_reliability_benchmark/outputs/runs_iterative_repair/deepseek-coder_6.7b/rules/deepseek-coder_6.7b_rules_C011_static_and_interactive_iter02_20260624_232949,experiments/05_choropleth_reliability_benchmark/outputs/generated_code_iterative_repair/qwen2.5-coder_7b/deepseek-coder_6.7b/rules/C011_static_and_interactive_rules_iter02.py,deepseek-coder_6.7b,False
2,rules,C011_static_and_interactive,qwen2.5-coder_14b,1,experiments/05_choropleth_reliability_benchmark/outputs/runs_iterative_repair/deepseek-coder_6.7b/rules/deepseek-coder_6.7b_rules_C011_static_and_interactive_iter02_20260625_000900,experiments/05_choropleth_reliability_benchmark/outputs/generated_code_iterative_repair/qwen2.5-coder_14b/deepseek-coder_6.7b/rules/C011_static_and_interactive_rules_iter02.py,deepseek-coder_6.7b,False
3,rules,C011_static_and_interactive,qwen2.5-coder_32b,0,experiments/05_choropleth_reliability_benchmark/outputs/runs_iterative_repair/deepseek-coder_6.7b/rules/deepseek-coder_6.7b_rules_C011_static_and_interactive_iter03_20260624_063113,experiments/05_choropleth_reliability_benchmark/outputs/generated_code_iterative_repair/qwen2.5-coder_32b/deepseek-coder_6.7b/rules/C011_static_and_interactive_rules_iter03.py,deepseek-coder_6.7b,False
3,rules,C011_static_and_interactive,qwen2.5-coder_7b,1,experiments/05_choropleth_reliability_benchmark/outputs/runs_iterative_repair/deepseek-coder_6.7b/rules/deepseek-coder_6.7b_rules_C011_static_and_interactive_iter03_20260624_233007,experiments/05_choropleth_reliability_benchmark/outputs/generated_code_iterative_repair/qwen2.5-coder_7b/deepseek-coder_6.7b/rules/C011_static_and_interactive_rules_iter03.py,deepseek-coder_6.7b,False
3,rules,C011_static_and_interactive,qwen2.5-coder_14b,1,experiments/05_choropleth_reliability_benchmark/outputs/runs_iterative_repair/deepseek-coder_6.7b/rules/deepseek-coder_6.7b_rules_C011_static_and_interactive_iter03_20260625_000941,experiments/05_choropleth_reliability_benchmark/outputs/generated_code_iterative_repair/qwen2.5-coder_14b/deepseek-coder_6.7b/rules/C011_static_and_interactive_rules_iter03.py,deepseek-coder_6.7b,False
1,rules,C012_time_series_report,qwen2.5-coder_32b,1,experiments/05_choropleth_reliability_benchmark/outputs/runs_iterative_repair/deepseek-coder_6.7b/rules/deepseek-coder_6.7b_rules_C012_time_series_report_iter01_20260624_051239,experiments/05_choropleth_reliability_benchmark/outputs/generated_code_iterative_repair/qwen2.5-coder_32b/deepseek-coder_6.7b/rules/C012_time_series_report_rules_iter01.py,deepseek-coder_6.7b,False
1,rules,C012_time_series_report,qwen2.5-coder_7b,1,experiments/05_choropleth_reliability_benchmark/outputs/runs_iterative_repair/deepseek-coder_6.7b/rules/deepseek-coder_6.7b_rules_C012_time_series_report_iter01_20260624_232631,experiments/05_choropleth_reliability_benchmark/outputs/generated_code_iterative_repair/qwen2.5-coder_7b/deepseek-coder_6.7b/rules/C012_time_series_report_rules_iter01.py,deepseek-coder_6.7b,False
1,rules,C012_time_series_report,qwen2.5-coder_14b,1,experiments/05_choropleth_reliability_benchmark/outputs/runs_iterative_repair/deepseek-coder_6.7b/rules/deepseek-coder_6.7b_rules_C012_time_series_report_iter01_20260625_000307,experiments/05_choropleth_reliability_benchmark/outputs/generated_code_iterative_repair/qwen2.5-coder_14b/deepseek-coder_6.7b/rules/C012_time_series_report_rules_iter01.py,deepseek-coder_6.7b,False
2,rules,C012_time_series_report,qwen2.5-coder_32b,1,experiments/05_choropleth_reliability_benchmark/outputs/runs_iterative_repair/deepseek-coder_6.7b/rules/deepseek-coder_6.7b_rules_C012_time_series_report_iter02_20260624_051332,experiments/05_choropleth_reliability_benchmark/outputs/generated_code_iterative_repair/qwen2.5-coder_32b/deepseek-coder_6.7b/rules/C012_time_series_report_rules_iter02.py,deepseek-coder_6.7b,False
2,rules,C012_time_series_report,qwen2.5-coder_7b,1,experiments/05_choropleth_reliability_benchmark/outputs/runs_iterative_repair/deepseek-coder_6.7b/rules/deepseek-coder_6.7b_rules_C012_time_series_report_iter02_20260624_232648,experiments/05_choropleth_reliability_benchmark/outputs/generated_code_iterative_repair/qwen2.5-coder_7b/deepseek-coder_6.7b/rules/C012_time_series_report_rules_iter02.py,deepseek-coder_6.7b,False
2,rules,C012_time_series_report,qwen2.5-coder_14b,1,experiments/05_choropleth_reliability_benchmark/outputs/runs_iterative_repair/deepseek-coder_6.7b/rules/deepseek-coder_6.7b_rules_C012_time_series_report_iter02_20260625_000332,experiments/05_choropleth_reliability_benchmark/outputs/generated_code_iterative_repair/qwen2.5-coder_14b/deepseek-coder_6.7b/rules/C012_time_series_report_rules_iter02.py,deepseek-coder_6.7b,False
3,rules,C012_time_series_report,qwen2.5-coder_32b,0,experiments/05_choropleth_reliability_benchmark/outputs/runs_iterative_repair/deepseek-coder_6.7b/rules/deepseek-coder_6.7b_rules_C012_time_series_report_iter03_20260624_063011,experiments/05_choropleth_reliability_benchmark/outputs/generated_code_iterative_repair/qwen2.5-coder_32b/deepseek-coder_6.7b/rules/C012_time_series_report_rules_iter03.py,deepseek-coder_6.7b,False
3,rules,C012_time_series_report,qwen2.5-coder_7b,1,experiments/05_choropleth_reliability_benchmark/outputs/runs_iterative_repair/deepseek-coder_6.7b/rules/deepseek-coder_6.7b_rules_C012_time_series_report_iter03_20260624_232704,experiments/05_choropleth_reliability_benchmark/outputs/generated_code_iterative_repair/qwen2.5-coder_7b/deepseek-coder_6.7b/rules/C012_time_series_report_rules_iter03.py,deepseek-coder_6.7b,False
3,rules,C012_time_series_report,qwen2.5-coder_14b,0,experiments/05_choropleth_reliability_benchmark/outputs/runs_iterative_repair/deepseek-coder_6.7b/rules/deepseek-coder_6.7b_rules_C012_time_series_report_iter03_20260625_000359,experiments/05_choropleth_reliability_benchmark/outputs/generated_code_iterative_repair/qwen2.5-coder_14b/deepseek-coder_6.7b/rules/C012_time_series_report_rules_iter03.py,deepseek-coder_6.7b,False
1,basic,C001_static_burned_area,qwen2.5-coder_32b,1,experiments/05_choropleth_reliability_benchmark/outputs/runs_iterative_repair/qwen2.5-coder_7b/basic/qwen2.5-coder_7b_basic_C001_static_burned_area_iter01_20260624_044643,experiments/05_choropleth_reliability_benchmark/outputs/generated_code_iterative_repair/qwen2.5-coder_32b/qwen2.5-coder_7b/basic/C001_static_burned_area_basic_iter01.py,qwen2.5-coder_7b,False
1,basic,C001_static_burned_area,qwen2.5-coder_7b,1,experiments/05_choropleth_reliability_benchmark/outputs/runs_iterative_repair/qwen2.5-coder_7b/basic/qwen2.5-coder_7b_basic_C001_static_burned_area_iter01_20260624_231727,experiments/05_choropleth_reliability_benchmark/outputs/generated_code_iterative_repair/qwen2.5-coder_7b/qwen2.5-coder_7b/basic/C001_static_burned_area_basic_iter01.py,qwen2.5-coder_7b,False
1,basic,C001_static_burned_area,qwen2.5-coder_14b,1,experiments/05_choropleth_reliability_benchmark/outputs/runs_iterative_repair/qwen2.5-coder_7b/basic/qwen2.5-coder_7b_basic_C001_static_burned_area_iter01_20260624_234859,experiments/05_choropleth_reliability_benchmark/outputs/generated_code_iterative_repair/qwen2.5-coder_14b/qwen2.5-coder_7b/basic/C001_static_burned_area_basic_iter01.py,qwen2.5-coder_7b,False
1,basic,C001_static_burned_area,deepseek-coder_6.7b,1,experiments/05_choropleth_reliability_benchmark/outputs/runs_iterative_repair/qwen2.5-coder_7b/basic/qwen2.5-coder_7b_basic_C001_static_burned_area_iter01_20260625_002005,experiments/05_choropleth_reliability_benchmark/outputs/generated_code_iterative_repair/deepseek-coder_6.7b/qwen2.5-coder_7b/basic/C001_static_burned_area_basic_iter01.py,qwen2.5-coder_7b,False
2,basic,C001_static_burned_area,qwen2.5-coder_32b,0,experiments/05_choropleth_reliability_benchmark/outputs/runs_iterative_repair/qwen2.5-coder_7b/basic/qwen2.5-coder_7b_basic_C001_static_burned_area_iter02_20260624_044729,experiments/05_choropleth_reliability_benchmark/outputs/generated_code_iterative_repair/qwen2.5-coder_32b/qwen2.5-coder_7b/basic/C001_static_burned_area_basic_iter02.py,qwen2.5-coder_7b,False
2,basic,C001_static_burned_area,qwen2.5-coder_7b,1,experiments/05_choropleth_reliability_benchmark/outputs/runs_iterative_repair/qwen2.5-coder_7b/basic/qwen2.5-coder_7b_basic_C001_static_burned_area_iter02_20260624_231741,experiments/05_choropleth_reliability_benchmark/outputs/generated_code_iterative_repair/qwen2.5-coder_7b/qwen2.5-coder_7b/basic/C001_static_burned_area_basic_iter02.py,qwen2.5-coder_7b,False
2,basic,C001_static_burned_area,qwen2.5-coder_14b,1,experiments/05_choropleth_reliability_benchmark/outputs/runs_iterative_repair/qwen2.5-coder_7b/basic/qwen2.5-coder_7b_basic_C001_static_burned_area_iter02_20260624_234925,experiments/05_choropleth_reliability_benchmark/outputs/generated_code_iterative_repair/qwen2.5-coder_14b/qwen2.5-coder_7b/basic/C001_static_burned_area_basic_iter02.py,qwen2.5-coder_7b,False
3,basic,C001_static_burned_area,qwen2.5-coder_7b,1,experiments/05_choropleth_reliability_benchmark/outputs/runs_iterative_repair/qwen2.5-coder_7b/basic/qwen2.5-coder_7b_basic_C001_static_burned_area_iter03_20260624_231755,experiments/05_choropleth_reliability_benchmark/outputs/generated_code_iterative_repair/qwen2.5-coder_7b/qwen2.5-coder_7b/basic/C001_static_burned_area_basic_iter03.py,qwen2.5-coder_7b,False
3,basic,C001_static_burned_area,qwen2.5-coder_14b,1,experiments/05_choropleth_reliability_benchmark/outputs/runs_iterative_repair/qwen2.5-coder_7b/basic/qwen2.5-coder_7b_basic_C001_static_burned_area_iter03_20260624_234948,experiments/05_choropleth_reliability_benchmark/outputs/generated_code_iterative_repair/qwen2.5-coder_14b/qwen2.5-coder_7b/basic/C001_static_burned_area_basic_iter03.py,qwen2.5-coder_7b,False
1,basic,C003_static_full_layout,qwen2.5-coder_32b,1,experiments/05_choropleth_reliability_benchmark/outputs/runs_iterative_repair/qwen2.5-coder_7b/basic/qwen2.5-coder_7b_basic_C003_static_full_layout_iter01_20260624_044808,experiments/05_choropleth_reliability_benchmark/outputs/generated_code_iterative_repair/qwen2.5-coder_32b/qwen2.5-coder_7b/basic/C003_static_full_layout_basic_iter01.py,qwen2.5-coder_7b,False
1,basic,C003_static_full_layout,qwen2.5-coder_7b,1,experiments/05_choropleth_reliability_benchmark/outputs/runs_iterative_repair/qwen2.5-coder_7b/basic/qwen2.5-coder_7b_basic_C003_static_full_layout_iter01_20260624_231808,experiments/05_choropleth_reliability_benchmark/outputs/generated_code_iterative_repair/qwen2.5-coder_7b/qwen2.5-coder_7b/basic/C003_static_full_layout_basic_iter01.py,qwen2.5-coder_7b,False
1,basic,C003_static_full_layout,qwen2.5-coder_14b,1,experiments/05_choropleth_reliability_benchmark/outputs/runs_iterative_repair/qwen2.5-coder_7b/basic/qwen2.5-coder_7b_basic_C003_static_full_layout_iter01_20260624_235007,experiments/05_choropleth_reliability_benchmark/outputs/generated_code_iterative_repair/qwen2.5-coder_14b/qwen2.5-coder_7b/basic/C003_static_full_layout_basic_iter01.py,qwen2.5-coder_7b,False
2,basic,C003_static_full_layout,qwen2.5-coder_32b,1,experiments/05_choropleth_reliability_benchmark/outputs/runs_iterative_repair/qwen2.5-coder_7b/basic/qwen2.5-coder_7b_basic_C003_static_full_layout_iter02_20260624_044846,experiments/05_choropleth_reliability_benchmark/outputs/generated_code_iterative_repair/qwen2.5-coder_32b/qwen2.5-coder_7b/basic/C003_static_full_layout_basic_iter02.py,qwen2.5-coder_7b,False
2,basic,C003_static_full_layout,qwen2.5-coder_7b,1,experiments/05_choropleth_reliability_benchmark/outputs/runs_iterative_repair/qwen2.5-coder_7b/basic/qwen2.5-coder_7b_basic_C003_static_full_layout_iter02_20260624_231819,experiments/05_choropleth_reliability_benchmark/outputs/generated_code_iterative_repair/qwen2.5-coder_7b/qwen2.5-coder_7b/basic/C003_static_full_layout_basic_iter02.py,qwen2.5-coder_7b,False
2,basic,C003_static_full_layout,qwen2.5-coder_14b,0,experiments/05_choropleth_reliability_benchmark/outputs/runs_iterative_repair/qwen2.5-coder_7b/basic/qwen2.5-coder_7b_basic_C003_static_full_layout_iter02_20260624_235027,experiments/05_choropleth_reliability_benchmark/outputs/generated_code_iterative_repair/qwen2.5-coder_14b/qwen2.5-coder_7b/basic/C003_static_full_layout_basic_iter02.py,qwen2.5-coder_7b,False
3,basic,C003_static_full_layout,qwen2.5-coder_32b,1,experiments/05_choropleth_reliability_benchmark/outputs/runs_iterative_repair/qwen2.5-coder_7b/basic/qwen2.5-coder_7b_basic_C003_static_full_layout_iter03_20260624_062305,experiments/05_choropleth_reliability_benchmark/outputs/generated_code_iterative_repair/qwen2.5-coder_32b/qwen2.5-coder_7b/basic/C003_static_full_layout_basic_iter03.py,qwen2.5-coder_7b,False
3,basic,C003_static_full_layout,qwen2.5-coder_7b,1,experiments/05_choropleth_reliability_benchmark/outputs/runs_iterative_repair/qwen2.5-coder_7b/basic/qwen2.5-coder_7b_basic_C003_static_full_layout_iter03_20260624_231829,experiments/05_choropleth_reliability_benchmark/outputs/generated_code_iterative_repair/qwen2.5-coder_7b/qwen2.5-coder_7b/basic/C003_static_full_layout_basic_iter03.py,qwen2.5-coder_7b,False
1,basic,C004_missing_crs_repair,qwen2.5-coder_32b,0,experiments/05_choropleth_reliability_benchmark/outputs/runs_iterative_repair/qwen2.5-coder_7b/basic/qwen2.5-coder_7b_basic_C004_missing_crs_repair_iter01_20260624_042521,experiments/05_choropleth_reliability_benchmark/outputs/generated_code_iterative_repair/qwen2.5-coder_32b/qwen2.5-coder_7b/basic/C004_missing_crs_repair_basic_iter01.py,qwen2.5-coder_7b,False
1,basic,C004_missing_crs_repair,qwen2.5-coder_14b,1,experiments/05_choropleth_reliability_benchmark/outputs/runs_iterative_repair/qwen2.5-coder_7b/basic/qwen2.5-coder_7b_basic_C004_missing_crs_repair_iter01_20260624_071341,experiments/05_choropleth_reliability_benchmark/outputs/generated_code_iterative_repair/qwen2.5-coder_14b/qwen2.5-coder_7b/basic/C004_missing_crs_repair_basic_iter01.py,qwen2.5-coder_7b,False
1,basic,C004_missing_crs_repair,qwen2.5-coder_7b,1,experiments/05_choropleth_reliability_benchmark/outputs/runs_iterative_repair/qwen2.5-coder_7b/basic/qwen2.5-coder_7b_basic_C004_missing_crs_repair_iter01_20260624_072444,experiments/05_choropleth_reliability_benchmark/outputs/generated_code_iterative_repair/qwen2.5-coder_7b/qwen2.5-coder_7b/basic/C004_missing_crs_repair_basic_iter01.py,qwen2.5-coder_7b,False
2,basic,C004_missing_crs_repair,qwen2.5-coder_14b,1,experiments/05_choropleth_reliability_benchmark/outputs/runs_iterative_repair/qwen2.5-coder_7b/basic/qwen2.5-coder_7b_basic_C004_missing_crs_repair_iter02_20260624_071401,experiments/05_choropleth_reliability_benchmark/outputs/generated_code_iterative_repair/qwen2.5-coder_14b/qwen2.5-coder_7b/basic/C004_missing_crs_repair_basic_iter02.py,qwen2.5-coder_7b,False
2,basic,C004_missing_crs_repair,qwen2.5-coder_7b,0,experiments/05_choropleth_reliability_benchmark/outputs/runs_iterative_repair/qwen2.5-coder_7b/basic/qwen2.5-coder_7b_basic_C004_missing_crs_repair_iter02_20260624_072452,experiments/05_choropleth_reliability_benchmark/outputs/generated_code_iterative_repair/qwen2.5-coder_7b/qwen2.5-coder_7b/basic/C004_missing_crs_repair_basic_iter02.py,qwen2.5-coder_7b,False
2,basic,C004_missing_crs_repair,deepseek-coder_6.7b,0,experiments/05_choropleth_reliability_benchmark/outputs/runs_iterative_repair/qwen2.5-coder_7b/basic/qwen2.5-coder_7b_basic_C004_missing_crs_repair_iter02_20260625_001508,experiments/05_choropleth_reliability_benchmark/outputs/generated_code_iterative_repair/deepseek-coder_6.7b/qwen2.5-coder_7b/basic/C004_missing_crs_repair_basic_iter02.py,qwen2.5-coder_7b,False
3,basic,C004_missing_crs_repair,qwen2.5-coder_14b,1,experiments/05_choropleth_reliability_benchmark/outputs/runs_iterative_repair/qwen2.5-coder_7b/basic/qwen2.5-coder_7b_basic_C004_missing_crs_repair_iter03_20260624_233410,experiments/05_choropleth_reliability_benchmark/outputs/generated_code_iterative_repair/qwen2.5-coder_14b/qwen2.5-coder_7b/basic/C004_missing_crs_repair_basic_iter03.py,qwen2.5-coder_7b,False
1,basic,C005_geometry_repair,qwen2.5-coder_32b,0,experiments/05_choropleth_reliability_benchmark/outputs/runs_iterative_repair/qwen2.5-coder_7b/basic/qwen2.5-coder_7b_basic_C005_geometry_repair_iter01_20260624_042553,experiments/05_choropleth_reliability_benchmark/outputs/generated_code_iterative_repair/qwen2.5-coder_32b/qwen2.5-coder_7b/basic/C005_geometry_repair_basic_iter01.py,qwen2.5-coder_7b,False
1,basic,C005_geometry_repair,qwen2.5-coder_7b,1,experiments/05_choropleth_reliability_benchmark/outputs/runs_iterative_repair/qwen2.5-coder_7b/basic/qwen2.5-coder_7b_basic_C005_geometry_repair_iter01_20260624_230940,experiments/05_choropleth_reliability_benchmark/outputs/generated_code_iterative_repair/qwen2.5-coder_7b/qwen2.5-coder_7b/basic/C005_geometry_repair_basic_iter01.py,qwen2.5-coder_7b,False
1,basic,C005_geometry_repair,qwen2.5-coder_14b,1,experiments/05_choropleth_reliability_benchmark/outputs/runs_iterative_repair/qwen2.5-coder_7b/basic/qwen2.5-coder_7b_basic_C005_geometry_repair_iter01_20260624_233429,experiments/05_choropleth_reliability_benchmark/outputs/generated_code_iterative_repair/qwen2.5-coder_14b/qwen2.5-coder_7b/basic/C005_geometry_repair_basic_iter01.py,qwen2.5-coder_7b,False
2,basic,C005_geometry_repair,qwen2.5-coder_7b,1,experiments/05_choropleth_reliability_benchmark/outputs/runs_iterative_repair/qwen2.5-coder_7b/basic/qwen2.5-coder_7b_basic_C005_geometry_repair_iter02_20260624_230949,experiments/05_choropleth_reliability_benchmark/outputs/generated_code_iterative_repair/qwen2.5-coder_7b/qwen2.5-coder_7b/basic/C005_geometry_repair_basic_iter02.py,qwen2.5-coder_7b,False
2,basic,C005_geometry_repair,qwen2.5-coder_14b,1,experiments/05_choropleth_reliability_benchmark/outputs/runs_iterative_repair/qwen2.5-coder_7b/basic/qwen2.5-coder_7b_basic_C005_geometry_repair_iter02_20260624_233450,experiments/05_choropleth_reliability_benchmark/outputs/generated_code_iterative_repair/qwen2.5-coder_14b/qwen2.5-coder_7b/basic/C005_geometry_repair_basic_iter02.py,qwen2.5-coder_7b,False
3,basic,C005_geometry_repair,qwen2.5-coder_7b,1,experiments/05_choropleth_reliability_benchmark/outputs/runs_iterative_repair/qwen2.5-coder_7b/basic/qwen2.5-coder_7b_basic_C005_geometry_repair_iter03_20260624_230957,experiments/05_choropleth_reliability_benchmark/outputs/generated_code_iterative_repair/qwen2.5-coder_7b/qwen2.5-coder_7b/basic/C005_geometry_repair_basic_iter03.py,qwen2.5-coder_7b,False
3,basic,C005_geometry_repair,qwen2.5-coder_14b,1,experiments/05_choropleth_reliability_benchmark/outputs/runs_iterative_repair/qwen2.5-coder_7b/basic/qwen2.5-coder_7b_basic_C005_geometry_repair_iter03_20260624_233511,experiments/05_choropleth_reliability_benchmark/outputs/generated_code_iterative_repair/qwen2.5-coder_14b/qwen2.5-coder_7b/basic/C005_geometry_repair_basic_iter03.py,qwen2.5-coder_7b,False
1,basic,C006_join_diagnostics,qwen2.5-coder_32b,1,experiments/05_choropleth_reliability_benchmark/outputs/runs_iterative_repair/qwen2.5-coder_7b/basic/qwen2.5-coder_7b_basic_C006_join_diagnostics_iter01_20260624_045203,experiments/05_choropleth_reliability_benchmark/outputs/generated_code_iterative_repair/qwen2.5-coder_32b/qwen2.5-coder_7b/basic/C006_join_diagnostics_basic_iter01.py,qwen2.5-coder_7b,False
1,basic,C006_join_diagnostics,qwen2.5-coder_7b,1,experiments/05_choropleth_reliability_benchmark/outputs/runs_iterative_repair/qwen2.5-coder_7b/basic/qwen2.5-coder_7b_basic_C006_join_diagnostics_iter01_20260624_231840,experiments/05_choropleth_reliability_benchmark/outputs/generated_code_iterative_repair/qwen2.5-coder_7b/qwen2.5-coder_7b/basic/C006_join_diagnostics_basic_iter01.py,qwen2.5-coder_7b,False
1,basic,C006_join_diagnostics,qwen2.5-coder_14b,1,experiments/05_choropleth_reliability_benchmark/outputs/runs_iterative_repair/qwen2.5-coder_7b/basic/qwen2.5-coder_7b_basic_C006_join_diagnostics_iter01_20260624_235047,experiments/05_choropleth_reliability_benchmark/outputs/generated_code_iterative_repair/qwen2.5-coder_14b/qwen2.5-coder_7b/basic/C006_join_diagnostics_basic_iter01.py,qwen2.5-coder_7b,False
2,basic,C006_join_diagnostics,qwen2.5-coder_32b,1,experiments/05_choropleth_reliability_benchmark/outputs/runs_iterative_repair/qwen2.5-coder_7b/basic/qwen2.5-coder_7b_basic_C006_join_diagnostics_iter02_20260624_045242,experiments/05_choropleth_reliability_benchmark/outputs/generated_code_iterative_repair/qwen2.5-coder_32b/qwen2.5-coder_7b/basic/C006_join_diagnostics_basic_iter02.py,qwen2.5-coder_7b,False
2,basic,C006_join_diagnostics,qwen2.5-coder_7b,1,experiments/05_choropleth_reliability_benchmark/outputs/runs_iterative_repair/qwen2.5-coder_7b/basic/qwen2.5-coder_7b_basic_C006_join_diagnostics_iter02_20260624_231850,experiments/05_choropleth_reliability_benchmark/outputs/generated_code_iterative_repair/qwen2.5-coder_7b/qwen2.5-coder_7b/basic/C006_join_diagnostics_basic_iter02.py,qwen2.5-coder_7b,False
2,basic,C006_join_diagnostics,qwen2.5-coder_14b,1,experiments/05_choropleth_reliability_benchmark/outputs/runs_iterative_repair/qwen2.5-coder_7b/basic/qwen2.5-coder_7b_basic_C006_join_diagnostics_iter02_20260624_235108,experiments/05_choropleth_reliability_benchmark/outputs/generated_code_iterative_repair/qwen2.5-coder_14b/qwen2.5-coder_7b/basic/C006_join_diagnostics_basic_iter02.py,qwen2.5-coder_7b,False
3,basic,C006_join_diagnostics,qwen2.5-coder_32b,1,experiments/05_choropleth_reliability_benchmark/outputs/runs_iterative_repair/qwen2.5-coder_7b/basic/qwen2.5-coder_7b_basic_C006_join_diagnostics_iter03_20260624_062356,experiments/05_choropleth_reliability_benchmark/outputs/generated_code_iterative_repair/qwen2.5-coder_32b/qwen2.5-coder_7b/basic/C006_join_diagnostics_basic_iter03.py,qwen2.5-coder_7b,False
3,basic,C006_join_diagnostics,qwen2.5-coder_7b,1,experiments/05_choropleth_reliability_benchmark/outputs/runs_iterative_repair/qwen2.5-coder_7b/basic/qwen2.5-coder_7b_basic_C006_join_diagnostics_iter03_20260624_231901,experiments/05_choropleth_reliability_benchmark/outputs/generated_code_iterative_repair/qwen2.5-coder_7b/qwen2.5-coder_7b/basic/C006_join_diagnostics_basic_iter03.py,qwen2.5-coder_7b,False
3,basic,C006_join_diagnostics,qwen2.5-coder_14b,1,experiments/05_choropleth_reliability_benchmark/outputs/runs_iterative_repair/qwen2.5-coder_7b/basic/qwen2.5-coder_7b_basic_C006_join_diagnostics_iter03_20260624_235127,experiments/05_choropleth_reliability_benchmark/outputs/generated_code_iterative_repair/qwen2.5-coder_14b/qwen2.5-coder_7b/basic/C006_join_diagnostics_basic_iter03.py,qwen2.5-coder_7b,False
1,basic,C007_wrong_column_guard,qwen2.5-coder_32b,1,experiments/05_choropleth_reliability_benchmark/outputs/runs_iterative_repair/qwen2.5-coder_7b/basic/qwen2.5-coder_7b_basic_C007_wrong_column_guard_iter01_20260624_041241,experiments/05_choropleth_reliability_benchmark/outputs/generated_code_iterative_repair/qwen2.5-coder_32b/qwen2.5-coder_7b/basic/C007_wrong_column_guard_basic_iter01.py,qwen2.5-coder_7b,False
1,basic,C007_wrong_column_guard,qwen2.5-coder_14b,0,experiments/05_choropleth_reliability_benchmark/outputs/runs_iterative_repair/qwen2.5-coder_7b/basic/qwen2.5-coder_7b_basic_C007_wrong_column_guard_iter01_20260624_071057,experiments/05_choropleth_reliability_benchmark/outputs/generated_code_iterative_repair/qwen2.5-coder_14b/qwen2.5-coder_7b/basic/C007_wrong_column_guard_basic_iter01.py,qwen2.5-coder_7b,False
1,basic,C007_wrong_column_guard,qwen2.5-coder_7b,0,experiments/05_choropleth_reliability_benchmark/outputs/runs_iterative_repair/qwen2.5-coder_7b/basic/qwen2.5-coder_7b_basic_C007_wrong_column_guard_iter01_20260624_072340,experiments/05_choropleth_reliability_benchmark/outputs/generated_code_iterative_repair/qwen2.5-coder_7b/qwen2.5-coder_7b/basic/C007_wrong_column_guard_basic_iter01.py,qwen2.5-coder_7b,False
2,basic,C007_wrong_column_guard,qwen2.5-coder_32b,0,experiments/05_choropleth_reliability_benchmark/outputs/runs_iterative_repair/qwen2.5-coder_7b/basic/qwen2.5-coder_7b_basic_C007_wrong_column_guard_iter02_20260624_041333,experiments/05_choropleth_reliability_benchmark/outputs/generated_code_iterative_repair/qwen2.5-coder_32b/qwen2.5-coder_7b/basic/C007_wrong_column_guard_basic_iter02.py,qwen2.5-coder_7b,False
2,basic,C007_wrong_column_guard,deepseek-coder_6.7b,1,experiments/05_choropleth_reliability_benchmark/outputs/runs_iterative_repair/qwen2.5-coder_7b/basic/qwen2.5-coder_7b_basic_C007_wrong_column_guard_iter02_20260625_001359,experiments/05_choropleth_reliability_benchmark/outputs/generated_code_iterative_repair/deepseek-coder_6.7b/qwen2.5-coder_7b/basic/C007_wrong_column_guard_basic_iter02.py,qwen2.5-coder_7b,False
1,basic,C008_quantile_classes,qwen2.5-coder_32b,0,experiments/05_choropleth_reliability_benchmark/outputs/runs_iterative_repair/qwen2.5-coder_7b/basic/qwen2.5-coder_7b_basic_C008_quantile_classes_iter01_20260624_051423,experiments/05_choropleth_reliability_benchmark/outputs/generated_code_iterative_repair/qwen2.5-coder_32b/qwen2.5-coder_7b/basic/C008_quantile_classes_basic_iter01.py,qwen2.5-coder_7b,False
1,basic,C008_quantile_classes,qwen2.5-coder_7b,1,experiments/05_choropleth_reliability_benchmark/outputs/runs_iterative_repair/qwen2.5-coder_7b/basic/qwen2.5-coder_7b_basic_C008_quantile_classes_iter01_20260624_232716,experiments/05_choropleth_reliability_benchmark/outputs/generated_code_iterative_repair/qwen2.5-coder_7b/qwen2.5-coder_7b/basic/C008_quantile_classes_basic_iter01.py,qwen2.5-coder_7b,False
1,basic,C008_quantile_classes,qwen2.5-coder_14b,1,experiments/05_choropleth_reliability_benchmark/outputs/runs_iterative_repair/qwen2.5-coder_7b/basic/qwen2.5-coder_7b_basic_C008_quantile_classes_iter01_20260625_000422,experiments/05_choropleth_reliability_benchmark/outputs/generated_code_iterative_repair/qwen2.5-coder_14b/qwen2.5-coder_7b/basic/C008_quantile_classes_basic_iter01.py,qwen2.5-coder_7b,False
2,basic,C008_quantile_classes,qwen2.5-coder_7b,1,experiments/05_choropleth_reliability_benchmark/outputs/runs_iterative_repair/qwen2.5-coder_7b/basic/qwen2.5-coder_7b_basic_C008_quantile_classes_iter02_20260624_232728,experiments/05_choropleth_reliability_benchmark/outputs/generated_code_iterative_repair/qwen2.5-coder_7b/qwen2.5-coder_7b/basic/C008_quantile_classes_basic_iter02.py,qwen2.5-coder_7b,False
2,basic,C008_quantile_classes,qwen2.5-coder_14b,1,experiments/05_choropleth_reliability_benchmark/outputs/runs_iterative_repair/qwen2.5-coder_7b/basic/qwen2.5-coder_7b_basic_C008_quantile_classes_iter02_20260625_000446,experiments/05_choropleth_reliability_benchmark/outputs/generated_code_iterative_repair/qwen2.5-coder_14b/qwen2.5-coder_7b/basic/C008_quantile_classes_basic_iter02.py,qwen2.5-coder_7b,False
3,basic,C008_quantile_classes,qwen2.5-coder_7b,1,experiments/05_choropleth_reliability_benchmark/outputs/runs_iterative_repair/qwen2.5-coder_7b/basic/qwen2.5-coder_7b_basic_C008_quantile_classes_iter03_20260624_232740,experiments/05_choropleth_reliability_benchmark/outputs/generated_code_iterative_repair/qwen2.5-coder_7b/qwen2.5-coder_7b/basic/C008_quantile_classes_basic_iter03.py,qwen2.5-coder_7b,False
3,basic,C008_quantile_classes,qwen2.5-coder_14b,1,experiments/05_choropleth_reliability_benchmark/outputs/runs_iterative_repair/qwen2.5-coder_7b/basic/qwen2.5-coder_7b_basic_C008_quantile_classes_iter03_20260625_000508,experiments/05_choropleth_reliability_benchmark/outputs/generated_code_iterative_repair/qwen2.5-coder_14b/qwen2.5-coder_7b/basic/C008_quantile_classes_basic_iter03.py,qwen2.5-coder_7b,False
1,basic,C009_colorblind_safe,qwen2.5-coder_32b,1,experiments/05_choropleth_reliability_benchmark/outputs/runs_iterative_repair/qwen2.5-coder_7b/basic/qwen2.5-coder_7b_basic_C009_colorblind_safe_iter01_20260624_045318,experiments/05_choropleth_reliability_benchmark/outputs/generated_code_iterative_repair/qwen2.5-coder_32b/qwen2.5-coder_7b/basic/C009_colorblind_safe_basic_iter01.py,qwen2.5-coder_7b,False
1,basic,C009_colorblind_safe,qwen2.5-coder_7b,1,experiments/05_choropleth_reliability_benchmark/outputs/runs_iterative_repair/qwen2.5-coder_7b/basic/qwen2.5-coder_7b_basic_C009_colorblind_safe_iter01_20260624_231912,experiments/05_choropleth_reliability_benchmark/outputs/generated_code_iterative_repair/qwen2.5-coder_7b/qwen2.5-coder_7b/basic/C009_colorblind_safe_basic_iter01.py,qwen2.5-coder_7b,False
1,basic,C009_colorblind_safe,qwen2.5-coder_14b,1,experiments/05_choropleth_reliability_benchmark/outputs/runs_iterative_repair/qwen2.5-coder_7b/basic/qwen2.5-coder_7b_basic_C009_colorblind_safe_iter01_20260624_235149,experiments/05_choropleth_reliability_benchmark/outputs/generated_code_iterative_repair/qwen2.5-coder_14b/qwen2.5-coder_7b/basic/C009_colorblind_safe_basic_iter01.py,qwen2.5-coder_7b,False
2,basic,C009_colorblind_safe,qwen2.5-coder_32b,0,experiments/05_choropleth_reliability_benchmark/outputs/runs_iterative_repair/qwen2.5-coder_7b/basic/qwen2.5-coder_7b_basic_C009_colorblind_safe_iter02_20260624_045358,experiments/05_choropleth_reliability_benchmark/outputs/generated_code_iterative_repair/qwen2.5-coder_32b/qwen2.5-coder_7b/basic/C009_colorblind_safe_basic_iter02.py,qwen2.5-coder_7b,False
2,basic,C009_colorblind_safe,qwen2.5-coder_7b,0,experiments/05_choropleth_reliability_benchmark/outputs/runs_iterative_repair/qwen2.5-coder_7b/basic/qwen2.5-coder_7b_basic_C009_colorblind_safe_iter02_20260624_231922,experiments/05_choropleth_reliability_benchmark/outputs/generated_code_iterative_repair/qwen2.5-coder_7b/qwen2.5-coder_7b/basic/C009_colorblind_safe_basic_iter02.py,qwen2.5-coder_7b,False
2,basic,C009_colorblind_safe,qwen2.5-coder_14b,0,experiments/05_choropleth_reliability_benchmark/outputs/runs_iterative_repair/qwen2.5-coder_7b/basic/qwen2.5-coder_7b_basic_C009_colorblind_safe_iter02_20260624_235210,experiments/05_choropleth_reliability_benchmark/outputs/generated_code_iterative_repair/qwen2.5-coder_14b/qwen2.5-coder_7b/basic/C009_colorblind_safe_basic_iter02.py,qwen2.5-coder_7b,False
1,basic,C010_interactive_tooltips,qwen2.5-coder_32b,0,experiments/05_choropleth_reliability_benchmark/outputs/runs_iterative_repair/qwen2.5-coder_7b/basic/qwen2.5-coder_7b_basic_C010_interactive_tooltips_iter01_20260624_045448,experiments/05_choropleth_reliability_benchmark/outputs/generated_code_iterative_repair/qwen2.5-coder_32b/qwen2.5-coder_7b/basic/C010_interactive_tooltips_basic_iter01.py,qwen2.5-coder_7b,False
1,basic,C010_interactive_tooltips,qwen2.5-coder_7b,1,experiments/05_choropleth_reliability_benchmark/outputs/runs_iterative_repair/qwen2.5-coder_7b/basic/qwen2.5-coder_7b_basic_C010_interactive_tooltips_iter01_20260624_231937,experiments/05_choropleth_reliability_benchmark/outputs/generated_code_iterative_repair/qwen2.5-coder_7b/qwen2.5-coder_7b/basic/C010_interactive_tooltips_basic_iter01.py,qwen2.5-coder_7b,False
1,basic,C010_interactive_tooltips,qwen2.5-coder_14b,1,experiments/05_choropleth_reliability_benchmark/outputs/runs_iterative_repair/qwen2.5-coder_7b/basic/qwen2.5-coder_7b_basic_C010_interactive_tooltips_iter01_20260624_235237,experiments/05_choropleth_reliability_benchmark/outputs/generated_code_iterative_repair/qwen2.5-coder_14b/qwen2.5-coder_7b/basic/C010_interactive_tooltips_basic_iter01.py,qwen2.5-coder_7b,False
2,basic,C010_interactive_tooltips,qwen2.5-coder_7b,1,experiments/05_choropleth_reliability_benchmark/outputs/runs_iterative_repair/qwen2.5-coder_7b/basic/qwen2.5-coder_7b_basic_C010_interactive_tooltips_iter02_20260624_231955,experiments/05_choropleth_reliability_benchmark/outputs/generated_code_iterative_repair/qwen2.5-coder_7b/qwen2.5-coder_7b/basic/C010_interactive_tooltips_basic_iter02.py,qwen2.5-coder_7b,False
2,basic,C010_interactive_tooltips,qwen2.5-coder_14b,1,experiments/05_choropleth_reliability_benchmark/outputs/runs_iterative_repair/qwen2.5-coder_7b/basic/qwen2.5-coder_7b_basic_C010_interactive_tooltips_iter02_20260624_235302,experiments/05_choropleth_reliability_benchmark/outputs/generated_code_iterative_repair/qwen2.5-coder_14b/qwen2.5-coder_7b/basic/C010_interactive_tooltips_basic_iter02.py,qwen2.5-coder_7b,False
3,basic,C010_interactive_tooltips,qwen2.5-coder_7b,1,experiments/05_choropleth_reliability_benchmark/outputs/runs_iterative_repair/qwen2.5-coder_7b/basic/qwen2.5-coder_7b_basic_C010_interactive_tooltips_iter03_20260624_232012,experiments/05_choropleth_reliability_benchmark/outputs/generated_code_iterative_repair/qwen2.5-coder_7b/qwen2.5-coder_7b/basic/C010_interactive_tooltips_basic_iter03.py,qwen2.5-coder_7b,False
3,basic,C010_interactive_tooltips,qwen2.5-coder_14b,1,experiments/05_choropleth_reliability_benchmark/outputs/runs_iterative_repair/qwen2.5-coder_7b/basic/qwen2.5-coder_7b_basic_C010_interactive_tooltips_iter03_20260624_235328,experiments/05_choropleth_reliability_benchmark/outputs/generated_code_iterative_repair/qwen2.5-coder_14b/qwen2.5-coder_7b/basic/C010_interactive_tooltips_basic_iter03.py,qwen2.5-coder_7b,False
1,basic,C011_static_and_interactive,qwen2.5-coder_32b,1,experiments/05_choropleth_reliability_benchmark/outputs/runs_iterative_repair/qwen2.5-coder_7b/basic/qwen2.5-coder_7b_basic_C011_static_and_interactive_iter01_20260624_052056,experiments/05_choropleth_reliability_benchmark/outputs/generated_code_iterative_repair/qwen2.5-coder_32b/qwen2.5-coder_7b/basic/C011_static_and_interactive_basic_iter01.py,qwen2.5-coder_7b,False
1,basic,C011_static_and_interactive,qwen2.5-coder_7b,1,experiments/05_choropleth_reliability_benchmark/outputs/runs_iterative_repair/qwen2.5-coder_7b/basic/qwen2.5-coder_7b_basic_C011_static_and_interactive_iter01_20260624_233021,experiments/05_choropleth_reliability_benchmark/outputs/generated_code_iterative_repair/qwen2.5-coder_7b/qwen2.5-coder_7b/basic/C011_static_and_interactive_basic_iter01.py,qwen2.5-coder_7b,False
1,basic,C011_static_and_interactive,qwen2.5-coder_14b,1,experiments/05_choropleth_reliability_benchmark/outputs/runs_iterative_repair/qwen2.5-coder_7b/basic/qwen2.5-coder_7b_basic_C011_static_and_interactive_iter01_20260625_001008,experiments/05_choropleth_reliability_benchmark/outputs/generated_code_iterative_repair/qwen2.5-coder_14b/qwen2.5-coder_7b/basic/C011_static_and_interactive_basic_iter01.py,qwen2.5-coder_7b,False
2,basic,C011_static_and_interactive,qwen2.5-coder_32b,1,experiments/05_choropleth_reliability_benchmark/outputs/runs_iterative_repair/qwen2.5-coder_7b/basic/qwen2.5-coder_7b_basic_C011_static_and_interactive_iter02_20260624_052152,experiments/05_choropleth_reliability_benchmark/outputs/generated_code_iterative_repair/qwen2.5-coder_32b/qwen2.5-coder_7b/basic/C011_static_and_interactive_basic_iter02.py,qwen2.5-coder_7b,False
2,basic,C011_static_and_interactive,qwen2.5-coder_7b,1,experiments/05_choropleth_reliability_benchmark/outputs/runs_iterative_repair/qwen2.5-coder_7b/basic/qwen2.5-coder_7b_basic_C011_static_and_interactive_iter02_20260624_233035,experiments/05_choropleth_reliability_benchmark/outputs/generated_code_iterative_repair/qwen2.5-coder_7b/qwen2.5-coder_7b/basic/C011_static_and_interactive_basic_iter02.py,qwen2.5-coder_7b,False
2,basic,C011_static_and_interactive,qwen2.5-coder_14b,1,experiments/05_choropleth_reliability_benchmark/outputs/runs_iterative_repair/qwen2.5-coder_7b/basic/qwen2.5-coder_7b_basic_C011_static_and_interactive_iter02_20260625_001034,experiments/05_choropleth_reliability_benchmark/outputs/generated_code_iterative_repair/qwen2.5-coder_14b/qwen2.5-coder_7b/basic/C011_static_and_interactive_basic_iter02.py,qwen2.5-coder_7b,False
3,basic,C011_static_and_interactive,qwen2.5-coder_32b,1,experiments/05_choropleth_reliability_benchmark/outputs/runs_iterative_repair/qwen2.5-coder_7b/basic/qwen2.5-coder_7b_basic_C011_static_and_interactive_iter03_20260624_063207,experiments/05_choropleth_reliability_benchmark/outputs/generated_code_iterative_repair/qwen2.5-coder_32b/qwen2.5-coder_7b/basic/C011_static_and_interactive_basic_iter03.py,qwen2.5-coder_7b,False
3,basic,C011_static_and_interactive,qwen2.5-coder_7b,1,experiments/05_choropleth_reliability_benchmark/outputs/runs_iterative_repair/qwen2.5-coder_7b/basic/qwen2.5-coder_7b_basic_C011_static_and_interactive_iter03_20260624_233048,experiments/05_choropleth_reliability_benchmark/outputs/generated_code_iterative_repair/qwen2.5-coder_7b/qwen2.5-coder_7b/basic/C011_static_and_interactive_basic_iter03.py,qwen2.5-coder_7b,False
3,basic,C011_static_and_interactive,qwen2.5-coder_14b,1,experiments/05_choropleth_reliability_benchmark/outputs/runs_iterative_repair/qwen2.5-coder_7b/basic/qwen2.5-coder_7b_basic_C011_static_and_interactive_iter03_20260625_001058,experiments/05_choropleth_reliability_benchmark/outputs/generated_code_iterative_repair/qwen2.5-coder_14b/qwen2.5-coder_7b/basic/C011_static_and_interactive_basic_iter03.py,qwen2.5-coder_7b,False
1,basic,C012_time_series_report,qwen2.5-coder_32b,0,experiments/05_choropleth_reliability_benchmark/outputs/runs_iterative_repair/qwen2.5-coder_7b/basic/qwen2.5-coder_7b_basic_C012_time_series_report_iter01_20260624_051512,experiments/05_choropleth_reliability_benchmark/outputs/generated_code_iterative_repair/qwen2.5-coder_32b/qwen2.5-coder_7b/basic/C012_time_series_report_basic_iter01.py,qwen2.5-coder_7b,False
1,basic,C012_time_series_report,qwen2.5-coder_7b,1,experiments/05_choropleth_reliability_benchmark/outputs/runs_iterative_repair/qwen2.5-coder_7b/basic/qwen2.5-coder_7b_basic_C012_time_series_report_iter01_20260624_232752,experiments/05_choropleth_reliability_benchmark/outputs/generated_code_iterative_repair/qwen2.5-coder_7b/qwen2.5-coder_7b/basic/C012_time_series_report_basic_iter01.py,qwen2.5-coder_7b,False
1,basic,C012_time_series_report,qwen2.5-coder_14b,0,experiments/05_choropleth_reliability_benchmark/outputs/runs_iterative_repair/qwen2.5-coder_7b/basic/qwen2.5-coder_7b_basic_C012_time_series_report_iter01_20260625_000530,experiments/05_choropleth_reliability_benchmark/outputs/generated_code_iterative_repair/qwen2.5-coder_14b/qwen2.5-coder_7b/basic/C012_time_series_report_basic_iter01.py,qwen2.5-coder_7b,False
1,basic,C012_time_series_report,deepseek-coder_6.7b,1,experiments/05_choropleth_reliability_benchmark/outputs/runs_iterative_repair/qwen2.5-coder_7b/basic/qwen2.5-coder_7b_basic_C012_time_series_report_iter01_20260625_002522,experiments/05_choropleth_reliability_benchmark/outputs/generated_code_iterative_repair/deepseek-coder_6.7b/qwen2.5-coder_7b/basic/C012_time_series_report_basic_iter01.py,qwen2.5-coder_7b,False
2,basic,C012_time_series_report,qwen2.5-coder_7b,1,experiments/05_choropleth_reliability_benchmark/outputs/runs_iterative_repair/qwen2.5-coder_7b/basic/qwen2.5-coder_7b_basic_C012_time_series_report_iter02_20260624_232805,experiments/05_choropleth_reliability_benchmark/outputs/generated_code_iterative_repair/qwen2.5-coder_7b/qwen2.5-coder_7b/basic/C012_time_series_report_basic_iter02.py,qwen2.5-coder_7b,False
2,basic,C012_time_series_report,deepseek-coder_6.7b,0,experiments/05_choropleth_reliability_benchmark/outputs/runs_iterative_repair/qwen2.5-coder_7b/basic/qwen2.5-coder_7b_basic_C012_time_series_report_iter02_20260625_002540,experiments/05_choropleth_reliability_benchmark/outputs/generated_code_iterative_repair/deepseek-coder_6.7b/qwen2.5-coder_7b/basic/C012_time_series_report_basic_iter02.py,qwen2.5-coder_7b,False
3,basic,C012_time_series_report,qwen2.5-coder_7b,1,experiments/05_choropleth_reliability_benchmark/outputs/runs_iterative_repair/qwen2.5-coder_7b/basic/qwen2.5-coder_7b_basic_C012_time_series_report_iter03_20260624_232818,experiments/05_choropleth_reliability_benchmark/outputs/generated_code_iterative_repair/qwen2.5-coder_7b/qwen2.5-coder_7b/basic/C012_time_series_report_basic_iter03.py,qwen2.5-coder_7b,False
1,rules,C001_static_burned_area,qwen2.5-coder_32b,0,experiments/05_choropleth_reliability_benchmark/outputs/runs_iterative_repair/qwen2.5-coder_7b/rules/qwen2.5-coder_7b_rules_C001_static_burned_area_iter01_20260624_045604,experiments/05_choropleth_reliability_benchmark/outputs/generated_code_iterative_repair/qwen2.5-coder_32b/qwen2.5-coder_7b/rules/C001_static_burned_area_rules_iter01.py,qwen2.5-coder_7b,False
1,rules,C001_static_burned_area,qwen2.5-coder_7b,1,experiments/05_choropleth_reliability_benchmark/outputs/runs_iterative_repair/qwen2.5-coder_7b/rules/qwen2.5-coder_7b_rules_C001_static_burned_area_iter01_20260624_232030,experiments/05_choropleth_reliability_benchmark/outputs/generated_code_iterative_repair/qwen2.5-coder_7b/qwen2.5-coder_7b/rules/C001_static_burned_area_rules_iter01.py,qwen2.5-coder_7b,False
1,rules,C001_static_burned_area,qwen2.5-coder_14b,1,experiments/05_choropleth_reliability_benchmark/outputs/runs_iterative_repair/qwen2.5-coder_7b/rules/qwen2.5-coder_7b_rules_C001_static_burned_area_iter01_20260624_235356,experiments/05_choropleth_reliability_benchmark/outputs/generated_code_iterative_repair/qwen2.5-coder_14b/qwen2.5-coder_7b/rules/C001_static_burned_area_rules_iter01.py,qwen2.5-coder_7b,False
2,rules,C001_static_burned_area,qwen2.5-coder_7b,1,experiments/05_choropleth_reliability_benchmark/outputs/runs_iterative_repair/qwen2.5-coder_7b/rules/qwen2.5-coder_7b_rules_C001_static_burned_area_iter02_20260624_232045,experiments/05_choropleth_reliability_benchmark/outputs/generated_code_iterative_repair/qwen2.5-coder_7b/qwen2.5-coder_7b/rules/C001_static_burned_area_rules_iter02.py,qwen2.5-coder_7b,False
2,rules,C001_static_burned_area,qwen2.5-coder_14b,1,experiments/05_choropleth_reliability_benchmark/outputs/runs_iterative_repair/qwen2.5-coder_7b/rules/qwen2.5-coder_7b_rules_C001_static_burned_area_iter02_20260624_235424,experiments/05_choropleth_reliability_benchmark/outputs/generated_code_iterative_repair/qwen2.5-coder_14b/qwen2.5-coder_7b/rules/C001_static_burned_area_rules_iter02.py,qwen2.5-coder_7b,False
3,rules,C001_static_burned_area,qwen2.5-coder_7b,1,experiments/05_choropleth_reliability_benchmark/outputs/runs_iterative_repair/qwen2.5-coder_7b/rules/qwen2.5-coder_7b_rules_C001_static_burned_area_iter03_20260624_232101,experiments/05_choropleth_reliability_benchmark/outputs/generated_code_iterative_repair/qwen2.5-coder_7b/qwen2.5-coder_7b/rules/C001_static_burned_area_rules_iter03.py,qwen2.5-coder_7b,False
3,rules,C001_static_burned_area,qwen2.5-coder_14b,1,experiments/05_choropleth_reliability_benchmark/outputs/runs_iterative_repair/qwen2.5-coder_7b/rules/qwen2.5-coder_7b_rules_C001_static_burned_area_iter03_20260624_235450,experiments/05_choropleth_reliability_benchmark/outputs/generated_code_iterative_repair/qwen2.5-coder_14b/qwen2.5-coder_7b/rules/C001_static_burned_area_rules_iter03.py,qwen2.5-coder_7b,False
1,rules,C002_static_number_fires,qwen2.5-coder_32b,1,experiments/05_choropleth_reliability_benchmark/outputs/runs_iterative_repair/qwen2.5-coder_7b/rules/qwen2.5-coder_7b_rules_C002_static_number_fires_iter01_20260624_045707,experiments/05_choropleth_reliability_benchmark/outputs/generated_code_iterative_repair/qwen2.5-coder_32b/qwen2.5-coder_7b/rules/C002_static_number_fires_rules_iter01.py,qwen2.5-coder_7b,False
1,rules,C002_static_number_fires,qwen2.5-coder_7b,1,experiments/05_choropleth_reliability_benchmark/outputs/runs_iterative_repair/qwen2.5-coder_7b/rules/qwen2.5-coder_7b_rules_C002_static_number_fires_iter01_20260624_232116,experiments/05_choropleth_reliability_benchmark/outputs/generated_code_iterative_repair/qwen2.5-coder_7b/qwen2.5-coder_7b/rules/C002_static_number_fires_rules_iter01.py,qwen2.5-coder_7b,False
1,rules,C002_static_number_fires,qwen2.5-coder_14b,1,experiments/05_choropleth_reliability_benchmark/outputs/runs_iterative_repair/qwen2.5-coder_7b/rules/qwen2.5-coder_7b_rules_C002_static_number_fires_iter01_20260624_235514,experiments/05_choropleth_reliability_benchmark/outputs/generated_code_iterative_repair/qwen2.5-coder_14b/qwen2.5-coder_7b/rules/C002_static_number_fires_rules_iter01.py,qwen2.5-coder_7b,False
2,rules,C002_static_number_fires,qwen2.5-coder_32b,1,experiments/05_choropleth_reliability_benchmark/outputs/runs_iterative_repair/qwen2.5-coder_7b/rules/qwen2.5-coder_7b_rules_C002_static_number_fires_iter02_20260624_045809,experiments/05_choropleth_reliability_benchmark/outputs/generated_code_iterative_repair/qwen2.5-coder_32b/qwen2.5-coder_7b/rules/C002_static_number_fires_rules_iter02.py,qwen2.5-coder_7b,False
2,rules,C002_static_number_fires,qwen2.5-coder_7b,1,experiments/05_choropleth_reliability_benchmark/outputs/runs_iterative_repair/qwen2.5-coder_7b/rules/qwen2.5-coder_7b_rules_C002_static_number_fires_iter02_20260624_232132,experiments/05_choropleth_reliability_benchmark/outputs/generated_code_iterative_repair/qwen2.5-coder_7b/qwen2.5-coder_7b/rules/C002_static_number_fires_rules_iter02.py,qwen2.5-coder_7b,False
2,rules,C002_static_number_fires,qwen2.5-coder_14b,1,experiments/05_choropleth_reliability_benchmark/outputs/runs_iterative_repair/qwen2.5-coder_7b/rules/qwen2.5-coder_7b_rules_C002_static_number_fires_iter02_20260624_235540,experiments/05_choropleth_reliability_benchmark/outputs/generated_code_iterative_repair/qwen2.5-coder_14b/qwen2.5-coder_7b/rules/C002_static_number_fires_rules_iter02.py,qwen2.5-coder_7b,False
3,rules,C002_static_number_fires,qwen2.5-coder_32b,1,experiments/05_choropleth_reliability_benchmark/outputs/runs_iterative_repair/qwen2.5-coder_7b/rules/qwen2.5-coder_7b_rules_C002_static_number_fires_iter03_20260624_062457,experiments/05_choropleth_reliability_benchmark/outputs/generated_code_iterative_repair/qwen2.5-coder_32b/qwen2.5-coder_7b/rules/C002_static_number_fires_rules_iter03.py,qwen2.5-coder_7b,False
3,rules,C002_static_number_fires,qwen2.5-coder_7b,1,experiments/05_choropleth_reliability_benchmark/outputs/runs_iterative_repair/qwen2.5-coder_7b/rules/qwen2.5-coder_7b_rules_C002_static_number_fires_iter03_20260624_232148,experiments/05_choropleth_reliability_benchmark/outputs/generated_code_iterative_repair/qwen2.5-coder_7b/qwen2.5-coder_7b/rules/C002_static_number_fires_rules_iter03.py,qwen2.5-coder_7b,False
3,rules,C002_static_number_fires,qwen2.5-coder_14b,1,experiments/05_choropleth_reliability_benchmark/outputs/runs_iterative_repair/qwen2.5-coder_7b/rules/qwen2.5-coder_7b_rules_C002_static_number_fires_iter03_20260624_235605,experiments/05_choropleth_reliability_benchmark/outputs/generated_code_iterative_repair/qwen2.5-coder_14b/qwen2.5-coder_7b/rules/C002_static_number_fires_rules_iter03.py,qwen2.5-coder_7b,False
1,rules,C004_missing_crs_repair,qwen2.5-coder_32b,1,experiments/05_choropleth_reliability_benchmark/outputs/runs_iterative_repair/qwen2.5-coder_7b/rules/qwen2.5-coder_7b_rules_C004_missing_crs_repair_iter01_20260624_042632,experiments/05_choropleth_reliability_benchmark/outputs/generated_code_iterative_repair/qwen2.5-coder_32b/qwen2.5-coder_7b/rules/C004_missing_crs_repair_rules_iter01.py,qwen2.5-coder_7b,False
1,rules,C004_missing_crs_repair,qwen2.5-coder_7b,1,experiments/05_choropleth_reliability_benchmark/outputs/runs_iterative_repair/qwen2.5-coder_7b/rules/qwen2.5-coder_7b_rules_C004_missing_crs_repair_iter01_20260624_231006,experiments/05_choropleth_reliability_benchmark/outputs/generated_code_iterative_repair/qwen2.5-coder_7b/qwen2.5-coder_7b/rules/C004_missing_crs_repair_rules_iter01.py,qwen2.5-coder_7b,False
1,rules,C004_missing_crs_repair,qwen2.5-coder_14b,1,experiments/05_choropleth_reliability_benchmark/outputs/runs_iterative_repair/qwen2.5-coder_7b/rules/qwen2.5-coder_7b_rules_C004_missing_crs_repair_iter01_20260624_233533,experiments/05_choropleth_reliability_benchmark/outputs/generated_code_iterative_repair/qwen2.5-coder_14b/qwen2.5-coder_7b/rules/C004_missing_crs_repair_rules_iter01.py,qwen2.5-coder_7b,False
2,rules,C004_missing_crs_repair,qwen2.5-coder_32b,1,experiments/05_choropleth_reliability_benchmark/outputs/runs_iterative_repair/qwen2.5-coder_7b/rules/qwen2.5-coder_7b_rules_C004_missing_crs_repair_iter02_20260624_042715,experiments/05_choropleth_reliability_benchmark/outputs/generated_code_iterative_repair/qwen2.5-coder_32b/qwen2.5-coder_7b/rules/C004_missing_crs_repair_rules_iter02.py,qwen2.5-coder_7b,False
2,rules,C004_missing_crs_repair,qwen2.5-coder_7b,1,experiments/05_choropleth_reliability_benchmark/outputs/runs_iterative_repair/qwen2.5-coder_7b/rules/qwen2.5-coder_7b_rules_C004_missing_crs_repair_iter02_20260624_231014,experiments/05_choropleth_reliability_benchmark/outputs/generated_code_iterative_repair/qwen2.5-coder_7b/qwen2.5-coder_7b/rules/C004_missing_crs_repair_rules_iter02.py,qwen2.5-coder_7b,False
2,rules,C004_missing_crs_repair,qwen2.5-coder_14b,1,experiments/05_choropleth_reliability_benchmark/outputs/runs_iterative_repair/qwen2.5-coder_7b/rules/qwen2.5-coder_7b_rules_C004_missing_crs_repair_iter02_20260624_233556,experiments/05_choropleth_reliability_benchmark/outputs/generated_code_iterative_repair/qwen2.5-coder_14b/qwen2.5-coder_7b/rules/C004_missing_crs_repair_rules_iter02.py,qwen2.5-coder_7b,False
3,rules,C004_missing_crs_repair,qwen2.5-coder_32b,0,experiments/05_choropleth_reliability_benchmark/outputs/runs_iterative_repair/qwen2.5-coder_7b/rules/qwen2.5-coder_7b_rules_C004_missing_crs_repair_iter03_20260624_061856,experiments/05_choropleth_reliability_benchmark/outputs/generated_code_iterative_repair/qwen2.5-coder_32b/qwen2.5-coder_7b/rules/C004_missing_crs_repair_rules_iter03.py,qwen2.5-coder_7b,False
3,rules,C004_missing_crs_repair,qwen2.5-coder_7b,1,experiments/05_choropleth_reliability_benchmark/outputs/runs_iterative_repair/qwen2.5-coder_7b/rules/qwen2.5-coder_7b_rules_C004_missing_crs_repair_iter03_20260624_231023,experiments/05_choropleth_reliability_benchmark/outputs/generated_code_iterative_repair/qwen2.5-coder_7b/qwen2.5-coder_7b/rules/C004_missing_crs_repair_rules_iter03.py,qwen2.5-coder_7b,False
3,rules,C004_missing_crs_repair,qwen2.5-coder_14b,1,experiments/05_choropleth_reliability_benchmark/outputs/runs_iterative_repair/qwen2.5-coder_7b/rules/qwen2.5-coder_7b_rules_C004_missing_crs_repair_iter03_20260624_233618,experiments/05_choropleth_reliability_benchmark/outputs/generated_code_iterative_repair/qwen2.5-coder_14b/qwen2.5-coder_7b/rules/C004_missing_crs_repair_rules_iter03.py,qwen2.5-coder_7b,False
1,rules,C005_geometry_repair,qwen2.5-coder_32b,1,experiments/05_choropleth_reliability_benchmark/outputs/runs_iterative_repair/qwen2.5-coder_7b/rules/qwen2.5-coder_7b_rules_C005_geometry_repair_iter01_20260624_042802,experiments/05_choropleth_reliability_benchmark/outputs/generated_code_iterative_repair/qwen2.5-coder_32b/qwen2.5-coder_7b/rules/C005_geometry_repair_rules_iter01.py,qwen2.5-coder_7b,False
1,rules,C005_geometry_repair,qwen2.5-coder_7b,1,experiments/05_choropleth_reliability_benchmark/outputs/runs_iterative_repair/qwen2.5-coder_7b/rules/qwen2.5-coder_7b_rules_C005_geometry_repair_iter01_20260624_231034,experiments/05_choropleth_reliability_benchmark/outputs/generated_code_iterative_repair/qwen2.5-coder_7b/qwen2.5-coder_7b/rules/C005_geometry_repair_rules_iter01.py,qwen2.5-coder_7b,False
1,rules,C005_geometry_repair,qwen2.5-coder_14b,1,experiments/05_choropleth_reliability_benchmark/outputs/runs_iterative_repair/qwen2.5-coder_7b/rules/qwen2.5-coder_7b_rules_C005_geometry_repair_iter01_20260624_233643,experiments/05_choropleth_reliability_benchmark/outputs/generated_code_iterative_repair/qwen2.5-coder_14b/qwen2.5-coder_7b/rules/C005_geometry_repair_rules_iter01.py,qwen2.5-coder_7b,False
2,rules,C005_geometry_repair,qwen2.5-coder_32b,0,experiments/05_choropleth_reliability_benchmark/outputs/runs_iterative_repair/qwen2.5-coder_7b/rules/qwen2.5-coder_7b_rules_C005_geometry_repair_iter02_20260624_042845,experiments/05_choropleth_reliability_benchmark/outputs/generated_code_iterative_repair/qwen2.5-coder_32b/qwen2.5-coder_7b/rules/C005_geometry_repair_rules_iter02.py,qwen2.5-coder_7b,False
2,rules,C005_geometry_repair,qwen2.5-coder_7b,1,experiments/05_choropleth_reliability_benchmark/outputs/runs_iterative_repair/qwen2.5-coder_7b/rules/qwen2.5-coder_7b_rules_C005_geometry_repair_iter02_20260624_231045,experiments/05_choropleth_reliability_benchmark/outputs/generated_code_iterative_repair/qwen2.5-coder_7b/qwen2.5-coder_7b/rules/C005_geometry_repair_rules_iter02.py,qwen2.5-coder_7b,False
2,rules,C005_geometry_repair,qwen2.5-coder_14b,1,experiments/05_choropleth_reliability_benchmark/outputs/runs_iterative_repair/qwen2.5-coder_7b/rules/qwen2.5-coder_7b_rules_C005_geometry_repair_iter02_20260624_233709,experiments/05_choropleth_reliability_benchmark/outputs/generated_code_iterative_repair/qwen2.5-coder_14b/qwen2.5-coder_7b/rules/C005_geometry_repair_rules_iter02.py,qwen2.5-coder_7b,False
3,rules,C005_geometry_repair,qwen2.5-coder_7b,1,experiments/05_choropleth_reliability_benchmark/outputs/runs_iterative_repair/qwen2.5-coder_7b/rules/qwen2.5-coder_7b_rules_C005_geometry_repair_iter03_20260624_231056,experiments/05_choropleth_reliability_benchmark/outputs/generated_code_iterative_repair/qwen2.5-coder_7b/qwen2.5-coder_7b/rules/C005_geometry_repair_rules_iter03.py,qwen2.5-coder_7b,False
3,rules,C005_geometry_repair,qwen2.5-coder_14b,1,experiments/05_choropleth_reliability_benchmark/outputs/runs_iterative_repair/qwen2.5-coder_7b/rules/qwen2.5-coder_7b_rules_C005_geometry_repair_iter03_20260624_233734,experiments/05_choropleth_reliability_benchmark/outputs/generated_code_iterative_repair/qwen2.5-coder_14b/qwen2.5-coder_7b/rules/C005_geometry_repair_rules_iter03.py,qwen2.5-coder_7b,False
1,rules,C006_join_diagnostics,qwen2.5-coder_32b,1,experiments/05_choropleth_reliability_benchmark/outputs/runs_iterative_repair/qwen2.5-coder_7b/rules/qwen2.5-coder_7b_rules_C006_join_diagnostics_iter01_20260624_045912,experiments/05_choropleth_reliability_benchmark/outputs/generated_code_iterative_repair/qwen2.5-coder_32b/qwen2.5-coder_7b/rules/C006_join_diagnostics_rules_iter01.py,qwen2.5-coder_7b,False
1,rules,C006_join_diagnostics,qwen2.5-coder_7b,1,experiments/05_choropleth_reliability_benchmark/outputs/runs_iterative_repair/qwen2.5-coder_7b/rules/qwen2.5-coder_7b_rules_C006_join_diagnostics_iter01_20260624_232207,experiments/05_choropleth_reliability_benchmark/outputs/generated_code_iterative_repair/qwen2.5-coder_7b/qwen2.5-coder_7b/rules/C006_join_diagnostics_rules_iter01.py,qwen2.5-coder_7b,False
1,rules,C006_join_diagnostics,qwen2.5-coder_14b,1,experiments/05_choropleth_reliability_benchmark/outputs/runs_iterative_repair/qwen2.5-coder_7b/rules/qwen2.5-coder_7b_rules_C006_join_diagnostics_iter01_20260624_235636,experiments/05_choropleth_reliability_benchmark/outputs/generated_code_iterative_repair/qwen2.5-coder_14b/qwen2.5-coder_7b/rules/C006_join_diagnostics_rules_iter01.py,qwen2.5-coder_7b,False
1,rules,C006_join_diagnostics,deepseek-coder_6.7b,0,experiments/05_choropleth_reliability_benchmark/outputs/runs_iterative_repair/qwen2.5-coder_7b/rules/qwen2.5-coder_7b_rules_C006_join_diagnostics_iter01_20260625_002215,experiments/05_choropleth_reliability_benchmark/outputs/generated_code_iterative_repair/deepseek-coder_6.7b/qwen2.5-coder_7b/rules/C006_join_diagnostics_rules_iter01.py,qwen2.5-coder_7b,False
2,rules,C006_join_diagnostics,qwen2.5-coder_32b,1,experiments/05_choropleth_reliability_benchmark/outputs/runs_iterative_repair/qwen2.5-coder_7b/rules/qwen2.5-coder_7b_rules_C006_join_diagnostics_iter02_20260624_050016,experiments/05_choropleth_reliability_benchmark/outputs/generated_code_iterative_repair/qwen2.5-coder_32b/qwen2.5-coder_7b/rules/C006_join_diagnostics_rules_iter02.py,qwen2.5-coder_7b,False
2,rules,C006_join_diagnostics,qwen2.5-coder_7b,1,experiments/05_choropleth_reliability_benchmark/outputs/runs_iterative_repair/qwen2.5-coder_7b/rules/qwen2.5-coder_7b_rules_C006_join_diagnostics_iter02_20260624_232226,experiments/05_choropleth_reliability_benchmark/outputs/generated_code_iterative_repair/qwen2.5-coder_7b/qwen2.5-coder_7b/rules/C006_join_diagnostics_rules_iter02.py,qwen2.5-coder_7b,False
2,rules,C006_join_diagnostics,qwen2.5-coder_14b,1,experiments/05_choropleth_reliability_benchmark/outputs/runs_iterative_repair/qwen2.5-coder_7b/rules/qwen2.5-coder_7b_rules_C006_join_diagnostics_iter02_20260624_235707,experiments/05_choropleth_reliability_benchmark/outputs/generated_code_iterative_repair/qwen2.5-coder_14b/qwen2.5-coder_7b/rules/C006_join_diagnostics_rules_iter02.py,qwen2.5-coder_7b,False
2,rules,C006_join_diagnostics,deepseek-coder_6.7b,1,experiments/05_choropleth_reliability_benchmark/outputs/runs_iterative_repair/qwen2.5-coder_7b/rules/qwen2.5-coder_7b_rules_C006_join_diagnostics_iter02_20260625_002237,experiments/05_choropleth_reliability_benchmark/outputs/generated_code_iterative_repair/deepseek-coder_6.7b/qwen2.5-coder_7b/rules/C006_join_diagnostics_rules_iter02.py,qwen2.5-coder_7b,False
3,rules,C006_join_diagnostics,qwen2.5-coder_32b,1,experiments/05_choropleth_reliability_benchmark/outputs/runs_iterative_repair/qwen2.5-coder_7b/rules/qwen2.5-coder_7b_rules_C006_join_diagnostics_iter03_20260624_062615,experiments/05_choropleth_reliability_benchmark/outputs/generated_code_iterative_repair/qwen2.5-coder_32b/qwen2.5-coder_7b/rules/C006_join_diagnostics_rules_iter03.py,qwen2.5-coder_7b,False
3,rules,C006_join_diagnostics,qwen2.5-coder_7b,1,experiments/05_choropleth_reliability_benchmark/outputs/runs_iterative_repair/qwen2.5-coder_7b/rules/qwen2.5-coder_7b_rules_C006_join_diagnostics_iter03_20260624_232242,experiments/05_choropleth_reliability_benchmark/outputs/generated_code_iterative_repair/qwen2.5-coder_7b/qwen2.5-coder_7b/rules/C006_join_diagnostics_rules_iter03.py,qwen2.5-coder_7b,False
3,rules,C006_join_diagnostics,qwen2.5-coder_14b,1,experiments/05_choropleth_reliability_benchmark/outputs/runs_iterative_repair/qwen2.5-coder_7b/rules/qwen2.5-coder_7b_rules_C006_join_diagnostics_iter03_20260624_235738,experiments/05_choropleth_reliability_benchmark/outputs/generated_code_iterative_repair/qwen2.5-coder_14b/qwen2.5-coder_7b/rules/C006_join_diagnostics_rules_iter03.py,qwen2.5-coder_7b,False
1,rules,C007_wrong_column_guard,qwen2.5-coder_32b,1,experiments/05_choropleth_reliability_benchmark/outputs/runs_iterative_repair/qwen2.5-coder_7b/rules/qwen2.5-coder_7b_rules_C007_wrong_column_guard_iter01_20260624_041501,experiments/05_choropleth_reliability_benchmark/outputs/generated_code_iterative_repair/qwen2.5-coder_32b/qwen2.5-coder_7b/rules/C007_wrong_column_guard_rules_iter01.py,qwen2.5-coder_7b,False
1,rules,C007_wrong_column_guard,qwen2.5-coder_14b,1,experiments/05_choropleth_reliability_benchmark/outputs/runs_iterative_repair/qwen2.5-coder_7b/rules/qwen2.5-coder_7b_rules_C007_wrong_column_guard_iter01_20260624_071128,experiments/05_choropleth_reliability_benchmark/outputs/generated_code_iterative_repair/qwen2.5-coder_14b/qwen2.5-coder_7b/rules/C007_wrong_column_guard_rules_iter01.py,qwen2.5-coder_7b,False
1,rules,C007_wrong_column_guard,qwen2.5-coder_7b,1,experiments/05_choropleth_reliability_benchmark/outputs/runs_iterative_repair/qwen2.5-coder_7b/rules/qwen2.5-coder_7b_rules_C007_wrong_column_guard_iter01_20260624_072358,experiments/05_choropleth_reliability_benchmark/outputs/generated_code_iterative_repair/qwen2.5-coder_7b/qwen2.5-coder_7b/rules/C007_wrong_column_guard_rules_iter01.py,qwen2.5-coder_7b,False
1,rules,C007_wrong_column_guard,deepseek-coder_6.7b,1,experiments/05_choropleth_reliability_benchmark/outputs/runs_iterative_repair/qwen2.5-coder_7b/rules/qwen2.5-coder_7b_rules_C007_wrong_column_guard_iter01_20260624_073002,experiments/05_choropleth_reliability_benchmark/outputs/generated_code_iterative_repair/deepseek-coder_6.7b/qwen2.5-coder_7b/rules/C007_wrong_column_guard_rules_iter01.py,qwen2.5-coder_7b,False
2,rules,C007_wrong_column_guard,qwen2.5-coder_32b,1,experiments/05_choropleth_reliability_benchmark/outputs/runs_iterative_repair/qwen2.5-coder_7b/rules/qwen2.5-coder_7b_rules_C007_wrong_column_guard_iter02_20260624_041640,experiments/05_choropleth_reliability_benchmark/outputs/generated_code_iterative_repair/qwen2.5-coder_32b/qwen2.5-coder_7b/rules/C007_wrong_column_guard_rules_iter02.py,qwen2.5-coder_7b,False
2,rules,C007_wrong_column_guard,qwen2.5-coder_14b,1,experiments/05_choropleth_reliability_benchmark/outputs/runs_iterative_repair/qwen2.5-coder_7b/rules/qwen2.5-coder_7b_rules_C007_wrong_column_guard_iter02_20260624_071207,experiments/05_choropleth_reliability_benchmark/outputs/generated_code_iterative_repair/qwen2.5-coder_14b/qwen2.5-coder_7b/rules/C007_wrong_column_guard_rules_iter02.py,qwen2.5-coder_7b,False
2,rules,C007_wrong_column_guard,qwen2.5-coder_7b,1,experiments/05_choropleth_reliability_benchmark/outputs/runs_iterative_repair/qwen2.5-coder_7b/rules/qwen2.5-coder_7b_rules_C007_wrong_column_guard_iter02_20260624_072415,experiments/05_choropleth_reliability_benchmark/outputs/generated_code_iterative_repair/qwen2.5-coder_7b/qwen2.5-coder_7b/rules/C007_wrong_column_guard_rules_iter02.py,qwen2.5-coder_7b,False
2,rules,C007_wrong_column_guard,deepseek-coder_6.7b,1,experiments/05_choropleth_reliability_benchmark/outputs/runs_iterative_repair/qwen2.5-coder_7b/rules/qwen2.5-coder_7b_rules_C007_wrong_column_guard_iter02_20260624_073014,experiments/05_choropleth_reliability_benchmark/outputs/generated_code_iterative_repair/deepseek-coder_6.7b/qwen2.5-coder_7b/rules/C007_wrong_column_guard_rules_iter02.py,qwen2.5-coder_7b,False
3,rules,C007_wrong_column_guard,qwen2.5-coder_32b,1,experiments/05_choropleth_reliability_benchmark/outputs/runs_iterative_repair/qwen2.5-coder_7b/rules/qwen2.5-coder_7b_rules_C007_wrong_column_guard_iter03_20260624_061742,experiments/05_choropleth_reliability_benchmark/outputs/generated_code_iterative_repair/qwen2.5-coder_32b/qwen2.5-coder_7b/rules/C007_wrong_column_guard_rules_iter03.py,qwen2.5-coder_7b,False
3,rules,C007_wrong_column_guard,qwen2.5-coder_7b,1,experiments/05_choropleth_reliability_benchmark/outputs/runs_iterative_repair/qwen2.5-coder_7b/rules/qwen2.5-coder_7b_rules_C007_wrong_column_guard_iter03_20260624_230926,experiments/05_choropleth_reliability_benchmark/outputs/generated_code_iterative_repair/qwen2.5-coder_7b/qwen2.5-coder_7b/rules/C007_wrong_column_guard_rules_iter03.py,qwen2.5-coder_7b,False
3,rules,C007_wrong_column_guard,qwen2.5-coder_14b,1,experiments/05_choropleth_reliability_benchmark/outputs/runs_iterative_repair/qwen2.5-coder_7b/rules/qwen2.5-coder_7b_rules_C007_wrong_column_guard_iter03_20260624_233308,experiments/05_choropleth_reliability_benchmark/outputs/generated_code_iterative_repair/qwen2.5-coder_14b/qwen2.5-coder_7b/rules/C007_wrong_column_guard_rules_iter03.py,qwen2.5-coder_7b,False
1,rules,C008_quantile_classes,qwen2.5-coder_32b,0,experiments/05_choropleth_reliability_benchmark/outputs/runs_iterative_repair/qwen2.5-coder_7b/rules/qwen2.5-coder_7b_rules_C008_quantile_classes_iter01_20260624_051605,experiments/05_choropleth_reliability_benchmark/outputs/generated_code_iterative_repair/qwen2.5-coder_32b/qwen2.5-coder_7b/rules/C008_quantile_classes_rules_iter01.py,qwen2.5-coder_7b,False
1,rules,C008_quantile_classes,qwen2.5-coder_7b,1,experiments/05_choropleth_reliability_benchmark/outputs/runs_iterative_repair/qwen2.5-coder_7b/rules/qwen2.5-coder_7b_rules_C008_quantile_classes_iter01_20260624_232830,experiments/05_choropleth_reliability_benchmark/outputs/generated_code_iterative_repair/qwen2.5-coder_7b/qwen2.5-coder_7b/rules/C008_quantile_classes_rules_iter01.py,qwen2.5-coder_7b,False
1,rules,C008_quantile_classes,qwen2.5-coder_14b,1,experiments/05_choropleth_reliability_benchmark/outputs/runs_iterative_repair/qwen2.5-coder_7b/rules/qwen2.5-coder_7b_rules_C008_quantile_classes_iter01_20260625_000554,experiments/05_choropleth_reliability_benchmark/outputs/generated_code_iterative_repair/qwen2.5-coder_14b/qwen2.5-coder_7b/rules/C008_quantile_classes_rules_iter01.py,qwen2.5-coder_7b,False
2,rules,C008_quantile_classes,qwen2.5-coder_7b,1,experiments/05_choropleth_reliability_benchmark/outputs/runs_iterative_repair/qwen2.5-coder_7b/rules/qwen2.5-coder_7b_rules_C008_quantile_classes_iter02_20260624_232841,experiments/05_choropleth_reliability_benchmark/outputs/generated_code_iterative_repair/qwen2.5-coder_7b/qwen2.5-coder_7b/rules/C008_quantile_classes_rules_iter02.py,qwen2.5-coder_7b,False
2,rules,C008_quantile_classes,qwen2.5-coder_14b,1,experiments/05_choropleth_reliability_benchmark/outputs/runs_iterative_repair/qwen2.5-coder_7b/rules/qwen2.5-coder_7b_rules_C008_quantile_classes_iter02_20260625_000620,experiments/05_choropleth_reliability_benchmark/outputs/generated_code_iterative_repair/qwen2.5-coder_14b/qwen2.5-coder_7b/rules/C008_quantile_classes_rules_iter02.py,qwen2.5-coder_7b,False
3,rules,C008_quantile_classes,qwen2.5-coder_7b,1,experiments/05_choropleth_reliability_benchmark/outputs/runs_iterative_repair/qwen2.5-coder_7b/rules/qwen2.5-coder_7b_rules_C008_quantile_classes_iter03_20260624_232853,experiments/05_choropleth_reliability_benchmark/outputs/generated_code_iterative_repair/qwen2.5-coder_7b/qwen2.5-coder_7b/rules/C008_quantile_classes_rules_iter03.py,qwen2.5-coder_7b,False
3,rules,C008_quantile_classes,qwen2.5-coder_14b,1,experiments/05_choropleth_reliability_benchmark/outputs/runs_iterative_repair/qwen2.5-coder_7b/rules/qwen2.5-coder_7b_rules_C008_quantile_classes_iter03_20260625_000645,experiments/05_choropleth_reliability_benchmark/outputs/generated_code_iterative_repair/qwen2.5-coder_14b/qwen2.5-coder_7b/rules/C008_quantile_classes_rules_iter03.py,qwen2.5-coder_7b,False
1,rules,C009_colorblind_safe,qwen2.5-coder_32b,1,experiments/05_choropleth_reliability_benchmark/outputs/runs_iterative_repair/qwen2.5-coder_7b/rules/qwen2.5-coder_7b_rules_C009_colorblind_safe_iter01_20260624_050109,experiments/05_choropleth_reliability_benchmark/outputs/generated_code_iterative_repair/qwen2.5-coder_32b/qwen2.5-coder_7b/rules/C009_colorblind_safe_rules_iter01.py,qwen2.5-coder_7b,False
1,rules,C009_colorblind_safe,qwen2.5-coder_7b,1,experiments/05_choropleth_reliability_benchmark/outputs/runs_iterative_repair/qwen2.5-coder_7b/rules/qwen2.5-coder_7b_rules_C009_colorblind_safe_iter01_20260624_232256,experiments/05_choropleth_reliability_benchmark/outputs/generated_code_iterative_repair/qwen2.5-coder_7b/qwen2.5-coder_7b/rules/C009_colorblind_safe_rules_iter01.py,qwen2.5-coder_7b,False
1,rules,C009_colorblind_safe,qwen2.5-coder_14b,1,experiments/05_choropleth_reliability_benchmark/outputs/runs_iterative_repair/qwen2.5-coder_7b/rules/qwen2.5-coder_7b_rules_C009_colorblind_safe_iter01_20260624_235801,experiments/05_choropleth_reliability_benchmark/outputs/generated_code_iterative_repair/qwen2.5-coder_14b/qwen2.5-coder_7b/rules/C009_colorblind_safe_rules_iter01.py,qwen2.5-coder_7b,False
2,rules,C009_colorblind_safe,qwen2.5-coder_32b,0,experiments/05_choropleth_reliability_benchmark/outputs/runs_iterative_repair/qwen2.5-coder_7b/rules/qwen2.5-coder_7b_rules_C009_colorblind_safe_iter02_20260624_050210,experiments/05_choropleth_reliability_benchmark/outputs/generated_code_iterative_repair/qwen2.5-coder_32b/qwen2.5-coder_7b/rules/C009_colorblind_safe_rules_iter02.py,qwen2.5-coder_7b,False
2,rules,C009_colorblind_safe,qwen2.5-coder_7b,1,experiments/05_choropleth_reliability_benchmark/outputs/runs_iterative_repair/qwen2.5-coder_7b/rules/qwen2.5-coder_7b_rules_C009_colorblind_safe_iter02_20260624_232309,experiments/05_choropleth_reliability_benchmark/outputs/generated_code_iterative_repair/qwen2.5-coder_7b/qwen2.5-coder_7b/rules/C009_colorblind_safe_rules_iter02.py,qwen2.5-coder_7b,False
2,rules,C009_colorblind_safe,qwen2.5-coder_14b,1,experiments/05_choropleth_reliability_benchmark/outputs/runs_iterative_repair/qwen2.5-coder_7b/rules/qwen2.5-coder_7b_rules_C009_colorblind_safe_iter02_20260624_235823,experiments/05_choropleth_reliability_benchmark/outputs/generated_code_iterative_repair/qwen2.5-coder_14b/qwen2.5-coder_7b/rules/C009_colorblind_safe_rules_iter02.py,qwen2.5-coder_7b,False
3,rules,C009_colorblind_safe,qwen2.5-coder_7b,1,experiments/05_choropleth_reliability_benchmark/outputs/runs_iterative_repair/qwen2.5-coder_7b/rules/qwen2.5-coder_7b_rules_C009_colorblind_safe_iter03_20260624_232322,experiments/05_choropleth_reliability_benchmark/outputs/generated_code_iterative_repair/qwen2.5-coder_7b/qwen2.5-coder_7b/rules/C009_colorblind_safe_rules_iter03.py,qwen2.5-coder_7b,False
3,rules,C009_colorblind_safe,qwen2.5-coder_14b,1,experiments/05_choropleth_reliability_benchmark/outputs/runs_iterative_repair/qwen2.5-coder_7b/rules/qwen2.5-coder_7b_rules_C009_colorblind_safe_iter03_20260624_235845,experiments/05_choropleth_reliability_benchmark/outputs/generated_code_iterative_repair/qwen2.5-coder_14b/qwen2.5-coder_7b/rules/C009_colorblind_safe_rules_iter03.py,qwen2.5-coder_7b,False
1,rules,C010_interactive_tooltips,qwen2.5-coder_32b,1,experiments/05_choropleth_reliability_benchmark/outputs/runs_iterative_repair/qwen2.5-coder_7b/rules/qwen2.5-coder_7b_rules_C010_interactive_tooltips_iter01_20260624_050311,experiments/05_choropleth_reliability_benchmark/outputs/generated_code_iterative_repair/qwen2.5-coder_32b/qwen2.5-coder_7b/rules/C010_interactive_tooltips_rules_iter01.py,qwen2.5-coder_7b,False
1,rules,C010_interactive_tooltips,qwen2.5-coder_7b,1,experiments/05_choropleth_reliability_benchmark/outputs/runs_iterative_repair/qwen2.5-coder_7b/rules/qwen2.5-coder_7b_rules_C010_interactive_tooltips_iter01_20260624_232337,experiments/05_choropleth_reliability_benchmark/outputs/generated_code_iterative_repair/qwen2.5-coder_7b/qwen2.5-coder_7b/rules/C010_interactive_tooltips_rules_iter01.py,qwen2.5-coder_7b,False
1,rules,C010_interactive_tooltips,qwen2.5-coder_14b,1,experiments/05_choropleth_reliability_benchmark/outputs/runs_iterative_repair/qwen2.5-coder_7b/rules/qwen2.5-coder_7b_rules_C010_interactive_tooltips_iter01_20260624_235910,experiments/05_choropleth_reliability_benchmark/outputs/generated_code_iterative_repair/qwen2.5-coder_14b/qwen2.5-coder_7b/rules/C010_interactive_tooltips_rules_iter01.py,qwen2.5-coder_7b,False
2,rules,C010_interactive_tooltips,qwen2.5-coder_32b,1,experiments/05_choropleth_reliability_benchmark/outputs/runs_iterative_repair/qwen2.5-coder_7b/rules/qwen2.5-coder_7b_rules_C010_interactive_tooltips_iter02_20260624_050417,experiments/05_choropleth_reliability_benchmark/outputs/generated_code_iterative_repair/qwen2.5-coder_32b/qwen2.5-coder_7b/rules/C010_interactive_tooltips_rules_iter02.py,qwen2.5-coder_7b,False
2,rules,C010_interactive_tooltips,qwen2.5-coder_7b,1,experiments/05_choropleth_reliability_benchmark/outputs/runs_iterative_repair/qwen2.5-coder_7b/rules/qwen2.5-coder_7b_rules_C010_interactive_tooltips_iter02_20260624_232354,experiments/05_choropleth_reliability_benchmark/outputs/generated_code_iterative_repair/qwen2.5-coder_7b/qwen2.5-coder_7b/rules/C010_interactive_tooltips_rules_iter02.py,qwen2.5-coder_7b,False
2,rules,C010_interactive_tooltips,qwen2.5-coder_14b,1,experiments/05_choropleth_reliability_benchmark/outputs/runs_iterative_repair/qwen2.5-coder_7b/rules/qwen2.5-coder_7b_rules_C010_interactive_tooltips_iter02_20260624_235937,experiments/05_choropleth_reliability_benchmark/outputs/generated_code_iterative_repair/qwen2.5-coder_14b/qwen2.5-coder_7b/rules/C010_interactive_tooltips_rules_iter02.py,qwen2.5-coder_7b,False
3,rules,C010_interactive_tooltips,qwen2.5-coder_32b,0,experiments/05_choropleth_reliability_benchmark/outputs/runs_iterative_repair/qwen2.5-coder_7b/rules/qwen2.5-coder_7b_rules_C010_interactive_tooltips_iter03_20260624_062721,experiments/05_choropleth_reliability_benchmark/outputs/generated_code_iterative_repair/qwen2.5-coder_32b/qwen2.5-coder_7b/rules/C010_interactive_tooltips_rules_iter03.py,qwen2.5-coder_7b,False
3,rules,C010_interactive_tooltips,qwen2.5-coder_7b,1,experiments/05_choropleth_reliability_benchmark/outputs/runs_iterative_repair/qwen2.5-coder_7b/rules/qwen2.5-coder_7b_rules_C010_interactive_tooltips_iter03_20260624_232410,experiments/05_choropleth_reliability_benchmark/outputs/generated_code_iterative_repair/qwen2.5-coder_7b/qwen2.5-coder_7b/rules/C010_interactive_tooltips_rules_iter03.py,qwen2.5-coder_7b,False
3,rules,C010_interactive_tooltips,qwen2.5-coder_14b,0,experiments/05_choropleth_reliability_benchmark/outputs/runs_iterative_repair/qwen2.5-coder_7b/rules/qwen2.5-coder_7b_rules_C010_interactive_tooltips_iter03_20260625_000006,experiments/05_choropleth_reliability_benchmark/outputs/generated_code_iterative_repair/qwen2.5-coder_14b/qwen2.5-coder_7b/rules/C010_interactive_tooltips_rules_iter03.py,qwen2.5-coder_7b,False
1,rules,C011_static_and_interactive,qwen2.5-coder_32b,1,experiments/05_choropleth_reliability_benchmark/outputs/runs_iterative_repair/qwen2.5-coder_7b/rules/qwen2.5-coder_7b_rules_C011_static_and_interactive_iter01_20260624_052302,experiments/05_choropleth_reliability_benchmark/outputs/generated_code_iterative_repair/qwen2.5-coder_32b/qwen2.5-coder_7b/rules/C011_static_and_interactive_rules_iter01.py,qwen2.5-coder_7b,False
1,rules,C011_static_and_interactive,qwen2.5-coder_7b,1,experiments/05_choropleth_reliability_benchmark/outputs/runs_iterative_repair/qwen2.5-coder_7b/rules/qwen2.5-coder_7b_rules_C011_static_and_interactive_iter01_20260624_233104,experiments/05_choropleth_reliability_benchmark/outputs/generated_code_iterative_repair/qwen2.5-coder_7b/qwen2.5-coder_7b/rules/C011_static_and_interactive_rules_iter01.py,qwen2.5-coder_7b,False
1,rules,C011_static_and_interactive,qwen2.5-coder_14b,1,experiments/05_choropleth_reliability_benchmark/outputs/runs_iterative_repair/qwen2.5-coder_7b/rules/qwen2.5-coder_7b_rules_C011_static_and_interactive_iter01_20260625_001128,experiments/05_choropleth_reliability_benchmark/outputs/generated_code_iterative_repair/qwen2.5-coder_14b/qwen2.5-coder_7b/rules/C011_static_and_interactive_rules_iter01.py,qwen2.5-coder_7b,False
1,rules,C011_static_and_interactive,deepseek-coder_6.7b,1,experiments/05_choropleth_reliability_benchmark/outputs/runs_iterative_repair/qwen2.5-coder_7b/rules/qwen2.5-coder_7b_rules_C011_static_and_interactive_iter01_20260625_002736,experiments/05_choropleth_reliability_benchmark/outputs/generated_code_iterative_repair/deepseek-coder_6.7b/qwen2.5-coder_7b/rules/C011_static_and_interactive_rules_iter01.py,qwen2.5-coder_7b,False
2,rules,C011_static_and_interactive,qwen2.5-coder_32b,1,experiments/05_choropleth_reliability_benchmark/outputs/runs_iterative_repair/qwen2.5-coder_7b/rules/qwen2.5-coder_7b_rules_C011_static_and_interactive_iter02_20260624_052416,experiments/05_choropleth_reliability_benchmark/outputs/generated_code_iterative_repair/qwen2.5-coder_32b/qwen2.5-coder_7b/rules/C011_static_and_interactive_rules_iter02.py,qwen2.5-coder_7b,False
2,rules,C011_static_and_interactive,qwen2.5-coder_7b,1,experiments/05_choropleth_reliability_benchmark/outputs/runs_iterative_repair/qwen2.5-coder_7b/rules/qwen2.5-coder_7b_rules_C011_static_and_interactive_iter02_20260624_233121,experiments/05_choropleth_reliability_benchmark/outputs/generated_code_iterative_repair/qwen2.5-coder_7b/qwen2.5-coder_7b/rules/C011_static_and_interactive_rules_iter02.py,qwen2.5-coder_7b,False
2,rules,C011_static_and_interactive,qwen2.5-coder_14b,1,experiments/05_choropleth_reliability_benchmark/outputs/runs_iterative_repair/qwen2.5-coder_7b/rules/qwen2.5-coder_7b_rules_C011_static_and_interactive_iter02_20260625_001200,experiments/05_choropleth_reliability_benchmark/outputs/generated_code_iterative_repair/qwen2.5-coder_14b/qwen2.5-coder_7b/rules/C011_static_and_interactive_rules_iter02.py,qwen2.5-coder_7b,False
3,rules,C011_static_and_interactive,qwen2.5-coder_32b,1,experiments/05_choropleth_reliability_benchmark/outputs/runs_iterative_repair/qwen2.5-coder_7b/rules/qwen2.5-coder_7b_rules_C011_static_and_interactive_iter03_20260624_063314,experiments/05_choropleth_reliability_benchmark/outputs/generated_code_iterative_repair/qwen2.5-coder_32b/qwen2.5-coder_7b/rules/C011_static_and_interactive_rules_iter03.py,qwen2.5-coder_7b,False
3,rules,C011_static_and_interactive,qwen2.5-coder_7b,1,experiments/05_choropleth_reliability_benchmark/outputs/runs_iterative_repair/qwen2.5-coder_7b/rules/qwen2.5-coder_7b_rules_C011_static_and_interactive_iter03_20260624_233137,experiments/05_choropleth_reliability_benchmark/outputs/generated_code_iterative_repair/qwen2.5-coder_7b/qwen2.5-coder_7b/rules/C011_static_and_interactive_rules_iter03.py,qwen2.5-coder_7b,False
3,rules,C011_static_and_interactive,qwen2.5-coder_14b,1,experiments/05_choropleth_reliability_benchmark/outputs/runs_iterative_repair/qwen2.5-coder_7b/rules/qwen2.5-coder_7b_rules_C011_static_and_interactive_iter03_20260625_001230,experiments/05_choropleth_reliability_benchmark/outputs/generated_code_iterative_repair/qwen2.5-coder_14b/qwen2.5-coder_7b/rules/C011_static_and_interactive_rules_iter03.py,qwen2.5-coder_7b,False
1,rules,C012_time_series_report,qwen2.5-coder_32b,1,experiments/05_choropleth_reliability_benchmark/outputs/runs_iterative_repair/qwen2.5-coder_7b/rules/qwen2.5-coder_7b_rules_C012_time_series_report_iter01_20260624_051649,experiments/05_choropleth_reliability_benchmark/outputs/generated_code_iterative_repair/qwen2.5-coder_32b/qwen2.5-coder_7b/rules/C012_time_series_report_rules_iter01.py,qwen2.5-coder_7b,False
1,rules,C012_time_series_report,qwen2.5-coder_7b,1,experiments/05_choropleth_reliability_benchmark/outputs/runs_iterative_repair/qwen2.5-coder_7b/rules/qwen2.5-coder_7b_rules_C012_time_series_report_iter01_20260624_232903,experiments/05_choropleth_reliability_benchmark/outputs/generated_code_iterative_repair/qwen2.5-coder_7b/qwen2.5-coder_7b/rules/C012_time_series_report_rules_iter01.py,qwen2.5-coder_7b,False
1,rules,C012_time_series_report,qwen2.5-coder_14b,1,experiments/05_choropleth_reliability_benchmark/outputs/runs_iterative_repair/qwen2.5-coder_7b/rules/qwen2.5-coder_7b_rules_C012_time_series_report_iter01_20260625_000707,experiments/05_choropleth_reliability_benchmark/outputs/generated_code_iterative_repair/qwen2.5-coder_14b/qwen2.5-coder_7b/rules/C012_time_series_report_rules_iter01.py,qwen2.5-coder_7b,False
2,rules,C012_time_series_report,qwen2.5-coder_32b,0,experiments/05_choropleth_reliability_benchmark/outputs/runs_iterative_repair/qwen2.5-coder_7b/rules/qwen2.5-coder_7b_rules_C012_time_series_report_iter02_20260624_051739,experiments/05_choropleth_reliability_benchmark/outputs/generated_code_iterative_repair/qwen2.5-coder_32b/qwen2.5-coder_7b/rules/C012_time_series_report_rules_iter02.py,qwen2.5-coder_7b,False
2,rules,C012_time_series_report,qwen2.5-coder_7b,0,experiments/05_choropleth_reliability_benchmark/outputs/runs_iterative_repair/qwen2.5-coder_7b/rules/qwen2.5-coder_7b_rules_C012_time_series_report_iter02_20260624_232913,experiments/05_choropleth_reliability_benchmark/outputs/generated_code_iterative_repair/qwen2.5-coder_7b/qwen2.5-coder_7b/rules/C012_time_series_report_rules_iter02.py,qwen2.5-coder_7b,False
2,rules,C012_time_series_report,qwen2.5-coder_14b,0,experiments/05_choropleth_reliability_benchmark/outputs/runs_iterative_repair/qwen2.5-coder_7b/rules/qwen2.5-coder_7b_rules_C012_time_series_report_iter02_20260625_000731,experiments/05_choropleth_reliability_benchmark/outputs/generated_code_iterative_repair/qwen2.5-coder_14b/qwen2.5-coder_7b/rules/C012_time_series_report_rules_iter02.py,qwen2.5-coder_7b,False
