artifact,artifact_origin,artifact_path,bytes,dark_textlike_ratio,dynamic_range,edge_mean,exists,height,html_render_error,html_render_ok,kind,mean_rgb,nondark_ratio,nonwhite_ratio,qa_fail_reasons,qa_pass,run_dir,screenshot_path,source,source_group,unique_color_bins,width
map_static.png,reference,experiments/05_choropleth_reliability_benchmark/outputs/reference_baseline/map_static.png,307172,0.0186,255,6.438,True,1800,,,static_png,218.847,0.9945,0.3662,,True,experiments/05_choropleth_reliability_benchmark/outputs/reference_baseline,,reference,reference,52,1500
time_series.png,reference,experiments/05_choropleth_reliability_benchmark/outputs/reference_baseline/time_series.png,167977,0.0173,255,9.919,True,960,,,time_series_png,245.273,0.9849,0.0704,,True,experiments/05_choropleth_reliability_benchmark/outputs/reference_baseline,,reference,reference,36,1800
map_interactive.html,reference,experiments/05_choropleth_reliability_benchmark/outputs/reference_baseline/map_interactive.html,211211,0.0017,255,6.646,True,850,,True,interactive_html,224.782,0.9995,0.7172,,True,experiments/05_choropleth_reliability_benchmark/outputs/reference_baseline,experiments/05_choropleth_reliability_benchmark/outputs/scores/screenshot_qa/reference_reference_baseline_interactive.png,reference,reference,47,1200
map_static.png,initial,experiments/05_choropleth_reliability_benchmark/outputs/runs/deepseek-coder_6.7b/basic/deepseek-coder_6.7b_basic_C001_static_burned_area_20260624_020303/map_static.png,0,,,,False,,,,static_png,,,,missing_or_empty,False,experiments/05_choropleth_reliability_benchmark/outputs/runs/deepseek-coder_6.7b/basic/deepseek-coder_6.7b_basic_C001_static_burned_area_20260624_020303,,deepseek-coder_6.7b:basic:C001_static_burned_area,deepseek-coder_6.7b,,
time_series.png,initial,experiments/05_choropleth_reliability_benchmark/outputs/runs/deepseek-coder_6.7b/basic/deepseek-coder_6.7b_basic_C001_static_burned_area_20260624_020303/time_series.png,0,,,,False,,,,time_series_png,,,,missing_or_empty,False,experiments/05_choropleth_reliability_benchmark/outputs/runs/deepseek-coder_6.7b/basic/deepseek-coder_6.7b_basic_C001_static_burned_area_20260624_020303,,deepseek-coder_6.7b:basic:C001_static_burned_area,deepseek-coder_6.7b,,
map_interactive.html,initial,experiments/05_choropleth_reliability_benchmark/outputs/runs/deepseek-coder_6.7b/basic/deepseek-coder_6.7b_basic_C001_static_burned_area_20260624_020303/map_interactive.html,0,,,,False,,missing,False,interactive_html,,,,missing_or_empty,False,experiments/05_choropleth_reliability_benchmark/outputs/runs/deepseek-coder_6.7b/basic/deepseek-coder_6.7b_basic_C001_static_burned_area_20260624_020303,,deepseek-coder_6.7b:basic:C001_static_burned_area,deepseek-coder_6.7b,,
map_static.png,initial,experiments/05_choropleth_reliability_benchmark/outputs/runs/deepseek-coder_6.7b/basic/deepseek-coder_6.7b_basic_C002_static_number_fires_20260624_020303/map_static.png,0,,,,False,,,,static_png,,,,missing_or_empty,False,experiments/05_choropleth_reliability_benchmark/outputs/runs/deepseek-coder_6.7b/basic/deepseek-coder_6.7b_basic_C002_static_number_fires_20260624_020303,,deepseek-coder_6.7b:basic:C002_static_number_fires,deepseek-coder_6.7b,,
time_series.png,initial,experiments/05_choropleth_reliability_benchmark/outputs/runs/deepseek-coder_6.7b/basic/deepseek-coder_6.7b_basic_C002_static_number_fires_20260624_020303/time_series.png,0,,,,False,,,,time_series_png,,,,missing_or_empty,False,experiments/05_choropleth_reliability_benchmark/outputs/runs/deepseek-coder_6.7b/basic/deepseek-coder_6.7b_basic_C002_static_number_fires_20260624_020303,,deepseek-coder_6.7b:basic:C002_static_number_fires,deepseek-coder_6.7b,,
map_interactive.html,initial,experiments/05_choropleth_reliability_benchmark/outputs/runs/deepseek-coder_6.7b/basic/deepseek-coder_6.7b_basic_C002_static_number_fires_20260624_020303/map_interactive.html,0,,,,False,,missing,False,interactive_html,,,,missing_or_empty,False,experiments/05_choropleth_reliability_benchmark/outputs/runs/deepseek-coder_6.7b/basic/deepseek-coder_6.7b_basic_C002_static_number_fires_20260624_020303,,deepseek-coder_6.7b:basic:C002_static_number_fires,deepseek-coder_6.7b,,
map_static.png,initial,experiments/05_choropleth_reliability_benchmark/outputs/runs/deepseek-coder_6.7b/basic/deepseek-coder_6.7b_basic_C003_static_full_layout_20260624_020304/map_static.png,0,,,,False,,,,static_png,,,,missing_or_empty,False,experiments/05_choropleth_reliability_benchmark/outputs/runs/deepseek-coder_6.7b/basic/deepseek-coder_6.7b_basic_C003_static_full_layout_20260624_020304,,deepseek-coder_6.7b:basic:C003_static_full_layout,deepseek-coder_6.7b,,
time_series.png,initial,experiments/05_choropleth_reliability_benchmark/outputs/runs/deepseek-coder_6.7b/basic/deepseek-coder_6.7b_basic_C003_static_full_layout_20260624_020304/time_series.png,0,,,,False,,,,time_series_png,,,,missing_or_empty,False,experiments/05_choropleth_reliability_benchmark/outputs/runs/deepseek-coder_6.7b/basic/deepseek-coder_6.7b_basic_C003_static_full_layout_20260624_020304,,deepseek-coder_6.7b:basic:C003_static_full_layout,deepseek-coder_6.7b,,
map_interactive.html,initial,experiments/05_choropleth_reliability_benchmark/outputs/runs/deepseek-coder_6.7b/basic/deepseek-coder_6.7b_basic_C003_static_full_layout_20260624_020304/map_interactive.html,0,,,,False,,missing,False,interactive_html,,,,missing_or_empty,False,experiments/05_choropleth_reliability_benchmark/outputs/runs/deepseek-coder_6.7b/basic/deepseek-coder_6.7b_basic_C003_static_full_layout_20260624_020304,,deepseek-coder_6.7b:basic:C003_static_full_layout,deepseek-coder_6.7b,,
map_static.png,initial,experiments/05_choropleth_reliability_benchmark/outputs/runs/deepseek-coder_6.7b/basic/deepseek-coder_6.7b_basic_C004_missing_crs_repair_20260624_020305/map_static.png,0,,,,False,,,,static_png,,,,missing_or_empty,False,experiments/05_choropleth_reliability_benchmark/outputs/runs/deepseek-coder_6.7b/basic/deepseek-coder_6.7b_basic_C004_missing_crs_repair_20260624_020305,,deepseek-coder_6.7b:basic:C004_missing_crs_repair,deepseek-coder_6.7b,,
time_series.png,initial,experiments/05_choropleth_reliability_benchmark/outputs/runs/deepseek-coder_6.7b/basic/deepseek-coder_6.7b_basic_C004_missing_crs_repair_20260624_020305/time_series.png,0,,,,False,,,,time_series_png,,,,missing_or_empty,False,experiments/05_choropleth_reliability_benchmark/outputs/runs/deepseek-coder_6.7b/basic/deepseek-coder_6.7b_basic_C004_missing_crs_repair_20260624_020305,,deepseek-coder_6.7b:basic:C004_missing_crs_repair,deepseek-coder_6.7b,,
map_interactive.html,initial,experiments/05_choropleth_reliability_benchmark/outputs/runs/deepseek-coder_6.7b/basic/deepseek-coder_6.7b_basic_C004_missing_crs_repair_20260624_020305/map_interactive.html,0,,,,False,,missing,False,interactive_html,,,,missing_or_empty,False,experiments/05_choropleth_reliability_benchmark/outputs/runs/deepseek-coder_6.7b/basic/deepseek-coder_6.7b_basic_C004_missing_crs_repair_20260624_020305,,deepseek-coder_6.7b:basic:C004_missing_crs_repair,deepseek-coder_6.7b,,
map_static.png,initial,experiments/05_choropleth_reliability_benchmark/outputs/runs/deepseek-coder_6.7b/basic/deepseek-coder_6.7b_basic_C005_geometry_repair_20260624_020305/map_static.png,0,,,,False,,,,static_png,,,,missing_or_empty,False,experiments/05_choropleth_reliability_benchmark/outputs/runs/deepseek-coder_6.7b/basic/deepseek-coder_6.7b_basic_C005_geometry_repair_20260624_020305,,deepseek-coder_6.7b:basic:C005_geometry_repair,deepseek-coder_6.7b,,
time_series.png,initial,experiments/05_choropleth_reliability_benchmark/outputs/runs/deepseek-coder_6.7b/basic/deepseek-coder_6.7b_basic_C005_geometry_repair_20260624_020305/time_series.png,0,,,,False,,,,time_series_png,,,,missing_or_empty,False,experiments/05_choropleth_reliability_benchmark/outputs/runs/deepseek-coder_6.7b/basic/deepseek-coder_6.7b_basic_C005_geometry_repair_20260624_020305,,deepseek-coder_6.7b:basic:C005_geometry_repair,deepseek-coder_6.7b,,
map_interactive.html,initial,experiments/05_choropleth_reliability_benchmark/outputs/runs/deepseek-coder_6.7b/basic/deepseek-coder_6.7b_basic_C005_geometry_repair_20260624_020305/map_interactive.html,0,,,,False,,missing,False,interactive_html,,,,missing_or_empty,False,experiments/05_choropleth_reliability_benchmark/outputs/runs/deepseek-coder_6.7b/basic/deepseek-coder_6.7b_basic_C005_geometry_repair_20260624_020305,,deepseek-coder_6.7b:basic:C005_geometry_repair,deepseek-coder_6.7b,,
map_static.png,initial,experiments/05_choropleth_reliability_benchmark/outputs/runs/deepseek-coder_6.7b/basic/deepseek-coder_6.7b_basic_C006_join_diagnostics_20260624_020306/map_static.png,0,,,,False,,,,static_png,,,,missing_or_empty,False,experiments/05_choropleth_reliability_benchmark/outputs/runs/deepseek-coder_6.7b/basic/deepseek-coder_6.7b_basic_C006_join_diagnostics_20260624_020306,,deepseek-coder_6.7b:basic:C006_join_diagnostics,deepseek-coder_6.7b,,
time_series.png,initial,experiments/05_choropleth_reliability_benchmark/outputs/runs/deepseek-coder_6.7b/basic/deepseek-coder_6.7b_basic_C006_join_diagnostics_20260624_020306/time_series.png,0,,,,False,,,,time_series_png,,,,missing_or_empty,False,experiments/05_choropleth_reliability_benchmark/outputs/runs/deepseek-coder_6.7b/basic/deepseek-coder_6.7b_basic_C006_join_diagnostics_20260624_020306,,deepseek-coder_6.7b:basic:C006_join_diagnostics,deepseek-coder_6.7b,,
map_interactive.html,initial,experiments/05_choropleth_reliability_benchmark/outputs/runs/deepseek-coder_6.7b/basic/deepseek-coder_6.7b_basic_C006_join_diagnostics_20260624_020306/map_interactive.html,0,,,,False,,missing,False,interactive_html,,,,missing_or_empty,False,experiments/05_choropleth_reliability_benchmark/outputs/runs/deepseek-coder_6.7b/basic/deepseek-coder_6.7b_basic_C006_join_diagnostics_20260624_020306,,deepseek-coder_6.7b:basic:C006_join_diagnostics,deepseek-coder_6.7b,,
map_static.png,initial,experiments/05_choropleth_reliability_benchmark/outputs/runs/deepseek-coder_6.7b/basic/deepseek-coder_6.7b_basic_C007_wrong_column_guard_20260624_020306/map_static.png,0,,,,False,,,,static_png,,,,missing_or_empty,False,experiments/05_choropleth_reliability_benchmark/outputs/runs/deepseek-coder_6.7b/basic/deepseek-coder_6.7b_basic_C007_wrong_column_guard_20260624_020306,,deepseek-coder_6.7b:basic:C007_wrong_column_guard,deepseek-coder_6.7b,,
time_series.png,initial,experiments/05_choropleth_reliability_benchmark/outputs/runs/deepseek-coder_6.7b/basic/deepseek-coder_6.7b_basic_C007_wrong_column_guard_20260624_020306/time_series.png,0,,,,False,,,,time_series_png,,,,missing_or_empty,False,experiments/05_choropleth_reliability_benchmark/outputs/runs/deepseek-coder_6.7b/basic/deepseek-coder_6.7b_basic_C007_wrong_column_guard_20260624_020306,,deepseek-coder_6.7b:basic:C007_wrong_column_guard,deepseek-coder_6.7b,,
map_interactive.html,initial,experiments/05_choropleth_reliability_benchmark/outputs/runs/deepseek-coder_6.7b/basic/deepseek-coder_6.7b_basic_C007_wrong_column_guard_20260624_020306/map_interactive.html,0,,,,False,,missing,False,interactive_html,,,,missing_or_empty,False,experiments/05_choropleth_reliability_benchmark/outputs/runs/deepseek-coder_6.7b/basic/deepseek-coder_6.7b_basic_C007_wrong_column_guard_20260624_020306,,deepseek-coder_6.7b:basic:C007_wrong_column_guard,deepseek-coder_6.7b,,
map_static.png,initial,experiments/05_choropleth_reliability_benchmark/outputs/runs/deepseek-coder_6.7b/basic/deepseek-coder_6.7b_basic_C008_quantile_classes_20260624_020306/map_static.png,0,,,,False,,,,static_png,,,,missing_or_empty,False,experiments/05_choropleth_reliability_benchmark/outputs/runs/deepseek-coder_6.7b/basic/deepseek-coder_6.7b_basic_C008_quantile_classes_20260624_020306,,deepseek-coder_6.7b:basic:C008_quantile_classes,deepseek-coder_6.7b,,
time_series.png,initial,experiments/05_choropleth_reliability_benchmark/outputs/runs/deepseek-coder_6.7b/basic/deepseek-coder_6.7b_basic_C008_quantile_classes_20260624_020306/time_series.png,0,,,,False,,,,time_series_png,,,,missing_or_empty,False,experiments/05_choropleth_reliability_benchmark/outputs/runs/deepseek-coder_6.7b/basic/deepseek-coder_6.7b_basic_C008_quantile_classes_20260624_020306,,deepseek-coder_6.7b:basic:C008_quantile_classes,deepseek-coder_6.7b,,
map_interactive.html,initial,experiments/05_choropleth_reliability_benchmark/outputs/runs/deepseek-coder_6.7b/basic/deepseek-coder_6.7b_basic_C008_quantile_classes_20260624_020306/map_interactive.html,0,,,,False,,missing,False,interactive_html,,,,missing_or_empty,False,experiments/05_choropleth_reliability_benchmark/outputs/runs/deepseek-coder_6.7b/basic/deepseek-coder_6.7b_basic_C008_quantile_classes_20260624_020306,,deepseek-coder_6.7b:basic:C008_quantile_classes,deepseek-coder_6.7b,,
map_static.png,initial,experiments/05_choropleth_reliability_benchmark/outputs/runs/deepseek-coder_6.7b/basic/deepseek-coder_6.7b_basic_C009_colorblind_safe_20260624_020307/map_static.png,0,,,,False,,,,static_png,,,,missing_or_empty,False,experiments/05_choropleth_reliability_benchmark/outputs/runs/deepseek-coder_6.7b/basic/deepseek-coder_6.7b_basic_C009_colorblind_safe_20260624_020307,,deepseek-coder_6.7b:basic:C009_colorblind_safe,deepseek-coder_6.7b,,
time_series.png,initial,experiments/05_choropleth_reliability_benchmark/outputs/runs/deepseek-coder_6.7b/basic/deepseek-coder_6.7b_basic_C009_colorblind_safe_20260624_020307/time_series.png,0,,,,False,,,,time_series_png,,,,missing_or_empty,False,experiments/05_choropleth_reliability_benchmark/outputs/runs/deepseek-coder_6.7b/basic/deepseek-coder_6.7b_basic_C009_colorblind_safe_20260624_020307,,deepseek-coder_6.7b:basic:C009_colorblind_safe,deepseek-coder_6.7b,,
map_interactive.html,initial,experiments/05_choropleth_reliability_benchmark/outputs/runs/deepseek-coder_6.7b/basic/deepseek-coder_6.7b_basic_C009_colorblind_safe_20260624_020307/map_interactive.html,0,,,,False,,missing,False,interactive_html,,,,missing_or_empty,False,experiments/05_choropleth_reliability_benchmark/outputs/runs/deepseek-coder_6.7b/basic/deepseek-coder_6.7b_basic_C009_colorblind_safe_20260624_020307,,deepseek-coder_6.7b:basic:C009_colorblind_safe,deepseek-coder_6.7b,,
map_static.png,initial,experiments/05_choropleth_reliability_benchmark/outputs/runs/deepseek-coder_6.7b/basic/deepseek-coder_6.7b_basic_C010_interactive_tooltips_20260624_020308/map_static.png,0,,,,False,,,,static_png,,,,missing_or_empty,False,experiments/05_choropleth_reliability_benchmark/outputs/runs/deepseek-coder_6.7b/basic/deepseek-coder_6.7b_basic_C010_interactive_tooltips_20260624_020308,,deepseek-coder_6.7b:basic:C010_interactive_tooltips,deepseek-coder_6.7b,,
time_series.png,initial,experiments/05_choropleth_reliability_benchmark/outputs/runs/deepseek-coder_6.7b/basic/deepseek-coder_6.7b_basic_C010_interactive_tooltips_20260624_020308/time_series.png,0,,,,False,,,,time_series_png,,,,missing_or_empty,False,experiments/05_choropleth_reliability_benchmark/outputs/runs/deepseek-coder_6.7b/basic/deepseek-coder_6.7b_basic_C010_interactive_tooltips_20260624_020308,,deepseek-coder_6.7b:basic:C010_interactive_tooltips,deepseek-coder_6.7b,,
map_interactive.html,initial,experiments/05_choropleth_reliability_benchmark/outputs/runs/deepseek-coder_6.7b/basic/deepseek-coder_6.7b_basic_C010_interactive_tooltips_20260624_020308/map_interactive.html,0,,,,False,,missing,False,interactive_html,,,,missing_or_empty,False,experiments/05_choropleth_reliability_benchmark/outputs/runs/deepseek-coder_6.7b/basic/deepseek-coder_6.7b_basic_C010_interactive_tooltips_20260624_020308,,deepseek-coder_6.7b:basic:C010_interactive_tooltips,deepseek-coder_6.7b,,
map_static.png,initial,experiments/05_choropleth_reliability_benchmark/outputs/runs/deepseek-coder_6.7b/rules/deepseek-coder_6.7b_rules_C001_static_burned_area_20260624_020308/map_static.png,0,,,,False,,,,static_png,,,,missing_or_empty,False,experiments/05_choropleth_reliability_benchmark/outputs/runs/deepseek-coder_6.7b/rules/deepseek-coder_6.7b_rules_C001_static_burned_area_20260624_020308,,deepseek-coder_6.7b:rules:C001_static_burned_area,deepseek-coder_6.7b,,
time_series.png,initial,experiments/05_choropleth_reliability_benchmark/outputs/runs/deepseek-coder_6.7b/rules/deepseek-coder_6.7b_rules_C001_static_burned_area_20260624_020308/time_series.png,0,,,,False,,,,time_series_png,,,,missing_or_empty,False,experiments/05_choropleth_reliability_benchmark/outputs/runs/deepseek-coder_6.7b/rules/deepseek-coder_6.7b_rules_C001_static_burned_area_20260624_020308,,deepseek-coder_6.7b:rules:C001_static_burned_area,deepseek-coder_6.7b,,
map_interactive.html,initial,experiments/05_choropleth_reliability_benchmark/outputs/runs/deepseek-coder_6.7b/rules/deepseek-coder_6.7b_rules_C001_static_burned_area_20260624_020308/map_interactive.html,0,,,,False,,missing,False,interactive_html,,,,missing_or_empty,False,experiments/05_choropleth_reliability_benchmark/outputs/runs/deepseek-coder_6.7b/rules/deepseek-coder_6.7b_rules_C001_static_burned_area_20260624_020308,,deepseek-coder_6.7b:rules:C001_static_burned_area,deepseek-coder_6.7b,,
map_static.png,initial,experiments/05_choropleth_reliability_benchmark/outputs/runs/deepseek-coder_6.7b/rules/deepseek-coder_6.7b_rules_C002_static_number_fires_20260624_020309/map_static.png,0,,,,False,,,,static_png,,,,missing_or_empty,False,experiments/05_choropleth_reliability_benchmark/outputs/runs/deepseek-coder_6.7b/rules/deepseek-coder_6.7b_rules_C002_static_number_fires_20260624_020309,,deepseek-coder_6.7b:rules:C002_static_number_fires,deepseek-coder_6.7b,,
time_series.png,initial,experiments/05_choropleth_reliability_benchmark/outputs/runs/deepseek-coder_6.7b/rules/deepseek-coder_6.7b_rules_C002_static_number_fires_20260624_020309/time_series.png,0,,,,False,,,,time_series_png,,,,missing_or_empty,False,experiments/05_choropleth_reliability_benchmark/outputs/runs/deepseek-coder_6.7b/rules/deepseek-coder_6.7b_rules_C002_static_number_fires_20260624_020309,,deepseek-coder_6.7b:rules:C002_static_number_fires,deepseek-coder_6.7b,,
map_interactive.html,initial,experiments/05_choropleth_reliability_benchmark/outputs/runs/deepseek-coder_6.7b/rules/deepseek-coder_6.7b_rules_C002_static_number_fires_20260624_020309/map_interactive.html,0,,,,False,,missing,False,interactive_html,,,,missing_or_empty,False,experiments/05_choropleth_reliability_benchmark/outputs/runs/deepseek-coder_6.7b/rules/deepseek-coder_6.7b_rules_C002_static_number_fires_20260624_020309,,deepseek-coder_6.7b:rules:C002_static_number_fires,deepseek-coder_6.7b,,
map_static.png,initial,experiments/05_choropleth_reliability_benchmark/outputs/runs/deepseek-coder_6.7b/rules/deepseek-coder_6.7b_rules_C003_static_full_layout_20260624_020311/map_static.png,0,,,,False,,,,static_png,,,,missing_or_empty,False,experiments/05_choropleth_reliability_benchmark/outputs/runs/deepseek-coder_6.7b/rules/deepseek-coder_6.7b_rules_C003_static_full_layout_20260624_020311,,deepseek-coder_6.7b:rules:C003_static_full_layout,deepseek-coder_6.7b,,
time_series.png,initial,experiments/05_choropleth_reliability_benchmark/outputs/runs/deepseek-coder_6.7b/rules/deepseek-coder_6.7b_rules_C003_static_full_layout_20260624_020311/time_series.png,0,,,,False,,,,time_series_png,,,,missing_or_empty,False,experiments/05_choropleth_reliability_benchmark/outputs/runs/deepseek-coder_6.7b/rules/deepseek-coder_6.7b_rules_C003_static_full_layout_20260624_020311,,deepseek-coder_6.7b:rules:C003_static_full_layout,deepseek-coder_6.7b,,
map_interactive.html,initial,experiments/05_choropleth_reliability_benchmark/outputs/runs/deepseek-coder_6.7b/rules/deepseek-coder_6.7b_rules_C003_static_full_layout_20260624_020311/map_interactive.html,0,,,,False,,missing,False,interactive_html,,,,missing_or_empty,False,experiments/05_choropleth_reliability_benchmark/outputs/runs/deepseek-coder_6.7b/rules/deepseek-coder_6.7b_rules_C003_static_full_layout_20260624_020311,,deepseek-coder_6.7b:rules:C003_static_full_layout,deepseek-coder_6.7b,,
map_static.png,initial,experiments/05_choropleth_reliability_benchmark/outputs/runs/deepseek-coder_6.7b/rules/deepseek-coder_6.7b_rules_C004_missing_crs_repair_20260624_020312/map_static.png,0,,,,False,,,,static_png,,,,missing_or_empty,False,experiments/05_choropleth_reliability_benchmark/outputs/runs/deepseek-coder_6.7b/rules/deepseek-coder_6.7b_rules_C004_missing_crs_repair_20260624_020312,,deepseek-coder_6.7b:rules:C004_missing_crs_repair,deepseek-coder_6.7b,,
time_series.png,initial,experiments/05_choropleth_reliability_benchmark/outputs/runs/deepseek-coder_6.7b/rules/deepseek-coder_6.7b_rules_C004_missing_crs_repair_20260624_020312/time_series.png,0,,,,False,,,,time_series_png,,,,missing_or_empty,False,experiments/05_choropleth_reliability_benchmark/outputs/runs/deepseek-coder_6.7b/rules/deepseek-coder_6.7b_rules_C004_missing_crs_repair_20260624_020312,,deepseek-coder_6.7b:rules:C004_missing_crs_repair,deepseek-coder_6.7b,,
map_interactive.html,initial,experiments/05_choropleth_reliability_benchmark/outputs/runs/deepseek-coder_6.7b/rules/deepseek-coder_6.7b_rules_C004_missing_crs_repair_20260624_020312/map_interactive.html,0,,,,False,,missing,False,interactive_html,,,,missing_or_empty,False,experiments/05_choropleth_reliability_benchmark/outputs/runs/deepseek-coder_6.7b/rules/deepseek-coder_6.7b_rules_C004_missing_crs_repair_20260624_020312,,deepseek-coder_6.7b:rules:C004_missing_crs_repair,deepseek-coder_6.7b,,
map_static.png,initial,experiments/05_choropleth_reliability_benchmark/outputs/runs/deepseek-coder_6.7b/rules/deepseek-coder_6.7b_rules_C005_geometry_repair_20260624_020312/map_static.png,0,,,,False,,,,static_png,,,,missing_or_empty,False,experiments/05_choropleth_reliability_benchmark/outputs/runs/deepseek-coder_6.7b/rules/deepseek-coder_6.7b_rules_C005_geometry_repair_20260624_020312,,deepseek-coder_6.7b:rules:C005_geometry_repair,deepseek-coder_6.7b,,
time_series.png,initial,experiments/05_choropleth_reliability_benchmark/outputs/runs/deepseek-coder_6.7b/rules/deepseek-coder_6.7b_rules_C005_geometry_repair_20260624_020312/time_series.png,0,,,,False,,,,time_series_png,,,,missing_or_empty,False,experiments/05_choropleth_reliability_benchmark/outputs/runs/deepseek-coder_6.7b/rules/deepseek-coder_6.7b_rules_C005_geometry_repair_20260624_020312,,deepseek-coder_6.7b:rules:C005_geometry_repair,deepseek-coder_6.7b,,
map_interactive.html,initial,experiments/05_choropleth_reliability_benchmark/outputs/runs/deepseek-coder_6.7b/rules/deepseek-coder_6.7b_rules_C005_geometry_repair_20260624_020312/map_interactive.html,0,,,,False,,missing,False,interactive_html,,,,missing_or_empty,False,experiments/05_choropleth_reliability_benchmark/outputs/runs/deepseek-coder_6.7b/rules/deepseek-coder_6.7b_rules_C005_geometry_repair_20260624_020312,,deepseek-coder_6.7b:rules:C005_geometry_repair,deepseek-coder_6.7b,,
map_static.png,initial,experiments/05_choropleth_reliability_benchmark/outputs/runs/deepseek-coder_6.7b/rules/deepseek-coder_6.7b_rules_C006_join_diagnostics_20260624_020313/map_static.png,0,,,,False,,,,static_png,,,,missing_or_empty,False,experiments/05_choropleth_reliability_benchmark/outputs/runs/deepseek-coder_6.7b/rules/deepseek-coder_6.7b_rules_C006_join_diagnostics_20260624_020313,,deepseek-coder_6.7b:rules:C006_join_diagnostics,deepseek-coder_6.7b,,
time_series.png,initial,experiments/05_choropleth_reliability_benchmark/outputs/runs/deepseek-coder_6.7b/rules/deepseek-coder_6.7b_rules_C006_join_diagnostics_20260624_020313/time_series.png,0,,,,False,,,,time_series_png,,,,missing_or_empty,False,experiments/05_choropleth_reliability_benchmark/outputs/runs/deepseek-coder_6.7b/rules/deepseek-coder_6.7b_rules_C006_join_diagnostics_20260624_020313,,deepseek-coder_6.7b:rules:C006_join_diagnostics,deepseek-coder_6.7b,,
map_interactive.html,initial,experiments/05_choropleth_reliability_benchmark/outputs/runs/deepseek-coder_6.7b/rules/deepseek-coder_6.7b_rules_C006_join_diagnostics_20260624_020313/map_interactive.html,0,,,,False,,missing,False,interactive_html,,,,missing_or_empty,False,experiments/05_choropleth_reliability_benchmark/outputs/runs/deepseek-coder_6.7b/rules/deepseek-coder_6.7b_rules_C006_join_diagnostics_20260624_020313,,deepseek-coder_6.7b:rules:C006_join_diagnostics,deepseek-coder_6.7b,,
map_static.png,initial,experiments/05_choropleth_reliability_benchmark/outputs/runs/deepseek-coder_6.7b/rules/deepseek-coder_6.7b_rules_C007_wrong_column_guard_20260624_020313/map_static.png,0,,,,False,,,,static_png,,,,missing_or_empty,False,experiments/05_choropleth_reliability_benchmark/outputs/runs/deepseek-coder_6.7b/rules/deepseek-coder_6.7b_rules_C007_wrong_column_guard_20260624_020313,,deepseek-coder_6.7b:rules:C007_wrong_column_guard,deepseek-coder_6.7b,,
time_series.png,initial,experiments/05_choropleth_reliability_benchmark/outputs/runs/deepseek-coder_6.7b/rules/deepseek-coder_6.7b_rules_C007_wrong_column_guard_20260624_020313/time_series.png,0,,,,False,,,,time_series_png,,,,missing_or_empty,False,experiments/05_choropleth_reliability_benchmark/outputs/runs/deepseek-coder_6.7b/rules/deepseek-coder_6.7b_rules_C007_wrong_column_guard_20260624_020313,,deepseek-coder_6.7b:rules:C007_wrong_column_guard,deepseek-coder_6.7b,,
map_interactive.html,initial,experiments/05_choropleth_reliability_benchmark/outputs/runs/deepseek-coder_6.7b/rules/deepseek-coder_6.7b_rules_C007_wrong_column_guard_20260624_020313/map_interactive.html,0,,,,False,,missing,False,interactive_html,,,,missing_or_empty,False,experiments/05_choropleth_reliability_benchmark/outputs/runs/deepseek-coder_6.7b/rules/deepseek-coder_6.7b_rules_C007_wrong_column_guard_20260624_020313,,deepseek-coder_6.7b:rules:C007_wrong_column_guard,deepseek-coder_6.7b,,
map_static.png,initial,experiments/05_choropleth_reliability_benchmark/outputs/runs/deepseek-coder_6.7b/rules/deepseek-coder_6.7b_rules_C008_quantile_classes_20260624_020314/map_static.png,0,,,,False,,,,static_png,,,,missing_or_empty,False,experiments/05_choropleth_reliability_benchmark/outputs/runs/deepseek-coder_6.7b/rules/deepseek-coder_6.7b_rules_C008_quantile_classes_20260624_020314,,deepseek-coder_6.7b:rules:C008_quantile_classes,deepseek-coder_6.7b,,
time_series.png,initial,experiments/05_choropleth_reliability_benchmark/outputs/runs/deepseek-coder_6.7b/rules/deepseek-coder_6.7b_rules_C008_quantile_classes_20260624_020314/time_series.png,0,,,,False,,,,time_series_png,,,,missing_or_empty,False,experiments/05_choropleth_reliability_benchmark/outputs/runs/deepseek-coder_6.7b/rules/deepseek-coder_6.7b_rules_C008_quantile_classes_20260624_020314,,deepseek-coder_6.7b:rules:C008_quantile_classes,deepseek-coder_6.7b,,
map_interactive.html,initial,experiments/05_choropleth_reliability_benchmark/outputs/runs/deepseek-coder_6.7b/rules/deepseek-coder_6.7b_rules_C008_quantile_classes_20260624_020314/map_interactive.html,0,,,,False,,missing,False,interactive_html,,,,missing_or_empty,False,experiments/05_choropleth_reliability_benchmark/outputs/runs/deepseek-coder_6.7b/rules/deepseek-coder_6.7b_rules_C008_quantile_classes_20260624_020314,,deepseek-coder_6.7b:rules:C008_quantile_classes,deepseek-coder_6.7b,,
map_static.png,initial,experiments/05_choropleth_reliability_benchmark/outputs/runs/deepseek-coder_6.7b/rules/deepseek-coder_6.7b_rules_C009_colorblind_safe_20260624_020314/map_static.png,0,,,,False,,,,static_png,,,,missing_or_empty,False,experiments/05_choropleth_reliability_benchmark/outputs/runs/deepseek-coder_6.7b/rules/deepseek-coder_6.7b_rules_C009_colorblind_safe_20260624_020314,,deepseek-coder_6.7b:rules:C009_colorblind_safe,deepseek-coder_6.7b,,
time_series.png,initial,experiments/05_choropleth_reliability_benchmark/outputs/runs/deepseek-coder_6.7b/rules/deepseek-coder_6.7b_rules_C009_colorblind_safe_20260624_020314/time_series.png,0,,,,False,,,,time_series_png,,,,missing_or_empty,False,experiments/05_choropleth_reliability_benchmark/outputs/runs/deepseek-coder_6.7b/rules/deepseek-coder_6.7b_rules_C009_colorblind_safe_20260624_020314,,deepseek-coder_6.7b:rules:C009_colorblind_safe,deepseek-coder_6.7b,,
map_interactive.html,initial,experiments/05_choropleth_reliability_benchmark/outputs/runs/deepseek-coder_6.7b/rules/deepseek-coder_6.7b_rules_C009_colorblind_safe_20260624_020314/map_interactive.html,0,,,,False,,missing,False,interactive_html,,,,missing_or_empty,False,experiments/05_choropleth_reliability_benchmark/outputs/runs/deepseek-coder_6.7b/rules/deepseek-coder_6.7b_rules_C009_colorblind_safe_20260624_020314,,deepseek-coder_6.7b:rules:C009_colorblind_safe,deepseek-coder_6.7b,,
map_static.png,initial,experiments/05_choropleth_reliability_benchmark/outputs/runs/deepseek-coder_6.7b/rules/deepseek-coder_6.7b_rules_C010_interactive_tooltips_20260624_020315/map_static.png,0,,,,False,,,,static_png,,,,missing_or_empty,False,experiments/05_choropleth_reliability_benchmark/outputs/runs/deepseek-coder_6.7b/rules/deepseek-coder_6.7b_rules_C010_interactive_tooltips_20260624_020315,,deepseek-coder_6.7b:rules:C010_interactive_tooltips,deepseek-coder_6.7b,,
time_series.png,initial,experiments/05_choropleth_reliability_benchmark/outputs/runs/deepseek-coder_6.7b/rules/deepseek-coder_6.7b_rules_C010_interactive_tooltips_20260624_020315/time_series.png,0,,,,False,,,,time_series_png,,,,missing_or_empty,False,experiments/05_choropleth_reliability_benchmark/outputs/runs/deepseek-coder_6.7b/rules/deepseek-coder_6.7b_rules_C010_interactive_tooltips_20260624_020315,,deepseek-coder_6.7b:rules:C010_interactive_tooltips,deepseek-coder_6.7b,,
map_interactive.html,initial,experiments/05_choropleth_reliability_benchmark/outputs/runs/deepseek-coder_6.7b/rules/deepseek-coder_6.7b_rules_C010_interactive_tooltips_20260624_020315/map_interactive.html,0,,,,False,,missing,False,interactive_html,,,,missing_or_empty,False,experiments/05_choropleth_reliability_benchmark/outputs/runs/deepseek-coder_6.7b/rules/deepseek-coder_6.7b_rules_C010_interactive_tooltips_20260624_020315,,deepseek-coder_6.7b:rules:C010_interactive_tooltips,deepseek-coder_6.7b,,
map_static.png,initial,experiments/05_choropleth_reliability_benchmark/outputs/runs/deepseek-coder_6.7b/rules/deepseek-coder_6.7b_rules_C011_static_and_interactive_20260624_020315/map_static.png,0,,,,False,,,,static_png,,,,missing_or_empty,False,experiments/05_choropleth_reliability_benchmark/outputs/runs/deepseek-coder_6.7b/rules/deepseek-coder_6.7b_rules_C011_static_and_interactive_20260624_020315,,deepseek-coder_6.7b:rules:C011_static_and_interactive,deepseek-coder_6.7b,,
time_series.png,initial,experiments/05_choropleth_reliability_benchmark/outputs/runs/deepseek-coder_6.7b/rules/deepseek-coder_6.7b_rules_C011_static_and_interactive_20260624_020315/time_series.png,0,,,,False,,,,time_series_png,,,,missing_or_empty,False,experiments/05_choropleth_reliability_benchmark/outputs/runs/deepseek-coder_6.7b/rules/deepseek-coder_6.7b_rules_C011_static_and_interactive_20260624_020315,,deepseek-coder_6.7b:rules:C011_static_and_interactive,deepseek-coder_6.7b,,
map_interactive.html,initial,experiments/05_choropleth_reliability_benchmark/outputs/runs/deepseek-coder_6.7b/rules/deepseek-coder_6.7b_rules_C011_static_and_interactive_20260624_020315/map_interactive.html,0,,,,False,,missing,False,interactive_html,,,,missing_or_empty,False,experiments/05_choropleth_reliability_benchmark/outputs/runs/deepseek-coder_6.7b/rules/deepseek-coder_6.7b_rules_C011_static_and_interactive_20260624_020315,,deepseek-coder_6.7b:rules:C011_static_and_interactive,deepseek-coder_6.7b,,
map_static.png,initial,experiments/05_choropleth_reliability_benchmark/outputs/runs/deepseek-coder_6.7b/rules/deepseek-coder_6.7b_rules_C012_time_series_report_20260624_020316/map_static.png,0,,,,False,,,,static_png,,,,missing_or_empty,False,experiments/05_choropleth_reliability_benchmark/outputs/runs/deepseek-coder_6.7b/rules/deepseek-coder_6.7b_rules_C012_time_series_report_20260624_020316,,deepseek-coder_6.7b:rules:C012_time_series_report,deepseek-coder_6.7b,,
time_series.png,initial,experiments/05_choropleth_reliability_benchmark/outputs/runs/deepseek-coder_6.7b/rules/deepseek-coder_6.7b_rules_C012_time_series_report_20260624_020316/time_series.png,0,,,,False,,,,time_series_png,,,,missing_or_empty,False,experiments/05_choropleth_reliability_benchmark/outputs/runs/deepseek-coder_6.7b/rules/deepseek-coder_6.7b_rules_C012_time_series_report_20260624_020316,,deepseek-coder_6.7b:rules:C012_time_series_report,deepseek-coder_6.7b,,
map_interactive.html,initial,experiments/05_choropleth_reliability_benchmark/outputs/runs/deepseek-coder_6.7b/rules/deepseek-coder_6.7b_rules_C012_time_series_report_20260624_020316/map_interactive.html,0,,,,False,,missing,False,interactive_html,,,,missing_or_empty,False,experiments/05_choropleth_reliability_benchmark/outputs/runs/deepseek-coder_6.7b/rules/deepseek-coder_6.7b_rules_C012_time_series_report_20260624_020316,,deepseek-coder_6.7b:rules:C012_time_series_report,deepseek-coder_6.7b,,
map_static.png,repair,experiments/05_choropleth_reliability_benchmark/outputs/runs/deepseek-coder_6.7b/basic/deepseek-coder_6.7b_basic_C001_static_burned_area_20260624_032601/map_static.png,0,,,,False,,,,static_png,,,,missing_or_empty,False,experiments/05_choropleth_reliability_benchmark/outputs/runs/deepseek-coder_6.7b/basic/deepseek-coder_6.7b_basic_C001_static_burned_area_20260624_032601,,repair_qwen2.5-coder_32b:deepseek-coder_6.7b:basic:C001_static_burned_area,repair_qwen2.5-coder_32b,,
time_series.png,repair,experiments/05_choropleth_reliability_benchmark/outputs/runs/deepseek-coder_6.7b/basic/deepseek-coder_6.7b_basic_C001_static_burned_area_20260624_032601/time_series.png,0,,,,False,,,,time_series_png,,,,missing_or_empty,False,experiments/05_choropleth_reliability_benchmark/outputs/runs/deepseek-coder_6.7b/basic/deepseek-coder_6.7b_basic_C001_static_burned_area_20260624_032601,,repair_qwen2.5-coder_32b:deepseek-coder_6.7b:basic:C001_static_burned_area,repair_qwen2.5-coder_32b,,
map_interactive.html,repair,experiments/05_choropleth_reliability_benchmark/outputs/runs/deepseek-coder_6.7b/basic/deepseek-coder_6.7b_basic_C001_static_burned_area_20260624_032601/map_interactive.html,0,,,,False,,missing,False,interactive_html,,,,missing_or_empty,False,experiments/05_choropleth_reliability_benchmark/outputs/runs/deepseek-coder_6.7b/basic/deepseek-coder_6.7b_basic_C001_static_burned_area_20260624_032601,,repair_qwen2.5-coder_32b:deepseek-coder_6.7b:basic:C001_static_burned_area,repair_qwen2.5-coder_32b,,
map_static.png,repair,experiments/05_choropleth_reliability_benchmark/outputs/runs/deepseek-coder_6.7b/basic/deepseek-coder_6.7b_basic_C002_static_number_fires_20260624_032603/map_static.png,0,,,,False,,,,static_png,,,,missing_or_empty,False,experiments/05_choropleth_reliability_benchmark/outputs/runs/deepseek-coder_6.7b/basic/deepseek-coder_6.7b_basic_C002_static_number_fires_20260624_032603,,repair_qwen2.5-coder_32b:deepseek-coder_6.7b:basic:C002_static_number_fires,repair_qwen2.5-coder_32b,,
time_series.png,repair,experiments/05_choropleth_reliability_benchmark/outputs/runs/deepseek-coder_6.7b/basic/deepseek-coder_6.7b_basic_C002_static_number_fires_20260624_032603/time_series.png,0,,,,False,,,,time_series_png,,,,missing_or_empty,False,experiments/05_choropleth_reliability_benchmark/outputs/runs/deepseek-coder_6.7b/basic/deepseek-coder_6.7b_basic_C002_static_number_fires_20260624_032603,,repair_qwen2.5-coder_32b:deepseek-coder_6.7b:basic:C002_static_number_fires,repair_qwen2.5-coder_32b,,
map_interactive.html,repair,experiments/05_choropleth_reliability_benchmark/outputs/runs/deepseek-coder_6.7b/basic/deepseek-coder_6.7b_basic_C002_static_number_fires_20260624_032603/map_interactive.html,0,,,,False,,missing,False,interactive_html,,,,missing_or_empty,False,experiments/05_choropleth_reliability_benchmark/outputs/runs/deepseek-coder_6.7b/basic/deepseek-coder_6.7b_basic_C002_static_number_fires_20260624_032603,,repair_qwen2.5-coder_32b:deepseek-coder_6.7b:basic:C002_static_number_fires,repair_qwen2.5-coder_32b,,
map_static.png,repair,experiments/05_choropleth_reliability_benchmark/outputs/runs/deepseek-coder_6.7b/basic/deepseek-coder_6.7b_basic_C003_static_full_layout_20260624_032603/map_static.png,39395,0.0100,255,9.444,True,480,,,static_png,242.390,0.9914,0.1466,,True,experiments/05_choropleth_reliability_benchmark/outputs/runs/deepseek-coder_6.7b/basic/deepseek-coder_6.7b_basic_C003_static_full_layout_20260624_032603,,repair_qwen2.5-coder_32b:deepseek-coder_6.7b:basic:C003_static_full_layout,repair_qwen2.5-coder_32b,39,640
time_series.png,repair,experiments/05_choropleth_reliability_benchmark/outputs/runs/deepseek-coder_6.7b/basic/deepseek-coder_6.7b_basic_C003_static_full_layout_20260624_032603/time_series.png,0,,,,False,,,,time_series_png,,,,missing_or_empty,False,experiments/05_choropleth_reliability_benchmark/outputs/runs/deepseek-coder_6.7b/basic/deepseek-coder_6.7b_basic_C003_static_full_layout_20260624_032603,,repair_qwen2.5-coder_32b:deepseek-coder_6.7b:basic:C003_static_full_layout,repair_qwen2.5-coder_32b,,
map_interactive.html,repair,experiments/05_choropleth_reliability_benchmark/outputs/runs/deepseek-coder_6.7b/basic/deepseek-coder_6.7b_basic_C003_static_full_layout_20260624_032603/map_interactive.html,0,,,,False,,missing,False,interactive_html,,,,missing_or_empty,False,experiments/05_choropleth_reliability_benchmark/outputs/runs/deepseek-coder_6.7b/basic/deepseek-coder_6.7b_basic_C003_static_full_layout_20260624_032603,,repair_qwen2.5-coder_32b:deepseek-coder_6.7b:basic:C003_static_full_layout,repair_qwen2.5-coder_32b,,
map_static.png,repair,experiments/05_choropleth_reliability_benchmark/outputs/runs/deepseek-coder_6.7b/basic/deepseek-coder_6.7b_basic_C004_missing_crs_repair_20260624_032606/map_static.png,0,,,,False,,,,static_png,,,,missing_or_empty,False,experiments/05_choropleth_reliability_benchmark/outputs/runs/deepseek-coder_6.7b/basic/deepseek-coder_6.7b_basic_C004_missing_crs_repair_20260624_032606,,repair_qwen2.5-coder_32b:deepseek-coder_6.7b:basic:C004_missing_crs_repair,repair_qwen2.5-coder_32b,,
time_series.png,repair,experiments/05_choropleth_reliability_benchmark/outputs/runs/deepseek-coder_6.7b/basic/deepseek-coder_6.7b_basic_C004_missing_crs_repair_20260624_032606/time_series.png,0,,,,False,,,,time_series_png,,,,missing_or_empty,False,experiments/05_choropleth_reliability_benchmark/outputs/runs/deepseek-coder_6.7b/basic/deepseek-coder_6.7b_basic_C004_missing_crs_repair_20260624_032606,,repair_qwen2.5-coder_32b:deepseek-coder_6.7b:basic:C004_missing_crs_repair,repair_qwen2.5-coder_32b,,
map_interactive.html,repair,experiments/05_choropleth_reliability_benchmark/outputs/runs/deepseek-coder_6.7b/basic/deepseek-coder_6.7b_basic_C004_missing_crs_repair_20260624_032606/map_interactive.html,0,,,,False,,missing,False,interactive_html,,,,missing_or_empty,False,experiments/05_choropleth_reliability_benchmark/outputs/runs/deepseek-coder_6.7b/basic/deepseek-coder_6.7b_basic_C004_missing_crs_repair_20260624_032606,,repair_qwen2.5-coder_32b:deepseek-coder_6.7b:basic:C004_missing_crs_repair,repair_qwen2.5-coder_32b,,
map_static.png,repair,experiments/05_choropleth_reliability_benchmark/outputs/runs/deepseek-coder_6.7b/basic/deepseek-coder_6.7b_basic_C005_geometry_repair_20260624_032606/map_static.png,73779,0.0091,255,6.251,True,800,,,static_png,243.322,0.9939,0.1177,,True,experiments/05_choropleth_reliability_benchmark/outputs/runs/deepseek-coder_6.7b/basic/deepseek-coder_6.7b_basic_C005_geometry_repair_20260624_032606,,repair_qwen2.5-coder_32b:deepseek-coder_6.7b:basic:C005_geometry_repair,repair_qwen2.5-coder_32b,54,1000
time_series.png,repair,experiments/05_choropleth_reliability_benchmark/outputs/runs/deepseek-coder_6.7b/basic/deepseek-coder_6.7b_basic_C005_geometry_repair_20260624_032606/time_series.png,0,,,,False,,,,time_series_png,,,,missing_or_empty,False,experiments/05_choropleth_reliability_benchmark/outputs/runs/deepseek-coder_6.7b/basic/deepseek-coder_6.7b_basic_C005_geometry_repair_20260624_032606,,repair_qwen2.5-coder_32b:deepseek-coder_6.7b:basic:C005_geometry_repair,repair_qwen2.5-coder_32b,,
map_interactive.html,repair,experiments/05_choropleth_reliability_benchmark/outputs/runs/deepseek-coder_6.7b/basic/deepseek-coder_6.7b_basic_C005_geometry_repair_20260624_032606/map_interactive.html,0,,,,False,,missing,False,interactive_html,,,,missing_or_empty,False,experiments/05_choropleth_reliability_benchmark/outputs/runs/deepseek-coder_6.7b/basic/deepseek-coder_6.7b_basic_C005_geometry_repair_20260624_032606,,repair_qwen2.5-coder_32b:deepseek-coder_6.7b:basic:C005_geometry_repair,repair_qwen2.5-coder_32b,,
map_static.png,repair,experiments/05_choropleth_reliability_benchmark/outputs/runs/deepseek-coder_6.7b/basic/deepseek-coder_6.7b_basic_C006_join_diagnostics_20260624_032610/map_static.png,0,,,,False,,,,static_png,,,,missing_or_empty,False,experiments/05_choropleth_reliability_benchmark/outputs/runs/deepseek-coder_6.7b/basic/deepseek-coder_6.7b_basic_C006_join_diagnostics_20260624_032610,,repair_qwen2.5-coder_32b:deepseek-coder_6.7b:basic:C006_join_diagnostics,repair_qwen2.5-coder_32b,,
time_series.png,repair,experiments/05_choropleth_reliability_benchmark/outputs/runs/deepseek-coder_6.7b/basic/deepseek-coder_6.7b_basic_C006_join_diagnostics_20260624_032610/time_series.png,0,,,,False,,,,time_series_png,,,,missing_or_empty,False,experiments/05_choropleth_reliability_benchmark/outputs/runs/deepseek-coder_6.7b/basic/deepseek-coder_6.7b_basic_C006_join_diagnostics_20260624_032610,,repair_qwen2.5-coder_32b:deepseek-coder_6.7b:basic:C006_join_diagnostics,repair_qwen2.5-coder_32b,,
map_interactive.html,repair,experiments/05_choropleth_reliability_benchmark/outputs/runs/deepseek-coder_6.7b/basic/deepseek-coder_6.7b_basic_C006_join_diagnostics_20260624_032610/map_interactive.html,0,,,,False,,missing,False,interactive_html,,,,missing_or_empty,False,experiments/05_choropleth_reliability_benchmark/outputs/runs/deepseek-coder_6.7b/basic/deepseek-coder_6.7b_basic_C006_join_diagnostics_20260624_032610,,repair_qwen2.5-coder_32b:deepseek-coder_6.7b:basic:C006_join_diagnostics,repair_qwen2.5-coder_32b,,
map_static.png,repair,experiments/05_choropleth_reliability_benchmark/outputs/runs/deepseek-coder_6.7b/basic/deepseek-coder_6.7b_basic_C007_wrong_column_guard_20260624_032610/map_static.png,0,,,,False,,,,static_png,,,,missing_or_empty,False,experiments/05_choropleth_reliability_benchmark/outputs/runs/deepseek-coder_6.7b/basic/deepseek-coder_6.7b_basic_C007_wrong_column_guard_20260624_032610,,repair_qwen2.5-coder_32b:deepseek-coder_6.7b:basic:C007_wrong_column_guard,repair_qwen2.5-coder_32b,,
time_series.png,repair,experiments/05_choropleth_reliability_benchmark/outputs/runs/deepseek-coder_6.7b/basic/deepseek-coder_6.7b_basic_C007_wrong_column_guard_20260624_032610/time_series.png,0,,,,False,,,,time_series_png,,,,missing_or_empty,False,experiments/05_choropleth_reliability_benchmark/outputs/runs/deepseek-coder_6.7b/basic/deepseek-coder_6.7b_basic_C007_wrong_column_guard_20260624_032610,,repair_qwen2.5-coder_32b:deepseek-coder_6.7b:basic:C007_wrong_column_guard,repair_qwen2.5-coder_32b,,
map_interactive.html,repair,experiments/05_choropleth_reliability_benchmark/outputs/runs/deepseek-coder_6.7b/basic/deepseek-coder_6.7b_basic_C007_wrong_column_guard_20260624_032610/map_interactive.html,0,,,,False,,missing,False,interactive_html,,,,missing_or_empty,False,experiments/05_choropleth_reliability_benchmark/outputs/runs/deepseek-coder_6.7b/basic/deepseek-coder_6.7b_basic_C007_wrong_column_guard_20260624_032610,,repair_qwen2.5-coder_32b:deepseek-coder_6.7b:basic:C007_wrong_column_guard,repair_qwen2.5-coder_32b,,
map_static.png,repair,experiments/05_choropleth_reliability_benchmark/outputs/runs/deepseek-coder_6.7b/basic/deepseek-coder_6.7b_basic_C008_quantile_classes_20260624_032611/map_static.png,0,,,,False,,,,static_png,,,,missing_or_empty,False,experiments/05_choropleth_reliability_benchmark/outputs/runs/deepseek-coder_6.7b/basic/deepseek-coder_6.7b_basic_C008_quantile_classes_20260624_032611,,repair_qwen2.5-coder_32b:deepseek-coder_6.7b:basic:C008_quantile_classes,repair_qwen2.5-coder_32b,,
time_series.png,repair,experiments/05_choropleth_reliability_benchmark/outputs/runs/deepseek-coder_6.7b/basic/deepseek-coder_6.7b_basic_C008_quantile_classes_20260624_032611/time_series.png,0,,,,False,,,,time_series_png,,,,missing_or_empty,False,experiments/05_choropleth_reliability_benchmark/outputs/runs/deepseek-coder_6.7b/basic/deepseek-coder_6.7b_basic_C008_quantile_classes_20260624_032611,,repair_qwen2.5-coder_32b:deepseek-coder_6.7b:basic:C008_quantile_classes,repair_qwen2.5-coder_32b,,
map_interactive.html,repair,experiments/05_choropleth_reliability_benchmark/outputs/runs/deepseek-coder_6.7b/basic/deepseek-coder_6.7b_basic_C008_quantile_classes_20260624_032611/map_interactive.html,0,,,,False,,missing,False,interactive_html,,,,missing_or_empty,False,experiments/05_choropleth_reliability_benchmark/outputs/runs/deepseek-coder_6.7b/basic/deepseek-coder_6.7b_basic_C008_quantile_classes_20260624_032611,,repair_qwen2.5-coder_32b:deepseek-coder_6.7b:basic:C008_quantile_classes,repair_qwen2.5-coder_32b,,
map_static.png,repair,experiments/05_choropleth_reliability_benchmark/outputs/runs/deepseek-coder_6.7b/basic/deepseek-coder_6.7b_basic_C009_colorblind_safe_20260624_032611/map_static.png,0,,,,False,,,,static_png,,,,missing_or_empty,False,experiments/05_choropleth_reliability_benchmark/outputs/runs/deepseek-coder_6.7b/basic/deepseek-coder_6.7b_basic_C009_colorblind_safe_20260624_032611,,repair_qwen2.5-coder_32b:deepseek-coder_6.7b:basic:C009_colorblind_safe,repair_qwen2.5-coder_32b,,
time_series.png,repair,experiments/05_choropleth_reliability_benchmark/outputs/runs/deepseek-coder_6.7b/basic/deepseek-coder_6.7b_basic_C009_colorblind_safe_20260624_032611/time_series.png,0,,,,False,,,,time_series_png,,,,missing_or_empty,False,experiments/05_choropleth_reliability_benchmark/outputs/runs/deepseek-coder_6.7b/basic/deepseek-coder_6.7b_basic_C009_colorblind_safe_20260624_032611,,repair_qwen2.5-coder_32b:deepseek-coder_6.7b:basic:C009_colorblind_safe,repair_qwen2.5-coder_32b,,
map_interactive.html,repair,experiments/05_choropleth_reliability_benchmark/outputs/runs/deepseek-coder_6.7b/basic/deepseek-coder_6.7b_basic_C009_colorblind_safe_20260624_032611/map_interactive.html,0,,,,False,,missing,False,interactive_html,,,,missing_or_empty,False,experiments/05_choropleth_reliability_benchmark/outputs/runs/deepseek-coder_6.7b/basic/deepseek-coder_6.7b_basic_C009_colorblind_safe_20260624_032611,,repair_qwen2.5-coder_32b:deepseek-coder_6.7b:basic:C009_colorblind_safe,repair_qwen2.5-coder_32b,,
map_static.png,repair,experiments/05_choropleth_reliability_benchmark/outputs/runs/deepseek-coder_6.7b/basic/deepseek-coder_6.7b_basic_C010_interactive_tooltips_20260624_032611/map_static.png,0,,,,False,,,,static_png,,,,missing_or_empty,False,experiments/05_choropleth_reliability_benchmark/outputs/runs/deepseek-coder_6.7b/basic/deepseek-coder_6.7b_basic_C010_interactive_tooltips_20260624_032611,,repair_qwen2.5-coder_32b:deepseek-coder_6.7b:basic:C010_interactive_tooltips,repair_qwen2.5-coder_32b,,
time_series.png,repair,experiments/05_choropleth_reliability_benchmark/outputs/runs/deepseek-coder_6.7b/basic/deepseek-coder_6.7b_basic_C010_interactive_tooltips_20260624_032611/time_series.png,0,,,,False,,,,time_series_png,,,,missing_or_empty,False,experiments/05_choropleth_reliability_benchmark/outputs/runs/deepseek-coder_6.7b/basic/deepseek-coder_6.7b_basic_C010_interactive_tooltips_20260624_032611,,repair_qwen2.5-coder_32b:deepseek-coder_6.7b:basic:C010_interactive_tooltips,repair_qwen2.5-coder_32b,,
map_interactive.html,repair,experiments/05_choropleth_reliability_benchmark/outputs/runs/deepseek-coder_6.7b/basic/deepseek-coder_6.7b_basic_C010_interactive_tooltips_20260624_032611/map_interactive.html,0,,,,False,,missing,False,interactive_html,,,,missing_or_empty,False,experiments/05_choropleth_reliability_benchmark/outputs/runs/deepseek-coder_6.7b/basic/deepseek-coder_6.7b_basic_C010_interactive_tooltips_20260624_032611,,repair_qwen2.5-coder_32b:deepseek-coder_6.7b:basic:C010_interactive_tooltips,repair_qwen2.5-coder_32b,,
map_static.png,repair,experiments/05_choropleth_reliability_benchmark/outputs/runs/deepseek-coder_6.7b/rules/deepseek-coder_6.7b_rules_C001_static_burned_area_20260624_032612/map_static.png,94058,0.0118,255,3.519,True,1440,,,static_png,247.587,0.9888,0.0491,,True,experiments/05_choropleth_reliability_benchmark/outputs/runs/deepseek-coder_6.7b/rules/deepseek-coder_6.7b_rules_C001_static_burned_area_20260624_032612,,repair_qwen2.5-coder_32b:deepseek-coder_6.7b:rules:C001_static_burned_area,repair_qwen2.5-coder_32b,20,1920
time_series.png,repair,experiments/05_choropleth_reliability_benchmark/outputs/runs/deepseek-coder_6.7b/rules/deepseek-coder_6.7b_rules_C001_static_burned_area_20260624_032612/time_series.png,0,,,,False,,,,time_series_png,,,,missing_or_empty,False,experiments/05_choropleth_reliability_benchmark/outputs/runs/deepseek-coder_6.7b/rules/deepseek-coder_6.7b_rules_C001_static_burned_area_20260624_032612,,repair_qwen2.5-coder_32b:deepseek-coder_6.7b:rules:C001_static_burned_area,repair_qwen2.5-coder_32b,,
map_interactive.html,repair,experiments/05_choropleth_reliability_benchmark/outputs/runs/deepseek-coder_6.7b/rules/deepseek-coder_6.7b_rules_C001_static_burned_area_20260624_032612/map_interactive.html,0,,,,False,,missing,False,interactive_html,,,,missing_or_empty,False,experiments/05_choropleth_reliability_benchmark/outputs/runs/deepseek-coder_6.7b/rules/deepseek-coder_6.7b_rules_C001_static_burned_area_20260624_032612,,repair_qwen2.5-coder_32b:deepseek-coder_6.7b:rules:C001_static_burned_area,repair_qwen2.5-coder_32b,,
map_static.png,repair,experiments/05_choropleth_reliability_benchmark/outputs/runs/deepseek-coder_6.7b/rules/deepseek-coder_6.7b_rules_C002_static_number_fires_20260624_032613/map_static.png,0,,,,False,,,,static_png,,,,missing_or_empty,False,experiments/05_choropleth_reliability_benchmark/outputs/runs/deepseek-coder_6.7b/rules/deepseek-coder_6.7b_rules_C002_static_number_fires_20260624_032613,,repair_qwen2.5-coder_32b:deepseek-coder_6.7b:rules:C002_static_number_fires,repair_qwen2.5-coder_32b,,
time_series.png,repair,experiments/05_choropleth_reliability_benchmark/outputs/runs/deepseek-coder_6.7b/rules/deepseek-coder_6.7b_rules_C002_static_number_fires_20260624_032613/time_series.png,0,,,,False,,,,time_series_png,,,,missing_or_empty,False,experiments/05_choropleth_reliability_benchmark/outputs/runs/deepseek-coder_6.7b/rules/deepseek-coder_6.7b_rules_C002_static_number_fires_20260624_032613,,repair_qwen2.5-coder_32b:deepseek-coder_6.7b:rules:C002_static_number_fires,repair_qwen2.5-coder_32b,,
map_interactive.html,repair,experiments/05_choropleth_reliability_benchmark/outputs/runs/deepseek-coder_6.7b/rules/deepseek-coder_6.7b_rules_C002_static_number_fires_20260624_032613/map_interactive.html,0,,,,False,,missing,False,interactive_html,,,,missing_or_empty,False,experiments/05_choropleth_reliability_benchmark/outputs/runs/deepseek-coder_6.7b/rules/deepseek-coder_6.7b_rules_C002_static_number_fires_20260624_032613,,repair_qwen2.5-coder_32b:deepseek-coder_6.7b:rules:C002_static_number_fires,repair_qwen2.5-coder_32b,,
map_static.png,repair,experiments/05_choropleth_reliability_benchmark/outputs/runs/deepseek-coder_6.7b/rules/deepseek-coder_6.7b_rules_C003_static_full_layout_20260624_032615/map_static.png,0,,,,False,,,,static_png,,,,missing_or_empty,False,experiments/05_choropleth_reliability_benchmark/outputs/runs/deepseek-coder_6.7b/rules/deepseek-coder_6.7b_rules_C003_static_full_layout_20260624_032615,,repair_qwen2.5-coder_32b:deepseek-coder_6.7b:rules:C003_static_full_layout,repair_qwen2.5-coder_32b,,
time_series.png,repair,experiments/05_choropleth_reliability_benchmark/outputs/runs/deepseek-coder_6.7b/rules/deepseek-coder_6.7b_rules_C003_static_full_layout_20260624_032615/time_series.png,0,,,,False,,,,time_series_png,,,,missing_or_empty,False,experiments/05_choropleth_reliability_benchmark/outputs/runs/deepseek-coder_6.7b/rules/deepseek-coder_6.7b_rules_C003_static_full_layout_20260624_032615,,repair_qwen2.5-coder_32b:deepseek-coder_6.7b:rules:C003_static_full_layout,repair_qwen2.5-coder_32b,,
map_interactive.html,repair,experiments/05_choropleth_reliability_benchmark/outputs/runs/deepseek-coder_6.7b/rules/deepseek-coder_6.7b_rules_C003_static_full_layout_20260624_032615/map_interactive.html,0,,,,False,,missing,False,interactive_html,,,,missing_or_empty,False,experiments/05_choropleth_reliability_benchmark/outputs/runs/deepseek-coder_6.7b/rules/deepseek-coder_6.7b_rules_C003_static_full_layout_20260624_032615,,repair_qwen2.5-coder_32b:deepseek-coder_6.7b:rules:C003_static_full_layout,repair_qwen2.5-coder_32b,,
map_static.png,repair,experiments/05_choropleth_reliability_benchmark/outputs/runs/deepseek-coder_6.7b/rules/deepseek-coder_6.7b_rules_C004_missing_crs_repair_20260624_032616/map_static.png,0,,,,False,,,,static_png,,,,missing_or_empty,False,experiments/05_choropleth_reliability_benchmark/outputs/runs/deepseek-coder_6.7b/rules/deepseek-coder_6.7b_rules_C004_missing_crs_repair_20260624_032616,,repair_qwen2.5-coder_32b:deepseek-coder_6.7b:rules:C004_missing_crs_repair,repair_qwen2.5-coder_32b,,
time_series.png,repair,experiments/05_choropleth_reliability_benchmark/outputs/runs/deepseek-coder_6.7b/rules/deepseek-coder_6.7b_rules_C004_missing_crs_repair_20260624_032616/time_series.png,0,,,,False,,,,time_series_png,,,,missing_or_empty,False,experiments/05_choropleth_reliability_benchmark/outputs/runs/deepseek-coder_6.7b/rules/deepseek-coder_6.7b_rules_C004_missing_crs_repair_20260624_032616,,repair_qwen2.5-coder_32b:deepseek-coder_6.7b:rules:C004_missing_crs_repair,repair_qwen2.5-coder_32b,,
map_interactive.html,repair,experiments/05_choropleth_reliability_benchmark/outputs/runs/deepseek-coder_6.7b/rules/deepseek-coder_6.7b_rules_C004_missing_crs_repair_20260624_032616/map_interactive.html,0,,,,False,,missing,False,interactive_html,,,,missing_or_empty,False,experiments/05_choropleth_reliability_benchmark/outputs/runs/deepseek-coder_6.7b/rules/deepseek-coder_6.7b_rules_C004_missing_crs_repair_20260624_032616,,repair_qwen2.5-coder_32b:deepseek-coder_6.7b:rules:C004_missing_crs_repair,repair_qwen2.5-coder_32b,,
map_static.png,repair,experiments/05_choropleth_reliability_benchmark/outputs/runs/deepseek-coder_6.7b/rules/deepseek-coder_6.7b_rules_C005_geometry_repair_20260624_032616/map_static.png,0,,,,False,,,,static_png,,,,missing_or_empty,False,experiments/05_choropleth_reliability_benchmark/outputs/runs/deepseek-coder_6.7b/rules/deepseek-coder_6.7b_rules_C005_geometry_repair_20260624_032616,,repair_qwen2.5-coder_32b:deepseek-coder_6.7b:rules:C005_geometry_repair,repair_qwen2.5-coder_32b,,
time_series.png,repair,experiments/05_choropleth_reliability_benchmark/outputs/runs/deepseek-coder_6.7b/rules/deepseek-coder_6.7b_rules_C005_geometry_repair_20260624_032616/time_series.png,0,,,,False,,,,time_series_png,,,,missing_or_empty,False,experiments/05_choropleth_reliability_benchmark/outputs/runs/deepseek-coder_6.7b/rules/deepseek-coder_6.7b_rules_C005_geometry_repair_20260624_032616,,repair_qwen2.5-coder_32b:deepseek-coder_6.7b:rules:C005_geometry_repair,repair_qwen2.5-coder_32b,,
map_interactive.html,repair,experiments/05_choropleth_reliability_benchmark/outputs/runs/deepseek-coder_6.7b/rules/deepseek-coder_6.7b_rules_C005_geometry_repair_20260624_032616/map_interactive.html,0,,,,False,,missing,False,interactive_html,,,,missing_or_empty,False,experiments/05_choropleth_reliability_benchmark/outputs/runs/deepseek-coder_6.7b/rules/deepseek-coder_6.7b_rules_C005_geometry_repair_20260624_032616,,repair_qwen2.5-coder_32b:deepseek-coder_6.7b:rules:C005_geometry_repair,repair_qwen2.5-coder_32b,,
map_static.png,repair,experiments/05_choropleth_reliability_benchmark/outputs/runs/deepseek-coder_6.7b/rules/deepseek-coder_6.7b_rules_C006_join_diagnostics_20260624_032618/map_static.png,0,,,,False,,,,static_png,,,,missing_or_empty,False,experiments/05_choropleth_reliability_benchmark/outputs/runs/deepseek-coder_6.7b/rules/deepseek-coder_6.7b_rules_C006_join_diagnostics_20260624_032618,,repair_qwen2.5-coder_32b:deepseek-coder_6.7b:rules:C006_join_diagnostics,repair_qwen2.5-coder_32b,,
time_series.png,repair,experiments/05_choropleth_reliability_benchmark/outputs/runs/deepseek-coder_6.7b/rules/deepseek-coder_6.7b_rules_C006_join_diagnostics_20260624_032618/time_series.png,0,,,,False,,,,time_series_png,,,,missing_or_empty,False,experiments/05_choropleth_reliability_benchmark/outputs/runs/deepseek-coder_6.7b/rules/deepseek-coder_6.7b_rules_C006_join_diagnostics_20260624_032618,,repair_qwen2.5-coder_32b:deepseek-coder_6.7b:rules:C006_join_diagnostics,repair_qwen2.5-coder_32b,,
map_interactive.html,repair,experiments/05_choropleth_reliability_benchmark/outputs/runs/deepseek-coder_6.7b/rules/deepseek-coder_6.7b_rules_C006_join_diagnostics_20260624_032618/map_interactive.html,0,,,,False,,missing,False,interactive_html,,,,missing_or_empty,False,experiments/05_choropleth_reliability_benchmark/outputs/runs/deepseek-coder_6.7b/rules/deepseek-coder_6.7b_rules_C006_join_diagnostics_20260624_032618,,repair_qwen2.5-coder_32b:deepseek-coder_6.7b:rules:C006_join_diagnostics,repair_qwen2.5-coder_32b,,
map_static.png,repair,experiments/05_choropleth_reliability_benchmark/outputs/runs/deepseek-coder_6.7b/rules/deepseek-coder_6.7b_rules_C007_wrong_column_guard_20260624_032618/map_static.png,0,,,,False,,,,static_png,,,,missing_or_empty,False,experiments/05_choropleth_reliability_benchmark/outputs/runs/deepseek-coder_6.7b/rules/deepseek-coder_6.7b_rules_C007_wrong_column_guard_20260624_032618,,repair_qwen2.5-coder_32b:deepseek-coder_6.7b:rules:C007_wrong_column_guard,repair_qwen2.5-coder_32b,,
time_series.png,repair,experiments/05_choropleth_reliability_benchmark/outputs/runs/deepseek-coder_6.7b/rules/deepseek-coder_6.7b_rules_C007_wrong_column_guard_20260624_032618/time_series.png,0,,,,False,,,,time_series_png,,,,missing_or_empty,False,experiments/05_choropleth_reliability_benchmark/outputs/runs/deepseek-coder_6.7b/rules/deepseek-coder_6.7b_rules_C007_wrong_column_guard_20260624_032618,,repair_qwen2.5-coder_32b:deepseek-coder_6.7b:rules:C007_wrong_column_guard,repair_qwen2.5-coder_32b,,
map_interactive.html,repair,experiments/05_choropleth_reliability_benchmark/outputs/runs/deepseek-coder_6.7b/rules/deepseek-coder_6.7b_rules_C007_wrong_column_guard_20260624_032618/map_interactive.html,0,,,,False,,missing,False,interactive_html,,,,missing_or_empty,False,experiments/05_choropleth_reliability_benchmark/outputs/runs/deepseek-coder_6.7b/rules/deepseek-coder_6.7b_rules_C007_wrong_column_guard_20260624_032618,,repair_qwen2.5-coder_32b:deepseek-coder_6.7b:rules:C007_wrong_column_guard,repair_qwen2.5-coder_32b,,
map_static.png,repair,experiments/05_choropleth_reliability_benchmark/outputs/runs/deepseek-coder_6.7b/rules/deepseek-coder_6.7b_rules_C008_quantile_classes_20260624_032618/map_static.png,0,,,,False,,,,static_png,,,,missing_or_empty,False,experiments/05_choropleth_reliability_benchmark/outputs/runs/deepseek-coder_6.7b/rules/deepseek-coder_6.7b_rules_C008_quantile_classes_20260624_032618,,repair_qwen2.5-coder_32b:deepseek-coder_6.7b:rules:C008_quantile_classes,repair_qwen2.5-coder_32b,,
time_series.png,repair,experiments/05_choropleth_reliability_benchmark/outputs/runs/deepseek-coder_6.7b/rules/deepseek-coder_6.7b_rules_C008_quantile_classes_20260624_032618/time_series.png,0,,,,False,,,,time_series_png,,,,missing_or_empty,False,experiments/05_choropleth_reliability_benchmark/outputs/runs/deepseek-coder_6.7b/rules/deepseek-coder_6.7b_rules_C008_quantile_classes_20260624_032618,,repair_qwen2.5-coder_32b:deepseek-coder_6.7b:rules:C008_quantile_classes,repair_qwen2.5-coder_32b,,
map_interactive.html,repair,experiments/05_choropleth_reliability_benchmark/outputs/runs/deepseek-coder_6.7b/rules/deepseek-coder_6.7b_rules_C008_quantile_classes_20260624_032618/map_interactive.html,0,,,,False,,missing,False,interactive_html,,,,missing_or_empty,False,experiments/05_choropleth_reliability_benchmark/outputs/runs/deepseek-coder_6.7b/rules/deepseek-coder_6.7b_rules_C008_quantile_classes_20260624_032618,,repair_qwen2.5-coder_32b:deepseek-coder_6.7b:rules:C008_quantile_classes,repair_qwen2.5-coder_32b,,
map_static.png,repair,experiments/05_choropleth_reliability_benchmark/outputs/runs/deepseek-coder_6.7b/rules/deepseek-coder_6.7b_rules_C009_colorblind_safe_20260624_032621/map_static.png,0,,,,False,,,,static_png,,,,missing_or_empty,False,experiments/05_choropleth_reliability_benchmark/outputs/runs/deepseek-coder_6.7b/rules/deepseek-coder_6.7b_rules_C009_colorblind_safe_20260624_032621,,repair_qwen2.5-coder_32b:deepseek-coder_6.7b:rules:C009_colorblind_safe,repair_qwen2.5-coder_32b,,
time_series.png,repair,experiments/05_choropleth_reliability_benchmark/outputs/runs/deepseek-coder_6.7b/rules/deepseek-coder_6.7b_rules_C009_colorblind_safe_20260624_032621/time_series.png,0,,,,False,,,,time_series_png,,,,missing_or_empty,False,experiments/05_choropleth_reliability_benchmark/outputs/runs/deepseek-coder_6.7b/rules/deepseek-coder_6.7b_rules_C009_colorblind_safe_20260624_032621,,repair_qwen2.5-coder_32b:deepseek-coder_6.7b:rules:C009_colorblind_safe,repair_qwen2.5-coder_32b,,
map_interactive.html,repair,experiments/05_choropleth_reliability_benchmark/outputs/runs/deepseek-coder_6.7b/rules/deepseek-coder_6.7b_rules_C009_colorblind_safe_20260624_032621/map_interactive.html,0,,,,False,,missing,False,interactive_html,,,,missing_or_empty,False,experiments/05_choropleth_reliability_benchmark/outputs/runs/deepseek-coder_6.7b/rules/deepseek-coder_6.7b_rules_C009_colorblind_safe_20260624_032621,,repair_qwen2.5-coder_32b:deepseek-coder_6.7b:rules:C009_colorblind_safe,repair_qwen2.5-coder_32b,,
map_static.png,repair,experiments/05_choropleth_reliability_benchmark/outputs/runs/deepseek-coder_6.7b/rules/deepseek-coder_6.7b_rules_C010_interactive_tooltips_20260624_032623/map_static.png,0,,,,False,,,,static_png,,,,missing_or_empty,False,experiments/05_choropleth_reliability_benchmark/outputs/runs/deepseek-coder_6.7b/rules/deepseek-coder_6.7b_rules_C010_interactive_tooltips_20260624_032623,,repair_qwen2.5-coder_32b:deepseek-coder_6.7b:rules:C010_interactive_tooltips,repair_qwen2.5-coder_32b,,
time_series.png,repair,experiments/05_choropleth_reliability_benchmark/outputs/runs/deepseek-coder_6.7b/rules/deepseek-coder_6.7b_rules_C010_interactive_tooltips_20260624_032623/time_series.png,0,,,,False,,,,time_series_png,,,,missing_or_empty,False,experiments/05_choropleth_reliability_benchmark/outputs/runs/deepseek-coder_6.7b/rules/deepseek-coder_6.7b_rules_C010_interactive_tooltips_20260624_032623,,repair_qwen2.5-coder_32b:deepseek-coder_6.7b:rules:C010_interactive_tooltips,repair_qwen2.5-coder_32b,,
map_interactive.html,repair,experiments/05_choropleth_reliability_benchmark/outputs/runs/deepseek-coder_6.7b/rules/deepseek-coder_6.7b_rules_C010_interactive_tooltips_20260624_032623/map_interactive.html,0,,,,False,,missing,False,interactive_html,,,,missing_or_empty,False,experiments/05_choropleth_reliability_benchmark/outputs/runs/deepseek-coder_6.7b/rules/deepseek-coder_6.7b_rules_C010_interactive_tooltips_20260624_032623,,repair_qwen2.5-coder_32b:deepseek-coder_6.7b:rules:C010_interactive_tooltips,repair_qwen2.5-coder_32b,,
map_static.png,repair,experiments/05_choropleth_reliability_benchmark/outputs/runs/deepseek-coder_6.7b/rules/deepseek-coder_6.7b_rules_C011_static_and_interactive_20260624_032625/map_static.png,0,,,,False,,,,static_png,,,,missing_or_empty,False,experiments/05_choropleth_reliability_benchmark/outputs/runs/deepseek-coder_6.7b/rules/deepseek-coder_6.7b_rules_C011_static_and_interactive_20260624_032625,,repair_qwen2.5-coder_32b:deepseek-coder_6.7b:rules:C011_static_and_interactive,repair_qwen2.5-coder_32b,,
time_series.png,repair,experiments/05_choropleth_reliability_benchmark/outputs/runs/deepseek-coder_6.7b/rules/deepseek-coder_6.7b_rules_C011_static_and_interactive_20260624_032625/time_series.png,0,,,,False,,,,time_series_png,,,,missing_or_empty,False,experiments/05_choropleth_reliability_benchmark/outputs/runs/deepseek-coder_6.7b/rules/deepseek-coder_6.7b_rules_C011_static_and_interactive_20260624_032625,,repair_qwen2.5-coder_32b:deepseek-coder_6.7b:rules:C011_static_and_interactive,repair_qwen2.5-coder_32b,,
map_interactive.html,repair,experiments/05_choropleth_reliability_benchmark/outputs/runs/deepseek-coder_6.7b/rules/deepseek-coder_6.7b_rules_C011_static_and_interactive_20260624_032625/map_interactive.html,0,,,,False,,missing,False,interactive_html,,,,missing_or_empty,False,experiments/05_choropleth_reliability_benchmark/outputs/runs/deepseek-coder_6.7b/rules/deepseek-coder_6.7b_rules_C011_static_and_interactive_20260624_032625,,repair_qwen2.5-coder_32b:deepseek-coder_6.7b:rules:C011_static_and_interactive,repair_qwen2.5-coder_32b,,
map_static.png,repair,experiments/05_choropleth_reliability_benchmark/outputs/runs/deepseek-coder_6.7b/rules/deepseek-coder_6.7b_rules_C012_time_series_report_20260624_032628/map_static.png,0,,,,False,,,,static_png,,,,missing_or_empty,False,experiments/05_choropleth_reliability_benchmark/outputs/runs/deepseek-coder_6.7b/rules/deepseek-coder_6.7b_rules_C012_time_series_report_20260624_032628,,repair_qwen2.5-coder_32b:deepseek-coder_6.7b:rules:C012_time_series_report,repair_qwen2.5-coder_32b,,
time_series.png,repair,experiments/05_choropleth_reliability_benchmark/outputs/runs/deepseek-coder_6.7b/rules/deepseek-coder_6.7b_rules_C012_time_series_report_20260624_032628/time_series.png,0,,,,False,,,,time_series_png,,,,missing_or_empty,False,experiments/05_choropleth_reliability_benchmark/outputs/runs/deepseek-coder_6.7b/rules/deepseek-coder_6.7b_rules_C012_time_series_report_20260624_032628,,repair_qwen2.5-coder_32b:deepseek-coder_6.7b:rules:C012_time_series_report,repair_qwen2.5-coder_32b,,
map_interactive.html,repair,experiments/05_choropleth_reliability_benchmark/outputs/runs/deepseek-coder_6.7b/rules/deepseek-coder_6.7b_rules_C012_time_series_report_20260624_032628/map_interactive.html,0,,,,False,,missing,False,interactive_html,,,,missing_or_empty,False,experiments/05_choropleth_reliability_benchmark/outputs/runs/deepseek-coder_6.7b/rules/deepseek-coder_6.7b_rules_C012_time_series_report_20260624_032628,,repair_qwen2.5-coder_32b:deepseek-coder_6.7b:rules:C012_time_series_report,repair_qwen2.5-coder_32b,,
map_static.png,repair,experiments/05_choropleth_reliability_benchmark/outputs/runs/qwen2.5-coder_7b/basic/qwen2.5-coder_7b_basic_C001_static_burned_area_20260624_032629/map_static.png,0,,,,False,,,,static_png,,,,missing_or_empty,False,experiments/05_choropleth_reliability_benchmark/outputs/runs/qwen2.5-coder_7b/basic/qwen2.5-coder_7b_basic_C001_static_burned_area_20260624_032629,,repair_qwen2.5-coder_32b:qwen2.5-coder_7b:basic:C001_static_burned_area,repair_qwen2.5-coder_32b,,
time_series.png,repair,experiments/05_choropleth_reliability_benchmark/outputs/runs/qwen2.5-coder_7b/basic/qwen2.5-coder_7b_basic_C001_static_burned_area_20260624_032629/time_series.png,0,,,,False,,,,time_series_png,,,,missing_or_empty,False,experiments/05_choropleth_reliability_benchmark/outputs/runs/qwen2.5-coder_7b/basic/qwen2.5-coder_7b_basic_C001_static_burned_area_20260624_032629,,repair_qwen2.5-coder_32b:qwen2.5-coder_7b:basic:C001_static_burned_area,repair_qwen2.5-coder_32b,,
map_interactive.html,repair,experiments/05_choropleth_reliability_benchmark/outputs/runs/qwen2.5-coder_7b/basic/qwen2.5-coder_7b_basic_C001_static_burned_area_20260624_032629/map_interactive.html,0,,,,False,,missing,False,interactive_html,,,,missing_or_empty,False,experiments/05_choropleth_reliability_benchmark/outputs/runs/qwen2.5-coder_7b/basic/qwen2.5-coder_7b_basic_C001_static_burned_area_20260624_032629,,repair_qwen2.5-coder_32b:qwen2.5-coder_7b:basic:C001_static_burned_area,repair_qwen2.5-coder_32b,,
map_static.png,repair,experiments/05_choropleth_reliability_benchmark/outputs/runs/qwen2.5-coder_7b/basic/qwen2.5-coder_7b_basic_C002_static_number_fires_20260624_032629/map_static.png,176206,0.0108,255,3.773,True,1996,,,static_png,244.775,0.9900,0.0956,,True,experiments/05_choropleth_reliability_benchmark/outputs/runs/qwen2.5-coder_7b/basic/qwen2.5-coder_7b_basic_C002_static_number_fires_20260624_032629,,repair_qwen2.5-coder_32b:qwen2.5-coder_7b:basic:C002_static_number_fires,repair_qwen2.5-coder_32b,28,1412
time_series.png,repair,experiments/05_choropleth_reliability_benchmark/outputs/runs/qwen2.5-coder_7b/basic/qwen2.5-coder_7b_basic_C002_static_number_fires_20260624_032629/time_series.png,0,,,,False,,,,time_series_png,,,,missing_or_empty,False,experiments/05_choropleth_reliability_benchmark/outputs/runs/qwen2.5-coder_7b/basic/qwen2.5-coder_7b_basic_C002_static_number_fires_20260624_032629,,repair_qwen2.5-coder_32b:qwen2.5-coder_7b:basic:C002_static_number_fires,repair_qwen2.5-coder_32b,,
map_interactive.html,repair,experiments/05_choropleth_reliability_benchmark/outputs/runs/qwen2.5-coder_7b/basic/qwen2.5-coder_7b_basic_C002_static_number_fires_20260624_032629/map_interactive.html,0,,,,False,,missing,False,interactive_html,,,,missing_or_empty,False,experiments/05_choropleth_reliability_benchmark/outputs/runs/qwen2.5-coder_7b/basic/qwen2.5-coder_7b_basic_C002_static_number_fires_20260624_032629,,repair_qwen2.5-coder_32b:qwen2.5-coder_7b:basic:C002_static_number_fires,repair_qwen2.5-coder_32b,,
map_static.png,repair,experiments/05_choropleth_reliability_benchmark/outputs/runs/qwen2.5-coder_7b/basic/qwen2.5-coder_7b_basic_C003_static_full_layout_20260624_032631/map_static.png,0,,,,False,,,,static_png,,,,missing_or_empty,False,experiments/05_choropleth_reliability_benchmark/outputs/runs/qwen2.5-coder_7b/basic/qwen2.5-coder_7b_basic_C003_static_full_layout_20260624_032631,,repair_qwen2.5-coder_32b:qwen2.5-coder_7b:basic:C003_static_full_layout,repair_qwen2.5-coder_32b,,
time_series.png,repair,experiments/05_choropleth_reliability_benchmark/outputs/runs/qwen2.5-coder_7b/basic/qwen2.5-coder_7b_basic_C003_static_full_layout_20260624_032631/time_series.png,0,,,,False,,,,time_series_png,,,,missing_or_empty,False,experiments/05_choropleth_reliability_benchmark/outputs/runs/qwen2.5-coder_7b/basic/qwen2.5-coder_7b_basic_C003_static_full_layout_20260624_032631,,repair_qwen2.5-coder_32b:qwen2.5-coder_7b:basic:C003_static_full_layout,repair_qwen2.5-coder_32b,,
map_interactive.html,repair,experiments/05_choropleth_reliability_benchmark/outputs/runs/qwen2.5-coder_7b/basic/qwen2.5-coder_7b_basic_C003_static_full_layout_20260624_032631/map_interactive.html,0,,,,False,,missing,False,interactive_html,,,,missing_or_empty,False,experiments/05_choropleth_reliability_benchmark/outputs/runs/qwen2.5-coder_7b/basic/qwen2.5-coder_7b_basic_C003_static_full_layout_20260624_032631,,repair_qwen2.5-coder_32b:qwen2.5-coder_7b:basic:C003_static_full_layout,repair_qwen2.5-coder_32b,,
map_static.png,repair,experiments/05_choropleth_reliability_benchmark/outputs/runs/qwen2.5-coder_7b/basic/qwen2.5-coder_7b_basic_C004_missing_crs_repair_20260624_032632/map_static.png,0,,,,False,,,,static_png,,,,missing_or_empty,False,experiments/05_choropleth_reliability_benchmark/outputs/runs/qwen2.5-coder_7b/basic/qwen2.5-coder_7b_basic_C004_missing_crs_repair_20260624_032632,,repair_qwen2.5-coder_32b:qwen2.5-coder_7b:basic:C004_missing_crs_repair,repair_qwen2.5-coder_32b,,
time_series.png,repair,experiments/05_choropleth_reliability_benchmark/outputs/runs/qwen2.5-coder_7b/basic/qwen2.5-coder_7b_basic_C004_missing_crs_repair_20260624_032632/time_series.png,0,,,,False,,,,time_series_png,,,,missing_or_empty,False,experiments/05_choropleth_reliability_benchmark/outputs/runs/qwen2.5-coder_7b/basic/qwen2.5-coder_7b_basic_C004_missing_crs_repair_20260624_032632,,repair_qwen2.5-coder_32b:qwen2.5-coder_7b:basic:C004_missing_crs_repair,repair_qwen2.5-coder_32b,,
map_interactive.html,repair,experiments/05_choropleth_reliability_benchmark/outputs/runs/qwen2.5-coder_7b/basic/qwen2.5-coder_7b_basic_C004_missing_crs_repair_20260624_032632/map_interactive.html,0,,,,False,,missing,False,interactive_html,,,,missing_or_empty,False,experiments/05_choropleth_reliability_benchmark/outputs/runs/qwen2.5-coder_7b/basic/qwen2.5-coder_7b_basic_C004_missing_crs_repair_20260624_032632,,repair_qwen2.5-coder_32b:qwen2.5-coder_7b:basic:C004_missing_crs_repair,repair_qwen2.5-coder_32b,,
map_static.png,repair,experiments/05_choropleth_reliability_benchmark/outputs/runs/qwen2.5-coder_7b/basic/qwen2.5-coder_7b_basic_C005_geometry_repair_20260624_032632/map_static.png,0,,,,False,,,,static_png,,,,missing_or_empty,False,experiments/05_choropleth_reliability_benchmark/outputs/runs/qwen2.5-coder_7b/basic/qwen2.5-coder_7b_basic_C005_geometry_repair_20260624_032632,,repair_qwen2.5-coder_32b:qwen2.5-coder_7b:basic:C005_geometry_repair,repair_qwen2.5-coder_32b,,
time_series.png,repair,experiments/05_choropleth_reliability_benchmark/outputs/runs/qwen2.5-coder_7b/basic/qwen2.5-coder_7b_basic_C005_geometry_repair_20260624_032632/time_series.png,0,,,,False,,,,time_series_png,,,,missing_or_empty,False,experiments/05_choropleth_reliability_benchmark/outputs/runs/qwen2.5-coder_7b/basic/qwen2.5-coder_7b_basic_C005_geometry_repair_20260624_032632,,repair_qwen2.5-coder_32b:qwen2.5-coder_7b:basic:C005_geometry_repair,repair_qwen2.5-coder_32b,,
map_interactive.html,repair,experiments/05_choropleth_reliability_benchmark/outputs/runs/qwen2.5-coder_7b/basic/qwen2.5-coder_7b_basic_C005_geometry_repair_20260624_032632/map_interactive.html,0,,,,False,,missing,False,interactive_html,,,,missing_or_empty,False,experiments/05_choropleth_reliability_benchmark/outputs/runs/qwen2.5-coder_7b/basic/qwen2.5-coder_7b_basic_C005_geometry_repair_20260624_032632,,repair_qwen2.5-coder_32b:qwen2.5-coder_7b:basic:C005_geometry_repair,repair_qwen2.5-coder_32b,,
map_static.png,repair,experiments/05_choropleth_reliability_benchmark/outputs/runs/qwen2.5-coder_7b/basic/qwen2.5-coder_7b_basic_C006_join_diagnostics_20260624_032632/map_static.png,0,,,,False,,,,static_png,,,,missing_or_empty,False,experiments/05_choropleth_reliability_benchmark/outputs/runs/qwen2.5-coder_7b/basic/qwen2.5-coder_7b_basic_C006_join_diagnostics_20260624_032632,,repair_qwen2.5-coder_32b:qwen2.5-coder_7b:basic:C006_join_diagnostics,repair_qwen2.5-coder_32b,,
time_series.png,repair,experiments/05_choropleth_reliability_benchmark/outputs/runs/qwen2.5-coder_7b/basic/qwen2.5-coder_7b_basic_C006_join_diagnostics_20260624_032632/time_series.png,0,,,,False,,,,time_series_png,,,,missing_or_empty,False,experiments/05_choropleth_reliability_benchmark/outputs/runs/qwen2.5-coder_7b/basic/qwen2.5-coder_7b_basic_C006_join_diagnostics_20260624_032632,,repair_qwen2.5-coder_32b:qwen2.5-coder_7b:basic:C006_join_diagnostics,repair_qwen2.5-coder_32b,,
map_interactive.html,repair,experiments/05_choropleth_reliability_benchmark/outputs/runs/qwen2.5-coder_7b/basic/qwen2.5-coder_7b_basic_C006_join_diagnostics_20260624_032632/map_interactive.html,0,,,,False,,missing,False,interactive_html,,,,missing_or_empty,False,experiments/05_choropleth_reliability_benchmark/outputs/runs/qwen2.5-coder_7b/basic/qwen2.5-coder_7b_basic_C006_join_diagnostics_20260624_032632,,repair_qwen2.5-coder_32b:qwen2.5-coder_7b:basic:C006_join_diagnostics,repair_qwen2.5-coder_32b,,
map_static.png,repair,experiments/05_choropleth_reliability_benchmark/outputs/runs/qwen2.5-coder_7b/basic/qwen2.5-coder_7b_basic_C007_wrong_column_guard_20260624_032632/map_static.png,0,,,,False,,,,static_png,,,,missing_or_empty,False,experiments/05_choropleth_reliability_benchmark/outputs/runs/qwen2.5-coder_7b/basic/qwen2.5-coder_7b_basic_C007_wrong_column_guard_20260624_032632,,repair_qwen2.5-coder_32b:qwen2.5-coder_7b:basic:C007_wrong_column_guard,repair_qwen2.5-coder_32b,,
time_series.png,repair,experiments/05_choropleth_reliability_benchmark/outputs/runs/qwen2.5-coder_7b/basic/qwen2.5-coder_7b_basic_C007_wrong_column_guard_20260624_032632/time_series.png,0,,,,False,,,,time_series_png,,,,missing_or_empty,False,experiments/05_choropleth_reliability_benchmark/outputs/runs/qwen2.5-coder_7b/basic/qwen2.5-coder_7b_basic_C007_wrong_column_guard_20260624_032632,,repair_qwen2.5-coder_32b:qwen2.5-coder_7b:basic:C007_wrong_column_guard,repair_qwen2.5-coder_32b,,
map_interactive.html,repair,experiments/05_choropleth_reliability_benchmark/outputs/runs/qwen2.5-coder_7b/basic/qwen2.5-coder_7b_basic_C007_wrong_column_guard_20260624_032632/map_interactive.html,0,,,,False,,missing,False,interactive_html,,,,missing_or_empty,False,experiments/05_choropleth_reliability_benchmark/outputs/runs/qwen2.5-coder_7b/basic/qwen2.5-coder_7b_basic_C007_wrong_column_guard_20260624_032632,,repair_qwen2.5-coder_32b:qwen2.5-coder_7b:basic:C007_wrong_column_guard,repair_qwen2.5-coder_32b,,
map_static.png,repair,experiments/05_choropleth_reliability_benchmark/outputs/runs/qwen2.5-coder_7b/basic/qwen2.5-coder_7b_basic_C008_quantile_classes_20260624_032633/map_static.png,0,,,,False,,,,static_png,,,,missing_or_empty,False,experiments/05_choropleth_reliability_benchmark/outputs/runs/qwen2.5-coder_7b/basic/qwen2.5-coder_7b_basic_C008_quantile_classes_20260624_032633,,repair_qwen2.5-coder_32b:qwen2.5-coder_7b:basic:C008_quantile_classes,repair_qwen2.5-coder_32b,,
time_series.png,repair,experiments/05_choropleth_reliability_benchmark/outputs/runs/qwen2.5-coder_7b/basic/qwen2.5-coder_7b_basic_C008_quantile_classes_20260624_032633/time_series.png,0,,,,False,,,,time_series_png,,,,missing_or_empty,False,experiments/05_choropleth_reliability_benchmark/outputs/runs/qwen2.5-coder_7b/basic/qwen2.5-coder_7b_basic_C008_quantile_classes_20260624_032633,,repair_qwen2.5-coder_32b:qwen2.5-coder_7b:basic:C008_quantile_classes,repair_qwen2.5-coder_32b,,
map_interactive.html,repair,experiments/05_choropleth_reliability_benchmark/outputs/runs/qwen2.5-coder_7b/basic/qwen2.5-coder_7b_basic_C008_quantile_classes_20260624_032633/map_interactive.html,0,,,,False,,missing,False,interactive_html,,,,missing_or_empty,False,experiments/05_choropleth_reliability_benchmark/outputs/runs/qwen2.5-coder_7b/basic/qwen2.5-coder_7b_basic_C008_quantile_classes_20260624_032633,,repair_qwen2.5-coder_32b:qwen2.5-coder_7b:basic:C008_quantile_classes,repair_qwen2.5-coder_32b,,
map_static.png,repair,experiments/05_choropleth_reliability_benchmark/outputs/runs/qwen2.5-coder_7b/basic/qwen2.5-coder_7b_basic_C009_colorblind_safe_20260624_032633/map_static.png,0,,,,False,,,,static_png,,,,missing_or_empty,False,experiments/05_choropleth_reliability_benchmark/outputs/runs/qwen2.5-coder_7b/basic/qwen2.5-coder_7b_basic_C009_colorblind_safe_20260624_032633,,repair_qwen2.5-coder_32b:qwen2.5-coder_7b:basic:C009_colorblind_safe,repair_qwen2.5-coder_32b,,
time_series.png,repair,experiments/05_choropleth_reliability_benchmark/outputs/runs/qwen2.5-coder_7b/basic/qwen2.5-coder_7b_basic_C009_colorblind_safe_20260624_032633/time_series.png,0,,,,False,,,,time_series_png,,,,missing_or_empty,False,experiments/05_choropleth_reliability_benchmark/outputs/runs/qwen2.5-coder_7b/basic/qwen2.5-coder_7b_basic_C009_colorblind_safe_20260624_032633,,repair_qwen2.5-coder_32b:qwen2.5-coder_7b:basic:C009_colorblind_safe,repair_qwen2.5-coder_32b,,
map_interactive.html,repair,experiments/05_choropleth_reliability_benchmark/outputs/runs/qwen2.5-coder_7b/basic/qwen2.5-coder_7b_basic_C009_colorblind_safe_20260624_032633/map_interactive.html,0,,,,False,,missing,False,interactive_html,,,,missing_or_empty,False,experiments/05_choropleth_reliability_benchmark/outputs/runs/qwen2.5-coder_7b/basic/qwen2.5-coder_7b_basic_C009_colorblind_safe_20260624_032633,,repair_qwen2.5-coder_32b:qwen2.5-coder_7b:basic:C009_colorblind_safe,repair_qwen2.5-coder_32b,,
map_static.png,repair,experiments/05_choropleth_reliability_benchmark/outputs/runs/qwen2.5-coder_7b/basic/qwen2.5-coder_7b_basic_C010_interactive_tooltips_20260624_032633/map_static.png,0,,,,False,,,,static_png,,,,missing_or_empty,False,experiments/05_choropleth_reliability_benchmark/outputs/runs/qwen2.5-coder_7b/basic/qwen2.5-coder_7b_basic_C010_interactive_tooltips_20260624_032633,,repair_qwen2.5-coder_32b:qwen2.5-coder_7b:basic:C010_interactive_tooltips,repair_qwen2.5-coder_32b,,
time_series.png,repair,experiments/05_choropleth_reliability_benchmark/outputs/runs/qwen2.5-coder_7b/basic/qwen2.5-coder_7b_basic_C010_interactive_tooltips_20260624_032633/time_series.png,0,,,,False,,,,time_series_png,,,,missing_or_empty,False,experiments/05_choropleth_reliability_benchmark/outputs/runs/qwen2.5-coder_7b/basic/qwen2.5-coder_7b_basic_C010_interactive_tooltips_20260624_032633,,repair_qwen2.5-coder_32b:qwen2.5-coder_7b:basic:C010_interactive_tooltips,repair_qwen2.5-coder_32b,,
map_interactive.html,repair,experiments/05_choropleth_reliability_benchmark/outputs/runs/qwen2.5-coder_7b/basic/qwen2.5-coder_7b_basic_C010_interactive_tooltips_20260624_032633/map_interactive.html,0,,,,False,,missing,False,interactive_html,,,,missing_or_empty,False,experiments/05_choropleth_reliability_benchmark/outputs/runs/qwen2.5-coder_7b/basic/qwen2.5-coder_7b_basic_C010_interactive_tooltips_20260624_032633,,repair_qwen2.5-coder_32b:qwen2.5-coder_7b:basic:C010_interactive_tooltips,repair_qwen2.5-coder_32b,,
map_static.png,repair,experiments/05_choropleth_reliability_benchmark/outputs/runs/qwen2.5-coder_7b/basic/qwen2.5-coder_7b_basic_C011_static_and_interactive_20260624_032634/map_static.png,0,,,,False,,,,static_png,,,,missing_or_empty,False,experiments/05_choropleth_reliability_benchmark/outputs/runs/qwen2.5-coder_7b/basic/qwen2.5-coder_7b_basic_C011_static_and_interactive_20260624_032634,,repair_qwen2.5-coder_32b:qwen2.5-coder_7b:basic:C011_static_and_interactive,repair_qwen2.5-coder_32b,,
time_series.png,repair,experiments/05_choropleth_reliability_benchmark/outputs/runs/qwen2.5-coder_7b/basic/qwen2.5-coder_7b_basic_C011_static_and_interactive_20260624_032634/time_series.png,0,,,,False,,,,time_series_png,,,,missing_or_empty,False,experiments/05_choropleth_reliability_benchmark/outputs/runs/qwen2.5-coder_7b/basic/qwen2.5-coder_7b_basic_C011_static_and_interactive_20260624_032634,,repair_qwen2.5-coder_32b:qwen2.5-coder_7b:basic:C011_static_and_interactive,repair_qwen2.5-coder_32b,,
map_interactive.html,repair,experiments/05_choropleth_reliability_benchmark/outputs/runs/qwen2.5-coder_7b/basic/qwen2.5-coder_7b_basic_C011_static_and_interactive_20260624_032634/map_interactive.html,0,,,,False,,missing,False,interactive_html,,,,missing_or_empty,False,experiments/05_choropleth_reliability_benchmark/outputs/runs/qwen2.5-coder_7b/basic/qwen2.5-coder_7b_basic_C011_static_and_interactive_20260624_032634,,repair_qwen2.5-coder_32b:qwen2.5-coder_7b:basic:C011_static_and_interactive,repair_qwen2.5-coder_32b,,
map_static.png,repair,experiments/05_choropleth_reliability_benchmark/outputs/runs/qwen2.5-coder_7b/basic/qwen2.5-coder_7b_basic_C012_time_series_report_20260624_032634/map_static.png,0,,,,False,,,,static_png,,,,missing_or_empty,False,experiments/05_choropleth_reliability_benchmark/outputs/runs/qwen2.5-coder_7b/basic/qwen2.5-coder_7b_basic_C012_time_series_report_20260624_032634,,repair_qwen2.5-coder_32b:qwen2.5-coder_7b:basic:C012_time_series_report,repair_qwen2.5-coder_32b,,
time_series.png,repair,experiments/05_choropleth_reliability_benchmark/outputs/runs/qwen2.5-coder_7b/basic/qwen2.5-coder_7b_basic_C012_time_series_report_20260624_032634/time_series.png,0,,,,False,,,,time_series_png,,,,missing_or_empty,False,experiments/05_choropleth_reliability_benchmark/outputs/runs/qwen2.5-coder_7b/basic/qwen2.5-coder_7b_basic_C012_time_series_report_20260624_032634,,repair_qwen2.5-coder_32b:qwen2.5-coder_7b:basic:C012_time_series_report,repair_qwen2.5-coder_32b,,
map_interactive.html,repair,experiments/05_choropleth_reliability_benchmark/outputs/runs/qwen2.5-coder_7b/basic/qwen2.5-coder_7b_basic_C012_time_series_report_20260624_032634/map_interactive.html,0,,,,False,,missing,False,interactive_html,,,,missing_or_empty,False,experiments/05_choropleth_reliability_benchmark/outputs/runs/qwen2.5-coder_7b/basic/qwen2.5-coder_7b_basic_C012_time_series_report_20260624_032634,,repair_qwen2.5-coder_32b:qwen2.5-coder_7b:basic:C012_time_series_report,repair_qwen2.5-coder_32b,,
map_static.png,repair,experiments/05_choropleth_reliability_benchmark/outputs/runs/qwen2.5-coder_7b/rules/qwen2.5-coder_7b_rules_C001_static_burned_area_20260624_032634/map_static.png,0,,,,False,,,,static_png,,,,missing_or_empty,False,experiments/05_choropleth_reliability_benchmark/outputs/runs/qwen2.5-coder_7b/rules/qwen2.5-coder_7b_rules_C001_static_burned_area_20260624_032634,,repair_qwen2.5-coder_32b:qwen2.5-coder_7b:rules:C001_static_burned_area,repair_qwen2.5-coder_32b,,
time_series.png,repair,experiments/05_choropleth_reliability_benchmark/outputs/runs/qwen2.5-coder_7b/rules/qwen2.5-coder_7b_rules_C001_static_burned_area_20260624_032634/time_series.png,0,,,,False,,,,time_series_png,,,,missing_or_empty,False,experiments/05_choropleth_reliability_benchmark/outputs/runs/qwen2.5-coder_7b/rules/qwen2.5-coder_7b_rules_C001_static_burned_area_20260624_032634,,repair_qwen2.5-coder_32b:qwen2.5-coder_7b:rules:C001_static_burned_area,repair_qwen2.5-coder_32b,,
map_interactive.html,repair,experiments/05_choropleth_reliability_benchmark/outputs/runs/qwen2.5-coder_7b/rules/qwen2.5-coder_7b_rules_C001_static_burned_area_20260624_032634/map_interactive.html,0,,,,False,,missing,False,interactive_html,,,,missing_or_empty,False,experiments/05_choropleth_reliability_benchmark/outputs/runs/qwen2.5-coder_7b/rules/qwen2.5-coder_7b_rules_C001_static_burned_area_20260624_032634,,repair_qwen2.5-coder_32b:qwen2.5-coder_7b:rules:C001_static_burned_area,repair_qwen2.5-coder_32b,,
map_static.png,repair,experiments/05_choropleth_reliability_benchmark/outputs/runs/qwen2.5-coder_7b/rules/qwen2.5-coder_7b_rules_C002_static_number_fires_20260624_032635/map_static.png,0,,,,False,,,,static_png,,,,missing_or_empty,False,experiments/05_choropleth_reliability_benchmark/outputs/runs/qwen2.5-coder_7b/rules/qwen2.5-coder_7b_rules_C002_static_number_fires_20260624_032635,,repair_qwen2.5-coder_32b:qwen2.5-coder_7b:rules:C002_static_number_fires,repair_qwen2.5-coder_32b,,
time_series.png,repair,experiments/05_choropleth_reliability_benchmark/outputs/runs/qwen2.5-coder_7b/rules/qwen2.5-coder_7b_rules_C002_static_number_fires_20260624_032635/time_series.png,0,,,,False,,,,time_series_png,,,,missing_or_empty,False,experiments/05_choropleth_reliability_benchmark/outputs/runs/qwen2.5-coder_7b/rules/qwen2.5-coder_7b_rules_C002_static_number_fires_20260624_032635,,repair_qwen2.5-coder_32b:qwen2.5-coder_7b:rules:C002_static_number_fires,repair_qwen2.5-coder_32b,,
map_interactive.html,repair,experiments/05_choropleth_reliability_benchmark/outputs/runs/qwen2.5-coder_7b/rules/qwen2.5-coder_7b_rules_C002_static_number_fires_20260624_032635/map_interactive.html,0,,,,False,,missing,False,interactive_html,,,,missing_or_empty,False,experiments/05_choropleth_reliability_benchmark/outputs/runs/qwen2.5-coder_7b/rules/qwen2.5-coder_7b_rules_C002_static_number_fires_20260624_032635,,repair_qwen2.5-coder_32b:qwen2.5-coder_7b:rules:C002_static_number_fires,repair_qwen2.5-coder_32b,,
map_static.png,repair,experiments/05_choropleth_reliability_benchmark/outputs/runs/qwen2.5-coder_7b/rules/qwen2.5-coder_7b_rules_C003_static_full_layout_20260624_032635/map_static.png,287702,0.0195,255,2.640,True,2400,,,static_png,238.680,0.9812,0.1449,,True,experiments/05_choropleth_reliability_benchmark/outputs/runs/qwen2.5-coder_7b/rules/qwen2.5-coder_7b_rules_C003_static_full_layout_20260624_032635,,repair_qwen2.5-coder_32b:qwen2.5-coder_7b:rules:C003_static_full_layout,repair_qwen2.5-coder_32b,46,3000
time_series.png,repair,experiments/05_choropleth_reliability_benchmark/outputs/runs/qwen2.5-coder_7b/rules/qwen2.5-coder_7b_rules_C003_static_full_layout_20260624_032635/time_series.png,0,,,,False,,,,time_series_png,,,,missing_or_empty,False,experiments/05_choropleth_reliability_benchmark/outputs/runs/qwen2.5-coder_7b/rules/qwen2.5-coder_7b_rules_C003_static_full_layout_20260624_032635,,repair_qwen2.5-coder_32b:qwen2.5-coder_7b:rules:C003_static_full_layout,repair_qwen2.5-coder_32b,,
map_interactive.html,repair,experiments/05_choropleth_reliability_benchmark/outputs/runs/qwen2.5-coder_7b/rules/qwen2.5-coder_7b_rules_C003_static_full_layout_20260624_032635/map_interactive.html,0,,,,False,,missing,False,interactive_html,,,,missing_or_empty,False,experiments/05_choropleth_reliability_benchmark/outputs/runs/qwen2.5-coder_7b/rules/qwen2.5-coder_7b_rules_C003_static_full_layout_20260624_032635,,repair_qwen2.5-coder_32b:qwen2.5-coder_7b:rules:C003_static_full_layout,repair_qwen2.5-coder_32b,,
map_static.png,repair,experiments/05_choropleth_reliability_benchmark/outputs/runs/qwen2.5-coder_7b/rules/qwen2.5-coder_7b_rules_C004_missing_crs_repair_20260624_032638/map_static.png,0,,,,False,,,,static_png,,,,missing_or_empty,False,experiments/05_choropleth_reliability_benchmark/outputs/runs/qwen2.5-coder_7b/rules/qwen2.5-coder_7b_rules_C004_missing_crs_repair_20260624_032638,,repair_qwen2.5-coder_32b:qwen2.5-coder_7b:rules:C004_missing_crs_repair,repair_qwen2.5-coder_32b,,
time_series.png,repair,experiments/05_choropleth_reliability_benchmark/outputs/runs/qwen2.5-coder_7b/rules/qwen2.5-coder_7b_rules_C004_missing_crs_repair_20260624_032638/time_series.png,0,,,,False,,,,time_series_png,,,,missing_or_empty,False,experiments/05_choropleth_reliability_benchmark/outputs/runs/qwen2.5-coder_7b/rules/qwen2.5-coder_7b_rules_C004_missing_crs_repair_20260624_032638,,repair_qwen2.5-coder_32b:qwen2.5-coder_7b:rules:C004_missing_crs_repair,repair_qwen2.5-coder_32b,,
map_interactive.html,repair,experiments/05_choropleth_reliability_benchmark/outputs/runs/qwen2.5-coder_7b/rules/qwen2.5-coder_7b_rules_C004_missing_crs_repair_20260624_032638/map_interactive.html,0,,,,False,,missing,False,interactive_html,,,,missing_or_empty,False,experiments/05_choropleth_reliability_benchmark/outputs/runs/qwen2.5-coder_7b/rules/qwen2.5-coder_7b_rules_C004_missing_crs_repair_20260624_032638,,repair_qwen2.5-coder_32b:qwen2.5-coder_7b:rules:C004_missing_crs_repair,repair_qwen2.5-coder_32b,,
map_static.png,repair,experiments/05_choropleth_reliability_benchmark/outputs/runs/qwen2.5-coder_7b/rules/qwen2.5-coder_7b_rules_C005_geometry_repair_20260624_032638/map_static.png,0,,,,False,,,,static_png,,,,missing_or_empty,False,experiments/05_choropleth_reliability_benchmark/outputs/runs/qwen2.5-coder_7b/rules/qwen2.5-coder_7b_rules_C005_geometry_repair_20260624_032638,,repair_qwen2.5-coder_32b:qwen2.5-coder_7b:rules:C005_geometry_repair,repair_qwen2.5-coder_32b,,
time_series.png,repair,experiments/05_choropleth_reliability_benchmark/outputs/runs/qwen2.5-coder_7b/rules/qwen2.5-coder_7b_rules_C005_geometry_repair_20260624_032638/time_series.png,0,,,,False,,,,time_series_png,,,,missing_or_empty,False,experiments/05_choropleth_reliability_benchmark/outputs/runs/qwen2.5-coder_7b/rules/qwen2.5-coder_7b_rules_C005_geometry_repair_20260624_032638,,repair_qwen2.5-coder_32b:qwen2.5-coder_7b:rules:C005_geometry_repair,repair_qwen2.5-coder_32b,,
map_interactive.html,repair,experiments/05_choropleth_reliability_benchmark/outputs/runs/qwen2.5-coder_7b/rules/qwen2.5-coder_7b_rules_C005_geometry_repair_20260624_032638/map_interactive.html,0,,,,False,,missing,False,interactive_html,,,,missing_or_empty,False,experiments/05_choropleth_reliability_benchmark/outputs/runs/qwen2.5-coder_7b/rules/qwen2.5-coder_7b_rules_C005_geometry_repair_20260624_032638,,repair_qwen2.5-coder_32b:qwen2.5-coder_7b:rules:C005_geometry_repair,repair_qwen2.5-coder_32b,,
map_static.png,repair,experiments/05_choropleth_reliability_benchmark/outputs/runs/qwen2.5-coder_7b/rules/qwen2.5-coder_7b_rules_C006_join_diagnostics_20260624_032639/map_static.png,0,,,,False,,,,static_png,,,,missing_or_empty,False,experiments/05_choropleth_reliability_benchmark/outputs/runs/qwen2.5-coder_7b/rules/qwen2.5-coder_7b_rules_C006_join_diagnostics_20260624_032639,,repair_qwen2.5-coder_32b:qwen2.5-coder_7b:rules:C006_join_diagnostics,repair_qwen2.5-coder_32b,,
time_series.png,repair,experiments/05_choropleth_reliability_benchmark/outputs/runs/qwen2.5-coder_7b/rules/qwen2.5-coder_7b_rules_C006_join_diagnostics_20260624_032639/time_series.png,0,,,,False,,,,time_series_png,,,,missing_or_empty,False,experiments/05_choropleth_reliability_benchmark/outputs/runs/qwen2.5-coder_7b/rules/qwen2.5-coder_7b_rules_C006_join_diagnostics_20260624_032639,,repair_qwen2.5-coder_32b:qwen2.5-coder_7b:rules:C006_join_diagnostics,repair_qwen2.5-coder_32b,,
map_interactive.html,repair,experiments/05_choropleth_reliability_benchmark/outputs/runs/qwen2.5-coder_7b/rules/qwen2.5-coder_7b_rules_C006_join_diagnostics_20260624_032639/map_interactive.html,0,,,,False,,missing,False,interactive_html,,,,missing_or_empty,False,experiments/05_choropleth_reliability_benchmark/outputs/runs/qwen2.5-coder_7b/rules/qwen2.5-coder_7b_rules_C006_join_diagnostics_20260624_032639,,repair_qwen2.5-coder_32b:qwen2.5-coder_7b:rules:C006_join_diagnostics,repair_qwen2.5-coder_32b,,
map_static.png,repair,experiments/05_choropleth_reliability_benchmark/outputs/runs/qwen2.5-coder_7b/rules/qwen2.5-coder_7b_rules_C007_wrong_column_guard_20260624_032639/map_static.png,0,,,,False,,,,static_png,,,,missing_or_empty,False,experiments/05_choropleth_reliability_benchmark/outputs/runs/qwen2.5-coder_7b/rules/qwen2.5-coder_7b_rules_C007_wrong_column_guard_20260624_032639,,repair_qwen2.5-coder_32b:qwen2.5-coder_7b:rules:C007_wrong_column_guard,repair_qwen2.5-coder_32b,,
time_series.png,repair,experiments/05_choropleth_reliability_benchmark/outputs/runs/qwen2.5-coder_7b/rules/qwen2.5-coder_7b_rules_C007_wrong_column_guard_20260624_032639/time_series.png,0,,,,False,,,,time_series_png,,,,missing_or_empty,False,experiments/05_choropleth_reliability_benchmark/outputs/runs/qwen2.5-coder_7b/rules/qwen2.5-coder_7b_rules_C007_wrong_column_guard_20260624_032639,,repair_qwen2.5-coder_32b:qwen2.5-coder_7b:rules:C007_wrong_column_guard,repair_qwen2.5-coder_32b,,
map_interactive.html,repair,experiments/05_choropleth_reliability_benchmark/outputs/runs/qwen2.5-coder_7b/rules/qwen2.5-coder_7b_rules_C007_wrong_column_guard_20260624_032639/map_interactive.html,0,,,,False,,missing,False,interactive_html,,,,missing_or_empty,False,experiments/05_choropleth_reliability_benchmark/outputs/runs/qwen2.5-coder_7b/rules/qwen2.5-coder_7b_rules_C007_wrong_column_guard_20260624_032639,,repair_qwen2.5-coder_32b:qwen2.5-coder_7b:rules:C007_wrong_column_guard,repair_qwen2.5-coder_32b,,
map_static.png,repair,experiments/05_choropleth_reliability_benchmark/outputs/runs/qwen2.5-coder_7b/rules/qwen2.5-coder_7b_rules_C008_quantile_classes_20260624_032640/map_static.png,0,,,,False,,,,static_png,,,,missing_or_empty,False,experiments/05_choropleth_reliability_benchmark/outputs/runs/qwen2.5-coder_7b/rules/qwen2.5-coder_7b_rules_C008_quantile_classes_20260624_032640,,repair_qwen2.5-coder_32b:qwen2.5-coder_7b:rules:C008_quantile_classes,repair_qwen2.5-coder_32b,,
time_series.png,repair,experiments/05_choropleth_reliability_benchmark/outputs/runs/qwen2.5-coder_7b/rules/qwen2.5-coder_7b_rules_C008_quantile_classes_20260624_032640/time_series.png,0,,,,False,,,,time_series_png,,,,missing_or_empty,False,experiments/05_choropleth_reliability_benchmark/outputs/runs/qwen2.5-coder_7b/rules/qwen2.5-coder_7b_rules_C008_quantile_classes_20260624_032640,,repair_qwen2.5-coder_32b:qwen2.5-coder_7b:rules:C008_quantile_classes,repair_qwen2.5-coder_32b,,
map_interactive.html,repair,experiments/05_choropleth_reliability_benchmark/outputs/runs/qwen2.5-coder_7b/rules/qwen2.5-coder_7b_rules_C008_quantile_classes_20260624_032640/map_interactive.html,0,,,,False,,missing,False,interactive_html,,,,missing_or_empty,False,experiments/05_choropleth_reliability_benchmark/outputs/runs/qwen2.5-coder_7b/rules/qwen2.5-coder_7b_rules_C008_quantile_classes_20260624_032640,,repair_qwen2.5-coder_32b:qwen2.5-coder_7b:rules:C008_quantile_classes,repair_qwen2.5-coder_32b,,
map_static.png,repair,experiments/05_choropleth_reliability_benchmark/outputs/runs/qwen2.5-coder_7b/rules/qwen2.5-coder_7b_rules_C009_colorblind_safe_20260624_032640/map_static.png,0,,,,False,,,,static_png,,,,missing_or_empty,False,experiments/05_choropleth_reliability_benchmark/outputs/runs/qwen2.5-coder_7b/rules/qwen2.5-coder_7b_rules_C009_colorblind_safe_20260624_032640,,repair_qwen2.5-coder_32b:qwen2.5-coder_7b:rules:C009_colorblind_safe,repair_qwen2.5-coder_32b,,
time_series.png,repair,experiments/05_choropleth_reliability_benchmark/outputs/runs/qwen2.5-coder_7b/rules/qwen2.5-coder_7b_rules_C009_colorblind_safe_20260624_032640/time_series.png,0,,,,False,,,,time_series_png,,,,missing_or_empty,False,experiments/05_choropleth_reliability_benchmark/outputs/runs/qwen2.5-coder_7b/rules/qwen2.5-coder_7b_rules_C009_colorblind_safe_20260624_032640,,repair_qwen2.5-coder_32b:qwen2.5-coder_7b:rules:C009_colorblind_safe,repair_qwen2.5-coder_32b,,
map_interactive.html,repair,experiments/05_choropleth_reliability_benchmark/outputs/runs/qwen2.5-coder_7b/rules/qwen2.5-coder_7b_rules_C009_colorblind_safe_20260624_032640/map_interactive.html,0,,,,False,,missing,False,interactive_html,,,,missing_or_empty,False,experiments/05_choropleth_reliability_benchmark/outputs/runs/qwen2.5-coder_7b/rules/qwen2.5-coder_7b_rules_C009_colorblind_safe_20260624_032640,,repair_qwen2.5-coder_32b:qwen2.5-coder_7b:rules:C009_colorblind_safe,repair_qwen2.5-coder_32b,,
map_static.png,repair,experiments/05_choropleth_reliability_benchmark/outputs/runs/qwen2.5-coder_7b/rules/qwen2.5-coder_7b_rules_C010_interactive_tooltips_20260624_032641/map_static.png,0,,,,False,,,,static_png,,,,missing_or_empty,False,experiments/05_choropleth_reliability_benchmark/outputs/runs/qwen2.5-coder_7b/rules/qwen2.5-coder_7b_rules_C010_interactive_tooltips_20260624_032641,,repair_qwen2.5-coder_32b:qwen2.5-coder_7b:rules:C010_interactive_tooltips,repair_qwen2.5-coder_32b,,
time_series.png,repair,experiments/05_choropleth_reliability_benchmark/outputs/runs/qwen2.5-coder_7b/rules/qwen2.5-coder_7b_rules_C010_interactive_tooltips_20260624_032641/time_series.png,0,,,,False,,,,time_series_png,,,,missing_or_empty,False,experiments/05_choropleth_reliability_benchmark/outputs/runs/qwen2.5-coder_7b/rules/qwen2.5-coder_7b_rules_C010_interactive_tooltips_20260624_032641,,repair_qwen2.5-coder_32b:qwen2.5-coder_7b:rules:C010_interactive_tooltips,repair_qwen2.5-coder_32b,,
map_interactive.html,repair,experiments/05_choropleth_reliability_benchmark/outputs/runs/qwen2.5-coder_7b/rules/qwen2.5-coder_7b_rules_C010_interactive_tooltips_20260624_032641/map_interactive.html,0,,,,False,,missing,False,interactive_html,,,,missing_or_empty,False,experiments/05_choropleth_reliability_benchmark/outputs/runs/qwen2.5-coder_7b/rules/qwen2.5-coder_7b_rules_C010_interactive_tooltips_20260624_032641,,repair_qwen2.5-coder_32b:qwen2.5-coder_7b:rules:C010_interactive_tooltips,repair_qwen2.5-coder_32b,,
map_static.png,repair,experiments/05_choropleth_reliability_benchmark/outputs/runs/qwen2.5-coder_7b/rules/qwen2.5-coder_7b_rules_C011_static_and_interactive_20260624_032641/map_static.png,0,,,,False,,,,static_png,,,,missing_or_empty,False,experiments/05_choropleth_reliability_benchmark/outputs/runs/qwen2.5-coder_7b/rules/qwen2.5-coder_7b_rules_C011_static_and_interactive_20260624_032641,,repair_qwen2.5-coder_32b:qwen2.5-coder_7b:rules:C011_static_and_interactive,repair_qwen2.5-coder_32b,,
time_series.png,repair,experiments/05_choropleth_reliability_benchmark/outputs/runs/qwen2.5-coder_7b/rules/qwen2.5-coder_7b_rules_C011_static_and_interactive_20260624_032641/time_series.png,0,,,,False,,,,time_series_png,,,,missing_or_empty,False,experiments/05_choropleth_reliability_benchmark/outputs/runs/qwen2.5-coder_7b/rules/qwen2.5-coder_7b_rules_C011_static_and_interactive_20260624_032641,,repair_qwen2.5-coder_32b:qwen2.5-coder_7b:rules:C011_static_and_interactive,repair_qwen2.5-coder_32b,,
map_interactive.html,repair,experiments/05_choropleth_reliability_benchmark/outputs/runs/qwen2.5-coder_7b/rules/qwen2.5-coder_7b_rules_C011_static_and_interactive_20260624_032641/map_interactive.html,0,,,,False,,missing,False,interactive_html,,,,missing_or_empty,False,experiments/05_choropleth_reliability_benchmark/outputs/runs/qwen2.5-coder_7b/rules/qwen2.5-coder_7b_rules_C011_static_and_interactive_20260624_032641,,repair_qwen2.5-coder_32b:qwen2.5-coder_7b:rules:C011_static_and_interactive,repair_qwen2.5-coder_32b,,
map_static.png,repair,experiments/05_choropleth_reliability_benchmark/outputs/runs/qwen2.5-coder_7b/rules/qwen2.5-coder_7b_rules_C012_time_series_report_20260624_032643/map_static.png,0,,,,False,,,,static_png,,,,missing_or_empty,False,experiments/05_choropleth_reliability_benchmark/outputs/runs/qwen2.5-coder_7b/rules/qwen2.5-coder_7b_rules_C012_time_series_report_20260624_032643,,repair_qwen2.5-coder_32b:qwen2.5-coder_7b:rules:C012_time_series_report,repair_qwen2.5-coder_32b,,
time_series.png,repair,experiments/05_choropleth_reliability_benchmark/outputs/runs/qwen2.5-coder_7b/rules/qwen2.5-coder_7b_rules_C012_time_series_report_20260624_032643/time_series.png,0,,,,False,,,,time_series_png,,,,missing_or_empty,False,experiments/05_choropleth_reliability_benchmark/outputs/runs/qwen2.5-coder_7b/rules/qwen2.5-coder_7b_rules_C012_time_series_report_20260624_032643,,repair_qwen2.5-coder_32b:qwen2.5-coder_7b:rules:C012_time_series_report,repair_qwen2.5-coder_32b,,
map_interactive.html,repair,experiments/05_choropleth_reliability_benchmark/outputs/runs/qwen2.5-coder_7b/rules/qwen2.5-coder_7b_rules_C012_time_series_report_20260624_032643/map_interactive.html,0,,,,False,,missing,False,interactive_html,,,,missing_or_empty,False,experiments/05_choropleth_reliability_benchmark/outputs/runs/qwen2.5-coder_7b/rules/qwen2.5-coder_7b_rules_C012_time_series_report_20260624_032643,,repair_qwen2.5-coder_32b:qwen2.5-coder_7b:rules:C012_time_series_report,repair_qwen2.5-coder_32b,,
map_static.png,repair,experiments/05_choropleth_reliability_benchmark/outputs/runs/qwen2.5-coder_7b/basic/qwen2.5-coder_7b_basic_C001_static_burned_area_20260624_014359/map_static.png,0,,,,False,,,,static_png,,,,missing_or_empty,False,experiments/05_choropleth_reliability_benchmark/outputs/runs/qwen2.5-coder_7b/basic/qwen2.5-coder_7b_basic_C001_static_burned_area_20260624_014359,,repair_qwen2.5-coder_7b:qwen2.5-coder_7b:basic:C001_static_burned_area,repair_qwen2.5-coder_7b,,
time_series.png,repair,experiments/05_choropleth_reliability_benchmark/outputs/runs/qwen2.5-coder_7b/basic/qwen2.5-coder_7b_basic_C001_static_burned_area_20260624_014359/time_series.png,0,,,,False,,,,time_series_png,,,,missing_or_empty,False,experiments/05_choropleth_reliability_benchmark/outputs/runs/qwen2.5-coder_7b/basic/qwen2.5-coder_7b_basic_C001_static_burned_area_20260624_014359,,repair_qwen2.5-coder_7b:qwen2.5-coder_7b:basic:C001_static_burned_area,repair_qwen2.5-coder_7b,,
map_interactive.html,repair,experiments/05_choropleth_reliability_benchmark/outputs/runs/qwen2.5-coder_7b/basic/qwen2.5-coder_7b_basic_C001_static_burned_area_20260624_014359/map_interactive.html,0,,,,False,,missing,False,interactive_html,,,,missing_or_empty,False,experiments/05_choropleth_reliability_benchmark/outputs/runs/qwen2.5-coder_7b/basic/qwen2.5-coder_7b_basic_C001_static_burned_area_20260624_014359,,repair_qwen2.5-coder_7b:qwen2.5-coder_7b:basic:C001_static_burned_area,repair_qwen2.5-coder_7b,,
map_static.png,repair,experiments/05_choropleth_reliability_benchmark/outputs/runs/qwen2.5-coder_7b/basic/qwen2.5-coder_7b_basic_C001_static_burned_area_basic_repair_20260624_014359/map_static.png,0,,,,False,,,,static_png,,,,missing_or_empty,False,experiments/05_choropleth_reliability_benchmark/outputs/runs/qwen2.5-coder_7b/basic/qwen2.5-coder_7b_basic_C001_static_burned_area_basic_repair_20260624_014359,,repair_qwen2.5-coder_7b:qwen2.5-coder_7b:basic:C001_static_burned_area_basic_repair,repair_qwen2.5-coder_7b,,
time_series.png,repair,experiments/05_choropleth_reliability_benchmark/outputs/runs/qwen2.5-coder_7b/basic/qwen2.5-coder_7b_basic_C001_static_burned_area_basic_repair_20260624_014359/time_series.png,0,,,,False,,,,time_series_png,,,,missing_or_empty,False,experiments/05_choropleth_reliability_benchmark/outputs/runs/qwen2.5-coder_7b/basic/qwen2.5-coder_7b_basic_C001_static_burned_area_basic_repair_20260624_014359,,repair_qwen2.5-coder_7b:qwen2.5-coder_7b:basic:C001_static_burned_area_basic_repair,repair_qwen2.5-coder_7b,,
map_interactive.html,repair,experiments/05_choropleth_reliability_benchmark/outputs/runs/qwen2.5-coder_7b/basic/qwen2.5-coder_7b_basic_C001_static_burned_area_basic_repair_20260624_014359/map_interactive.html,0,,,,False,,missing,False,interactive_html,,,,missing_or_empty,False,experiments/05_choropleth_reliability_benchmark/outputs/runs/qwen2.5-coder_7b/basic/qwen2.5-coder_7b_basic_C001_static_burned_area_basic_repair_20260624_014359,,repair_qwen2.5-coder_7b:qwen2.5-coder_7b:basic:C001_static_burned_area_basic_repair,repair_qwen2.5-coder_7b,,
map_static.png,repair,experiments/05_choropleth_reliability_benchmark/outputs/runs/qwen2.5-coder_7b/basic/qwen2.5-coder_7b_basic_C002_static_number_fires_20260624_014400/map_static.png,0,,,,False,,,,static_png,,,,missing_or_empty,False,experiments/05_choropleth_reliability_benchmark/outputs/runs/qwen2.5-coder_7b/basic/qwen2.5-coder_7b_basic_C002_static_number_fires_20260624_014400,,repair_qwen2.5-coder_7b:qwen2.5-coder_7b:basic:C002_static_number_fires,repair_qwen2.5-coder_7b,,
time_series.png,repair,experiments/05_choropleth_reliability_benchmark/outputs/runs/qwen2.5-coder_7b/basic/qwen2.5-coder_7b_basic_C002_static_number_fires_20260624_014400/time_series.png,0,,,,False,,,,time_series_png,,,,missing_or_empty,False,experiments/05_choropleth_reliability_benchmark/outputs/runs/qwen2.5-coder_7b/basic/qwen2.5-coder_7b_basic_C002_static_number_fires_20260624_014400,,repair_qwen2.5-coder_7b:qwen2.5-coder_7b:basic:C002_static_number_fires,repair_qwen2.5-coder_7b,,
map_interactive.html,repair,experiments/05_choropleth_reliability_benchmark/outputs/runs/qwen2.5-coder_7b/basic/qwen2.5-coder_7b_basic_C002_static_number_fires_20260624_014400/map_interactive.html,0,,,,False,,missing,False,interactive_html,,,,missing_or_empty,False,experiments/05_choropleth_reliability_benchmark/outputs/runs/qwen2.5-coder_7b/basic/qwen2.5-coder_7b_basic_C002_static_number_fires_20260624_014400,,repair_qwen2.5-coder_7b:qwen2.5-coder_7b:basic:C002_static_number_fires,repair_qwen2.5-coder_7b,,
map_static.png,repair,experiments/05_choropleth_reliability_benchmark/outputs/runs/qwen2.5-coder_7b/basic/qwen2.5-coder_7b_basic_C002_static_number_fires_basic_repair_20260624_014400/map_static.png,0,,,,False,,,,static_png,,,,missing_or_empty,False,experiments/05_choropleth_reliability_benchmark/outputs/runs/qwen2.5-coder_7b/basic/qwen2.5-coder_7b_basic_C002_static_number_fires_basic_repair_20260624_014400,,repair_qwen2.5-coder_7b:qwen2.5-coder_7b:basic:C002_static_number_fires_basic_repair,repair_qwen2.5-coder_7b,,
time_series.png,repair,experiments/05_choropleth_reliability_benchmark/outputs/runs/qwen2.5-coder_7b/basic/qwen2.5-coder_7b_basic_C002_static_number_fires_basic_repair_20260624_014400/time_series.png,0,,,,False,,,,time_series_png,,,,missing_or_empty,False,experiments/05_choropleth_reliability_benchmark/outputs/runs/qwen2.5-coder_7b/basic/qwen2.5-coder_7b_basic_C002_static_number_fires_basic_repair_20260624_014400,,repair_qwen2.5-coder_7b:qwen2.5-coder_7b:basic:C002_static_number_fires_basic_repair,repair_qwen2.5-coder_7b,,
map_interactive.html,repair,experiments/05_choropleth_reliability_benchmark/outputs/runs/qwen2.5-coder_7b/basic/qwen2.5-coder_7b_basic_C002_static_number_fires_basic_repair_20260624_014400/map_interactive.html,0,,,,False,,missing,False,interactive_html,,,,missing_or_empty,False,experiments/05_choropleth_reliability_benchmark/outputs/runs/qwen2.5-coder_7b/basic/qwen2.5-coder_7b_basic_C002_static_number_fires_basic_repair_20260624_014400,,repair_qwen2.5-coder_7b:qwen2.5-coder_7b:basic:C002_static_number_fires_basic_repair,repair_qwen2.5-coder_7b,,
map_static.png,repair,experiments/05_choropleth_reliability_benchmark/outputs/runs/qwen2.5-coder_7b/basic/qwen2.5-coder_7b_basic_C003_static_full_layout_20260624_014401/map_static.png,0,,,,False,,,,static_png,,,,missing_or_empty,False,experiments/05_choropleth_reliability_benchmark/outputs/runs/qwen2.5-coder_7b/basic/qwen2.5-coder_7b_basic_C003_static_full_layout_20260624_014401,,repair_qwen2.5-coder_7b:qwen2.5-coder_7b:basic:C003_static_full_layout,repair_qwen2.5-coder_7b,,
time_series.png,repair,experiments/05_choropleth_reliability_benchmark/outputs/runs/qwen2.5-coder_7b/basic/qwen2.5-coder_7b_basic_C003_static_full_layout_20260624_014401/time_series.png,0,,,,False,,,,time_series_png,,,,missing_or_empty,False,experiments/05_choropleth_reliability_benchmark/outputs/runs/qwen2.5-coder_7b/basic/qwen2.5-coder_7b_basic_C003_static_full_layout_20260624_014401,,repair_qwen2.5-coder_7b:qwen2.5-coder_7b:basic:C003_static_full_layout,repair_qwen2.5-coder_7b,,
map_interactive.html,repair,experiments/05_choropleth_reliability_benchmark/outputs/runs/qwen2.5-coder_7b/basic/qwen2.5-coder_7b_basic_C003_static_full_layout_20260624_014401/map_interactive.html,0,,,,False,,missing,False,interactive_html,,,,missing_or_empty,False,experiments/05_choropleth_reliability_benchmark/outputs/runs/qwen2.5-coder_7b/basic/qwen2.5-coder_7b_basic_C003_static_full_layout_20260624_014401,,repair_qwen2.5-coder_7b:qwen2.5-coder_7b:basic:C003_static_full_layout,repair_qwen2.5-coder_7b,,
map_static.png,repair,experiments/05_choropleth_reliability_benchmark/outputs/runs/qwen2.5-coder_7b/basic/qwen2.5-coder_7b_basic_C003_static_full_layout_basic_repair_20260624_014401/map_static.png,0,,,,False,,,,static_png,,,,missing_or_empty,False,experiments/05_choropleth_reliability_benchmark/outputs/runs/qwen2.5-coder_7b/basic/qwen2.5-coder_7b_basic_C003_static_full_layout_basic_repair_20260624_014401,,repair_qwen2.5-coder_7b:qwen2.5-coder_7b:basic:C003_static_full_layout_basic_repair,repair_qwen2.5-coder_7b,,
time_series.png,repair,experiments/05_choropleth_reliability_benchmark/outputs/runs/qwen2.5-coder_7b/basic/qwen2.5-coder_7b_basic_C003_static_full_layout_basic_repair_20260624_014401/time_series.png,0,,,,False,,,,time_series_png,,,,missing_or_empty,False,experiments/05_choropleth_reliability_benchmark/outputs/runs/qwen2.5-coder_7b/basic/qwen2.5-coder_7b_basic_C003_static_full_layout_basic_repair_20260624_014401,,repair_qwen2.5-coder_7b:qwen2.5-coder_7b:basic:C003_static_full_layout_basic_repair,repair_qwen2.5-coder_7b,,
map_interactive.html,repair,experiments/05_choropleth_reliability_benchmark/outputs/runs/qwen2.5-coder_7b/basic/qwen2.5-coder_7b_basic_C003_static_full_layout_basic_repair_20260624_014401/map_interactive.html,0,,,,False,,missing,False,interactive_html,,,,missing_or_empty,False,experiments/05_choropleth_reliability_benchmark/outputs/runs/qwen2.5-coder_7b/basic/qwen2.5-coder_7b_basic_C003_static_full_layout_basic_repair_20260624_014401,,repair_qwen2.5-coder_7b:qwen2.5-coder_7b:basic:C003_static_full_layout_basic_repair,repair_qwen2.5-coder_7b,,
map_static.png,repair,experiments/05_choropleth_reliability_benchmark/outputs/runs/qwen2.5-coder_7b/rules/qwen2.5-coder_7b_rules_C001_static_burned_area_20260624_014402/map_static.png,0,,,,False,,,,static_png,,,,missing_or_empty,False,experiments/05_choropleth_reliability_benchmark/outputs/runs/qwen2.5-coder_7b/rules/qwen2.5-coder_7b_rules_C001_static_burned_area_20260624_014402,,repair_qwen2.5-coder_7b:qwen2.5-coder_7b:rules:C001_static_burned_area,repair_qwen2.5-coder_7b,,
time_series.png,repair,experiments/05_choropleth_reliability_benchmark/outputs/runs/qwen2.5-coder_7b/rules/qwen2.5-coder_7b_rules_C001_static_burned_area_20260624_014402/time_series.png,0,,,,False,,,,time_series_png,,,,missing_or_empty,False,experiments/05_choropleth_reliability_benchmark/outputs/runs/qwen2.5-coder_7b/rules/qwen2.5-coder_7b_rules_C001_static_burned_area_20260624_014402,,repair_qwen2.5-coder_7b:qwen2.5-coder_7b:rules:C001_static_burned_area,repair_qwen2.5-coder_7b,,
map_interactive.html,repair,experiments/05_choropleth_reliability_benchmark/outputs/runs/qwen2.5-coder_7b/rules/qwen2.5-coder_7b_rules_C001_static_burned_area_20260624_014402/map_interactive.html,0,,,,False,,missing,False,interactive_html,,,,missing_or_empty,False,experiments/05_choropleth_reliability_benchmark/outputs/runs/qwen2.5-coder_7b/rules/qwen2.5-coder_7b_rules_C001_static_burned_area_20260624_014402,,repair_qwen2.5-coder_7b:qwen2.5-coder_7b:rules:C001_static_burned_area,repair_qwen2.5-coder_7b,,
map_static.png,repair,experiments/05_choropleth_reliability_benchmark/outputs/runs/qwen2.5-coder_7b/rules/qwen2.5-coder_7b_rules_C002_static_number_fires_20260624_014402/map_static.png,0,,,,False,,,,static_png,,,,missing_or_empty,False,experiments/05_choropleth_reliability_benchmark/outputs/runs/qwen2.5-coder_7b/rules/qwen2.5-coder_7b_rules_C002_static_number_fires_20260624_014402,,repair_qwen2.5-coder_7b:qwen2.5-coder_7b:rules:C002_static_number_fires,repair_qwen2.5-coder_7b,,
time_series.png,repair,experiments/05_choropleth_reliability_benchmark/outputs/runs/qwen2.5-coder_7b/rules/qwen2.5-coder_7b_rules_C002_static_number_fires_20260624_014402/time_series.png,0,,,,False,,,,time_series_png,,,,missing_or_empty,False,experiments/05_choropleth_reliability_benchmark/outputs/runs/qwen2.5-coder_7b/rules/qwen2.5-coder_7b_rules_C002_static_number_fires_20260624_014402,,repair_qwen2.5-coder_7b:qwen2.5-coder_7b:rules:C002_static_number_fires,repair_qwen2.5-coder_7b,,
map_interactive.html,repair,experiments/05_choropleth_reliability_benchmark/outputs/runs/qwen2.5-coder_7b/rules/qwen2.5-coder_7b_rules_C002_static_number_fires_20260624_014402/map_interactive.html,0,,,,False,,missing,False,interactive_html,,,,missing_or_empty,False,experiments/05_choropleth_reliability_benchmark/outputs/runs/qwen2.5-coder_7b/rules/qwen2.5-coder_7b_rules_C002_static_number_fires_20260624_014402,,repair_qwen2.5-coder_7b:qwen2.5-coder_7b:rules:C002_static_number_fires,repair_qwen2.5-coder_7b,,
map_static.png,repair,experiments/05_choropleth_reliability_benchmark/outputs/runs/qwen2.5-coder_7b/rules/qwen2.5-coder_7b_rules_C003_static_full_layout_20260624_014403/map_static.png,0,,,,False,,,,static_png,,,,missing_or_empty,False,experiments/05_choropleth_reliability_benchmark/outputs/runs/qwen2.5-coder_7b/rules/qwen2.5-coder_7b_rules_C003_static_full_layout_20260624_014403,,repair_qwen2.5-coder_7b:qwen2.5-coder_7b:rules:C003_static_full_layout,repair_qwen2.5-coder_7b,,
time_series.png,repair,experiments/05_choropleth_reliability_benchmark/outputs/runs/qwen2.5-coder_7b/rules/qwen2.5-coder_7b_rules_C003_static_full_layout_20260624_014403/time_series.png,0,,,,False,,,,time_series_png,,,,missing_or_empty,False,experiments/05_choropleth_reliability_benchmark/outputs/runs/qwen2.5-coder_7b/rules/qwen2.5-coder_7b_rules_C003_static_full_layout_20260624_014403,,repair_qwen2.5-coder_7b:qwen2.5-coder_7b:rules:C003_static_full_layout,repair_qwen2.5-coder_7b,,
map_interactive.html,repair,experiments/05_choropleth_reliability_benchmark/outputs/runs/qwen2.5-coder_7b/rules/qwen2.5-coder_7b_rules_C003_static_full_layout_20260624_014403/map_interactive.html,0,,,,False,,missing,False,interactive_html,,,,missing_or_empty,False,experiments/05_choropleth_reliability_benchmark/outputs/runs/qwen2.5-coder_7b/rules/qwen2.5-coder_7b_rules_C003_static_full_layout_20260624_014403,,repair_qwen2.5-coder_7b:qwen2.5-coder_7b:rules:C003_static_full_layout,repair_qwen2.5-coder_7b,,
map_static.png,initial,experiments/05_choropleth_reliability_benchmark/outputs/runs/qwen2.5-coder_7b/basic/qwen2.5-coder_7b_basic_C001_static_burned_area_20260624_014833/map_static.png,0,,,,False,,,,static_png,,,,missing_or_empty,False,experiments/05_choropleth_reliability_benchmark/outputs/runs/qwen2.5-coder_7b/basic/qwen2.5-coder_7b_basic_C001_static_burned_area_20260624_014833,,qwen2.5-coder_7b:basic:C001_static_burned_area,qwen2.5-coder_7b,,
time_series.png,initial,experiments/05_choropleth_reliability_benchmark/outputs/runs/qwen2.5-coder_7b/basic/qwen2.5-coder_7b_basic_C001_static_burned_area_20260624_014833/time_series.png,0,,,,False,,,,time_series_png,,,,missing_or_empty,False,experiments/05_choropleth_reliability_benchmark/outputs/runs/qwen2.5-coder_7b/basic/qwen2.5-coder_7b_basic_C001_static_burned_area_20260624_014833,,qwen2.5-coder_7b:basic:C001_static_burned_area,qwen2.5-coder_7b,,
map_interactive.html,initial,experiments/05_choropleth_reliability_benchmark/outputs/runs/qwen2.5-coder_7b/basic/qwen2.5-coder_7b_basic_C001_static_burned_area_20260624_014833/map_interactive.html,0,,,,False,,missing,False,interactive_html,,,,missing_or_empty,False,experiments/05_choropleth_reliability_benchmark/outputs/runs/qwen2.5-coder_7b/basic/qwen2.5-coder_7b_basic_C001_static_burned_area_20260624_014833,,qwen2.5-coder_7b:basic:C001_static_burned_area,qwen2.5-coder_7b,,
map_static.png,initial,experiments/05_choropleth_reliability_benchmark/outputs/runs/qwen2.5-coder_7b/basic/qwen2.5-coder_7b_basic_C002_static_number_fires_20260624_014833/map_static.png,0,,,,False,,,,static_png,,,,missing_or_empty,False,experiments/05_choropleth_reliability_benchmark/outputs/runs/qwen2.5-coder_7b/basic/qwen2.5-coder_7b_basic_C002_static_number_fires_20260624_014833,,qwen2.5-coder_7b:basic:C002_static_number_fires,qwen2.5-coder_7b,,
time_series.png,initial,experiments/05_choropleth_reliability_benchmark/outputs/runs/qwen2.5-coder_7b/basic/qwen2.5-coder_7b_basic_C002_static_number_fires_20260624_014833/time_series.png,0,,,,False,,,,time_series_png,,,,missing_or_empty,False,experiments/05_choropleth_reliability_benchmark/outputs/runs/qwen2.5-coder_7b/basic/qwen2.5-coder_7b_basic_C002_static_number_fires_20260624_014833,,qwen2.5-coder_7b:basic:C002_static_number_fires,qwen2.5-coder_7b,,
map_interactive.html,initial,experiments/05_choropleth_reliability_benchmark/outputs/runs/qwen2.5-coder_7b/basic/qwen2.5-coder_7b_basic_C002_static_number_fires_20260624_014833/map_interactive.html,0,,,,False,,missing,False,interactive_html,,,,missing_or_empty,False,experiments/05_choropleth_reliability_benchmark/outputs/runs/qwen2.5-coder_7b/basic/qwen2.5-coder_7b_basic_C002_static_number_fires_20260624_014833,,qwen2.5-coder_7b:basic:C002_static_number_fires,qwen2.5-coder_7b,,
map_static.png,initial,experiments/05_choropleth_reliability_benchmark/outputs/runs/qwen2.5-coder_7b/basic/qwen2.5-coder_7b_basic_C003_static_full_layout_20260624_014834/map_static.png,0,,,,False,,,,static_png,,,,missing_or_empty,False,experiments/05_choropleth_reliability_benchmark/outputs/runs/qwen2.5-coder_7b/basic/qwen2.5-coder_7b_basic_C003_static_full_layout_20260624_014834,,qwen2.5-coder_7b:basic:C003_static_full_layout,qwen2.5-coder_7b,,
time_series.png,initial,experiments/05_choropleth_reliability_benchmark/outputs/runs/qwen2.5-coder_7b/basic/qwen2.5-coder_7b_basic_C003_static_full_layout_20260624_014834/time_series.png,0,,,,False,,,,time_series_png,,,,missing_or_empty,False,experiments/05_choropleth_reliability_benchmark/outputs/runs/qwen2.5-coder_7b/basic/qwen2.5-coder_7b_basic_C003_static_full_layout_20260624_014834,,qwen2.5-coder_7b:basic:C003_static_full_layout,qwen2.5-coder_7b,,
map_interactive.html,initial,experiments/05_choropleth_reliability_benchmark/outputs/runs/qwen2.5-coder_7b/basic/qwen2.5-coder_7b_basic_C003_static_full_layout_20260624_014834/map_interactive.html,0,,,,False,,missing,False,interactive_html,,,,missing_or_empty,False,experiments/05_choropleth_reliability_benchmark/outputs/runs/qwen2.5-coder_7b/basic/qwen2.5-coder_7b_basic_C003_static_full_layout_20260624_014834,,qwen2.5-coder_7b:basic:C003_static_full_layout,qwen2.5-coder_7b,,
map_static.png,initial,experiments/05_choropleth_reliability_benchmark/outputs/runs/qwen2.5-coder_7b/basic/qwen2.5-coder_7b_basic_C004_missing_crs_repair_20260624_014834/map_static.png,0,,,,False,,,,static_png,,,,missing_or_empty,False,experiments/05_choropleth_reliability_benchmark/outputs/runs/qwen2.5-coder_7b/basic/qwen2.5-coder_7b_basic_C004_missing_crs_repair_20260624_014834,,qwen2.5-coder_7b:basic:C004_missing_crs_repair,qwen2.5-coder_7b,,
time_series.png,initial,experiments/05_choropleth_reliability_benchmark/outputs/runs/qwen2.5-coder_7b/basic/qwen2.5-coder_7b_basic_C004_missing_crs_repair_20260624_014834/time_series.png,0,,,,False,,,,time_series_png,,,,missing_or_empty,False,experiments/05_choropleth_reliability_benchmark/outputs/runs/qwen2.5-coder_7b/basic/qwen2.5-coder_7b_basic_C004_missing_crs_repair_20260624_014834,,qwen2.5-coder_7b:basic:C004_missing_crs_repair,qwen2.5-coder_7b,,
map_interactive.html,initial,experiments/05_choropleth_reliability_benchmark/outputs/runs/qwen2.5-coder_7b/basic/qwen2.5-coder_7b_basic_C004_missing_crs_repair_20260624_014834/map_interactive.html,0,,,,False,,missing,False,interactive_html,,,,missing_or_empty,False,experiments/05_choropleth_reliability_benchmark/outputs/runs/qwen2.5-coder_7b/basic/qwen2.5-coder_7b_basic_C004_missing_crs_repair_20260624_014834,,qwen2.5-coder_7b:basic:C004_missing_crs_repair,qwen2.5-coder_7b,,
map_static.png,initial,experiments/05_choropleth_reliability_benchmark/outputs/runs/qwen2.5-coder_7b/basic/qwen2.5-coder_7b_basic_C005_geometry_repair_20260624_014834/map_static.png,0,,,,False,,,,static_png,,,,missing_or_empty,False,experiments/05_choropleth_reliability_benchmark/outputs/runs/qwen2.5-coder_7b/basic/qwen2.5-coder_7b_basic_C005_geometry_repair_20260624_014834,,qwen2.5-coder_7b:basic:C005_geometry_repair,qwen2.5-coder_7b,,
time_series.png,initial,experiments/05_choropleth_reliability_benchmark/outputs/runs/qwen2.5-coder_7b/basic/qwen2.5-coder_7b_basic_C005_geometry_repair_20260624_014834/time_series.png,0,,,,False,,,,time_series_png,,,,missing_or_empty,False,experiments/05_choropleth_reliability_benchmark/outputs/runs/qwen2.5-coder_7b/basic/qwen2.5-coder_7b_basic_C005_geometry_repair_20260624_014834,,qwen2.5-coder_7b:basic:C005_geometry_repair,qwen2.5-coder_7b,,
map_interactive.html,initial,experiments/05_choropleth_reliability_benchmark/outputs/runs/qwen2.5-coder_7b/basic/qwen2.5-coder_7b_basic_C005_geometry_repair_20260624_014834/map_interactive.html,0,,,,False,,missing,False,interactive_html,,,,missing_or_empty,False,experiments/05_choropleth_reliability_benchmark/outputs/runs/qwen2.5-coder_7b/basic/qwen2.5-coder_7b_basic_C005_geometry_repair_20260624_014834,,qwen2.5-coder_7b:basic:C005_geometry_repair,qwen2.5-coder_7b,,
map_static.png,initial,experiments/05_choropleth_reliability_benchmark/outputs/runs/qwen2.5-coder_7b/basic/qwen2.5-coder_7b_basic_C006_join_diagnostics_20260624_014835/map_static.png,0,,,,False,,,,static_png,,,,missing_or_empty,False,experiments/05_choropleth_reliability_benchmark/outputs/runs/qwen2.5-coder_7b/basic/qwen2.5-coder_7b_basic_C006_join_diagnostics_20260624_014835,,qwen2.5-coder_7b:basic:C006_join_diagnostics,qwen2.5-coder_7b,,
time_series.png,initial,experiments/05_choropleth_reliability_benchmark/outputs/runs/qwen2.5-coder_7b/basic/qwen2.5-coder_7b_basic_C006_join_diagnostics_20260624_014835/time_series.png,0,,,,False,,,,time_series_png,,,,missing_or_empty,False,experiments/05_choropleth_reliability_benchmark/outputs/runs/qwen2.5-coder_7b/basic/qwen2.5-coder_7b_basic_C006_join_diagnostics_20260624_014835,,qwen2.5-coder_7b:basic:C006_join_diagnostics,qwen2.5-coder_7b,,
map_interactive.html,initial,experiments/05_choropleth_reliability_benchmark/outputs/runs/qwen2.5-coder_7b/basic/qwen2.5-coder_7b_basic_C006_join_diagnostics_20260624_014835/map_interactive.html,0,,,,False,,missing,False,interactive_html,,,,missing_or_empty,False,experiments/05_choropleth_reliability_benchmark/outputs/runs/qwen2.5-coder_7b/basic/qwen2.5-coder_7b_basic_C006_join_diagnostics_20260624_014835,,qwen2.5-coder_7b:basic:C006_join_diagnostics,qwen2.5-coder_7b,,
map_static.png,initial,experiments/05_choropleth_reliability_benchmark/outputs/runs/qwen2.5-coder_7b/basic/qwen2.5-coder_7b_basic_C007_wrong_column_guard_20260624_014835/map_static.png,0,,,,False,,,,static_png,,,,missing_or_empty,False,experiments/05_choropleth_reliability_benchmark/outputs/runs/qwen2.5-coder_7b/basic/qwen2.5-coder_7b_basic_C007_wrong_column_guard_20260624_014835,,qwen2.5-coder_7b:basic:C007_wrong_column_guard,qwen2.5-coder_7b,,
time_series.png,initial,experiments/05_choropleth_reliability_benchmark/outputs/runs/qwen2.5-coder_7b/basic/qwen2.5-coder_7b_basic_C007_wrong_column_guard_20260624_014835/time_series.png,0,,,,False,,,,time_series_png,,,,missing_or_empty,False,experiments/05_choropleth_reliability_benchmark/outputs/runs/qwen2.5-coder_7b/basic/qwen2.5-coder_7b_basic_C007_wrong_column_guard_20260624_014835,,qwen2.5-coder_7b:basic:C007_wrong_column_guard,qwen2.5-coder_7b,,
map_interactive.html,initial,experiments/05_choropleth_reliability_benchmark/outputs/runs/qwen2.5-coder_7b/basic/qwen2.5-coder_7b_basic_C007_wrong_column_guard_20260624_014835/map_interactive.html,0,,,,False,,missing,False,interactive_html,,,,missing_or_empty,False,experiments/05_choropleth_reliability_benchmark/outputs/runs/qwen2.5-coder_7b/basic/qwen2.5-coder_7b_basic_C007_wrong_column_guard_20260624_014835,,qwen2.5-coder_7b:basic:C007_wrong_column_guard,qwen2.5-coder_7b,,
map_static.png,initial,experiments/05_choropleth_reliability_benchmark/outputs/runs/qwen2.5-coder_7b/basic/qwen2.5-coder_7b_basic_C008_quantile_classes_20260624_014835/map_static.png,0,,,,False,,,,static_png,,,,missing_or_empty,False,experiments/05_choropleth_reliability_benchmark/outputs/runs/qwen2.5-coder_7b/basic/qwen2.5-coder_7b_basic_C008_quantile_classes_20260624_014835,,qwen2.5-coder_7b:basic:C008_quantile_classes,qwen2.5-coder_7b,,
time_series.png,initial,experiments/05_choropleth_reliability_benchmark/outputs/runs/qwen2.5-coder_7b/basic/qwen2.5-coder_7b_basic_C008_quantile_classes_20260624_014835/time_series.png,0,,,,False,,,,time_series_png,,,,missing_or_empty,False,experiments/05_choropleth_reliability_benchmark/outputs/runs/qwen2.5-coder_7b/basic/qwen2.5-coder_7b_basic_C008_quantile_classes_20260624_014835,,qwen2.5-coder_7b:basic:C008_quantile_classes,qwen2.5-coder_7b,,
map_interactive.html,initial,experiments/05_choropleth_reliability_benchmark/outputs/runs/qwen2.5-coder_7b/basic/qwen2.5-coder_7b_basic_C008_quantile_classes_20260624_014835/map_interactive.html,0,,,,False,,missing,False,interactive_html,,,,missing_or_empty,False,experiments/05_choropleth_reliability_benchmark/outputs/runs/qwen2.5-coder_7b/basic/qwen2.5-coder_7b_basic_C008_quantile_classes_20260624_014835,,qwen2.5-coder_7b:basic:C008_quantile_classes,qwen2.5-coder_7b,,
map_static.png,initial,experiments/05_choropleth_reliability_benchmark/outputs/runs/qwen2.5-coder_7b/basic/qwen2.5-coder_7b_basic_C009_colorblind_safe_20260624_014836/map_static.png,0,,,,False,,,,static_png,,,,missing_or_empty,False,experiments/05_choropleth_reliability_benchmark/outputs/runs/qwen2.5-coder_7b/basic/qwen2.5-coder_7b_basic_C009_colorblind_safe_20260624_014836,,qwen2.5-coder_7b:basic:C009_colorblind_safe,qwen2.5-coder_7b,,
time_series.png,initial,experiments/05_choropleth_reliability_benchmark/outputs/runs/qwen2.5-coder_7b/basic/qwen2.5-coder_7b_basic_C009_colorblind_safe_20260624_014836/time_series.png,0,,,,False,,,,time_series_png,,,,missing_or_empty,False,experiments/05_choropleth_reliability_benchmark/outputs/runs/qwen2.5-coder_7b/basic/qwen2.5-coder_7b_basic_C009_colorblind_safe_20260624_014836,,qwen2.5-coder_7b:basic:C009_colorblind_safe,qwen2.5-coder_7b,,
map_interactive.html,initial,experiments/05_choropleth_reliability_benchmark/outputs/runs/qwen2.5-coder_7b/basic/qwen2.5-coder_7b_basic_C009_colorblind_safe_20260624_014836/map_interactive.html,0,,,,False,,missing,False,interactive_html,,,,missing_or_empty,False,experiments/05_choropleth_reliability_benchmark/outputs/runs/qwen2.5-coder_7b/basic/qwen2.5-coder_7b_basic_C009_colorblind_safe_20260624_014836,,qwen2.5-coder_7b:basic:C009_colorblind_safe,qwen2.5-coder_7b,,
map_static.png,initial,experiments/05_choropleth_reliability_benchmark/outputs/runs/qwen2.5-coder_7b/basic/qwen2.5-coder_7b_basic_C010_interactive_tooltips_20260624_014836/map_static.png,0,,,,False,,,,static_png,,,,missing_or_empty,False,experiments/05_choropleth_reliability_benchmark/outputs/runs/qwen2.5-coder_7b/basic/qwen2.5-coder_7b_basic_C010_interactive_tooltips_20260624_014836,,qwen2.5-coder_7b:basic:C010_interactive_tooltips,qwen2.5-coder_7b,,
time_series.png,initial,experiments/05_choropleth_reliability_benchmark/outputs/runs/qwen2.5-coder_7b/basic/qwen2.5-coder_7b_basic_C010_interactive_tooltips_20260624_014836/time_series.png,0,,,,False,,,,time_series_png,,,,missing_or_empty,False,experiments/05_choropleth_reliability_benchmark/outputs/runs/qwen2.5-coder_7b/basic/qwen2.5-coder_7b_basic_C010_interactive_tooltips_20260624_014836,,qwen2.5-coder_7b:basic:C010_interactive_tooltips,qwen2.5-coder_7b,,
map_interactive.html,initial,experiments/05_choropleth_reliability_benchmark/outputs/runs/qwen2.5-coder_7b/basic/qwen2.5-coder_7b_basic_C010_interactive_tooltips_20260624_014836/map_interactive.html,0,,,,False,,missing,False,interactive_html,,,,missing_or_empty,False,experiments/05_choropleth_reliability_benchmark/outputs/runs/qwen2.5-coder_7b/basic/qwen2.5-coder_7b_basic_C010_interactive_tooltips_20260624_014836,,qwen2.5-coder_7b:basic:C010_interactive_tooltips,qwen2.5-coder_7b,,
map_static.png,initial,experiments/05_choropleth_reliability_benchmark/outputs/runs/qwen2.5-coder_7b/basic/qwen2.5-coder_7b_basic_C011_static_and_interactive_20260624_014836/map_static.png,0,,,,False,,,,static_png,,,,missing_or_empty,False,experiments/05_choropleth_reliability_benchmark/outputs/runs/qwen2.5-coder_7b/basic/qwen2.5-coder_7b_basic_C011_static_and_interactive_20260624_014836,,qwen2.5-coder_7b:basic:C011_static_and_interactive,qwen2.5-coder_7b,,
time_series.png,initial,experiments/05_choropleth_reliability_benchmark/outputs/runs/qwen2.5-coder_7b/basic/qwen2.5-coder_7b_basic_C011_static_and_interactive_20260624_014836/time_series.png,0,,,,False,,,,time_series_png,,,,missing_or_empty,False,experiments/05_choropleth_reliability_benchmark/outputs/runs/qwen2.5-coder_7b/basic/qwen2.5-coder_7b_basic_C011_static_and_interactive_20260624_014836,,qwen2.5-coder_7b:basic:C011_static_and_interactive,qwen2.5-coder_7b,,
map_interactive.html,initial,experiments/05_choropleth_reliability_benchmark/outputs/runs/qwen2.5-coder_7b/basic/qwen2.5-coder_7b_basic_C011_static_and_interactive_20260624_014836/map_interactive.html,0,,,,False,,missing,False,interactive_html,,,,missing_or_empty,False,experiments/05_choropleth_reliability_benchmark/outputs/runs/qwen2.5-coder_7b/basic/qwen2.5-coder_7b_basic_C011_static_and_interactive_20260624_014836,,qwen2.5-coder_7b:basic:C011_static_and_interactive,qwen2.5-coder_7b,,
map_static.png,initial,experiments/05_choropleth_reliability_benchmark/outputs/runs/qwen2.5-coder_7b/basic/qwen2.5-coder_7b_basic_C012_time_series_report_20260624_014837/map_static.png,0,,,,False,,,,static_png,,,,missing_or_empty,False,experiments/05_choropleth_reliability_benchmark/outputs/runs/qwen2.5-coder_7b/basic/qwen2.5-coder_7b_basic_C012_time_series_report_20260624_014837,,qwen2.5-coder_7b:basic:C012_time_series_report,qwen2.5-coder_7b,,
time_series.png,initial,experiments/05_choropleth_reliability_benchmark/outputs/runs/qwen2.5-coder_7b/basic/qwen2.5-coder_7b_basic_C012_time_series_report_20260624_014837/time_series.png,0,,,,False,,,,time_series_png,,,,missing_or_empty,False,experiments/05_choropleth_reliability_benchmark/outputs/runs/qwen2.5-coder_7b/basic/qwen2.5-coder_7b_basic_C012_time_series_report_20260624_014837,,qwen2.5-coder_7b:basic:C012_time_series_report,qwen2.5-coder_7b,,
map_interactive.html,initial,experiments/05_choropleth_reliability_benchmark/outputs/runs/qwen2.5-coder_7b/basic/qwen2.5-coder_7b_basic_C012_time_series_report_20260624_014837/map_interactive.html,0,,,,False,,missing,False,interactive_html,,,,missing_or_empty,False,experiments/05_choropleth_reliability_benchmark/outputs/runs/qwen2.5-coder_7b/basic/qwen2.5-coder_7b_basic_C012_time_series_report_20260624_014837,,qwen2.5-coder_7b:basic:C012_time_series_report,qwen2.5-coder_7b,,
map_static.png,initial,experiments/05_choropleth_reliability_benchmark/outputs/runs/qwen2.5-coder_7b/rules/qwen2.5-coder_7b_rules_C001_static_burned_area_20260624_014837/map_static.png,0,,,,False,,,,static_png,,,,missing_or_empty,False,experiments/05_choropleth_reliability_benchmark/outputs/runs/qwen2.5-coder_7b/rules/qwen2.5-coder_7b_rules_C001_static_burned_area_20260624_014837,,qwen2.5-coder_7b:rules:C001_static_burned_area,qwen2.5-coder_7b,,
time_series.png,initial,experiments/05_choropleth_reliability_benchmark/outputs/runs/qwen2.5-coder_7b/rules/qwen2.5-coder_7b_rules_C001_static_burned_area_20260624_014837/time_series.png,0,,,,False,,,,time_series_png,,,,missing_or_empty,False,experiments/05_choropleth_reliability_benchmark/outputs/runs/qwen2.5-coder_7b/rules/qwen2.5-coder_7b_rules_C001_static_burned_area_20260624_014837,,qwen2.5-coder_7b:rules:C001_static_burned_area,qwen2.5-coder_7b,,
map_interactive.html,initial,experiments/05_choropleth_reliability_benchmark/outputs/runs/qwen2.5-coder_7b/rules/qwen2.5-coder_7b_rules_C001_static_burned_area_20260624_014837/map_interactive.html,0,,,,False,,missing,False,interactive_html,,,,missing_or_empty,False,experiments/05_choropleth_reliability_benchmark/outputs/runs/qwen2.5-coder_7b/rules/qwen2.5-coder_7b_rules_C001_static_burned_area_20260624_014837,,qwen2.5-coder_7b:rules:C001_static_burned_area,qwen2.5-coder_7b,,
map_static.png,initial,experiments/05_choropleth_reliability_benchmark/outputs/runs/qwen2.5-coder_7b/rules/qwen2.5-coder_7b_rules_C002_static_number_fires_20260624_014838/map_static.png,0,,,,False,,,,static_png,,,,missing_or_empty,False,experiments/05_choropleth_reliability_benchmark/outputs/runs/qwen2.5-coder_7b/rules/qwen2.5-coder_7b_rules_C002_static_number_fires_20260624_014838,,qwen2.5-coder_7b:rules:C002_static_number_fires,qwen2.5-coder_7b,,
time_series.png,initial,experiments/05_choropleth_reliability_benchmark/outputs/runs/qwen2.5-coder_7b/rules/qwen2.5-coder_7b_rules_C002_static_number_fires_20260624_014838/time_series.png,0,,,,False,,,,time_series_png,,,,missing_or_empty,False,experiments/05_choropleth_reliability_benchmark/outputs/runs/qwen2.5-coder_7b/rules/qwen2.5-coder_7b_rules_C002_static_number_fires_20260624_014838,,qwen2.5-coder_7b:rules:C002_static_number_fires,qwen2.5-coder_7b,,
map_interactive.html,initial,experiments/05_choropleth_reliability_benchmark/outputs/runs/qwen2.5-coder_7b/rules/qwen2.5-coder_7b_rules_C002_static_number_fires_20260624_014838/map_interactive.html,0,,,,False,,missing,False,interactive_html,,,,missing_or_empty,False,experiments/05_choropleth_reliability_benchmark/outputs/runs/qwen2.5-coder_7b/rules/qwen2.5-coder_7b_rules_C002_static_number_fires_20260624_014838,,qwen2.5-coder_7b:rules:C002_static_number_fires,qwen2.5-coder_7b,,
map_static.png,initial,experiments/05_choropleth_reliability_benchmark/outputs/runs/qwen2.5-coder_7b/rules/qwen2.5-coder_7b_rules_C003_static_full_layout_20260624_014838/map_static.png,0,,,,False,,,,static_png,,,,missing_or_empty,False,experiments/05_choropleth_reliability_benchmark/outputs/runs/qwen2.5-coder_7b/rules/qwen2.5-coder_7b_rules_C003_static_full_layout_20260624_014838,,qwen2.5-coder_7b:rules:C003_static_full_layout,qwen2.5-coder_7b,,
time_series.png,initial,experiments/05_choropleth_reliability_benchmark/outputs/runs/qwen2.5-coder_7b/rules/qwen2.5-coder_7b_rules_C003_static_full_layout_20260624_014838/time_series.png,0,,,,False,,,,time_series_png,,,,missing_or_empty,False,experiments/05_choropleth_reliability_benchmark/outputs/runs/qwen2.5-coder_7b/rules/qwen2.5-coder_7b_rules_C003_static_full_layout_20260624_014838,,qwen2.5-coder_7b:rules:C003_static_full_layout,qwen2.5-coder_7b,,
map_interactive.html,initial,experiments/05_choropleth_reliability_benchmark/outputs/runs/qwen2.5-coder_7b/rules/qwen2.5-coder_7b_rules_C003_static_full_layout_20260624_014838/map_interactive.html,0,,,,False,,missing,False,interactive_html,,,,missing_or_empty,False,experiments/05_choropleth_reliability_benchmark/outputs/runs/qwen2.5-coder_7b/rules/qwen2.5-coder_7b_rules_C003_static_full_layout_20260624_014838,,qwen2.5-coder_7b:rules:C003_static_full_layout,qwen2.5-coder_7b,,
map_static.png,initial,experiments/05_choropleth_reliability_benchmark/outputs/runs/qwen2.5-coder_7b/rules/qwen2.5-coder_7b_rules_C004_missing_crs_repair_20260624_014838/map_static.png,0,,,,False,,,,static_png,,,,missing_or_empty,False,experiments/05_choropleth_reliability_benchmark/outputs/runs/qwen2.5-coder_7b/rules/qwen2.5-coder_7b_rules_C004_missing_crs_repair_20260624_014838,,qwen2.5-coder_7b:rules:C004_missing_crs_repair,qwen2.5-coder_7b,,
time_series.png,initial,experiments/05_choropleth_reliability_benchmark/outputs/runs/qwen2.5-coder_7b/rules/qwen2.5-coder_7b_rules_C004_missing_crs_repair_20260624_014838/time_series.png,0,,,,False,,,,time_series_png,,,,missing_or_empty,False,experiments/05_choropleth_reliability_benchmark/outputs/runs/qwen2.5-coder_7b/rules/qwen2.5-coder_7b_rules_C004_missing_crs_repair_20260624_014838,,qwen2.5-coder_7b:rules:C004_missing_crs_repair,qwen2.5-coder_7b,,
map_interactive.html,initial,experiments/05_choropleth_reliability_benchmark/outputs/runs/qwen2.5-coder_7b/rules/qwen2.5-coder_7b_rules_C004_missing_crs_repair_20260624_014838/map_interactive.html,0,,,,False,,missing,False,interactive_html,,,,missing_or_empty,False,experiments/05_choropleth_reliability_benchmark/outputs/runs/qwen2.5-coder_7b/rules/qwen2.5-coder_7b_rules_C004_missing_crs_repair_20260624_014838,,qwen2.5-coder_7b:rules:C004_missing_crs_repair,qwen2.5-coder_7b,,
map_static.png,initial,experiments/05_choropleth_reliability_benchmark/outputs/runs/qwen2.5-coder_7b/rules/qwen2.5-coder_7b_rules_C005_geometry_repair_20260624_014838/map_static.png,0,,,,False,,,,static_png,,,,missing_or_empty,False,experiments/05_choropleth_reliability_benchmark/outputs/runs/qwen2.5-coder_7b/rules/qwen2.5-coder_7b_rules_C005_geometry_repair_20260624_014838,,qwen2.5-coder_7b:rules:C005_geometry_repair,qwen2.5-coder_7b,,
time_series.png,initial,experiments/05_choropleth_reliability_benchmark/outputs/runs/qwen2.5-coder_7b/rules/qwen2.5-coder_7b_rules_C005_geometry_repair_20260624_014838/time_series.png,0,,,,False,,,,time_series_png,,,,missing_or_empty,False,experiments/05_choropleth_reliability_benchmark/outputs/runs/qwen2.5-coder_7b/rules/qwen2.5-coder_7b_rules_C005_geometry_repair_20260624_014838,,qwen2.5-coder_7b:rules:C005_geometry_repair,qwen2.5-coder_7b,,
map_interactive.html,initial,experiments/05_choropleth_reliability_benchmark/outputs/runs/qwen2.5-coder_7b/rules/qwen2.5-coder_7b_rules_C005_geometry_repair_20260624_014838/map_interactive.html,0,,,,False,,missing,False,interactive_html,,,,missing_or_empty,False,experiments/05_choropleth_reliability_benchmark/outputs/runs/qwen2.5-coder_7b/rules/qwen2.5-coder_7b_rules_C005_geometry_repair_20260624_014838,,qwen2.5-coder_7b:rules:C005_geometry_repair,qwen2.5-coder_7b,,
map_static.png,initial,experiments/05_choropleth_reliability_benchmark/outputs/runs/qwen2.5-coder_7b/rules/qwen2.5-coder_7b_rules_C006_join_diagnostics_20260624_014839/map_static.png,0,,,,False,,,,static_png,,,,missing_or_empty,False,experiments/05_choropleth_reliability_benchmark/outputs/runs/qwen2.5-coder_7b/rules/qwen2.5-coder_7b_rules_C006_join_diagnostics_20260624_014839,,qwen2.5-coder_7b:rules:C006_join_diagnostics,qwen2.5-coder_7b,,
time_series.png,initial,experiments/05_choropleth_reliability_benchmark/outputs/runs/qwen2.5-coder_7b/rules/qwen2.5-coder_7b_rules_C006_join_diagnostics_20260624_014839/time_series.png,0,,,,False,,,,time_series_png,,,,missing_or_empty,False,experiments/05_choropleth_reliability_benchmark/outputs/runs/qwen2.5-coder_7b/rules/qwen2.5-coder_7b_rules_C006_join_diagnostics_20260624_014839,,qwen2.5-coder_7b:rules:C006_join_diagnostics,qwen2.5-coder_7b,,
map_interactive.html,initial,experiments/05_choropleth_reliability_benchmark/outputs/runs/qwen2.5-coder_7b/rules/qwen2.5-coder_7b_rules_C006_join_diagnostics_20260624_014839/map_interactive.html,0,,,,False,,missing,False,interactive_html,,,,missing_or_empty,False,experiments/05_choropleth_reliability_benchmark/outputs/runs/qwen2.5-coder_7b/rules/qwen2.5-coder_7b_rules_C006_join_diagnostics_20260624_014839,,qwen2.5-coder_7b:rules:C006_join_diagnostics,qwen2.5-coder_7b,,
map_static.png,initial,experiments/05_choropleth_reliability_benchmark/outputs/runs/qwen2.5-coder_7b/rules/qwen2.5-coder_7b_rules_C007_wrong_column_guard_20260624_014839/map_static.png,0,,,,False,,,,static_png,,,,missing_or_empty,False,experiments/05_choropleth_reliability_benchmark/outputs/runs/qwen2.5-coder_7b/rules/qwen2.5-coder_7b_rules_C007_wrong_column_guard_20260624_014839,,qwen2.5-coder_7b:rules:C007_wrong_column_guard,qwen2.5-coder_7b,,
time_series.png,initial,experiments/05_choropleth_reliability_benchmark/outputs/runs/qwen2.5-coder_7b/rules/qwen2.5-coder_7b_rules_C007_wrong_column_guard_20260624_014839/time_series.png,0,,,,False,,,,time_series_png,,,,missing_or_empty,False,experiments/05_choropleth_reliability_benchmark/outputs/runs/qwen2.5-coder_7b/rules/qwen2.5-coder_7b_rules_C007_wrong_column_guard_20260624_014839,,qwen2.5-coder_7b:rules:C007_wrong_column_guard,qwen2.5-coder_7b,,
map_interactive.html,initial,experiments/05_choropleth_reliability_benchmark/outputs/runs/qwen2.5-coder_7b/rules/qwen2.5-coder_7b_rules_C007_wrong_column_guard_20260624_014839/map_interactive.html,0,,,,False,,missing,False,interactive_html,,,,missing_or_empty,False,experiments/05_choropleth_reliability_benchmark/outputs/runs/qwen2.5-coder_7b/rules/qwen2.5-coder_7b_rules_C007_wrong_column_guard_20260624_014839,,qwen2.5-coder_7b:rules:C007_wrong_column_guard,qwen2.5-coder_7b,,
map_static.png,initial,experiments/05_choropleth_reliability_benchmark/outputs/runs/qwen2.5-coder_7b/rules/qwen2.5-coder_7b_rules_C008_quantile_classes_20260624_014839/map_static.png,0,,,,False,,,,static_png,,,,missing_or_empty,False,experiments/05_choropleth_reliability_benchmark/outputs/runs/qwen2.5-coder_7b/rules/qwen2.5-coder_7b_rules_C008_quantile_classes_20260624_014839,,qwen2.5-coder_7b:rules:C008_quantile_classes,qwen2.5-coder_7b,,
time_series.png,initial,experiments/05_choropleth_reliability_benchmark/outputs/runs/qwen2.5-coder_7b/rules/qwen2.5-coder_7b_rules_C008_quantile_classes_20260624_014839/time_series.png,0,,,,False,,,,time_series_png,,,,missing_or_empty,False,experiments/05_choropleth_reliability_benchmark/outputs/runs/qwen2.5-coder_7b/rules/qwen2.5-coder_7b_rules_C008_quantile_classes_20260624_014839,,qwen2.5-coder_7b:rules:C008_quantile_classes,qwen2.5-coder_7b,,
map_interactive.html,initial,experiments/05_choropleth_reliability_benchmark/outputs/runs/qwen2.5-coder_7b/rules/qwen2.5-coder_7b_rules_C008_quantile_classes_20260624_014839/map_interactive.html,0,,,,False,,missing,False,interactive_html,,,,missing_or_empty,False,experiments/05_choropleth_reliability_benchmark/outputs/runs/qwen2.5-coder_7b/rules/qwen2.5-coder_7b_rules_C008_quantile_classes_20260624_014839,,qwen2.5-coder_7b:rules:C008_quantile_classes,qwen2.5-coder_7b,,
map_static.png,initial,experiments/05_choropleth_reliability_benchmark/outputs/runs/qwen2.5-coder_7b/rules/qwen2.5-coder_7b_rules_C009_colorblind_safe_20260624_014839/map_static.png,0,,,,False,,,,static_png,,,,missing_or_empty,False,experiments/05_choropleth_reliability_benchmark/outputs/runs/qwen2.5-coder_7b/rules/qwen2.5-coder_7b_rules_C009_colorblind_safe_20260624_014839,,qwen2.5-coder_7b:rules:C009_colorblind_safe,qwen2.5-coder_7b,,
time_series.png,initial,experiments/05_choropleth_reliability_benchmark/outputs/runs/qwen2.5-coder_7b/rules/qwen2.5-coder_7b_rules_C009_colorblind_safe_20260624_014839/time_series.png,0,,,,False,,,,time_series_png,,,,missing_or_empty,False,experiments/05_choropleth_reliability_benchmark/outputs/runs/qwen2.5-coder_7b/rules/qwen2.5-coder_7b_rules_C009_colorblind_safe_20260624_014839,,qwen2.5-coder_7b:rules:C009_colorblind_safe,qwen2.5-coder_7b,,
map_interactive.html,initial,experiments/05_choropleth_reliability_benchmark/outputs/runs/qwen2.5-coder_7b/rules/qwen2.5-coder_7b_rules_C009_colorblind_safe_20260624_014839/map_interactive.html,0,,,,False,,missing,False,interactive_html,,,,missing_or_empty,False,experiments/05_choropleth_reliability_benchmark/outputs/runs/qwen2.5-coder_7b/rules/qwen2.5-coder_7b_rules_C009_colorblind_safe_20260624_014839,,qwen2.5-coder_7b:rules:C009_colorblind_safe,qwen2.5-coder_7b,,
map_static.png,initial,experiments/05_choropleth_reliability_benchmark/outputs/runs/qwen2.5-coder_7b/rules/qwen2.5-coder_7b_rules_C010_interactive_tooltips_20260624_014840/map_static.png,0,,,,False,,,,static_png,,,,missing_or_empty,False,experiments/05_choropleth_reliability_benchmark/outputs/runs/qwen2.5-coder_7b/rules/qwen2.5-coder_7b_rules_C010_interactive_tooltips_20260624_014840,,qwen2.5-coder_7b:rules:C010_interactive_tooltips,qwen2.5-coder_7b,,
time_series.png,initial,experiments/05_choropleth_reliability_benchmark/outputs/runs/qwen2.5-coder_7b/rules/qwen2.5-coder_7b_rules_C010_interactive_tooltips_20260624_014840/time_series.png,0,,,,False,,,,time_series_png,,,,missing_or_empty,False,experiments/05_choropleth_reliability_benchmark/outputs/runs/qwen2.5-coder_7b/rules/qwen2.5-coder_7b_rules_C010_interactive_tooltips_20260624_014840,,qwen2.5-coder_7b:rules:C010_interactive_tooltips,qwen2.5-coder_7b,,
map_interactive.html,initial,experiments/05_choropleth_reliability_benchmark/outputs/runs/qwen2.5-coder_7b/rules/qwen2.5-coder_7b_rules_C010_interactive_tooltips_20260624_014840/map_interactive.html,0,,,,False,,missing,False,interactive_html,,,,missing_or_empty,False,experiments/05_choropleth_reliability_benchmark/outputs/runs/qwen2.5-coder_7b/rules/qwen2.5-coder_7b_rules_C010_interactive_tooltips_20260624_014840,,qwen2.5-coder_7b:rules:C010_interactive_tooltips,qwen2.5-coder_7b,,
map_static.png,initial,experiments/05_choropleth_reliability_benchmark/outputs/runs/qwen2.5-coder_7b/rules/qwen2.5-coder_7b_rules_C011_static_and_interactive_20260624_014840/map_static.png,0,,,,False,,,,static_png,,,,missing_or_empty,False,experiments/05_choropleth_reliability_benchmark/outputs/runs/qwen2.5-coder_7b/rules/qwen2.5-coder_7b_rules_C011_static_and_interactive_20260624_014840,,qwen2.5-coder_7b:rules:C011_static_and_interactive,qwen2.5-coder_7b,,
time_series.png,initial,experiments/05_choropleth_reliability_benchmark/outputs/runs/qwen2.5-coder_7b/rules/qwen2.5-coder_7b_rules_C011_static_and_interactive_20260624_014840/time_series.png,0,,,,False,,,,time_series_png,,,,missing_or_empty,False,experiments/05_choropleth_reliability_benchmark/outputs/runs/qwen2.5-coder_7b/rules/qwen2.5-coder_7b_rules_C011_static_and_interactive_20260624_014840,,qwen2.5-coder_7b:rules:C011_static_and_interactive,qwen2.5-coder_7b,,
map_interactive.html,initial,experiments/05_choropleth_reliability_benchmark/outputs/runs/qwen2.5-coder_7b/rules/qwen2.5-coder_7b_rules_C011_static_and_interactive_20260624_014840/map_interactive.html,0,,,,False,,missing,False,interactive_html,,,,missing_or_empty,False,experiments/05_choropleth_reliability_benchmark/outputs/runs/qwen2.5-coder_7b/rules/qwen2.5-coder_7b_rules_C011_static_and_interactive_20260624_014840,,qwen2.5-coder_7b:rules:C011_static_and_interactive,qwen2.5-coder_7b,,
map_static.png,initial,experiments/05_choropleth_reliability_benchmark/outputs/runs/qwen2.5-coder_7b/rules/qwen2.5-coder_7b_rules_C012_time_series_report_20260624_014840/map_static.png,0,,,,False,,,,static_png,,,,missing_or_empty,False,experiments/05_choropleth_reliability_benchmark/outputs/runs/qwen2.5-coder_7b/rules/qwen2.5-coder_7b_rules_C012_time_series_report_20260624_014840,,qwen2.5-coder_7b:rules:C012_time_series_report,qwen2.5-coder_7b,,
time_series.png,initial,experiments/05_choropleth_reliability_benchmark/outputs/runs/qwen2.5-coder_7b/rules/qwen2.5-coder_7b_rules_C012_time_series_report_20260624_014840/time_series.png,0,,,,False,,,,time_series_png,,,,missing_or_empty,False,experiments/05_choropleth_reliability_benchmark/outputs/runs/qwen2.5-coder_7b/rules/qwen2.5-coder_7b_rules_C012_time_series_report_20260624_014840,,qwen2.5-coder_7b:rules:C012_time_series_report,qwen2.5-coder_7b,,
map_interactive.html,initial,experiments/05_choropleth_reliability_benchmark/outputs/runs/qwen2.5-coder_7b/rules/qwen2.5-coder_7b_rules_C012_time_series_report_20260624_014840/map_interactive.html,0,,,,False,,missing,False,interactive_html,,,,missing_or_empty,False,experiments/05_choropleth_reliability_benchmark/outputs/runs/qwen2.5-coder_7b/rules/qwen2.5-coder_7b_rules_C012_time_series_report_20260624_014840,,qwen2.5-coder_7b:rules:C012_time_series_report,qwen2.5-coder_7b,,
map_static.png,initial,experiments/05_choropleth_reliability_benchmark/outputs/runs/validator_repair_reference/validator/validator_repair_reference_validator_C001_static_burned_area_20260624_022520/map_static.png,307172,0.0186,255,6.438,True,1800,,,static_png,218.847,0.9945,0.3662,,True,experiments/05_choropleth_reliability_benchmark/outputs/runs/validator_repair_reference/validator/validator_repair_reference_validator_C001_static_burned_area_20260624_022520,,validator_repair_reference:validator:C001_static_burned_area,validator_repair_reference,52,1500
time_series.png,initial,experiments/05_choropleth_reliability_benchmark/outputs/runs/validator_repair_reference/validator/validator_repair_reference_validator_C001_static_burned_area_20260624_022520/time_series.png,167977,0.0173,255,9.919,True,960,,,time_series_png,245.273,0.9849,0.0704,,True,experiments/05_choropleth_reliability_benchmark/outputs/runs/validator_repair_reference/validator/validator_repair_reference_validator_C001_static_burned_area_20260624_022520,,validator_repair_reference:validator:C001_static_burned_area,validator_repair_reference,36,1800
map_interactive.html,initial,experiments/05_choropleth_reliability_benchmark/outputs/runs/validator_repair_reference/validator/validator_repair_reference_validator_C001_static_burned_area_20260624_022520/map_interactive.html,211211,0.0017,255,6.646,True,850,,True,interactive_html,224.782,0.9995,0.7172,,True,experiments/05_choropleth_reliability_benchmark/outputs/runs/validator_repair_reference/validator/validator_repair_reference_validator_C001_static_burned_area_20260624_022520,experiments/05_choropleth_reliability_benchmark/outputs/scores/screenshot_qa/validator_repair_reference_validator_C001_static_burned_area_validator_repair_reference_validator_C001_static_burned_area_20260624_022520_interactive.png,validator_repair_reference:validator:C001_static_burned_area,validator_repair_reference,47,1200
map_static.png,initial,experiments/05_choropleth_reliability_benchmark/outputs/runs/validator_repair_reference/validator/validator_repair_reference_validator_C002_static_number_fires_20260624_022526/map_static.png,307172,0.0186,255,6.438,True,1800,,,static_png,218.847,0.9945,0.3662,,True,experiments/05_choropleth_reliability_benchmark/outputs/runs/validator_repair_reference/validator/validator_repair_reference_validator_C002_static_number_fires_20260624_022526,,validator_repair_reference:validator:C002_static_number_fires,validator_repair_reference,52,1500
time_series.png,initial,experiments/05_choropleth_reliability_benchmark/outputs/runs/validator_repair_reference/validator/validator_repair_reference_validator_C002_static_number_fires_20260624_022526/time_series.png,167977,0.0173,255,9.919,True,960,,,time_series_png,245.273,0.9849,0.0704,,True,experiments/05_choropleth_reliability_benchmark/outputs/runs/validator_repair_reference/validator/validator_repair_reference_validator_C002_static_number_fires_20260624_022526,,validator_repair_reference:validator:C002_static_number_fires,validator_repair_reference,36,1800
map_interactive.html,initial,experiments/05_choropleth_reliability_benchmark/outputs/runs/validator_repair_reference/validator/validator_repair_reference_validator_C002_static_number_fires_20260624_022526/map_interactive.html,211211,0.0017,255,6.646,True,850,,True,interactive_html,224.782,0.9995,0.7172,,True,experiments/05_choropleth_reliability_benchmark/outputs/runs/validator_repair_reference/validator/validator_repair_reference_validator_C002_static_number_fires_20260624_022526,experiments/05_choropleth_reliability_benchmark/outputs/scores/screenshot_qa/validator_repair_reference_validator_C002_static_number_fires_validator_repair_reference_validator_C002_static_number_fires_20260624_022526_interactive.png,validator_repair_reference:validator:C002_static_number_fires,validator_repair_reference,47,1200
map_static.png,initial,experiments/05_choropleth_reliability_benchmark/outputs/runs/validator_repair_reference/validator/validator_repair_reference_validator_C003_static_full_layout_20260624_022532/map_static.png,307172,0.0186,255,6.438,True,1800,,,static_png,218.847,0.9945,0.3662,,True,experiments/05_choropleth_reliability_benchmark/outputs/runs/validator_repair_reference/validator/validator_repair_reference_validator_C003_static_full_layout_20260624_022532,,validator_repair_reference:validator:C003_static_full_layout,validator_repair_reference,52,1500
time_series.png,initial,experiments/05_choropleth_reliability_benchmark/outputs/runs/validator_repair_reference/validator/validator_repair_reference_validator_C003_static_full_layout_20260624_022532/time_series.png,167977,0.0173,255,9.919,True,960,,,time_series_png,245.273,0.9849,0.0704,,True,experiments/05_choropleth_reliability_benchmark/outputs/runs/validator_repair_reference/validator/validator_repair_reference_validator_C003_static_full_layout_20260624_022532,,validator_repair_reference:validator:C003_static_full_layout,validator_repair_reference,36,1800
map_interactive.html,initial,experiments/05_choropleth_reliability_benchmark/outputs/runs/validator_repair_reference/validator/validator_repair_reference_validator_C003_static_full_layout_20260624_022532/map_interactive.html,211211,0.0017,255,6.646,True,850,,True,interactive_html,224.782,0.9995,0.7172,,True,experiments/05_choropleth_reliability_benchmark/outputs/runs/validator_repair_reference/validator/validator_repair_reference_validator_C003_static_full_layout_20260624_022532,experiments/05_choropleth_reliability_benchmark/outputs/scores/screenshot_qa/validator_repair_reference_validator_C003_static_full_layout_validator_repair_reference_validator_C003_static_full_layout_20260624_022532_interactive.png,validator_repair_reference:validator:C003_static_full_layout,validator_repair_reference,47,1200
map_static.png,initial,experiments/05_choropleth_reliability_benchmark/outputs/runs/validator_repair_reference/validator/validator_repair_reference_validator_C004_missing_crs_repair_20260624_022538/map_static.png,307172,0.0186,255,6.438,True,1800,,,static_png,218.847,0.9945,0.3662,,True,experiments/05_choropleth_reliability_benchmark/outputs/runs/validator_repair_reference/validator/validator_repair_reference_validator_C004_missing_crs_repair_20260624_022538,,validator_repair_reference:validator:C004_missing_crs_repair,validator_repair_reference,52,1500
time_series.png,initial,experiments/05_choropleth_reliability_benchmark/outputs/runs/validator_repair_reference/validator/validator_repair_reference_validator_C004_missing_crs_repair_20260624_022538/time_series.png,167977,0.0173,255,9.919,True,960,,,time_series_png,245.273,0.9849,0.0704,,True,experiments/05_choropleth_reliability_benchmark/outputs/runs/validator_repair_reference/validator/validator_repair_reference_validator_C004_missing_crs_repair_20260624_022538,,validator_repair_reference:validator:C004_missing_crs_repair,validator_repair_reference,36,1800
map_interactive.html,initial,experiments/05_choropleth_reliability_benchmark/outputs/runs/validator_repair_reference/validator/validator_repair_reference_validator_C004_missing_crs_repair_20260624_022538/map_interactive.html,211211,0.0017,255,6.646,True,850,,True,interactive_html,224.782,0.9995,0.7172,,True,experiments/05_choropleth_reliability_benchmark/outputs/runs/validator_repair_reference/validator/validator_repair_reference_validator_C004_missing_crs_repair_20260624_022538,experiments/05_choropleth_reliability_benchmark/outputs/scores/screenshot_qa/validator_repair_reference_validator_C004_missing_crs_repair_validator_repair_reference_validator_C004_missing_crs_repair_20260624_022538_interactive.png,validator_repair_reference:validator:C004_missing_crs_repair,validator_repair_reference,47,1200
map_static.png,initial,experiments/05_choropleth_reliability_benchmark/outputs/runs/validator_repair_reference/validator/validator_repair_reference_validator_C005_geometry_repair_20260624_022544/map_static.png,307172,0.0186,255,6.438,True,1800,,,static_png,218.847,0.9945,0.3662,,True,experiments/05_choropleth_reliability_benchmark/outputs/runs/validator_repair_reference/validator/validator_repair_reference_validator_C005_geometry_repair_20260624_022544,,validator_repair_reference:validator:C005_geometry_repair,validator_repair_reference,52,1500
time_series.png,initial,experiments/05_choropleth_reliability_benchmark/outputs/runs/validator_repair_reference/validator/validator_repair_reference_validator_C005_geometry_repair_20260624_022544/time_series.png,167977,0.0173,255,9.919,True,960,,,time_series_png,245.273,0.9849,0.0704,,True,experiments/05_choropleth_reliability_benchmark/outputs/runs/validator_repair_reference/validator/validator_repair_reference_validator_C005_geometry_repair_20260624_022544,,validator_repair_reference:validator:C005_geometry_repair,validator_repair_reference,36,1800
map_interactive.html,initial,experiments/05_choropleth_reliability_benchmark/outputs/runs/validator_repair_reference/validator/validator_repair_reference_validator_C005_geometry_repair_20260624_022544/map_interactive.html,211211,0.0017,255,6.646,True,850,,True,interactive_html,224.782,0.9995,0.7172,,True,experiments/05_choropleth_reliability_benchmark/outputs/runs/validator_repair_reference/validator/validator_repair_reference_validator_C005_geometry_repair_20260624_022544,experiments/05_choropleth_reliability_benchmark/outputs/scores/screenshot_qa/validator_repair_reference_validator_C005_geometry_repair_validator_repair_reference_validator_C005_geometry_repair_20260624_022544_interactive.png,validator_repair_reference:validator:C005_geometry_repair,validator_repair_reference,47,1200
map_static.png,initial,experiments/05_choropleth_reliability_benchmark/outputs/runs/validator_repair_reference/validator/validator_repair_reference_validator_C006_join_diagnostics_20260624_022550/map_static.png,307172,0.0186,255,6.438,True,1800,,,static_png,218.847,0.9945,0.3662,,True,experiments/05_choropleth_reliability_benchmark/outputs/runs/validator_repair_reference/validator/validator_repair_reference_validator_C006_join_diagnostics_20260624_022550,,validator_repair_reference:validator:C006_join_diagnostics,validator_repair_reference,52,1500
time_series.png,initial,experiments/05_choropleth_reliability_benchmark/outputs/runs/validator_repair_reference/validator/validator_repair_reference_validator_C006_join_diagnostics_20260624_022550/time_series.png,167977,0.0173,255,9.919,True,960,,,time_series_png,245.273,0.9849,0.0704,,True,experiments/05_choropleth_reliability_benchmark/outputs/runs/validator_repair_reference/validator/validator_repair_reference_validator_C006_join_diagnostics_20260624_022550,,validator_repair_reference:validator:C006_join_diagnostics,validator_repair_reference,36,1800
map_interactive.html,initial,experiments/05_choropleth_reliability_benchmark/outputs/runs/validator_repair_reference/validator/validator_repair_reference_validator_C006_join_diagnostics_20260624_022550/map_interactive.html,211211,0.0017,255,6.646,True,850,,True,interactive_html,224.782,0.9995,0.7172,,True,experiments/05_choropleth_reliability_benchmark/outputs/runs/validator_repair_reference/validator/validator_repair_reference_validator_C006_join_diagnostics_20260624_022550,experiments/05_choropleth_reliability_benchmark/outputs/scores/screenshot_qa/validator_repair_reference_validator_C006_join_diagnostics_validator_repair_reference_validator_C006_join_diagnostics_20260624_022550_interactive.png,validator_repair_reference:validator:C006_join_diagnostics,validator_repair_reference,47,1200
map_static.png,initial,experiments/05_choropleth_reliability_benchmark/outputs/runs/validator_repair_reference/validator/validator_repair_reference_validator_C007_wrong_column_guard_20260624_022555/map_static.png,307172,0.0186,255,6.438,True,1800,,,static_png,218.847,0.9945,0.3662,,True,experiments/05_choropleth_reliability_benchmark/outputs/runs/validator_repair_reference/validator/validator_repair_reference_validator_C007_wrong_column_guard_20260624_022555,,validator_repair_reference:validator:C007_wrong_column_guard,validator_repair_reference,52,1500
time_series.png,initial,experiments/05_choropleth_reliability_benchmark/outputs/runs/validator_repair_reference/validator/validator_repair_reference_validator_C007_wrong_column_guard_20260624_022555/time_series.png,167977,0.0173,255,9.919,True,960,,,time_series_png,245.273,0.9849,0.0704,,True,experiments/05_choropleth_reliability_benchmark/outputs/runs/validator_repair_reference/validator/validator_repair_reference_validator_C007_wrong_column_guard_20260624_022555,,validator_repair_reference:validator:C007_wrong_column_guard,validator_repair_reference,36,1800
map_interactive.html,initial,experiments/05_choropleth_reliability_benchmark/outputs/runs/validator_repair_reference/validator/validator_repair_reference_validator_C007_wrong_column_guard_20260624_022555/map_interactive.html,211211,0.0017,255,6.646,True,850,,True,interactive_html,224.782,0.9995,0.7172,,True,experiments/05_choropleth_reliability_benchmark/outputs/runs/validator_repair_reference/validator/validator_repair_reference_validator_C007_wrong_column_guard_20260624_022555,experiments/05_choropleth_reliability_benchmark/outputs/scores/screenshot_qa/validator_repair_reference_validator_C007_wrong_column_guard_validator_repair_reference_validator_C007_wrong_column_guard_20260624_022555_interactive.png,validator_repair_reference:validator:C007_wrong_column_guard,validator_repair_reference,47,1200
map_static.png,initial,experiments/05_choropleth_reliability_benchmark/outputs/runs/validator_repair_reference/validator/validator_repair_reference_validator_C008_quantile_classes_20260624_022601/map_static.png,307172,0.0186,255,6.438,True,1800,,,static_png,218.847,0.9945,0.3662,,True,experiments/05_choropleth_reliability_benchmark/outputs/runs/validator_repair_reference/validator/validator_repair_reference_validator_C008_quantile_classes_20260624_022601,,validator_repair_reference:validator:C008_quantile_classes,validator_repair_reference,52,1500
time_series.png,initial,experiments/05_choropleth_reliability_benchmark/outputs/runs/validator_repair_reference/validator/validator_repair_reference_validator_C008_quantile_classes_20260624_022601/time_series.png,167977,0.0173,255,9.919,True,960,,,time_series_png,245.273,0.9849,0.0704,,True,experiments/05_choropleth_reliability_benchmark/outputs/runs/validator_repair_reference/validator/validator_repair_reference_validator_C008_quantile_classes_20260624_022601,,validator_repair_reference:validator:C008_quantile_classes,validator_repair_reference,36,1800
map_interactive.html,initial,experiments/05_choropleth_reliability_benchmark/outputs/runs/validator_repair_reference/validator/validator_repair_reference_validator_C008_quantile_classes_20260624_022601/map_interactive.html,211211,0.0017,255,6.646,True,850,,True,interactive_html,224.782,0.9995,0.7172,,True,experiments/05_choropleth_reliability_benchmark/outputs/runs/validator_repair_reference/validator/validator_repair_reference_validator_C008_quantile_classes_20260624_022601,experiments/05_choropleth_reliability_benchmark/outputs/scores/screenshot_qa/validator_repair_reference_validator_C008_quantile_classes_validator_repair_reference_validator_C008_quantile_classes_20260624_022601_interactive.png,validator_repair_reference:validator:C008_quantile_classes,validator_repair_reference,47,1200
map_static.png,initial,experiments/05_choropleth_reliability_benchmark/outputs/runs/validator_repair_reference/validator/validator_repair_reference_validator_C009_colorblind_safe_20260624_022607/map_static.png,307172,0.0186,255,6.438,True,1800,,,static_png,218.847,0.9945,0.3662,,True,experiments/05_choropleth_reliability_benchmark/outputs/runs/validator_repair_reference/validator/validator_repair_reference_validator_C009_colorblind_safe_20260624_022607,,validator_repair_reference:validator:C009_colorblind_safe,validator_repair_reference,52,1500
time_series.png,initial,experiments/05_choropleth_reliability_benchmark/outputs/runs/validator_repair_reference/validator/validator_repair_reference_validator_C009_colorblind_safe_20260624_022607/time_series.png,167977,0.0173,255,9.919,True,960,,,time_series_png,245.273,0.9849,0.0704,,True,experiments/05_choropleth_reliability_benchmark/outputs/runs/validator_repair_reference/validator/validator_repair_reference_validator_C009_colorblind_safe_20260624_022607,,validator_repair_reference:validator:C009_colorblind_safe,validator_repair_reference,36,1800
map_interactive.html,initial,experiments/05_choropleth_reliability_benchmark/outputs/runs/validator_repair_reference/validator/validator_repair_reference_validator_C009_colorblind_safe_20260624_022607/map_interactive.html,211211,0.0017,255,6.646,True,850,,True,interactive_html,224.782,0.9995,0.7172,,True,experiments/05_choropleth_reliability_benchmark/outputs/runs/validator_repair_reference/validator/validator_repair_reference_validator_C009_colorblind_safe_20260624_022607,experiments/05_choropleth_reliability_benchmark/outputs/scores/screenshot_qa/validator_repair_reference_validator_C009_colorblind_safe_validator_repair_reference_validator_C009_colorblind_safe_20260624_022607_interactive.png,validator_repair_reference:validator:C009_colorblind_safe,validator_repair_reference,47,1200
map_static.png,initial,experiments/05_choropleth_reliability_benchmark/outputs/runs/validator_repair_reference/validator/validator_repair_reference_validator_C010_interactive_tooltips_20260624_022613/map_static.png,307172,0.0186,255,6.438,True,1800,,,static_png,218.847,0.9945,0.3662,,True,experiments/05_choropleth_reliability_benchmark/outputs/runs/validator_repair_reference/validator/validator_repair_reference_validator_C010_interactive_tooltips_20260624_022613,,validator_repair_reference:validator:C010_interactive_tooltips,validator_repair_reference,52,1500
time_series.png,initial,experiments/05_choropleth_reliability_benchmark/outputs/runs/validator_repair_reference/validator/validator_repair_reference_validator_C010_interactive_tooltips_20260624_022613/time_series.png,167977,0.0173,255,9.919,True,960,,,time_series_png,245.273,0.9849,0.0704,,True,experiments/05_choropleth_reliability_benchmark/outputs/runs/validator_repair_reference/validator/validator_repair_reference_validator_C010_interactive_tooltips_20260624_022613,,validator_repair_reference:validator:C010_interactive_tooltips,validator_repair_reference,36,1800
map_interactive.html,initial,experiments/05_choropleth_reliability_benchmark/outputs/runs/validator_repair_reference/validator/validator_repair_reference_validator_C010_interactive_tooltips_20260624_022613/map_interactive.html,211211,0.0017,255,6.646,True,850,,True,interactive_html,224.782,0.9995,0.7172,,True,experiments/05_choropleth_reliability_benchmark/outputs/runs/validator_repair_reference/validator/validator_repair_reference_validator_C010_interactive_tooltips_20260624_022613,experiments/05_choropleth_reliability_benchmark/outputs/scores/screenshot_qa/validator_repair_reference_validator_C010_interactive_tooltips_validator_repair_reference_validator_C010_interactive_tooltips_20260624_022613_interactive.png,validator_repair_reference:validator:C010_interactive_tooltips,validator_repair_reference,47,1200
map_static.png,initial,experiments/05_choropleth_reliability_benchmark/outputs/runs/validator_repair_reference/validator/validator_repair_reference_validator_C011_static_and_interactive_20260624_022619/map_static.png,307172,0.0186,255,6.438,True,1800,,,static_png,218.847,0.9945,0.3662,,True,experiments/05_choropleth_reliability_benchmark/outputs/runs/validator_repair_reference/validator/validator_repair_reference_validator_C011_static_and_interactive_20260624_022619,,validator_repair_reference:validator:C011_static_and_interactive,validator_repair_reference,52,1500
time_series.png,initial,experiments/05_choropleth_reliability_benchmark/outputs/runs/validator_repair_reference/validator/validator_repair_reference_validator_C011_static_and_interactive_20260624_022619/time_series.png,167977,0.0173,255,9.919,True,960,,,time_series_png,245.273,0.9849,0.0704,,True,experiments/05_choropleth_reliability_benchmark/outputs/runs/validator_repair_reference/validator/validator_repair_reference_validator_C011_static_and_interactive_20260624_022619,,validator_repair_reference:validator:C011_static_and_interactive,validator_repair_reference,36,1800
map_interactive.html,initial,experiments/05_choropleth_reliability_benchmark/outputs/runs/validator_repair_reference/validator/validator_repair_reference_validator_C011_static_and_interactive_20260624_022619/map_interactive.html,211211,0.0017,255,6.646,True,850,,True,interactive_html,224.782,0.9995,0.7172,,True,experiments/05_choropleth_reliability_benchmark/outputs/runs/validator_repair_reference/validator/validator_repair_reference_validator_C011_static_and_interactive_20260624_022619,experiments/05_choropleth_reliability_benchmark/outputs/scores/screenshot_qa/validator_repair_reference_validator_C011_static_and_interactive_validator_repair_reference_validator_C011_static_and_interactive_20260624_022619_interactive.png,validator_repair_reference:validator:C011_static_and_interactive,validator_repair_reference,47,1200
map_static.png,initial,experiments/05_choropleth_reliability_benchmark/outputs/runs/validator_repair_reference/validator/validator_repair_reference_validator_C012_time_series_report_20260624_022625/map_static.png,307172,0.0186,255,6.438,True,1800,,,static_png,218.847,0.9945,0.3662,,True,experiments/05_choropleth_reliability_benchmark/outputs/runs/validator_repair_reference/validator/validator_repair_reference_validator_C012_time_series_report_20260624_022625,,validator_repair_reference:validator:C012_time_series_report,validator_repair_reference,52,1500
time_series.png,initial,experiments/05_choropleth_reliability_benchmark/outputs/runs/validator_repair_reference/validator/validator_repair_reference_validator_C012_time_series_report_20260624_022625/time_series.png,167977,0.0173,255,9.919,True,960,,,time_series_png,245.273,0.9849,0.0704,,True,experiments/05_choropleth_reliability_benchmark/outputs/runs/validator_repair_reference/validator/validator_repair_reference_validator_C012_time_series_report_20260624_022625,,validator_repair_reference:validator:C012_time_series_report,validator_repair_reference,36,1800
map_interactive.html,initial,experiments/05_choropleth_reliability_benchmark/outputs/runs/validator_repair_reference/validator/validator_repair_reference_validator_C012_time_series_report_20260624_022625/map_interactive.html,211211,0.0017,255,6.646,True,850,,True,interactive_html,224.782,0.9995,0.7172,,True,experiments/05_choropleth_reliability_benchmark/outputs/runs/validator_repair_reference/validator/validator_repair_reference_validator_C012_time_series_report_20260624_022625,experiments/05_choropleth_reliability_benchmark/outputs/scores/screenshot_qa/validator_repair_reference_validator_C012_time_series_report_validator_repair_reference_validator_C012_time_series_report_20260624_022625_interactive.png,validator_repair_reference:validator:C012_time_series_report,validator_repair_reference,47,1200
