split,row_index,image,description,word_count,named_feature_count,generic_no_feature_claim,image_exists,width,height,mode,bytes,mentions_road,mentions_intersection,mentions_water,mentions_green_area,mentions_building_poi,mentions_label,mentions_direction,heuristic_quality_flags
MapTrain,0,16_1.jpg,"The google map shows a section of Long Mill Road, which runs diagonally from the top left to the bottom right. Another road, Old Mill Road, intersects with Long Mill Road from the bottom right. The background is green, indicating a likely rural or undeveloped area. There is an icon indicating a school or educational facility near the top left of the map.",63,3,False,True,1024,1024,RGB,40843,True,False,False,True,True,False,True,
MapTrain,1,16_100.jpg,"The google map shows a section of Hunsicker Road, which runs diagonally from the top left to the bottom right. There are a few intersecting roads, with one visible at the bottom left corner. The surrounding area is shaded in light green, indicating open or undeveloped land.",47,1,False,True,1024,1024,RGB,32326,True,True,False,True,False,False,True,
MapTrain,2,16_1000.jpg,"The google map shows a section of Andrade Road, which appears to intersect with itself or another road. The roads are depicted in light gray against a beige background, indicating a simple road network without additional geographic features or landmarks.",40,1,True,True,1024,1024,RGB,36662,True,True,False,False,False,False,False,generic_no_feature_claim
MapTrain,3,16_102.jpg,"The google map shows a section of a road labeled ""3011"" running horizontally. The Wissahickon Ski Club is marked along this road. A smaller road, Brook Ln, intersects or runs parallel to the main road. A blue line, likely representing a waterway, is visible near Brook Ln. There is a green area at the bottom, possibly indicating a park or forested region.",62,3,False,True,1024,1024,RGB,58803,True,False,False,True,False,True,True,
MapTrain,4,16_103.jpg,"The google map shows a section of Krewstown Road, which runs alongside a river. There is a green area labeled ""Krewstown,"" indicating a park or natural area. A business named ""MINImotorsales"" is located nearby. The river curves around the road, and the surrounding area is predominantly green, suggesting a natural or park-like setting.",54,3,False,True,1024,1024,RGB,77751,True,False,True,True,True,True,False,no_direction_or_relation
MapTrain,5,16_104.jpg,"The google map shows two intersecting roads: Durham Road, running horizontally, and New Hope Road, running vertically. The surrounding area is shaded in light green, indicating open or undeveloped land. The roads intersect at a right angle.",37,2,False,True,1024,1024,RGB,44779,True,True,False,True,False,False,True,
MapTrain,6,16_105.jpg,"The google map shows a waterway area with two labeled roads, W Basin Dr and E Basin Dr, running parallel to each other. Between these roads is the Neshaminy State Marina. To the southeast, there is the Neshaminy State Park Ramp. The surrounding area is primarily water, with some land visible near the roads and facilities.",56,2,False,True,1024,1024,RGB,80022,True,False,True,True,False,True,False,no_direction_or_relation
MapTrain,7,16_106.jpg,"The google map shows a section of the border between Pennsylvania and New Jersey. The border is represented by a dashed line running diagonally across a blue area, which likely indicates a body of water. The land is depicted in light green on the left side of the map.",49,0,False,True,1024,1024,RGB,42739,False,False,True,True,False,False,True,no_named_feature
MapTrain,8,16_107.jpg,"The google map shows a section of Doylestown, featuring several roads and businesses. Route 611 runs vertically through the map, intersecting with Duane Road. Old Easton Road is parallel to Route 611. Neshaminy Creek flows diagonally across the map. Notable locations include ""Miles City Vape & Smoke Shop,"" ""Metro Self Storage - Doylestown,"" and ""Party Scene Events.""",55,5,False,True,1024,1024,RGB,121098,True,False,True,False,False,False,False,no_direction_or_relation
MapTrain,9,16_108.jpg,"The google map shows a small area with several streets and landmarks. Warren Way is a curved road that intersects with Latham Ln. Neck Rd is located to the northeast. B. Bernice Young Elementary School is situated near Neck Rd. ProTrappers is marked near the intersection of Warren Way and Neck Rd. There is a green area to the south, indicating a park or open space.",66,5,False,True,1024,1024,RGB,84612,True,False,False,True,True,False,True,
MapTrain,10,16_109.jpg,"The google map shows a light green area with a blue line labeled ""Crafts Creek"" running through it. A road named ""Longwood Ln"" is located in the upper part of the map, curving slightly. The map appears to depict a natural area with a water feature and a road.",49,4,False,True,1024,1024,RGB,41540,True,False,True,True,False,True,False,no_direction_or_relation
MapTrain,11,16_111.jpg,"The google map shows a section of Lakewood Road running horizontally across the image. There are light blue lines indicating water features, such as streams or small rivers, crossing beneath the road. The surrounding area is shaded in light green, suggesting open land or vegetation. There are no additional labels or geographic entities visible.",54,1,False,True,1024,1024,RGB,41214,True,False,True,True,False,False,False,no_direction_or_relation
MapTrain,12,16_112.jpg,"The google map shows a network of roads in a lightly populated area. Green Lane Road runs diagonally from the top left to the bottom right. Charwynn Lane intersects Green Lane Road and runs vertically. Old Farm Lane is parallel to Charwynn Lane, located to its right. A waterway is visible on the left side, running roughly parallel to Green Lane Road. The area is predominantly green, indicating open or undeveloped land.",72,6,False,True,1024,1024,RGB,53264,True,False,False,True,False,False,True,
MapTrain,13,16_113.jpg,"The google map shows a section of Assiscunk Creek flowing horizontally across the image. To the north of the creek is Assiscunk Creek Park 2. The area is predominantly green, indicating parkland or natural surroundings. The creek appears to have a winding path.",43,2,False,True,1024,1024,RGB,53113,False,False,True,True,False,False,True,
MapTrain,14,16_114.jpg,"The google map shows a section of an area with two labeled locations: Townsend Machine and Dagli Farm. Sykesville Road runs vertically on the right side of the map. A small, unnamed blue line, possibly a stream, is visible on the left side. The map background is light green, indicating a rural or undeveloped area.",55,1,False,True,1024,1024,RGB,56236,True,False,True,True,False,True,True,
MapTrain,15,16_115.jpg,"The google map shows a section of Jacobstown Cookstown Road intersecting with another road. There is a business labeled ""RAM BLACEY'S - U-Pick Auto Parts"" located near the intersection. The area is surrounded by green, indicating open or undeveloped land.",41,2,False,True,1024,1024,RGB,62206,True,False,False,True,True,True,False,no_direction_or_relation
MapTrain,16,16_118.jpg,"The google map shows a location marked as ""Booterbeer Brewing Company,"" indicated by an icon of a glass. A river or stream is depicted in the upper part of the map, flowing from left to right. The surrounding area is primarily green, suggesting a rural or natural setting.",48,1,False,True,1024,1024,RGB,41426,False,False,True,True,True,False,True,
MapTrain,17,16_119.jpg,"The google map shows a light green area with a waterway labeled ""Long Brook"" running horizontally. Below it, there is a feature labeled ""Cranberry Bog."" A road or path is visible, running parallel to the brook and bog. The map is oriented with north at the top.",47,2,False,True,1024,1024,RGB,51727,True,False,False,True,False,True,True,
MapTrain,18,16_12.jpg,"The google map shows a water body labeled ""Scotts Creek"" in blue. Surrounding the creek are areas of light green, indicating land. The creek appears to flow through the land, with no additional geographic features or labels visible.",38,2,True,True,1024,1024,RGB,30852,False,False,True,True,False,True,False,no_direction_or_relation;generic_no_feature_claim
MapTrain,19,16_120.jpg,"The google map shows a section of a road network. Route 532 runs diagonally from the bottom left to the top right. Meadow View Drive intersects Route 532 from the left. Aqueduct Road runs parallel to a nearby waterway, crossing Route 532 and intersecting with Meadow View Drive. The area is primarily green, indicating open or undeveloped land.",58,3,False,True,1024,1024,RGB,64540,True,False,False,True,False,False,True,
MapTrain,20,16_121.jpg,"The google map shows a section of Byberry Creek, which flows diagonally from the bottom left to the top right. The creek is surrounded by a light green area, indicating a possible park or natural area. The surrounding area is mostly white, suggesting developed or non-natural land.",48,1,False,True,1024,1024,RGB,38738,False,False,True,True,False,False,True,
MapTrain,21,16_123.jpg,"The google map shows a section of Trenton-Mercer Airport. Key roads include Sam Weinroth Rd, Control Tower Dr, and Terminal Cir Dr. The roads are interconnected, with Sam Weinroth Rd leading to both Control Tower Dr and Terminal Cir Dr. The area is primarily focused on the airport infrastructure.",50,6,False,True,1024,1024,RGB,62820,True,False,False,False,False,False,False,no_direction_or_relation
MapTrain,22,16_124.jpg,"The google map shows a section with two roads, Wrightstown Georgetown Road and Mt Pleasant Road, intersecting each other. Crafts Creek is located to the north of the intersection, running in a generally east-west direction. The area appears to be predominantly green, indicating a rural or undeveloped region.",49,3,False,True,1024,1024,RGB,53726,True,False,True,True,False,False,True,
MapTrain,23,16_125.jpg,"The google map shows a section of roads in a rural area. Fischer Road runs vertically, intersecting with W Colliers Mill Road, which runs horizontally. The background is green, indicating a likely natural or undeveloped area surrounding the roads.",39,2,False,True,1024,1024,RGB,35456,True,False,False,True,False,False,False,no_direction_or_relation
MapTrain,24,16_126.jpg,"The google map shows a geographic area featuring a waterway labeled ""Shannoc Brook"" running through it. There is a road named ""Success Rd"" located to the southwest of the brook. The area is depicted with a light green background, indicating land. The brook and road intersect or run parallel in certain sections.",52,3,False,True,1024,1024,RGB,47962,True,True,False,True,False,True,False,
MapTrain,25,16_128.jpg,"The google map shows a network of roads labeled ""Fountayne Ln"" in a curved layout. There is a marked location named ""SecureHack"" along one of the roads. Another labeled area is ""Mercer County 911 Emergency Services,"" located to the southwest. The background is a light green, indicating a possible park or open space area.",54,4,False,True,1024,1024,RGB,83386,True,False,False,True,False,True,False,no_direction_or_relation
MapTrain,26,16_130.jpg,"The google map shows a location labeled ""NJ Fish And Game Training Center."" The area is predominantly green, indicating land, with a blue section in the lower left corner, suggesting a body of water. The training center is situated near this water feature.",43,1,False,True,1024,1024,RGB,43200,False,True,True,True,False,True,True,
MapTrain,27,16_131.jpg,"The google map shows a location labeled ""Step On Me Carpet & Flooring."" It is situated near a road, with Couto Ave visible to the northeast. The area around the location is shaded green, indicating a possible park or green space. There are a few other roads visible, but they are not labeled.",52,2,False,True,1024,1024,RGB,58450,True,False,False,True,False,True,False,no_direction_or_relation
MapTrain,28,16_132.jpg,"The google map shows a network of roads. New Village Rd runs horizontally across the map, intersecting with Oakwood Way. Argyle Way and Meridian Ct are located to the north of New Village Rd, while Ellsworth Dr is to the south. A green area, possibly indicating a park or green space, runs parallel to New Village Rd.",57,6,False,True,1024,1024,RGB,67482,True,False,False,True,False,False,True,
MapTrain,29,16_133.jpg,"The google map shows a section of a light green area, indicating a natural or undeveloped region. A winding blue line, likely representing a river or stream, runs horizontally across the map. To the right, a gray line labeled ""S Hope Chapel Rd"" runs vertically, indicating a road. The spatial relationship shows the road parallel to the stream, with the stream curving through the landscape.",65,2,False,True,1024,1024,RGB,47920,True,False,True,True,False,True,True,
MapTrain,30,16_135.jpg,"The google map shows a section with a creek labeled ""Little Valley Creek"" running horizontally. A road named ""N Valley Rd"" runs vertically, intersecting with ""Fox Hill Ln"" near the top. A highway or major road crosses horizontally at the bottom of the map. The area is likely semi-rural or suburban, indicated by the presence of roads and a creek.",61,6,False,True,1024,1024,RGB,64816,True,False,True,True,False,True,True,
MapTrain,31,16_136.jpg,"The google map shows a section of Thompson Mill Road, which runs diagonally from the northeast to the southwest. The surrounding area is shaded in light green, indicating a likely rural or undeveloped region. There are no additional geographic entities or landmarks visible on this map segment.",47,1,True,True,1024,1024,RGB,30892,True,False,False,True,False,False,False,no_direction_or_relation;generic_no_feature_claim
MapTrain,32,16_137.jpg,"The google map shows a section of Hedding Jacksonville Road running vertically. A point of interest labeled ""Market"" is located to the left of the road. The surrounding area is shaded in green, indicating open or undeveloped land.",38,2,False,True,1024,1024,RGB,40429,True,False,False,True,False,True,True,
MapTrain,33,16_138.jpg,"The google map shows a section of an area with the Millstone River running through it. Wycoff Mills Road crosses the river. There is a location marked ""cakeandbake"" with a dining symbol nearby. The area is surrounded by light green, indicating open or undeveloped land.",45,3,False,True,1024,1024,RGB,73468,True,False,True,True,False,False,False,no_direction_or_relation
MapTrain,34,16_139.jpg,"The google map shows a section of Archertown Road, which runs diagonally from the top left to the bottom right. A point of interest, ""K's Tax & Accounting Services,"" is marked along this road. The surrounding area appears to be a uniform green, indicating open space or undeveloped land.",49,2,False,True,1024,1024,RGB,50087,True,False,False,True,False,False,True,
MapTrain,35,16_14.jpg,"The google map shows a section of an area with a road labeled ""Ellisdale Rd"" running diagonally from the northwest to the southeast. There is a blue water feature, possibly a river or stream, flowing from the northeast to the southwest, crossing under the road. The surrounding area is shaded in green, indicating land or vegetation.",56,2,False,True,1024,1024,RGB,33546,True,False,True,True,False,True,False,no_direction_or_relation
MapTrain,36,16_141.jpg,"The google map shows a location marked as ""Beehive Heating & Cooling,"" situated near Lakehurst Ave. The area appears to be surrounded by roads, with Lakehurst Ave running horizontally across the map. The background is green, indicating a possible park or undeveloped land.",42,3,False,True,1024,1024,RGB,51749,True,False,False,True,False,False,False,no_direction_or_relation
MapTrain,37,16_142.jpg,"The google map shows a section of Lakehurst Avenue, which appears to curve and intersect with itself or another road. The surrounding area is shaded in light green, indicating open space or undeveloped land. There are no additional geographic entities or landmarks visible on this map segment.",47,1,True,True,1024,1024,RGB,40165,True,True,False,True,False,False,False,generic_no_feature_claim
MapTrain,38,16_143.jpg,"The google map shows Lake Topanemus and Lake Topanemus Park. The lake is depicted in blue, indicating a water body, while the park is labeled nearby. A small waterway or stream appears to flow into the lake from the north. The surrounding area is shaded in light green, suggesting land or parkland.",52,0,False,True,1024,1024,RGB,50130,False,False,True,True,False,True,True,no_named_feature
MapTrain,39,16_144.jpg,"The google map shows a location labeled ""Calvary Tabernacle UPCI,"" situated near McGuire Access Highway. The area appears to be surrounded by green space, indicating a rural or suburban setting. The highway runs diagonally across the map, and the location is positioned near this road.",45,2,False,True,1024,1024,RGB,53550,True,False,False,True,False,True,False,no_direction_or_relation
MapTrain,40,16_146.jpg,"The google map shows a section of a road network. Conshohocken State Road runs horizontally across the top. Green Valley Road branches off to the left, while Norsam Road extends downward from Conshohocken State Road. The area is shaded in green, indicating a possible park or green space.",48,4,False,True,1024,1024,RGB,49279,True,False,False,True,False,False,True,
MapTrain,41,16_147.jpg,"The google map shows a section of Interstate 295, which runs diagonally from the bottom left to the top right. There is a nearby location marked as ""XJF1 Amazon"" to the right of the highway. The area surrounding the highway and location is light green, indicating open space or undeveloped land. There is also a smaller road or ramp intersecting with the highway on the left side.",67,1,False,True,1024,1024,RGB,66396,True,False,False,True,False,False,True,
MapTrain,42,16_148.jpg,"The google map shows a location labeled ""Fleet Maintenance Solutions training."" It is situated near a road that runs diagonally across the map. The surrounding area is predominantly green, indicating open or undeveloped land. There are no other notable geographic features or entities visible in this section of the map.",50,1,False,True,1024,1024,RGB,49678,True,False,False,True,False,True,False,no_direction_or_relation
MapTrain,43,16_149.jpg,"The google map shows a network of roads in a green area. Burrs Road runs vertically, intersecting with Oxmead Road horizontally. Hill Road branches off from Oxmead Road. A location labeled ""East Hill Stables"" is situated near the intersection of Burrs Road and Oxmead Road.",45,7,False,True,1024,1024,RGB,59901,True,False,False,True,False,True,True,
MapTrain,44,16_15.jpg,"The google map shows a light green area with a blue line labeled ""Miry Run"" running diagonally from the bottom left to the top right. The blue line likely represents a waterway, such as a river or stream. The surrounding area is uniformly colored, indicating a possibly undeveloped or natural landscape.",51,1,False,True,1024,1024,RGB,25294,False,False,True,True,False,True,True,
MapTrain,45,16_151.jpg,"The google map shows an intersection of two roads: Saylors Pond Road and White Road. Saylors Pond Road runs horizontally, while White Road intersects it vertically. The surrounding area is shaded in light green, indicating open or undeveloped land.",39,3,False,True,1024,1024,RGB,36054,True,False,True,True,False,False,False,no_direction_or_relation
MapTrain,46,16_152.jpg,"The google map shows a section of a road labeled ""68"" running vertically. Near the road, there is a location marked as ""The Hilltop"" with an icon indicating accommodations. The surrounding area is shaded green, suggesting a natural or rural setting.",41,1,False,True,1024,1024,RGB,40771,True,False,False,True,True,True,False,no_direction_or_relation
MapTrain,47,16_153.jpg,"The google map shows a network of light blue lines representing water bodies, with ""Jumping Brook"" labeled along one of the streams. A road labeled ""Cranberry Canners Rd"" runs across the top of the map. The water bodies appear to intersect and branch out in various directions.",47,3,False,True,1024,1024,RGB,59644,True,True,True,False,False,True,True,
MapTrain,48,16_155.jpg,"The google map shows a curved road labeled ""Belamour Dr"" that loops around. To the right of the road, there is a small blue area, likely representing a body of water. The surrounding area is shaded in green, indicating land or vegetation.",42,2,False,True,1024,1024,RGB,38894,True,False,True,True,False,True,True,
MapTrain,49,16_157.jpg,"The google map shows a section of Interstate 295 (I-295) running vertically. Mill Creek is depicted crossing horizontally beneath the highway. The area is shown with a light green background, indicating land.",33,1,False,True,1024,1024,RGB,51135,True,False,True,True,False,False,False,no_direction_or_relation
MapTrain,50,16_158.jpg,"The google map shows two labeled locations: ""FlightServ"" and ""Aviation Charters, Inc."" These are positioned near each other, with FlightServ slightly to the northeast of Aviation Charters, Inc. A diagonal line, possibly representing a runway or road, runs across the map from the northwest to the southeast.",47,2,False,True,1024,1024,RGB,45120,True,False,False,False,False,True,True,
MapTrain,51,16_159.jpg,"The google map shows a location marked as ""Silva Guard Inc."" It is situated near a linear feature, possibly a road or a boundary, which runs diagonally across the map. The background is light blue, suggesting a water body or a specific map layer. There are no additional geographic entities or labels visible.",53,1,True,True,1024,1024,RGB,42648,True,False,True,False,False,False,False,no_direction_or_relation;generic_no_feature_claim
MapTrain,52,16_16.jpg,"The google map shows an area labeled ""James Monroe Memorial Park."" A light blue line, likely representing a road or path, runs diagonally across the map from the top right to the bottom left. The surrounding area is shaded in green, indicating parkland or a natural area.",47,1,False,True,1024,1024,RGB,37428,True,False,False,True,False,True,True,
MapTrain,53,16_160.jpg,"The google map shows a location labeled ""Define Solutions."" It is situated near a network of roads and a railway line. The area around the location is shaded in green, indicating a possible park or open space. The roads form a grid-like pattern to the right of the location.",50,1,False,True,1024,1024,RGB,67423,False,False,False,True,False,True,True,
MapTrain,54,16_161.jpg,"The google map shows a network of roads and a waterway. Hershey Mill Road runs diagonally from the southwest to the northeast. Tanglewood Drive intersects Hershey Mill Road and runs eastward. A waterway flows parallel to Hershey Mill Road. Millstream Drive is located at the top of the map, running horizontally. The area around Hershey Mill Road is shaded green, indicating a possible park or green space.",67,5,False,True,1024,1024,RGB,77397,True,False,False,True,False,False,True,
MapTrain,55,16_163.jpg,"The google map shows a section of an area with Darby Creek running through it. St Davids Road is a prominent road intersecting the area, with Mill View Lane branching off from it. The Newtown Square Historical Society is located near the intersection of St Davids Road and Mill View Lane. The surrounding area is primarily green, indicating open or undeveloped land.",62,5,False,True,1024,1024,RGB,81262,True,False,True,True,False,False,False,no_direction_or_relation
MapTrain,56,16_164.jpg,"The google map shows an area labeled ""Laurel Hill West Conservatory."" It features a network of roads or pathways, depicted in light gray, intersecting and curving throughout the green area, which likely represents vegetation or parkland. There is a river or large body of water on the right side of the map, shown in blue.",55,1,False,True,1024,1024,RGB,84218,False,False,True,True,False,True,True,
MapTrain,57,16_165.jpg,"The google map shows a location marked as ""Sharon Ann Studios"" situated along Sylvan Ct. There is a small, winding blue line to the northeast, possibly indicating a stream or path, and a small blue area to the southeast, likely representing a pond or small body of water. The surrounding area is shaded in light green, suggesting a park or wooded area.",62,2,False,True,1024,1024,RGB,50781,False,False,True,True,False,False,False,no_direction_or_relation
MapTrain,58,16_166.jpg,"The google map shows a section of a road with two notable locations. The Marblehead Chowder House NJ is situated near the road, marked with a dining icon. Nearby, the Bryan Animal Hospital is also indicated, located slightly to the northwest of the chowder house. The background is green, suggesting a non-urban area.",54,0,False,True,1024,1024,RGB,66243,True,False,False,True,True,False,False,no_named_feature;no_direction_or_relation
MapTrain,59,16_167.jpg,"The google map shows a section of Smithville Road, which runs diagonally from the top left to the bottom right. There is a short, unnamed road branching off from Smithville Road towards the top left. The surrounding area is shaded in green, indicating open space or vegetation.",47,2,False,True,1024,1024,RGB,31926,True,False,False,True,False,False,True,
MapTrain,60,16_168.jpg,"The google map shows a section of Manalapan Brook, which flows vertically from the top to the bottom of the image. The brook is depicted in blue, indicating a waterway. The surrounding area is shaded in light green, suggesting land or vegetation. There are no additional geographic entities or labels visible on this map section.",55,0,True,True,1024,1024,RGB,31957,False,False,False,True,False,False,True,no_named_feature;generic_no_feature_claim
MapTrain,61,16_169.jpg,"The google map shows an area labeled Juliustown Park, which is situated in a green-shaded region indicating a park or natural area. A road labeled Main St runs horizontally across the map. There is a blue line to the right, suggesting a water feature such as a stream or canal. The map is oriented with north at the top.",60,1,False,True,1024,1024,RGB,41095,True,False,True,True,False,True,True,
MapTrain,62,16_17.jpg,"The google map shows a section of an area with two roads: Burlington Path Rd and Wygant Rd. Burlington Path Rd runs horizontally, while Wygant Rd intersects it vertically. The ""Ruins of Lincoln Blacksmith Shop"" is marked near Burlington Path Rd. The surrounding area appears to be green, indicating open or undeveloped land.",53,5,False,True,1024,1024,RGB,62192,True,False,False,True,False,False,False,no_direction_or_relation
MapTrain,63,16_171.jpg,"The google map shows a location marked as ""Merrill Lynch"" with a pin icon. It is situated near a network of roads, which are depicted as light gray lines. The surrounding area is shaded in light green, indicating open or undeveloped land. The roads appear to intersect and curve around the marked location.",53,1,False,True,1024,1024,RGB,40722,False,True,False,True,True,False,False,
MapTrain,64,16_172.jpg,"The google map shows a section of an area featuring the Downingtown Country Club, which is adjacent to a large green space indicating a park or golf course. To the northwest, there is a location marked as ""Always Best Care Senior Services - Home Care."" The map includes roads and pathways, with the country club situated near the center. A small body of water is visible to the east within the green area.",72,1,False,True,1024,1024,RGB,81848,False,False,True,True,False,False,True,
MapTrain,65,16_173.jpg,"The google map shows a network of roads. Clyde Rd runs vertically on the left side. Arbor Pl branches off Clyde Rd towards the right. Drakes Drum Dr is parallel to Arbor Pl, extending horizontally. The roads form a grid-like pattern.",42,3,False,True,1024,1024,RGB,50040,True,False,False,False,False,False,True,
MapTrain,66,16_174.jpg,"The google map shows a location labeled ""Atlantis Propeller"" situated near a network of roads. The area surrounding the label is shaded in green, indicating a park or natural area. The roads are depicted as gray lines, and the green area is adjacent to these roads.",46,1,False,True,1024,1024,RGB,44057,False,False,False,True,False,True,False,no_direction_or_relation
MapTrain,67,16_176.jpg,"The google map shows a section of Quarry Road, which runs horizontally across the image. There is a smaller road intersecting Quarry Road from the bottom. The surrounding area is shaded in light green, indicating open or undeveloped land.",39,2,False,True,1024,1024,RGB,30023,True,False,False,True,False,False,True,
MapTrain,68,16_178.jpg,"The google map shows a road labeled ""Pope's Rd"" running vertically. There are two blue lines representing waterways, one on each side of the road, with a curving path. The background is a light gray, indicating land.",38,2,False,True,1024,1024,RGB,40661,True,False,False,False,False,True,False,no_direction_or_relation
MapTrain,69,16_179.jpg,"The google map shows a section of ""Interior Rd"" running diagonally from the southwest to the northeast. There are two small bodies of water, one located to the northeast and another to the southeast of the road. The surrounding area appears to be a light gray, indicating land.",48,2,False,True,1024,1024,RGB,25752,True,False,True,False,False,False,False,no_direction_or_relation
MapTrain,70,16_18.jpg,"The google map shows a small area with two roads labeled ""Mason Dr"" and ""Cutter Ct."" Mason Dr runs vertically and curves slightly, while Cutter Ct intersects Mason Dr and extends horizontally. The background is a light green color, indicating a possible residential or park area.",46,7,False,True,1024,1024,RGB,31142,True,False,False,True,False,True,False,no_direction_or_relation
MapTrain,71,16_181.jpg,"The google map shows a section of a road labeled ""320"" running vertically. To the right of the road is ""Ithan Elementary School,"" marked with a school icon. There are a few curved lines indicating smaller roads or paths in the vicinity.",42,2,False,True,1024,1024,RGB,47672,True,False,False,False,True,True,True,
MapTrain,72,16_182.jpg,"The google map shows a small area featuring St. Aloysius Academy for Boys, located near Courtney Circle. There are a few roads depicted, and a small body of water is visible in the lower left corner. The map is primarily focused on the immediate vicinity of the academy.",48,0,False,True,1024,1024,RGB,48925,True,True,True,False,False,False,True,no_named_feature
MapTrain,73,16_183.jpg,"The google map shows a section of a light blue waterway labeled ""Pine Brook"" running diagonally from the bottom left to the top right. The surrounding area is mostly blank, indicating a lack of additional geographic features or labels in this specific section.",43,1,False,True,1024,1024,RGB,33502,False,False,False,False,False,True,True,
MapTrain,74,16_185.jpg,"The google map shows a section of Monmouth Road running horizontally. To the north of the road is a location labeled ""Mulch and Stone World,"" marked with a shopping bag icon. The surrounding area is shaded green, indicating open or undeveloped land.",42,2,False,True,1024,1024,RGB,50118,True,False,False,True,True,True,True,
MapTrain,75,16_186.jpg,"The google map shows a section with two roads labeled ""Wet Break Rd"" and ""Carwash Rd"" intersecting or running parallel. There is a light blue line in the upper right corner, possibly indicating a water feature such as a river or stream. The background is a light gray, suggesting a non-detailed or neutral area.",55,4,False,True,1024,1024,RGB,32494,True,True,True,False,False,True,True,
MapTrain,76,16_189.jpg,"The google map shows a curved road labeled ""Rabbit Run Rd"" that forms a loop. The surrounding area is predominantly green, indicating open space or vegetation. There is a small blue rectangular feature to the left of the road, which may represent a body of water or a similar geographic entity.",51,2,False,True,1024,1024,RGB,39378,True,False,True,True,False,True,True,
MapTrain,77,16_19.jpg,"The google map shows a recreational area with several labeled features. There is a ""Kuschick Pavilion"" located towards the top. Below it, there is a ""Recreation Center Field E Parking Lot"" marked with a parking symbol. To the bottom left, ""Manalapan Recreation Center Softball Field 3"" is indicated. The area is surrounded by green spaces, suggesting fields or parks.",59,3,False,True,1024,1024,RGB,103218,False,False,False,True,False,True,True,
MapTrain,78,16_191.jpg,"The google map shows a light green area with a blue line running diagonally, likely representing a river or stream. Two labeled points of interest are marked: ""Glendale Warehouse Corporation"" is located towards the top, and ""F S Growmark"" is positioned towards the bottom. The map includes a few roads and structures, but no additional geographic features are labeled.",59,2,True,True,1024,1024,RGB,61956,False,False,True,True,False,True,True,generic_no_feature_claim
MapTrain,79,16_192.jpg,"The google map shows a section of Cedar Lane with two marked locations: ""Bobs Pet Stop Inc"" and ""Med Tex Services."" Both locations are situated along the same road, Cedar Lane, which runs diagonally from the top left to the bottom right of the map. The surrounding area is shaded green, indicating a non-urban or possibly rural setting.",59,4,False,True,1024,1024,RGB,52353,True,False,False,True,False,False,True,
MapTrain,80,16_195.jpg,"The google map shows a section of the Delaware River, which serves as a boundary between New Jersey and Pennsylvania. A dashed line indicates the state border running along the river. To the east of the river, there is a road labeled with the number 29. The D&R Canal is also marked near the road.",56,1,False,True,1024,1024,RGB,80211,True,False,True,False,False,True,True,
MapTrain,81,16_196.jpg,"The google map shows a section with two roads: Cookstown Browns Mills Rd running horizontally near the top and Range Rd intersecting it. There is a green area in the lower part of the map, indicating a possible park or forested region. A blue line, likely representing a stream or small river, runs vertically through the green area.",58,2,False,True,1024,1024,RGB,46778,True,False,True,True,False,False,True,
MapTrain,82,16_197.jpg,"The google map shows a location labeled ""Heartwood Farm."" A blue line, possibly representing a river or road, runs vertically near the label. The surrounding area is shaded in light green, indicating land or vegetation.",35,1,False,True,1024,1024,RGB,35415,True,False,True,True,False,True,False,no_direction_or_relation
MapTrain,83,16_198.jpg,"The google map shows a section of a road labeled ""70"" running diagonally from the bottom left to the top right. A location marked as ""Park Rod And Gun Club"" is indicated along this road, with a note that it is temporarily closed. The surrounding area is shaded in light green, suggesting open or undeveloped land. A thin, light gray line intersects the road, possibly representing a boundary or minor road.",71,1,False,True,1024,1024,RGB,53997,True,False,False,True,False,True,True,
MapTrain,84,16_199.jpg,"The google map shows a section of Glenside Road running diagonally from the bottom left to the top right. The surrounding area is shaded in green, indicating a natural or undeveloped region. There are no other visible geographic entities or labels on this map segment.",45,1,False,True,1024,1024,RGB,31870,True,False,False,True,False,False,True,
MapTrain,85,16_20.jpg,"The google map shows a section of Freehold Road running diagonally from the top left to the bottom right. There are several blue lines indicating waterways or drainage features crossing the area. A business labeled ""A-Top Roofing & Construction"" is located near Freehold Road. The surrounding area is shaded in light green, possibly indicating a park or undeveloped land.",59,3,False,True,1024,1024,RGB,62587,True,False,False,True,True,True,True,
MapTrain,86,16_200.jpg,"The google map shows a section of land with a body of water shaped like a branching stream or pond in the center-left. To the right, there are labeled locations: ""Appelget farm"" and ""Tri J Electric,"" both situated along Galston Drive. The area surrounding the water is green, indicating vegetation or parkland. The road network is visible, with Galston Drive running vertically.",63,4,False,True,1024,1024,RGB,57473,True,False,True,True,False,True,True,
MapTrain,87,16_201.jpg,"The google map shows Fernhill Lake, a large body of water depicted in blue. Surrounding the lake are areas of green, indicating land, and a section of white, possibly representing a developed or urban area. The lake is centrally located, with the land areas bordering it. There are some lines in the white area, suggesting roads or pathways.",58,1,False,True,1024,1024,RGB,38730,False,False,True,True,False,False,False,no_direction_or_relation
MapTrain,88,16_202.jpg,"The google map shows a light green area with a blue line labeled ""Sunken Branch,"" indicating a waterway. The waterway has a few curves and branches off into smaller streams. The surrounding area appears to be relatively flat, with no additional geographic features marked.",44,2,True,True,1024,1024,RGB,36978,False,False,False,True,False,True,False,no_direction_or_relation;generic_no_feature_claim
MapTrain,89,16_203.jpg,"The google map shows two labeled locations: ""BASF Corporation"" and ""Ciba-Geigy Corporation Superfund Site."" These are represented by markers. The map includes blue shapes indicating areas or buildings associated with these entities. The BASF Corporation is located to the north, while the Ciba-Geigy Corporation Superfund Site is situated to the south. The map features roads or pathways connecting these areas, with a general layout suggesting an industrial or corporate setting.",72,2,False,True,1024,1024,RGB,68137,False,False,False,False,False,True,True,
MapTrain,90,16_204.jpg,"The google map shows a small area with two main roads: Mason Dr and Creagh Knoll Ln. Mason Dr runs horizontally and intersects with Creagh Knoll Ln, which extends vertically. There is a circular road segment at the top of Mason Dr. The surrounding area is shaded in light green, indicating open or undeveloped land.",55,4,False,True,1024,1024,RGB,45285,True,False,False,True,False,False,True,
MapTrain,91,16_205.jpg,"The google map shows a section of an area with a road labeled ""Reservoir Rd"" running vertically on the left side. To the right, there is a location marked ""CZ Woodworking"" near a road named ""Bramble Ln,"" which branches off into smaller paths. The background is shaded green, indicating a possible park or wooded area. A blue line on the left suggests a water feature, such as a stream or river.",71,5,False,True,1024,1024,RGB,63182,True,False,True,True,False,True,True,
MapTrain,92,16_206.jpg,"The google map shows a section of Garrett Mill Road running diagonally from the top left to the bottom right. The surrounding area is shaded in light green, indicating a natural or undeveloped area. There are no additional geographic entities or landmarks visible on this map section.",47,1,True,True,1024,1024,RGB,33852,True,False,False,True,False,False,True,generic_no_feature_claim
MapTrain,93,16_208.jpg,"The google map shows a section of a neighborhood with three streets: Ridge Rd, Huberta St, and Margaret St. Ridge Rd runs horizontally across the top, while Huberta St intersects it vertically. Margaret St runs horizontally near the bottom, intersecting with Huberta St. The area is lightly shaded, indicating a possible residential or suburban setting.",55,6,False,True,1024,1024,RGB,47120,True,False,False,False,False,False,True,
MapTrain,94,16_209.jpg,"The google map shows a location labeled ""Stonehenge Stables"" situated near the intersection of Mercer Road and Matthews Road. Mine Brook is depicted running parallel to these roads. The area appears to be in a rural or semi-rural setting, with roads and a water feature marked.",47,3,False,True,1024,1024,RGB,68732,True,False,True,True,False,True,False,no_direction_or_relation
MapTrain,95,16_21.jpg,"The google map shows a section of a road labeled ""Sheaff Ln"" intersecting with another road. There is a small body of water nearby. A location marked ""Mathers Mill"" is indicated with an icon suggesting an educational facility. The area is surrounded by green, likely representing vegetation or open space.",50,3,False,True,1024,1024,RGB,57957,True,False,True,True,True,True,False,no_direction_or_relation
MapTrain,96,16_210.jpg,"The google map shows a section with two labeled roads: Range Rd at the top and Margaret St at the bottom. A blue line, likely representing a river or stream, runs horizontally between the roads. The area around the blue line is shaded green, possibly indicating a park or green space.",51,2,False,True,1024,1024,RGB,51572,True,False,True,True,False,True,True,
MapTrain,97,16_211.jpg,"The google map shows a network of roads in a lightly populated area. Freed Road runs vertically, intersecting with Lori Lane, which runs horizontally. Rothschild Lane branches off from Lori Lane towards the southwest. The surrounding area is shaded in light green, indicating open or undeveloped land.",47,4,False,True,1024,1024,RGB,52186,True,False,False,True,False,False,False,no_direction_or_relation
MapTrain,98,16_212.jpg,"The google map shows a section of Penns Park Road, which runs horizontally across the image. The surrounding area is shaded in green, indicating a likely rural or undeveloped region. There are no additional geographic entities or landmarks visible on this map segment.",43,1,True,True,1024,1024,RGB,31060,True,False,False,True,False,False,False,no_direction_or_relation;generic_no_feature_claim
MapTrain,99,16_214.jpg,"The google map shows a section of an area near Mercer Lake. The Boathouse at Mercer Lake is located near the water. The September 11 Memorial is situated to the south of the lake. The map includes green areas indicating parks or natural spaces, and there are roads connecting these locations.",51,2,False,True,1024,1024,RGB,89394,False,False,True,True,False,False,True,
MapTrain,100,16_216.jpg,"The google map shows a section of land featuring Cranbury Brook, which flows diagonally from the northwest to the southeast. Dugans Grove Road runs parallel to the brook on the eastern side. The surrounding area is shaded green, indicating a natural or park-like environment. There are no additional geographic entities or labels visible.",54,1,True,True,1024,1024,RGB,48452,True,False,False,True,False,False,False,no_direction_or_relation;generic_no_feature_claim
MapTrain,101,16_217.jpg,"The google map shows a location marked as ""Pinch of Perfection Lawncare"" situated near the intersection of Heflin Road and Dieber Road. The area appears to be a network of roads with some open spaces or fields surrounding the marked location.",41,3,False,True,1024,1024,RGB,54984,True,False,False,False,False,False,False,no_direction_or_relation
MapTrain,102,16_218.jpg,"The google map shows a section of an area with several roads. Koffel Road runs diagonally from the northwest to the southeast. Oak Park Road intersects Koffel Road from the southwest. Colonial Drive branches off Oak Park Road. There is a marked location labeled ""M&K Contractors"" near the intersection of Koffel Road and another road.",56,7,False,True,1024,1024,RGB,70318,True,False,False,True,False,True,False,no_direction_or_relation
MapTrain,103,16_22.jpg,"The google map shows a section of an area with a road labeled ""Ellisdale Rd"" running horizontally. There is a blue line representing a waterway or river crossing the top part of the map. The surrounding area is shaded in light green, indicating land or vegetation. There are no additional labels or features visible.",54,2,False,True,1024,1024,RGB,35804,True,False,True,True,False,True,True,
MapTrain,104,16_220.jpg,"The google map shows a location marked as ""Heidelberg Materials, Aggregates, Asphalt."" It is situated near a road that runs vertically along the left side of the map. The surrounding area is shaded in green, indicating a likely natural or undeveloped region.",42,1,False,True,1024,1024,RGB,43111,True,False,False,True,False,False,True,
MapTrain,105,16_221.jpg,"The google map shows a light green area with a road running diagonally from the bottom left to the top right. There is a location marked ""Grace Point"" with a cross symbol, indicating a religious site, situated near the top center of the map. The background suggests a rural or less densely populated area.",54,1,False,True,1024,1024,RGB,40037,True,False,False,True,False,False,True,
MapTrain,106,16_223.jpg,"The google map shows a section of a road network with several labeled locations. ""The Arc Mercer"" is located near the top left, while ""Mon Cheri Bridals"" is situated centrally. ""Agencia Transportes Zuleta Trenton/Ewing"" is positioned towards the bottom left. Roads such as Ludlow and Kilmer Drive are visible, indicating connectivity between these points.",55,4,False,True,1024,1024,RGB,85824,True,False,False,False,False,True,True,
MapTrain,107,16_224.jpg,"The google map shows a small area with several labeled locations. ""Kingdom Church"" is marked with a cross symbol, indicating a religious site. ""Rees Scientific"" is marked with a shopping bag icon, suggesting a commercial or industrial entity. ""Sherbrook Park"" is highlighted in green, indicating a park or recreational area. ""Pflaumer Brothers Inc"" is also labeled nearby. The map includes roads and boundaries, but no specific street names are visible.",70,4,False,True,1024,1024,RGB,85297,True,False,False,True,True,True,False,no_direction_or_relation
MapTrain,108,16_225.jpg,"The google map shows a section of Mercer County Park, featuring the Festival Grounds and the Mercer County Skating Center, which is temporarily closed. Paxson Avenue runs along the top of the map. The area is predominantly green, indicating parkland or open space.",43,1,False,True,1024,1024,RGB,93482,True,False,False,True,False,False,True,
MapTrain,109,16_226.jpg,"The google map shows a light green area with a blue line labeled ""Mine Brook,"" indicating a waterway. The brook flows from the top center towards the bottom left. The surrounding area is divided by thin blue lines, suggesting boundaries or additional waterways. The map does not display any other geographic features or labels.",54,1,False,True,1024,1024,RGB,42705,False,False,False,True,False,True,True,
MapTrain,110,16_227.jpg,"The google map shows a light green background with two parallel blue lines running diagonally from the top left to the bottom right, indicating water bodies such as rivers or streams. A gray line runs parallel to the blue lines, suggesting a road or pathway. The spatial relationship indicates that the water bodies and the road/pathway are closely aligned.",60,0,False,True,1024,1024,RGB,38225,True,False,True,True,False,False,True,no_named_feature
MapTrain,111,16_228.jpg,"The google map shows a section of Mainland Road, marked as Route 63, running horizontally. The Lower Salford Township Sewer Authority is located to the north of the road. The Mallard Restaurant at the Mainland Inn is situated to the south of Mainland Road. A waterway, labeled Skippack, runs vertically on the right side of the map.",57,2,False,True,1024,1024,RGB,102928,True,False,False,False,False,True,True,
MapTrain,112,16_229.jpg,"The google map shows an intersection of Second Street Pike and Swamp Road. A location labeled ""Wrightstown Collision Repair"" is situated near this intersection. The area is surrounded by a green background, indicating open or undeveloped land.",37,3,False,True,1024,1024,RGB,59520,True,False,False,True,False,True,False,no_direction_or_relation
MapTrain,113,16_23.jpg,"The google map shows a section of ""Hill Rd"" running horizontally. A blue line, likely representing a waterway, runs parallel and slightly above the road. The background is light green, indicating a land area. There are no additional geographic entities or labels visible.",43,2,True,True,1024,1024,RGB,33623,True,False,False,True,False,False,False,no_direction_or_relation;generic_no_feature_claim
MapTrain,114,16_230.jpg,"The google map shows a section of Jericho Mountain Road, which runs diagonally from the top left to the center of the image. The surrounding area is shaded in green, indicating a natural or undeveloped region, possibly forested or rural. There are no additional geographic entities or landmarks visible on this map segment.",53,1,True,True,1024,1024,RGB,29741,True,False,False,True,False,False,True,generic_no_feature_claim
MapTrain,115,16_231.jpg,"The google map shows a section of Core Creek running horizontally across the image. The creek is surrounded by a green area, indicating a park or natural space. There are a few light gray lines representing roads or paths near the creek.",42,1,False,True,1024,1024,RGB,35341,False,False,True,True,False,False,False,no_direction_or_relation
MapTrain,116,16_232.jpg,"The google map shows a network of roads and a creek. The roads include Farrell Ave, Aaron Ave, Wallace Ave, Terrace Blvd, Glen Mawr Dr, and Glen Clair Dr. The West Branch Shabakunk Creek runs vertically through the map, intersecting with Terrace Blvd. The roads are arranged in a grid-like pattern, with some curving slightly.",56,5,False,True,1024,1024,RGB,84395,True,False,True,False,False,False,True,
MapTrain,117,16_233.jpg,"The google map shows a section of a road running horizontally across the bottom. There is a business labeled ""Rob's loaded bases sports cards"" located along this road. A smaller road branches off to the left, leading into a green area, which likely represents a park or undeveloped land. A thin blue line, possibly a stream or small river, runs parallel to the main road.",66,1,False,True,1024,1024,RGB,61193,True,False,True,True,True,True,True,
MapTrain,118,16_234.jpg,"The google map shows a section of an area with several labeled locations. Woodward Road runs vertically through the map. To the west of Woodward Road is ""Springpoint Living at Manalapan."" To the east, there is ""Sportika"" and further south, ""Wawa"" is marked with a dining symbol. The map includes some blue lines indicating water features or boundaries.",58,5,False,True,1024,1024,RGB,75838,True,False,True,False,False,True,True,
MapTrain,119,16_235.jpg,"The google map section shows a location labeled ""East Freehold Showgrounds"" situated above ""Center St."" The area is depicted with a network of roads, and the background is shaded in light green, indicating open or park-like spaces. The roads form a grid-like pattern around the labeled areas.",49,3,False,True,1024,1024,RGB,57041,True,False,False,True,False,True,True,
MapTrain,120,16_236.jpg,"The google map shows a green area, likely representing a park or natural space, with a blue line running through it, indicating a river or stream. There are paths or roads surrounding the green area. The ""General Greene Pavillion"" is marked near the bottom of the map.",47,1,False,True,1024,1024,RGB,53538,False,False,True,True,False,False,True,
MapTrain,121,16_237.jpg,"This google map shows a section of a river that forms the boundary between New Jersey and Pennsylvania. The river is labeled, and there is a road named River Rd running parallel to it on the Pennsylvania side. A location called Washington's Crossing Boat Launch is marked near the river. Additionally, there is a parking lot labeled ""Valley of Concentration parking lot"" nearby.",64,2,False,True,1024,1024,RGB,110571,True,False,True,False,False,True,False,no_direction_or_relation
MapTrain,122,16_238.jpg,"The google map shows a section with Clemens Road running vertically and intersecting with Mainland Road. Skippack Creek is depicted as a blue line running parallel to Mainland Road. The area is primarily green, indicating open or undeveloped land.",39,3,False,True,1024,1024,RGB,54090,True,False,True,True,False,False,False,no_direction_or_relation
MapTrain,123,16_24.jpg,"The google map shows a light green area with a blue line running diagonally, likely representing a river or stream. There are several gray lines indicating roads or paths. A labeled point, ""Heritage Hill Farm,"" is located near the top center of the map. The surrounding area appears to be rural or open space.",54,1,False,True,1024,1024,RGB,45280,False,False,True,True,False,True,True,
MapTrain,124,16_240.jpg,"The google map shows a section of Wrights Road, which runs horizontally across the top. Below the road is Newtown Elementary School, marked with an icon. The area around the school is shaded in green, indicating a park or open space. There are a few small blue shapes, likely representing bodies of water or ponds, near the school.",58,1,False,True,1024,1024,RGB,54202,True,False,True,True,True,False,True,
MapTrain,125,16_244.jpg,"The google map shows a section of an area with several labeled locations. To the north, there is ""BXA Hydraulics."" Nearby, the ""American Czechoslovak Farmer's Club"" is situated. ""Kiddie Academy"" is located to the southeast of the club. Further south, there is a ""Dunkin'"" establishment. The map also features a green area, possibly indicating a park or natural space, with a blue line suggesting a waterway running through it.",70,4,False,True,1024,1024,RGB,83497,False,False,False,True,False,True,True,
MapTrain,126,16_245.jpg,"The google map shows an intersection of two roads: Disbrow Hill Road running horizontally and Battleground Road running vertically. There is a small blue feature, possibly a water body, located near the intersection. The surrounding area is shaded in light green, indicating open or undeveloped land.",46,2,False,True,1024,1024,RGB,40433,True,False,True,True,False,False,False,no_direction_or_relation
MapTrain,127,16_246.jpg,"The google map shows an area labeled ""Gaitway Farms."" There are several roads intersecting near this location. A blue line, likely representing a river or stream, runs horizontally near the top of the map. The surrounding area is shaded in light green, indicating open land or agricultural fields.",48,1,False,True,1024,1024,RGB,43081,False,False,True,True,False,True,True,
MapTrain,128,16_247.jpg,"The google map shows a section with a highway labeled ""33"" running diagonally from the bottom left to the top right. There is a smaller road or path intersecting the highway. A river or stream is depicted in blue, curving through the area. Two points of interest are marked: one labeled ""Mr Joe Fix It"" and another with a cross symbol, indicating a religious site labeled ""Jesus Christ of Latter..."". The surrounding area is shaded green, suggesting a park or natural area.",82,2,False,True,1024,1024,RGB,73977,True,False,True,True,False,True,True,
MapTrain,129,16_249.jpg,"The google map shows a section of a neighborhood with several roads. Squirrel Hill Road runs horizontally across the map, intersecting with Bennington Drive and Renoir Lane. Arbordale Circle is located to the northwest. A location labeled ""Behavior and Education Support Services"" is situated along Squirrel Hill Road. The area is primarily residential.",53,5,False,True,1024,1024,RGB,80381,True,False,False,False,False,True,False,no_direction_or_relation
MapTrain,130,16_25.jpg,"The google map shows a location labeled ""Six Flagship"" with a parking area indicated by a ""P"" symbol. There are roads leading to and from this point. The surrounding area is shaded in light green, suggesting a park or open space. There are also bodies of water visible in the top left and right corners.",55,1,False,True,1024,1024,RGB,39270,False,False,True,True,False,True,True,
MapTrain,131,16_250.jpg,"The google map shows a location labeled ""Lawrenceville Solar Farm."" There is a light blue line representing a waterway running diagonally across the map. The surrounding area is shaded in light green, indicating land or vegetation.",36,1,False,True,1024,1024,RGB,41050,False,False,False,True,False,True,False,no_direction_or_relation
MapTrain,132,16_252.jpg,"The google map shows a section of a road network with two labeled streets: Anna Street and Honora Street. Anna Street runs horizontally, while Honora Street intersects it vertically. The map includes additional, unnamed roads and pathways, depicted with light lines, indicating a residential or urban area.",47,3,False,True,1024,1024,RGB,35106,True,False,False,False,False,True,False,no_direction_or_relation
MapTrain,133,16_253.jpg,"The google map shows a network of roads, including Elbow Ln, Greensward N, Sovereign Dr, Fairway Terrace, and Golf Dr. PROMPT Shipping Software is marked at the intersection of Elbow Ln and Greensward N. The roads form a grid-like pattern, with some roads running parallel and others intersecting.",49,4,False,True,1024,1024,RGB,75589,True,False,False,False,False,False,False,no_direction_or_relation
MapTrain,134,16_254.jpg,"The google map shows a small area with several roads and a park. Key roads include Brook Lane, Turkey Trot Road, and Heritage Drive. Pollinator Park is located near the intersection of Brook Lane and Turkey Trot Road. The roads form a network with some branching paths.",47,5,False,True,1024,1024,RGB,67085,True,False,False,True,False,False,False,no_direction_or_relation
MapTrain,135,16_255.jpg,"The google map shows a network of roads, including School House Lane, Grakelow Drive, and Clearview Drive. These roads intersect and connect in a suburban or residential area. There is a green area, possibly indicating a park or wooded region, located to the southwest of School House Lane.",48,4,False,True,1024,1024,RGB,56392,True,True,False,True,True,False,False,
MapTrain,136,16_256.jpg,"The google map shows a loop formed by Brentwood Road, with a location marked as ""Kevin Cauley CPA"" situated along it. Brentwood Road connects to another road at the top left. There is a green area, possibly indicating a park or natural space, to the southeast, and a blue line, likely representing a river or stream, running parallel to the green area.",62,3,False,True,1024,1024,RGB,61759,True,False,True,True,False,False,True,
MapTrain,137,16_257.jpg,"The google map shows a section of a road network with a major highway running vertically through the center. The Mercer County Bar Association is marked along this highway. To the southwest, Miry Run is labeled, indicating a nearby water feature. The map includes surrounding green areas, suggesting parks or undeveloped land. The highway has multiple lanes and exits, indicating a significant transportation route.",64,0,False,True,1024,1024,RGB,80722,True,False,True,True,False,True,False,no_named_feature;no_direction_or_relation
MapTrain,138,16_258.jpg,"The google map shows a section of an area with a road labeled ""Prodelin Way"" running diagonally from the northwest to the southeast. There is a blue line indicating a water feature, such as a stream or creek, that curves across the map. The background is shaded in light green, suggesting a natural or undeveloped area.",56,2,False,True,1024,1024,RGB,38825,True,False,True,True,False,True,False,no_direction_or_relation
MapTrain,139,16_259.jpg,"The google map shows a network of roads in a lightly populated area. Miller Rd runs horizontally across the top, intersecting with Eagleview Ln. Meyers Rd is located at the bottom left, connecting to Markley Rd and Ott Rd. Ott Rd extends northward, intersecting with Miller Rd. The area appears to be surrounded by green space, indicating possible vegetation or parkland.",61,5,False,True,1024,1024,RGB,63368,True,False,False,True,False,False,True,
MapTrain,140,16_26.jpg,"The google map shows a section of a road network. Freehold Road runs horizontally across the map. Kingfisher Court intersects with Freehold Road from the south. A blue line, likely representing a river or stream, runs vertically to the west of Freehold Road. The area is shaded in light green, possibly indicating a park or undeveloped land. A small road labeled ""638"" is also visible, intersecting with Freehold Road.",69,6,False,True,1024,1024,RGB,47208,True,False,True,True,False,True,True,
MapTrain,141,16_260.jpg,"The google map shows a section of the Millstone River flowing in a curved path. To the northeast of the river is John White Road, which runs in a generally straight direction. The river and the road are in close proximity, with the road running parallel to the river at certain points.",52,2,False,True,1024,1024,RGB,46414,True,False,True,False,False,False,False,no_direction_or_relation
MapTrain,142,16_261.jpg,"The google map shows a location marked as ""JSW Solutions"" with a pinpoint indicator. There is a small blue body of water nearby. The map includes a few roads, with one curving near the marked location. The area appears to be relatively open with minimal additional geographic features visible.",49,1,False,True,1024,1024,RGB,35623,False,False,True,False,False,False,False,no_direction_or_relation
MapTrain,143,16_262.jpg,"The google map shows a section of an area with Nebraska Ave running diagonally. ""The Silicon Review"" is located near the top left, and ""Mario's Pizza"" is marked with a dining icon along the same road. There are some light blue lines indicating roads or paths, and a green area suggesting a park or open space.",57,3,False,True,1024,1024,RGB,80755,True,False,False,True,True,False,True,
MapTrain,144,16_263.jpg,"The google map shows a body of water labeled ""Miry Run"" with a smaller landmass labeled ""Little Island"" within it. The island is marked with a tree icon, indicating a natural feature or park. The water surrounds the island, suggesting it is part of a larger water system.",48,2,False,True,1024,1024,RGB,48067,False,False,True,True,True,True,False,no_direction_or_relation
MapTrain,145,16_264.jpg,"The google map shows a light green area with a road labeled ""526"" running vertically. There are two smaller intersecting roads branching off from the main road. A location marked ""FunFlatables Party Rentals"" is situated near the bottom of the map, close to the main road.",46,2,False,True,1024,1024,RGB,44649,True,False,False,True,False,True,True,
MapTrain,146,16_265.jpg,"The google map shows a section where Etra Perrineville Road intersects with Feldsher Road. The roads form a T-junction, with Etra Perrineville Road running vertically and Feldsher Road branching off horizontally. The surrounding area is shaded in light green, indicating open space or undeveloped land.",46,4,False,True,1024,1024,RGB,39242,True,True,False,True,False,False,False,
MapTrain,147,16_266.jpg,"The google map shows an area labeled ""Etra Rd Open Space."" It features several blue lines that likely represent waterways or roads. The surrounding area is shaded in green, indicating open space or parkland. The map does not display any additional geographic entities or detailed spatial relationships.",47,2,False,True,1024,1024,RGB,41056,True,False,False,True,False,True,False,no_direction_or_relation
MapTrain,148,16_268.jpg,"The google map shows a section of a road network. Brickyard Rd runs diagonally from the northwest to the southeast. Perimeter Rd intersects Brickyard Rd from the west. A location labeled ""Pine Tree Landscape Systems"" is situated near Brickyard Rd. The surrounding area appears to be predominantly green, indicating open or undeveloped land.",53,5,False,True,1024,1024,RGB,59681,True,False,False,True,False,True,True,
MapTrain,149,16_27.jpg,"The google map shows a network of roads and a water feature. Hickory Hill Rd runs vertically on the right side, intersecting with Ryan's Way, which curves to the left. Lons Ln branches off from Ryan's Way. A water feature is visible on the left side, running parallel to the roads.",53,4,False,True,1024,1024,RGB,50427,True,False,True,False,False,False,True,
MapTrain,150,16_271.jpg,"The google map shows a section of Robbinsville Edinburg Road running vertically. Buckley Lane intersects it from the left. Nearby, the Robbinsville Township Board of Education and Robbinsville High School are marked, located to the southwest of the intersection. The area is surrounded by green spaces, indicating parks or fields.",50,2,False,True,1024,1024,RGB,83842,True,False,False,True,True,False,True,
MapTrain,151,16_272.jpg,"The google map shows a small residential area with three streets: Erin Ct, Tanager Ln, and Jared Dr. Erin Ct is a cul-de-sac branching off Tanager Ln. Jared Dr intersects with Tanager Ln. The surrounding area is shaded green, indicating a possible park or wooded area.",48,5,False,True,1024,1024,RGB,42355,True,False,False,True,False,False,False,no_direction_or_relation
MapTrain,152,16_273.jpg,"The google map shows a section of Cedarville Road running vertically. A small waterway is visible to the left, flowing diagonally from the top left to the bottom center. There are a couple of small blue areas indicating bodies of water near the road. The surrounding area is shaded in light green, suggesting open or undeveloped land.",57,1,False,True,1024,1024,RGB,44767,True,False,True,True,False,False,True,
MapTrain,153,16_274.jpg,"The google map shows a light green area with a road running diagonally from the bottom left to the top right. Along the road, there are two labeled points: ""Solutions Workshop Body Shop"" and ""BTM Landscape Contractors Tw."" A blue line, possibly representing a water feature, runs parallel to the road on the left side.",55,2,False,True,1024,1024,RGB,65238,True,False,True,True,False,True,True,
MapTrain,154,16_275.jpg,"The google map shows a section of Thompson Grove Road running vertically. Serenity Place intersects Thompson Grove Road from the west, while Apple Blossom Lane intersects from the east. The area appears to be surrounded by a light green background, indicating a possible rural or suburban setting. There is a small blue icon in the bottom left corner, which typically represents a point of interest or location marker.",68,3,False,True,1024,1024,RGB,49413,True,True,False,True,True,False,True,
MapTrain,155,16_276.jpg,"The google map shows a curved road labeled ""Desai Ct"" that loops around and connects back to itself. There are no other visible geographic entities or landmarks on the map. The surrounding area appears to be open space or undeveloped land.",41,2,False,True,1024,1024,RGB,46473,True,False,False,True,False,True,False,no_direction_or_relation
MapTrain,156,16_277.jpg,"The google map shows a section of a road network. Buckalew Road runs vertically, intersecting with Mackenzie Court and Desai Court at the top. Ginesi Drive branches off Buckalew Road towards the right. The area appears to be a residential or suburban setting, with roads laid out in a grid-like pattern.",52,5,False,True,1024,1024,RGB,48496,True,False,False,False,False,False,True,
MapTrain,157,16_278.jpg,"The google map shows a section with two labeled roads: Mackenzie Ct and Brickyard Rd. Mackenzie Ct is positioned at the top, running horizontally, while Brickyard Rd is at the bottom, also running horizontally. There is an oval-shaped loop connecting to Brickyard Rd, located towards the right side of the map. The area appears to be primarily green, indicating open space or undeveloped land.",65,4,False,True,1024,1024,RGB,40579,True,False,False,True,False,True,True,
MapTrain,158,16_280.jpg,"The google map shows a section of Swarley Road, with two marked locations: ""Outdoor Xtreme Hatfield Paintball and Airsoft"" and ""Keystone Sports Training - Keystone Sportsplex."" These locations are situated near each other, with the sports training facility positioned slightly southwest of the paintball and airsoft area. The map includes a few local roads branching off from Swarley Road.",58,4,False,True,1024,1024,RGB,86412,True,False,False,False,True,False,False,no_direction_or_relation
MapTrain,159,16_281.jpg,"The google map shows a light green area with two small blue bodies of water, indicating lakes or ponds. There are several thin, gray lines representing roads or paths. One road is labeled ""Trisha."" The map has a simple layout with minimal detail.",43,1,False,True,1024,1024,RGB,31989,True,False,True,True,False,True,False,no_direction_or_relation
MapTrain,160,16_282.jpg,"The google map shows a section of Windsor Road running horizontally. The area above the road is shaded in light green, indicating a different type of land use or geographic feature compared to the area below, which is shaded in light gray.",42,1,False,True,1024,1024,RGB,29489,True,False,False,True,False,False,False,no_direction_or_relation
MapTrain,161,16_285.jpg,"The google map shows a section with two roads, Springer Rd and Kriebel Rd, intersecting at an angle. There is a waterway running parallel to Kriebel Rd. The area is predominantly green, indicating open or undeveloped land.",37,3,False,True,1024,1024,RGB,52063,True,False,False,True,False,False,False,no_direction_or_relation
MapTrain,162,16_286.jpg,"The google map shows a body of water labeled ""Bradford Reservoir"" running vertically. To the right of the reservoir, there is a residential area with a road labeled ""Phillips Ave."" The surrounding area is shaded in light green, indicating land or vegetation.",42,4,False,True,1024,1024,RGB,51880,True,False,True,True,False,True,True,
MapTrain,163,16_287.jpg,"The google map shows a rural area with a road labeled ""Temperance Ln"" running diagonally from the top left to the bottom right. There is a location marked as ""Rook Farms"" near the road. The surrounding area is predominantly green, indicating open land or fields. There are a few smaller, unnamed roads branching off from Temperance Ln.",57,4,False,True,1024,1024,RGB,37884,True,False,False,True,False,True,True,
MapTrain,164,16_288.jpg,"The google map shows a section of Twining Ford Road running horizontally across the image. The surrounding area is shaded green, indicating a possible park or forested region. There are no other visible geographic entities or landmarks.",37,1,False,True,1024,1024,RGB,36093,True,False,False,True,False,False,False,no_direction_or_relation
MapTrain,165,16_289.jpg,"The google map shows a section of Lower Mountain Road running diagonally from the northwest to the southeast. The surrounding area is predominantly green, indicating open or undeveloped land. There is a small, curved road branching off from Lower Mountain Road towards the southwest.",44,2,False,True,1024,1024,RGB,34662,True,False,False,True,False,False,False,no_direction_or_relation
MapTrain,166,16_29.jpg,"The google map shows a body of water on the left side, with irregular shoreline features. To the right, there are three roads: Willow Ave, Lanes Pond Rd, and Laurel Pl. Willow Ave and Lanes Pond Rd run parallel in a north-south direction, while Laurel Pl branches off Willow Ave towards the water. The area is surrounded by green, indicating land or possibly parkland.",65,5,False,True,1024,1024,RGB,57726,True,False,True,True,False,False,True,
MapTrain,167,16_290.jpg,"The google map shows a section of a road labeled ""630"" running vertically. Moonshot Farm is located along this road. To the southwest, there is the Amazing Grace Church Assembly of God. The area appears to be rural, with a few intersecting roads.",43,1,False,True,1024,1024,RGB,62114,True,False,False,True,True,True,False,no_direction_or_relation
MapTrain,168,16_292.jpg,"The google map shows an area with a road labeled ""Creek Rd"" running diagonally from the bottom left to the top right. There is a small body of water, possibly a pond or lake, near the center. A creek or stream flows from the bottom left towards the pond. The surrounding area is shaded green, indicating a natural or park area.",61,2,False,True,1024,1024,RGB,51107,True,False,True,True,False,True,True,
MapTrain,169,16_295.jpg,"The google map shows a network of roads and a waterway. Stonehurst Blvd runs vertically through the center. Hampton Dr intersects Stonehurst Blvd from the northwest, while Windsor Dr intersects from the northeast. Oxford Dr is located to the southwest, connecting with Stonehurst Blvd. A blue line, representing a waterway, runs diagonally from the northeast to the southwest, crossing Stonehurst Blvd.",61,3,False,True,1024,1024,RGB,64995,True,False,False,False,False,False,False,no_direction_or_relation
MapTrain,170,16_296.jpg,"The google map shows a section of a road network. Heffner Road runs diagonally from the southwest to the northeast. Harnett Lane intersects Heffner Road and extends northward, while Llewellyn Lane branches off from Harnett Lane to the east. The area surrounding the roads is primarily open space, with some green areas indicating vegetation or parkland in the southern part of the map.",63,5,False,True,1024,1024,RGB,52921,True,False,False,True,False,False,True,
MapTrain,171,16_297.jpg,"The google map shows a section of Graterford Road running diagonally from the top left to the bottom right. Two creeks, Lodal Creek and Landis Creek, are depicted in blue. Lodal Creek runs parallel to Graterford Road, while Landis Creek branches off from Lodal Creek towards the bottom left. The background is a light green, indicating land or vegetation.",59,7,False,True,1024,1024,RGB,61048,True,False,True,True,False,False,True,
MapTrain,172,16_298.jpg,"The google map shows a section where Jericho Creek crosses Pineville Road. Jericho Creek runs in a generally east-west direction, while Pineville Road runs horizontally across the map. There is an intersecting road that crosses Pineville Road vertically near the creek. The area is depicted with a light green background, indicating land.",53,4,False,True,1024,1024,RGB,42884,True,False,True,True,False,False,True,
MapTrain,173,16_299.jpg,"The google map shows a section of Newtown, featuring Newtown Cemetery, which is centrally located and marked by a green area. The cemetery is bordered by S Elm Ave to the west and Penn St to the south. A location labeled ""Smile Shop Newtown"" is situated to the north of the cemetery. The map includes a grid of streets surrounding the cemetery, indicating an urban layout.",66,3,False,True,1024,1024,RGB,89877,True,False,False,True,False,True,True,
MapTrain,174,16_3.jpg,"The google map shows a green area labeled ""Outlook,"" indicating a park or natural area. There are several dashed lines, likely representing trails or paths, intersecting the area. A small blue shape suggests the presence of a pond or small body of water in the upper right section. The surrounding area is predominantly green, indicating vegetation or forested land.",59,1,False,True,1024,1024,RGB,49396,False,False,True,True,False,True,True,
MapTrain,175,16_300.jpg,"The google map shows a section of land with a road labeled ""Highland Rd"" running vertically. There is a blue line indicating a waterway in the upper left corner, running diagonally. The background is green, suggesting a natural or rural area.",41,2,False,True,1024,1024,RGB,35989,True,True,False,True,False,True,True,
MapTrain,176,16_301.jpg,"The google map shows a section of a road network with two main roads: Gordon Road running vertically and Nurko Road running horizontally. There is a small waterway or stream depicted in blue in the lower right corner. The area is primarily green, indicating open or undeveloped land.",48,2,False,True,1024,1024,RGB,37782,True,True,True,True,False,False,True,
MapTrain,177,16_302.jpg,"The google map shows a section of ""Creek Rd"" running diagonally from the bottom left to the top right. There is a blue waterway parallel to the road on the left side. Several smaller roads intersect with Creek Rd. The background is a light green color, indicating land or vegetation.",50,3,False,True,1024,1024,RGB,46770,True,True,True,True,False,False,True,
MapTrain,178,16_303.jpg,"The google map shows two roads: Graham Place and Chadwick Road. Graham Place intersects with Chadwick Road, which runs vertically. The surrounding area is shaded green, indicating open space or vegetation.",31,2,False,True,1024,1024,RGB,33675,True,False,False,True,False,False,False,no_direction_or_relation
MapTrain,179,16_304.jpg,"The google map shows a section of Halls Mill Road running horizontally. Burkes Creek is depicted as a blue line, flowing diagonally from the northeast to the southwest. There are additional blue water features to the west of Burkes Creek. The area is labeled with a point of interest named ""Aim To Drain."" The map background is light green, indicating a natural or undeveloped area.",65,4,False,True,1024,1024,RGB,69353,True,False,True,True,False,True,True,
MapTrain,180,16_306.jpg,"The google map shows a section of a road network with two roads labeled ""Kerr Rd"" and ""Coventry Way."" Kerr Rd runs in a generally north-south direction, while Coventry Way branches off from it. The area is labeled ""Kibler Meadows,"" and there is a green icon indicating a park or natural area. A blue line suggests the presence of a water feature, such as a stream, in the northwest corner. The surrounding area is shaded green, indicating a natural or undeveloped region.",83,7,False,True,1024,1024,RGB,53949,True,True,True,True,True,True,True,
MapTrain,181,16_309.jpg,"The google map shows the location of the Newtown Athletic Club, marked with a green pin. It is situated near a road labeled ""332"" at the bottom of the map. The surrounding area is shaded in green, indicating open or recreational space. There are several light gray lines representing roads or pathways in the vicinity.",55,1,False,True,1024,1024,RGB,62012,True,False,False,True,False,True,True,
MapTrain,182,16_31.jpg,"The google map shows a section of the Schuylkill River, depicted in blue, flowing horizontally across the image. The surrounding area is shaded in light green, indicating land. There are no additional geographic entities or labels visible in this section of the map.",43,1,True,True,1024,1024,RGB,42526,False,False,True,True,False,False,False,no_direction_or_relation;generic_no_feature_claim
MapTrain,183,16_310.jpg,"The google map shows a section of Reed Road running vertically. To the left of Reed Road is a location marked as ""Eagle Janitorial Services."" Below it, also to the left, is an area labeled ""Heritage Preserve."" The map features a light green background, indicating a natural or undeveloped area, and a small blue shape, possibly representing a body of water, is visible to the right of Reed Road.",69,5,False,True,1024,1024,RGB,64052,True,False,True,True,False,True,True,
MapTrain,184,16_311.jpg,"The google map shows a small area with several streets and labeled locations. Cypress Lane runs horizontally at the top, while Chester Avenue and Elkton Avenue run vertically. Two businesses are marked: ""Five Star Landscape Solutions"" near Cypress Lane and ""Superior Mobile Services"" near Elkton Avenue. The map includes some green areas, indicating parks or open spaces.",57,7,False,True,1024,1024,RGB,84902,True,False,False,True,False,True,True,
MapTrain,185,16_312.jpg,"The google map shows a section of a neighborhood with several streets. Cypress Lane runs horizontally across the map. Hobbs Road intersects Cypress Lane vertically. Angelique Court and Grant Court branch off from Hobbs Road. The Hamilton Township Senior Citizens center is located along Cypress Lane. The surrounding area is shaded in green, indicating a possible park or wooded area.",60,7,False,True,1024,1024,RGB,67117,True,False,False,True,False,False,False,no_direction_or_relation
MapTrain,186,16_313.jpg,"The google map shows a light green area with a blue line running diagonally, representing a river or stream. There is a marked location labeled ""Viho Farms"" near the bottom left. A thin gray line, likely a road or path, intersects the area near the labeled location. The map is oriented with north at the top.",56,1,False,True,1024,1024,RGB,40816,True,False,True,True,False,True,True,
MapTrain,187,16_318.jpg,"The google map shows a section of Country Club Road running diagonally from the top right to the bottom left. Near the bottom left, there is a location marked as ""Superior Automotive 24 Hour Towing."" The surrounding area is shaded in green, indicating a likely open or undeveloped space.",49,2,False,True,1024,1024,RGB,56239,True,False,False,True,False,False,True,
MapTrain,188,16_319.jpg,"The google map shows a location marked as ""Greene, Tweed & Co (Landsdale)"" near S Broad St. There is a light blue line indicating a waterway running diagonally from the top left to the bottom right. The area around the location is shaded in light green, suggesting a park or open space. Several roads are visible, with S Broad St running vertically.",61,3,False,True,1024,1024,RGB,71151,True,False,False,True,False,False,True,
MapTrain,189,16_32.jpg,"The google map shows a light green area with a blue water feature labeled ""Slope Brook"" running horizontally. There is a path labeled ""Yearling Path"" curving in the upper left corner. The map includes a light blue area indicating another water feature in the upper right. The background is primarily light green, suggesting a natural or park area.",58,2,False,True,1024,1024,RGB,37626,False,True,True,True,False,True,True,
MapTrain,190,16_320.jpg,"The google map shows a section of a road network with a highway labeled as Route 202. There are two marked locations: ""Wawa"" and ""Bacco Italian,"" both indicated with dining icons. ""Top Peak Roofing"" is also labeled nearby. The map features a green background, suggesting a non-urban area.",49,3,False,True,1024,1024,RGB,77065,True,False,False,True,False,True,True,
MapTrain,191,16_321.jpg,"The google map shows a section of Quakerbridge Road, which runs vertically through the image. There are several intersecting roads and pathways. In the top left corner, there is a highway interchange with curved ramps. The surrounding area appears to be open space or undeveloped land.",46,1,False,True,1024,1024,RGB,57738,True,True,False,True,False,False,True,
MapTrain,192,16_322.jpg,"The google map shows a network of roads with Lawrence Dr labeled. The roads intersect and form a grid-like pattern. The area is shaded in light green, indicating a possible park or open space. There are no additional geographic entities or landmarks labeled.",44,1,True,True,1024,1024,RGB,42814,True,True,False,True,False,True,False,generic_no_feature_claim
MapTrain,193,16_323.jpg,"The google map shows a section of an area with two main geographic entities labeled: ""Joseph A. Fluehr III Funeral Home Inc"" and ""Varsity Field."" Holland Road runs vertically through the center of the map, intersecting with a horizontal road. The funeral home is located near the intersection, while Varsity Field is situated to the southeast. The surrounding area is shaded in green, indicating open or undeveloped land.",68,3,False,True,1024,1024,RGB,68389,True,False,False,True,False,True,True,
MapTrain,194,16_326.jpg,"The google map shows a light green area with a blue line labeled ""Pond Run,"" indicating a waterway running horizontally across the map. There are also faint gray lines suggesting roads or paths in the lower left corner. The surrounding area is mostly open space.",45,1,False,True,1024,1024,RGB,32269,False,True,True,True,False,True,True,
MapTrain,195,16_327.jpg,"The google map shows a section of Woodside Road running vertically. There is a small waterway crossing the road horizontally near the bottom of the image. The surrounding area is shaded in light green, indicating a natural or undeveloped area.",40,1,False,True,1024,1024,RGB,41729,True,False,False,True,False,False,True,
MapTrain,196,16_328.jpg,"The google map shows a section of Assunpink Creek, which flows horizontally across the image. The surrounding area is primarily green, indicating vegetation or open land. There are a few thin, gray lines representing roads or paths intersecting near the creek. A small blue area in the upper right corner suggests a body of water, such as a pond or lake.",61,1,False,True,1024,1024,RGB,38513,False,True,True,True,False,False,True,
MapTrain,197,16_329.jpg,"The google map shows Assunpink Lake, depicted in blue, indicating a body of water. The surrounding area is shaded in light green, suggesting land. The lake has an irregular shape with several inlets and extensions.",35,1,False,True,1024,1024,RGB,33237,False,False,True,True,False,False,False,no_direction_or_relation
MapTrain,198,16_33.jpg,"The google map shows a section of Tomlinson Road running diagonally from the southwest to the northeast. There are a few intersecting roads branching off from Tomlinson Road towards the north. The surrounding area is shaded in green, indicating a likely natural or undeveloped area.",45,2,False,True,1024,1024,RGB,37284,True,False,False,True,False,False,True,
MapTrain,199,16_331.jpg,"The google map shows a road labeled ""Carriage Way"" running diagonally across the image. The surrounding area is shaded in green, indicating a natural or park area. There are no additional geographic entities or labels visible.",36,2,True,True,1024,1024,RGB,28913,True,False,False,True,False,True,False,no_direction_or_relation;generic_no_feature_claim
MapTrain,200,16_332.jpg,"The google map shows a section of Gravel Hill Road running vertically on the right side. A horizontal road intersects it near the bottom. There is a body of water on the left side, with a narrow waterway extending from it. The surrounding area is shaded green, indicating land or vegetation.",51,1,False,True,1024,1024,RGB,37735,True,False,True,True,False,False,True,
MapTrain,201,16_333.jpg,"The google map shows a location labeled ""Brookline Kennels"" situated near a road. A blue line, likely representing a waterway, runs diagonally across the map. Vassar Drive is another road intersecting with the main road near the top right corner. The area below the road is shaded green, possibly indicating a park or forested area.",55,2,False,True,1024,1024,RGB,51035,True,True,False,True,False,True,True,
MapTrain,202,16_334.jpg,"The google map shows a section of a neighborhood with several roads, including Iron Bridge Road, Fordham Place, and Wellesley Way. Yale Drive is also visible. The Freehold Montessori School is marked on the map. There is a green area indicating a park or open space near the school. The roads form a network around the school and green area.",60,2,False,True,1024,1024,RGB,78152,True,False,False,True,True,False,False,no_direction_or_relation
MapTrain,203,16_335.jpg,"The google map shows a light blue line representing Dove Creek running vertically through a light green background, indicating a natural area. The creek appears to flow from the top left to the bottom right of the map.",38,1,False,True,1024,1024,RGB,30358,False,False,True,True,False,False,True,
MapTrain,204,16_336.jpg,"The google map shows a light green area with a blue line labeled ""Heron Creek"" running horizontally across the upper portion. There is a small blue shape resembling a pond or lake in the lower right corner. Light purple lines, possibly representing roads or paths, are visible in the lower left section.",52,2,False,True,1024,1024,RGB,42228,False,True,True,True,False,True,True,
MapTrain,205,16_337.jpg,"The google map shows a section of an area with two labeled roads: Roversford Rd and Bellemeade Dr. Roversford Rd runs vertically, while Bellemeade Dr intersects it at an angle. The surrounding area is shaded green, indicating a possible park or forested region. The roads are depicted in light gray, suggesting they are secondary or local roads.",57,3,False,True,1024,1024,RGB,44803,True,False,False,True,False,True,False,no_direction_or_relation
MapTrain,206,16_338.jpg,"The google map shows a section of an area with Greenwood Ave running vertically through the center. Knoll Dr branches off to the left. There are blue lines indicating water features, such as streams or small rivers, crossing the area. Light green areas likely represent open spaces or vegetation.",49,2,False,True,1024,1024,RGB,50049,True,False,True,True,False,False,True,
MapTrain,207,16_34.jpg,"The google map shows a location labeled ""NRG Studios"" situated near a road named ""Chukker Cove."" The area appears to be surrounded by a light green background, possibly indicating a park or undeveloped land. The road forms a loop near the studio.",42,2,False,True,1024,1024,RGB,42837,True,False,False,True,False,True,False,no_direction_or_relation
MapTrain,208,16_342.jpg,"The google map shows a location labeled ""Giordano Landscaping."" There is a road running diagonally from the bottom left to the top right. A smaller road or path branches off towards the labeled location. A blue line, possibly representing a water feature, runs parallel to the main road. The surrounding area is shaded green, indicating vegetation or open space.",59,1,False,True,1024,1024,RGB,49134,True,False,True,True,False,True,True,
MapTrain,209,16_343.jpg,"The google map shows a section of a road network with two labeled roads, both named Vestry Dr. One road curves to form a loop, while the other extends straight and intersects with the loop. There is a blue line indicating a water feature, such as a stream, running near the roads. The surrounding area is shaded in light green, suggesting open or undeveloped land.",65,1,False,True,1024,1024,RGB,43490,True,False,True,True,False,True,False,no_direction_or_relation
MapTrain,210,16_345.jpg,"The google map shows a section of a road network. Delmont Ave runs diagonally from the bottom left to the top right. Nevarc Rd intersects with Delmont Ave, running horizontally. Hermans Trailers is marked near the intersection of these roads. Clubhouse Ln is visible in the lower right corner, running parallel to Nevarc Rd.",54,5,False,True,1024,1024,RGB,81029,True,True,False,False,False,False,True,
MapTrain,211,16_346.jpg,"The google map shows a network of roads in a residential area. Key roads include Christ's Home Drive and Resurrection Drive, which intersect. Fairway Drive is visible to the west. A major road, labeled 132, runs horizontally across the top of the map. There is a green area, possibly a park or wooded region, located north of road 132.",60,3,False,True,1024,1024,RGB,59759,True,True,False,True,False,True,True,
MapTrain,212,16_348.jpg,"The google map shows a location labeled ""Corkum Tree Farm."" There are light blue lines indicating roads or pathways surrounding the area. The map is minimalistic, with no additional geographic features or landmarks visible.",34,1,True,True,1024,1024,RGB,49330,False,False,False,False,False,True,False,no_direction_or_relation;generic_no_feature_claim
MapTrain,213,16_349.jpg,"The google map shows a section of Mt Airy Rd running diagonally from the bottom left to the top right. The surrounding area is shaded in light green, indicating a possible park or forested region. There are no additional geographic entities or labels visible on this map section.",48,1,True,True,1024,1024,RGB,39033,True,False,False,True,False,False,True,generic_no_feature_claim
MapTrain,214,16_35.jpg,"The google map shows an area labeled ""Money Island."" A blue line, likely representing a waterway, runs vertically through the map. The surrounding area is shaded in light green, indicating land. The map is simple, with no additional geographic features or labels visible.",43,1,True,True,1024,1024,RGB,44506,False,False,False,True,False,True,False,no_direction_or_relation;generic_no_feature_claim
MapTrain,215,16_350.jpg,"The google map shows a section of Federal Road with two marked locations: ""Gasko's Family Farm and Greenhouses"" and ""John Gasko and Son."" The road runs horizontally across the map, and the area surrounding the road appears to be green, indicating vegetation or open space. There are icons indicating specific points of interest along the road.",57,3,False,True,1024,1024,RGB,70505,True,False,False,True,False,False,False,no_direction_or_relation
MapTrain,216,16_351.jpg,"The google map shows a section of Manalapan Brook, which flows in a generally north-south direction. The brook is depicted in blue, indicating a waterway. The surrounding area is shaded in light green, suggesting land or vegetation. There are a few smaller blue areas nearby, possibly indicating ponds or smaller bodies of water. A road is visible in the upper left corner, crossing over the brook.",67,0,False,True,1024,1024,RGB,60937,True,True,True,True,False,False,True,no_named_feature
MapTrain,217,16_353.jpg,"The google map shows a network of roads, including Stony Hill Road, which runs diagonally from the southwest to the northeast. Hidden Oaks Drive intersects Stony Hill Road from the north, while Bluestone Drive intersects from the south. There is a green area, possibly a park or open space, located to the northwest of the intersection of Stony Hill Road and Bluestone Drive. Several smaller roads branch off from these main roads.",72,6,False,True,1024,1024,RGB,66867,True,False,False,True,False,False,True,
MapTrain,218,16_354.jpg,"The google map shows a section of a light green area, indicating a possible park or natural region. A blue line labeled ""Edges Brook"" runs diagonally across the map, suggesting a waterway. The label ""Gaum"" is partially visible in the lower right corner, possibly indicating a nearby location or feature.",50,2,False,True,1024,1024,RGB,36746,False,True,False,True,False,True,True,
MapTrain,219,16_355.jpg,"The google map shows an area labeled ""McLaughlin Tree Farm."" It features a road running vertically on the right side, with a circular marker indicating a specific location. The surrounding area is predominantly green, suggesting vegetation or open space. A thin blue line, possibly a river or stream, is visible in the bottom left corner.",55,1,False,True,1024,1024,RGB,41513,True,True,True,True,False,True,True,
MapTrain,220,16_356.jpg,"The google map shows a small area with three roads: Hope Dr, Young Terrace, and Abate Dr. Hope Dr runs vertically, intersecting with Young Terrace, which runs horizontally. Abate Dr is parallel to Hope Dr and also intersects with Young Terrace. There is a small body of water located in the upper left corner of the map. The surrounding area appears to be lightly populated or possibly suburban.",68,4,False,True,1024,1024,RGB,38510,True,True,True,False,False,False,True,
MapTrain,221,16_357.jpg,"The google map shows an area labeled ""Monmouth Co Planning Incent."" The background is a light green color, indicating a specific geographic region. There are no visible roads, bodies of water, or other geographic features marked on this section of the map.",42,1,False,True,1024,1024,RGB,33935,False,False,True,True,False,True,False,no_direction_or_relation
MapTrain,222,16_359.jpg,"The google map shows a section of a neighborhood with several labeled locations. ""Just Another Supplement"" is located near the top, adjacent to a light blue area that may represent water or a similar feature. ""Alexandria"" is marked near ""Belle Terre Dr,"" which runs vertically. ""Hawk Eye Home Inspection"" and ""DCG Creative"" are also labeled, with roads connecting these points. The map includes a network of streets, with some curves and intersections.",72,6,False,True,1024,1024,RGB,93992,True,False,True,False,False,True,True,
MapTrain,223,16_36.jpg,"The google map shows a section of a water body with a dashed line indicating a boundary between Pennsylvania and New Jersey. The land area is shaded in light green, while the water is in blue. The boundary line runs through the water, separating the two states.",47,0,False,True,1024,1024,RGB,45532,False,False,True,True,False,False,False,no_named_feature;no_direction_or_relation
MapTrain,224,16_360.jpg,"The google map shows a loop formed by Clover Drive, which intersects with itself. Wissahickon Creek runs parallel to part of Clover Drive. The area is predominantly green, indicating a natural or park-like setting.",35,3,False,True,1024,1024,RGB,66399,True,False,True,True,False,False,False,no_direction_or_relation
MapTrain,225,16_361.jpg,The google map shows a section of an area with two main roads: Lower State Road running vertically and another unnamed road intersecting it horizontally. Bathini Constructions Group is located along Lower State Road. United Capital Pittsburgh - Canonsburg is situated near the intersection of the two roads. Emerson Court is a smaller road branching off from the unnamed road.,59,3,False,True,1024,1024,RGB,77812,True,False,False,False,False,False,False,no_direction_or_relation
MapTrain,226,16_362.jpg,"The google map shows the location of the Commonwealth National Golf Club. It features a road network with a roundabout near the golf club. The area is predominantly green, indicating open spaces or parkland. The golf club is centrally located within the map.",43,0,False,True,1024,1024,RGB,64341,True,False,False,True,False,False,False,no_named_feature;no_direction_or_relation
MapTrain,227,16_363.jpg,"The google map shows a section of an area featuring Warminster Skate Spot, labeled as a skate park, and Munro Community Park. These parks are adjacent to each other. A road named Beckett Court is visible in the upper right corner. The parks are depicted in green, indicating recreational spaces.",50,1,False,True,1024,1024,RGB,68294,True,True,False,True,False,True,True,
MapTrain,228,16_365.jpg,"The google map shows a section of a road network. Moore Road is depicted, curving through the area, and intersects with Sapphire Drive. The background is a light green, indicating a possible park or undeveloped land. A blue line on the right suggests a water feature or boundary.",48,2,False,True,1024,1024,RGB,41504,True,False,True,True,False,False,True,
MapTrain,229,16_366.jpg,"The google map shows a body of water labeled ""Lake Luxembourg"" in blue. The lake is surrounded by green areas, indicating land. The lake has an irregular shape with several inlets and protrusions.",33,1,False,True,1024,1024,RGB,31250,False,False,True,True,False,True,False,no_direction_or_relation
MapTrain,230,16_367.jpg,"The google map shows a section of a road network. Old York Road intersects with New Street near Lombardo Electric. A waterway runs parallel to Old York Road, crossing under New Street. Route 539 is labeled on the map, running in a generally north-south direction. The area is depicted with green shading, indicating land or vegetation.",57,4,False,True,1024,1024,RGB,60882,True,False,False,True,False,True,True,
MapTrain,231,16_368.jpg,"The google map shows a section of Mitchell Road, which runs diagonally from the bottom left to the top right. The surrounding area is shaded in light green, indicating a possible natural or undeveloped area. There are no additional geographic entities or landmarks visible on this map segment.",48,1,True,True,1024,1024,RGB,29556,True,False,False,True,False,False,True,generic_no_feature_claim
MapTrain,232,16_369.jpg,"The google map shows a light green area with a blue river running through it. A location labeled ""Two River Gourmet Mushrooms"" is marked near the river. The river flows from the top right to the bottom left of the map. There is a small blue pond or water feature near the river. The surrounding area appears to be rural or undeveloped.",62,2,False,True,1024,1024,RGB,48794,False,False,True,True,False,True,True,
MapTrain,233,16_37.jpg,"The google map shows a light green landmass extending into a surrounding light blue area, likely representing water. The label ""Kinkora Range"" is positioned in the blue area, suggesting a geographic feature. The boundary between the land and water is clearly defined.",42,1,False,True,1024,1024,RGB,33154,False,False,True,True,False,True,False,no_direction_or_relation
MapTrain,234,16_370.jpg,"The google map shows a section of Siloam Road, which runs diagonally from the bottom left to the top center. There are several smaller, unnamed roads branching off from Siloam Road. The background is a light green, indicating a likely rural or undeveloped area.",44,2,False,True,1024,1024,RGB,29291,True,False,False,True,False,False,True,
MapTrain,235,16_371.jpg,"The google map shows a section of the Manasquan River, depicted in blue, winding through a light green area. The river's path is curved, and it is labeled with its name. The surrounding area is not detailed with additional geographic entities or landmarks.",44,1,False,True,1024,1024,RGB,35334,False,False,True,True,False,True,False,no_direction_or_relation
MapTrain,236,16_372.jpg,"The google map shows a section of the Manasquan River, which flows in a generally eastward direction. To the north of the river is Ambiance Blvd, a road that curves slightly. The surrounding area is depicted in green, indicating a natural or undeveloped landscape.",44,1,False,True,1024,1024,RGB,50507,True,False,True,True,False,False,True,
MapTrain,237,16_373.jpg,"The google map shows a section of Adelphia-Farmingdale Road, which runs horizontally across the image. There is a marked location for ""Our House Restaurant and Banquet Facility"" near the road. The surrounding area includes some roads and open spaces, with no additional geographic entities labeled.",46,2,True,True,1024,1024,RGB,76523,True,False,False,False,True,True,False,no_direction_or_relation;generic_no_feature_claim
MapTrain,238,16_374.jpg,"The google map shows a section of Colts Neck Road running vertically. To the west of the road, there is a location marked as ""Tire Farm,"" and further south, another location labeled ""golden rose ventures."" The area surrounding these locations is shaded green, indicating possible parkland or undeveloped land. There are a few smaller roads branching off from Colts Neck Road.",61,4,False,True,1024,1024,RGB,63188,True,False,False,True,False,True,True,
MapTrain,239,16_375.jpg,"The google map shows a section of Schwenksville Road, which intersects with another road. Two businesses are marked: Ott's Auto Refinishing and Nase Architects. The area surrounding the roads appears to be green, indicating a possible park or undeveloped land.",41,1,False,True,1024,1024,RGB,60173,True,False,False,True,False,False,False,no_direction_or_relation
MapTrain,240,16_377.jpg,"The google map shows a section where Shelly Road intersects with Old Skippack Road. The area is predominantly green, indicating open or undeveloped land. The roads form a junction, with Shelly Road running vertically and Old Skippack Road running horizontally.",40,4,False,True,1024,1024,RGB,39646,True,True,False,True,False,False,False,
MapTrain,241,16_378.jpg,"The google map shows a section of a neighborhood with two labeled roads: Marietta Dr and Joseph Rd. Marietta Dr runs horizontally, while Joseph Rd runs vertically and intersects with Marietta Dr. There is a green area at the top of the map, indicating a possible park or green space. The roads form a grid-like pattern.",57,4,False,True,1024,1024,RGB,46394,True,False,False,True,False,True,True,
MapTrain,242,16_379.jpg,"The google map shows a section of Core Creek Park, highlighting a parking area labeled ""Core Creek Park Parking."" The map features a body of water in blue, with surrounding green areas indicating land or park space. The parking area is marked with a ""P"" symbol.",46,3,False,True,1024,1024,RGB,42224,False,False,True,True,False,True,False,no_direction_or_relation
MapTrain,243,16_38.jpg,"The google map shows a light green area with a road labeled ""Harker Rd"" running vertically on the right side. To the left, there are blue lines indicating a network of streams or rivers. The background is predominantly green, suggesting a natural or rural area.",45,2,False,True,1024,1024,RGB,37580,True,False,False,True,False,True,True,
MapTrain,244,16_381.jpg,"The google map shows a section of an area with a golf course labeled ""Bridge Street Golf"" located in a green space. To the northeast, there is a street labeled ""Althea Ave,"" and a point of interest named ""Turtle Tech"" is situated along this street. The map includes some intersecting roads, but specific names are not visible.",57,5,False,True,1024,1024,RGB,62805,True,False,False,True,False,True,False,no_direction_or_relation
MapTrain,245,16_383.jpg,"The google map shows a section of a residential area with two main roads: Georgiann Lane and Robbins Road South. The roads are depicted as light gray lines. The surrounding area is shaded in light green, indicating a possible park or wooded area. The roads intersect and curve through the area, suggesting a suburban or rural setting.",57,2,False,True,1024,1024,RGB,39345,True,True,False,True,False,False,True,
MapTrain,246,16_385.jpg,"The google map shows two roads: Hawks Nest Ln and Hollow Rd. Hawks Nest Ln runs horizontally, while Hollow Rd runs vertically and intersects with Hawks Nest Ln. The surrounding area is shaded in light green, indicating a natural or undeveloped area. There are no additional geographic entities or landmarks visible.",51,4,True,True,1024,1024,RGB,40960,True,False,False,True,False,False,False,no_direction_or_relation;generic_no_feature_claim
MapTrain,247,16_386.jpg,"The google map shows a rural area with two farms labeled: ""Julius Farm"" and ""John Hay Farms."" A road named ""Dorothy Ln"" runs horizontally across the map, intersecting with ""Walter Rd"" on the right side. There is a small body of water near Walter Rd. The area is predominantly green, indicating open or agricultural land.",55,7,False,True,1024,1024,RGB,52744,True,False,True,True,False,True,True,
MapTrain,248,16_387.jpg,"The google map shows a location labeled ""Joes Farm - Fresh Vegetables."" It is situated within a green area, indicating a rural or agricultural zone. There are a few light gray lines representing roads or paths leading to the farm. The surrounding area appears to be open space or farmland.",49,1,False,True,1024,1024,RGB,39286,False,False,False,True,False,True,False,no_direction_or_relation
MapTrain,249,16_388.jpg,"The google map shows a section of a residential area with three cul-de-sacs: Hamton Ct E, Chambers Ct, and Hobbs Ct. These streets are located north of a highway labeled I-195. The area surrounding the streets is shaded in light green, indicating a possible park or undeveloped land. The highway runs in a southwest to northeast direction.",60,3,False,True,1024,1024,RGB,53668,True,False,False,True,False,True,True,
MapTrain,250,16_389.jpg,"The google map shows a section of Herbert Road, which runs horizontally across the image. There is a marked location labeled ""Raynor Woodworking"" situated along this road. The surrounding area is shaded in light green, indicating open or undeveloped land. A small, curved road or path intersects Herbert Road near the labeled location.",53,3,False,True,1024,1024,RGB,48531,True,False,False,True,False,True,False,no_direction_or_relation
MapTrain,251,16_39.jpg,"The google map shows two roads: Wild Safari Road and Reed Rd. Wild Safari Road is located to the north of Reed Rd. Both roads run roughly parallel to each other in a predominantly green area, indicating a natural or rural setting.",42,3,False,True,1024,1024,RGB,40866,True,False,False,True,False,False,True,
MapTrain,252,16_390.jpg,"The google map shows a section of Clarksburg Road running diagonally from the northwest to the southeast. The area surrounding the road is primarily light green, indicating a natural or undeveloped area. There is a blue shape in the lower part of the map, suggesting a body of water. The road and water feature are the main geographic entities visible.",60,1,False,True,1024,1024,RGB,43606,True,False,True,True,False,False,False,no_direction_or_relation
MapTrain,253,16_391.jpg,"The google map shows a location marked as ""The Homestretch"" situated near the intersection of Stone Hill Road and Casino Drive. Stone Hill Road runs vertically on the left side, while Casino Drive runs horizontally across the map. The area appears to be surrounded by a network of smaller roads.",50,4,False,True,1024,1024,RGB,50531,True,False,False,False,False,False,True,
MapTrain,254,16_392.jpg,"The google map shows a section of Kriebel Mill Road running horizontally across the image. Hedwig Lane intersects Kriebel Mill Road from the south. There is a small blue water feature located north of Kriebel Mill Road. The surrounding area is shaded in light green, indicating open or undeveloped land.",50,4,False,True,1024,1024,RGB,44306,True,False,True,True,False,False,True,
MapTrain,255,16_393.jpg,"The google map shows a section of an area with several labeled locations. ""US Gas"" is located near the top, followed by ""US Women's Health Information"" slightly below it. ""Gvg Logistics"" is positioned further down, adjacent to a road. ""Lancers Diner"" is marked with a dining icon, situated near ""Orion Ave."" The map includes roads and some green areas, indicating open or park spaces.",65,6,False,True,1024,1024,RGB,88414,True,False,False,True,True,True,True,
MapTrain,256,16_394.jpg,"The google map shows a section of Potato Road running diagonally from the bottom left to the top right. Near the top left, there is a location marked as ""Stand Out Automotive."" The surrounding area appears to be a light green, possibly indicating a rural or undeveloped region. There are a few faint lines suggesting additional roads or paths nearby.",60,2,False,True,1024,1024,RGB,49908,True,False,False,True,False,False,True,
MapTrain,257,16_395.jpg,"The google map shows a residential area labeled ""Locust Hill Adult Community."" It features several streets, including Rachel Ln, Caitlin Ln, and Bear Meade Dr. The area is bordered by a waterway to the southwest, depicted in blue. The streets form a grid-like pattern, and the community is centrally marked with a point of interest.",56,4,False,True,1024,1024,RGB,91541,True,False,False,False,False,True,False,no_direction_or_relation
MapTrain,258,16_397.jpg,"The google map shows a small area with several labeled locations. ""Robbinsville Pickle House"" is centrally located. Nearby are ""Mystic Logistics"" and ""Laser Logistics,"" positioned close to each other. ""Sanmar Corporation"" is situated to the north. A highway interchange is visible in the southwest corner, with a small body of water nearby. The map is likely depicting a commercial or industrial area.",62,4,False,True,1024,1024,RGB,86478,True,True,True,False,False,True,True,
MapTrain,259,16_398.jpg,"The google map shows two labeled locations related to Mercedes-Benz. ""Mercedes Benz of North America"" is positioned towards the top center, while ""Mercedes-Benz USA Learning &..."" is located towards the bottom center. The background is green, indicating a possible park or undeveloped area, with some faint lines suggesting roads or boundaries.",52,2,False,True,1024,1024,RGB,61678,False,False,False,True,False,True,True,
MapTrain,260,16_399.jpg,"The google map shows a small residential area with three streets: Lonnie Dr, Cliffwood Dr, and Roberts Ct. Lonnie Dr and Cliffwood Dr run parallel to each other, while Roberts Ct intersects with Cliffwood Dr. The surrounding area is shaded in light green, indicating open or undeveloped land. A thin blue line suggests the presence of a water feature, such as a stream, in the upper right corner.",68,6,False,True,1024,1024,RGB,48387,True,True,True,True,False,False,True,
MapTrain,261,16_4.jpg,"The google map shows a location labeled ""Innocenti Family Wines,"" situated near Harding Ave and Ford Ave. McKinley Ave is also nearby. A river or stream runs parallel to McKinley Ave. Interstate 29 (I-29) is located to the east of the area. The map includes roads and a waterway, indicating a mix of residential or commercial areas with transportation routes.",61,4,False,True,1024,1024,RGB,78263,True,False,True,False,False,True,True,
MapTrain,262,16_40.jpg,"The google map shows a location marked as ""Arbortech Tree Care Services."" There is a small body of water to the northwest. The area is primarily light green, indicating land, with a few lines suggesting roads or pathways near the marked location.",42,1,False,True,1024,1024,RGB,46187,False,False,True,True,False,False,False,no_direction_or_relation
MapTrain,263,16_400.jpg,"The google map shows a location marked as ""A&E Show Stables."" There is a road or path leading to this point, and a water body is visible to the north. The surrounding area appears to be predominantly green, indicating open or undeveloped land.",44,1,False,True,1024,1024,RGB,42595,True,False,True,True,False,False,True,
MapTrain,264,16_402.jpg,"The google map shows a section of Roosevelt Road running diagonally from the southwest to the northeast. Two blue lines, likely representing waterways, intersect the road. The background is a light green color, indicating a possible natural or rural area.",40,1,False,True,1024,1024,RGB,44481,True,True,False,True,False,False,False,
MapTrain,265,16_404.jpg,"The google map shows a section of Siloam Road running vertically. A blue line, representing a waterway, crosses the road horizontally. The road is labeled with the number 527. The background is a light green, indicating a general land area.",40,1,False,True,1024,1024,RGB,36892,True,False,False,True,False,True,False,no_direction_or_relation
MapTrain,266,16_405.jpg,"The google map shows a section of a road network. Evansburg Road runs vertically, intersecting with Wayland Road at the top. Reagan Drive branches off Evansburg Road to the left, and Komen Court extends from Reagan Drive. There is a green area to the right, indicating a possible park or wooded region.",52,6,False,True,1024,1024,RGB,50233,True,False,False,True,False,False,True,
MapTrain,267,16_406.jpg,"The google map shows a section of Swedesford Road running diagonally from the southwest to the northeast. Evergreen Drive intersects Swedesford Road from the west. The surrounding area is primarily green, indicating vegetation or open space. A small blue line in the southeast suggests a water feature, such as a stream or river.",53,3,False,True,1024,1024,RGB,56720,True,False,True,True,False,False,True,
MapTrain,268,16_408.jpg,"The google map shows a section of a residential area with several roads. ""Old Mill Dr"" is labeled on the left side. A light blue line, possibly representing a waterway or road, runs horizontally across the map. There is a green shaded area below the blue line, indicating a park or green space. Additional roads are visible at the bottom, with one labeled ""V."" The layout suggests a suburban environment with curving streets.",73,2,False,True,1024,1024,RGB,53569,True,False,False,True,False,True,True,
MapTrain,269,16_41.jpg,"The google map shows a section of the Delaware River, which is depicted in blue. The river flows from the top left to the bottom right of the image. There are some thin lines near the river, possibly indicating roads or boundaries. The surrounding area is mostly white, suggesting land, with no additional geographic features labeled.",56,1,True,True,1024,1024,RGB,50584,False,False,True,False,False,True,True,generic_no_feature_claim
MapTrain,270,16_411.jpg,"The google map shows a small area with two roads: Gina Drive and Karen Lane. Gina Drive runs horizontally and intersects with Karen Lane, which runs vertically. The area surrounding the roads is shaded in green, indicating a possible park or green space.",43,3,False,True,1024,1024,RGB,39548,True,False,False,True,False,False,False,no_direction_or_relation
MapTrain,271,16_412.jpg,"The google map shows a light green area with two blue lines representing water features. The upper line is labeled ""New Sharon Branch,"" indicating a waterway. The lines are curved and run across the map, suggesting the presence of streams or rivers. The map does not display any additional geographic entities or labels.",53,2,False,True,1024,1024,RGB,37482,False,False,True,True,False,True,False,no_direction_or_relation
MapTrain,272,16_413.jpg,"The google map shows a section of Stagecoach Road, labeled with the number 524. The road runs horizontally across the map. There are small blue lines indicating water features near the bottom of the map. The surrounding area is shaded in light green, suggesting vegetation or open land.",48,1,False,True,1024,1024,RGB,33377,True,False,True,True,False,True,True,
MapTrain,273,16_414.jpg,"The google map shows a location labeled ""Bennett Brothers Mechanical"" situated near the intersection of Stoney Brook Dr and Paint Island Spring Rd. A waterway is visible to the southwest of Paint Island Spring Rd. The area is predominantly green, indicating open or undeveloped land.",45,4,False,True,1024,1024,RGB,59993,True,False,False,True,False,True,False,no_direction_or_relation
MapTrain,274,16_415.jpg,"The google map shows a section of Ely Harmony Road, which runs diagonally from the bottom left to the top right. The surrounding area is shaded in light green, indicating open space or undeveloped land. A smaller, unnamed road intersects with Ely Harmony Road near the center of the map.",50,2,False,True,1024,1024,RGB,32585,True,False,False,True,False,False,True,
MapTrain,275,16_416.jpg,"The google map shows a section of Siloam Road running vertically. There are a few curved roads intersecting or branching off from Siloam Road. The surrounding area appears to be open or undeveloped, indicated by the green background.",38,2,False,True,1024,1024,RGB,30520,True,False,False,True,False,False,False,no_direction_or_relation
MapTrain,276,16_417.jpg,"The google map shows a section of the Manasquan River, which is depicted as a blue line running diagonally across a light green background. The river's name is labeled along its path. The surrounding area is not detailed, indicating a focus on the river itself.",46,1,False,True,1024,1024,RGB,33101,False,False,True,True,False,True,False,no_direction_or_relation
MapTrain,277,16_418.jpg,"The google map shows a section of Sumneytown Pike running diagonally from the top left to the bottom right. Shady Lane intersects with Sumneytown Pike, extending downward. The surrounding area is primarily green, indicating open or undeveloped land. A small blue line on the right suggests the presence of a water feature.",52,1,False,True,1024,1024,RGB,43550,True,False,True,True,False,False,True,
MapTrain,278,16_419.jpg,"The google map shows a section of ""Mill Rd"" running diagonally from the top left to the bottom right. The surrounding area is shaded green, indicating a natural or undeveloped area. There are no additional geographic entities or landmarks visible on this map section.",44,2,True,True,1024,1024,RGB,26694,True,False,False,True,False,False,True,generic_no_feature_claim
MapTrain,279,16_42.jpg,"The google map shows a light green background indicating land, with a light blue area representing a body of water in the lower left section. A gray line, labeled ""660,"" runs diagonally from the bottom left to the top right, indicating a road. The road is positioned above the water feature.",51,1,False,True,1024,1024,RGB,31264,True,False,True,True,False,True,True,
MapTrain,280,16_421.jpg,"The google map shows a section of a road network. SR 3004 runs diagonally from the top right to the bottom left. Berks Rd intersects SR 3004, running horizontally. The surrounding area is shaded in light green, indicating a possible natural or undeveloped area. There are no additional geographic entities or labels visible.",53,1,True,True,1024,1024,RGB,38023,True,False,False,True,False,False,True,generic_no_feature_claim
MapTrain,281,16_422.jpg,"The google map shows an area with the Old York Road Country Club marked. There are several roads depicted, with one leading to the club. A body of water is located to the southeast of the club. The surrounding area is primarily green, indicating open or natural spaces.",48,1,False,True,1024,1024,RGB,54778,True,False,True,True,False,False,False,no_direction_or_relation
MapTrain,282,16_423.jpg,"The google map shows a section of ""Nursery Rd"" running horizontally. A blue line, likely representing a waterway, crosses diagonally from the bottom left to the top right. There is a small blue area near the road, possibly a pond or a widening of the waterway. The surrounding area is shaded in light green, indicating land.",56,2,False,True,1024,1024,RGB,38318,True,False,True,True,False,False,True,
MapTrain,283,16_424.jpg,"The google map shows a section of a light green area with a major road labeled ""13"" running diagonally from the bottom left to the top right. Near the road, there is a location marked as ""Sunbelt Forest Products Corporation."" A small, light blue line, possibly a stream or minor road, runs parallel to the major road. The surrounding area appears to be undeveloped or rural.",66,1,False,True,1024,1024,RGB,60214,True,False,True,True,False,True,True,
MapTrain,284,16_425.jpg,"The google map shows a light blue line labeled ""Back Creek,"" indicating a waterway running diagonally from the bottom left to the top right. The surrounding area is shaded in light green, suggesting land. There are faint lines intersecting near the creek, possibly representing roads or paths.",47,2,False,True,1024,1024,RGB,31201,False,False,True,True,False,True,True,
MapTrain,285,16_426.jpg,"The google map shows a section of Interstate 195, which runs horizontally across the image. There are multiple on and off-ramps connecting to the highway, forming a complex interchange. The surrounding area is green, indicating open space or vegetation. A point of interest labeled ""Keris Tree Farm & Christmas Shop"" is marked, noted as temporarily closed.",56,1,False,True,1024,1024,RGB,94695,True,False,False,True,False,True,False,no_direction_or_relation
MapTrain,286,16_427.jpg,"The google map shows a section of a road network with two main roads: Siloam Road and Ely Harmony Road. Siloam Road runs vertically, while Ely Harmony Road intersects it horizontally. The surrounding area is shaded in light green, indicating open or undeveloped land. The roads form a T-junction at their intersection.",53,3,False,True,1024,1024,RGB,42441,True,True,False,True,False,False,False,
MapTrain,287,16_429.jpg,"The google map shows a light green area with a blue line labeled ""Crane Creek"" running diagonally from the bottom left to the top right. The surrounding area is shaded in light green, indicating land. There are no additional geographic entities or labels visible.",44,2,True,True,1024,1024,RGB,30680,False,False,True,True,False,True,True,generic_no_feature_claim
MapTrain,288,16_43.jpg,"The google map shows a section of a road labeled ""Stewart Rd"" running diagonally from the bottom left to the top right. The surrounding area is shaded in green, indicating open space or possibly rural land. There are a few intersecting roads, but no additional labels or geographic features are visible.",51,2,False,True,1024,1024,RGB,33059,True,False,False,True,False,True,True,
MapTrain,289,16_430.jpg,"The google map shows a network of roads, including Old State Road running vertically. Fox Run Drive intersects Old State Road from the east, while Rosemont Lane and Hawkeye Drive are located to the west. There are small water bodies and green areas indicating possible parks or natural spaces. The roads form a loose grid pattern.",56,5,False,True,1024,1024,RGB,61392,True,False,True,True,False,False,True,
MapTrain,290,16_431.jpg,"The google map shows a section of a road network. Mill Rd runs horizontally at the top, intersecting with Anvil Dr, which extends vertically downward. Anvil Dr curves slightly as it continues. The area surrounding the roads is shaded in light green, indicating open space or undeveloped land.",48,3,False,True,1024,1024,RGB,41552,True,False,False,True,False,False,True,
MapTrain,291,16_432.jpg,"The google map shows a body of water labeled ""Springfield Lake"" in blue. The lake has an irregular shoreline with several inlets. There are gray lines indicating roads or pathways near the lake. The surrounding area is not detailed.",39,2,False,True,1024,1024,RGB,38445,False,False,True,False,False,True,False,no_direction_or_relation
MapTrain,292,16_435.jpg,"The google map shows a body of water labeled ""Buss Reservoir."" To the north, there are roads named Tyburn Rd, Old 13, and Warner Access Rd. The roads are situated near the reservoir, indicating proximity to the water.",38,4,False,True,1024,1024,RGB,65814,True,False,True,False,False,True,True,
MapTrain,293,16_436.jpg,"The google map shows an area labeled ""Tullytown Waste Landfill"" located near Tyburn Road. There is a body of water to the north of the landfill. The road appears to intersect or run adjacent to the landfill area.",38,2,False,True,1024,1024,RGB,54304,True,True,True,False,False,True,True,
MapTrain,294,16_438.jpg,"The google map shows a section of Spring Road running vertically. To the left of the road, there is a small water body and a stream. The surrounding area is predominantly green, indicating open or undeveloped land.",37,1,False,True,1024,1024,RGB,33510,True,False,True,True,False,False,True,
MapTrain,295,16_440.jpg,"The google map shows a body of water labeled ""Timber Swamp Brook"" running parallel to a road. The brook is adjacent to a larger blue area, possibly a lake or river, on the left side. The surrounding area is green, indicating land, with a road running alongside the brook.",49,1,False,True,1024,1024,RGB,43506,True,False,True,True,False,True,True,
MapTrain,296,16_441.jpg,"The google map shows a light green area with a light blue line running diagonally from the bottom left to the top right, indicating a possible waterway or road. A labeled road, ""W Hurley Pond Rd,"" runs horizontally across the map. The background is predominantly light green, suggesting a natural or undeveloped area.",53,2,False,True,1024,1024,RGB,37162,True,False,True,True,False,True,True,
MapTrain,297,16_442.jpg,"The google map shows a location labeled ""Monmouth Jet Center"" with ""OnTrak Solutions"" nearby. A road named ""W Hurley Pond Rd"" runs horizontally across the lower part of the map. The area is primarily shaded in light blue, indicating a specific zone or property.",44,4,False,True,1024,1024,RGB,59282,True,False,True,False,False,True,False,no_direction_or_relation
MapTrain,298,16_443.jpg,"The google map shows a section of a geographic area with a road labeled ""Morgan Ln"" on the left side. There is a light blue waterway running horizontally near the top, with a small pond or lake nearby. The area is surrounded by green, indicating a park or forested region. There are also some light gray lines that may represent paths or smaller roads.",64,2,False,True,1024,1024,RGB,47624,True,False,True,True,False,True,True,
MapTrain,299,16_448.jpg,"The google map shows a section of Crosswicks Creek, which flows in a generally north-south direction. The creek is surrounded by light green areas, indicating land, with some white spaces that may represent open areas or fields. There are a few thin, light blue lines branching off from the main creek, possibly indicating smaller waterways or tributaries. A couple of gray lines suggest roads or paths running parallel and perpendicular to the creek.",74,1,False,True,1024,1024,RGB,55127,False,False,True,True,False,False,True,
MapTrain,300,16_45.jpg,"The google map shows a section of Perrineville Road intersecting with Leone Boulevard. The area is primarily green, indicating a large green space or parkland adjacent to the roads. The roads form a triangular shape with Perrineville Road running diagonally and Leone Boulevard branching off to the northeast.",48,2,False,True,1024,1024,RGB,51067,True,False,False,True,False,False,False,no_direction_or_relation
MapTrain,301,16_452.jpg,"The google map shows a light green area with a blue line labeled ""Mill Creek"" running through it, indicating a waterway. Below the creek, there is a gray area with some outlined shapes, possibly representing roads or buildings. The map includes a circular icon with a ""C"" in it, located in the gray area.",54,2,False,True,1024,1024,RGB,43163,False,False,True,True,True,True,False,no_direction_or_relation
MapTrain,302,16_453.jpg,"The google map shows a location labeled ""Arrowhead Farmstead,"" which is marked as temporarily closed. It is situated along a road that runs vertically through the map. The surrounding area is shaded in green, indicating a rural or natural environment.",40,1,False,True,1024,1024,RGB,38326,True,False,False,True,False,True,False,no_direction_or_relation
MapTrain,303,16_454.jpg,"The google map shows a section of a road network. Mt Vernon Rd intersects with another road labeled High Bridge. The area is predominantly green, indicating a rural or undeveloped region. The roads are depicted in light gray, and there are no visible bodies of water or urban areas in this section.",52,1,False,True,1024,1024,RGB,41838,True,False,True,True,False,True,False,no_direction_or_relation
MapTrain,304,16_455.jpg,"The google map shows a light green area with two labeled locations: ""Hammer Electric"" and ""Riding High Farm."" These locations are marked with circular icons. A road runs horizontally across the map, connecting the two points. The map appears to depict a rural or semi-rural area.",47,2,False,True,1024,1024,RGB,48505,True,False,False,True,False,True,False,no_direction_or_relation
MapTrain,305,16_457.jpg,"The google map shows a section of the Manasquan Reservoir area. The reservoir is depicted in blue, indicating a body of water. On the southern edge, there are two marked locations: the Manasquan Reservoir Visitor Center and the Manasquan Reservoir Kayak Rental. These points are situated close to each other along the shoreline.",53,3,False,True,1024,1024,RGB,64542,False,False,True,False,False,False,False,no_direction_or_relation
MapTrain,306,16_458.jpg,"The google map shows a small area with several roads and labeled locations. Bunker Hill Road runs horizontally, intersecting with another road that leads to Colonial Court. Two labeled points of interest are ""BookXpress"" located near the top and ""candidshotphoto"" near the center. The map also shows some green areas, indicating parks or open spaces.",55,4,False,True,1024,1024,RGB,67453,True,False,False,True,False,True,True,
MapTrain,307,16_459.jpg,"The google map shows an area with two roads, Bean Rd and N Wales Rd, intersecting at an angle. The Fayette Group is marked near the intersection, located to the west of N Wales Rd. The background is shaded green, indicating a possible park or natural area.",47,3,False,True,1024,1024,RGB,58324,True,False,False,True,False,False,True,
MapTrain,308,16_460.jpg,"The google map shows a location labeled ""Tri-State Solar Panels (TSSP)"" situated at the intersection of Blake Dr and Palisade Dr. The area is surrounded by roads, and there is a green space to the left, indicating a possible park or natural area.",44,3,False,True,1024,1024,RGB,61442,True,False,False,True,False,True,True,
MapTrain,309,16_461.jpg,"The google map shows a section of a road labeled ""Crooked Billet Rd"" intersecting with another road. There is a business marked as ""Heil Contracting & Home Improvements"" located near the intersection. A body of water is visible to the right of the roads.",43,3,False,True,1024,1024,RGB,74360,True,False,True,False,True,True,True,
MapTrain,310,16_462.jpg,"The google map shows a body of water labeled ""Crosswicks Creek"" in blue. To the left, there is a linear feature, possibly a road or railway, running parallel to the creek. The surrounding area is shaded in light green, indicating land. The creek is situated in the central part of the map.",52,2,False,True,1024,1024,RGB,45137,True,False,True,True,False,True,True,
MapTrain,311,16_463.jpg,"The google map shows the intersection of Groveville Road and Hogback Road. A business labeled ""Chmiel's Painting L.L.C."" is marked near this intersection. There is a green area, possibly indicating a park or open space, located to the southwest of the business. The roads are depicted as light gray lines, with Groveville Road running horizontally and Hogback Road running vertically.",63,5,False,True,1024,1024,RGB,61660,True,False,False,True,True,True,False,no_direction_or_relation
MapTrain,312,16_465.jpg,"The google map shows a light green area with a blue line labeled ""Doctors Creek"" running diagonally from the top left to the bottom right. There are two gray lines, likely representing roads or paths, intersecting near the bottom left corner. The creek and lines are set against a pale green background, indicating land.",54,2,False,True,1024,1024,RGB,45978,False,True,True,True,False,True,True,
MapTrain,313,16_466.jpg,"The google map shows a section of a road labeled ""Ichabod Ln"" curving through a green area, which likely represents a natural or undeveloped region. There are two blue lines indicating water features, such as streams or rivers, one in the upper left corner and a smaller one in the upper right. The road and water features are the primary geographic entities visible.",63,2,False,True,1024,1024,RGB,31992,True,True,True,True,False,True,True,
MapTrain,314,16_467.jpg,"The google map shows a section of Allentown Lakewood Road running horizontally across the image. The surrounding area is shaded in light green, indicating open space or undeveloped land. There are no additional geographic entities or landmarks visible on this map segment.",42,1,True,True,1024,1024,RGB,36827,True,False,False,True,False,False,False,no_direction_or_relation;generic_no_feature_claim
MapTrain,315,16_469.jpg,"The google map shows a location labeled ""Greenleaf Pet Resort Millstone."" The surrounding area is predominantly green, indicating a natural or undeveloped region. There are no visible roads or other geographic entities marked on this section of the map.",39,1,False,True,1024,1024,RGB,39898,False,False,False,True,False,True,False,no_direction_or_relation
MapTrain,316,16_47.jpg,"The google map shows a section of Driftway Road, which curves through the area. It intersects with another road labeled Brown Road. The map background is light green, indicating a possible rural or undeveloped area. The roads are depicted in light gray.",42,2,False,True,1024,1024,RGB,50966,True,False,False,True,False,True,False,no_direction_or_relation
MapTrain,317,16_471.jpg,"The google map shows a green area, likely indicating a park or natural landscape. There is a marked location labeled ""Pura Vida Landscaping."" The map includes contour lines suggesting elevation changes. A linear feature, possibly a road or railway, runs near the labeled location.",44,1,False,True,1024,1024,RGB,67422,True,False,False,True,False,True,False,no_direction_or_relation
MapTrain,318,16_472.jpg,"The google map shows a location marked as ""Down to Earth Landscaping, Inc."" It is situated in a predominantly green area, which may indicate a park, forest, or other natural landscape. There are no visible roads or other geographic entities on this section of the map.",46,1,False,True,1024,1024,RGB,36844,False,False,False,True,False,False,False,no_direction_or_relation
MapTrain,319,16_473.jpg,"The google map shows a section of a road network. Kulp Road runs diagonally from the bottom left to the top right. Juniper Circle and Sumner Court are smaller roads branching off Kulp Road. There is a location marked as ""oneoffnetdesigns"" near Juniper Circle. A green area is visible on the right side, indicating a possible park or wooded area.",60,4,False,True,1024,1024,RGB,56035,True,False,False,True,False,False,True,
MapTrain,320,16_474.jpg,"The google map shows a section of a road network. Interstate 195 (I-195) runs horizontally across the top of the map. Patterson Road is depicted running diagonally from the bottom left to the top right. The area is primarily green, indicating open or undeveloped land. There are no additional geographic features or landmarks visible.",55,1,True,True,1024,1024,RGB,52701,True,False,False,True,False,False,True,generic_no_feature_claim
MapTrain,321,16_476.jpg,"The google map shows a location labeled ""Neshaminy Little League."" There are several rectangular shapes nearby, possibly representing buildings or fields. The area is surrounded by a light green background, indicating open space or parkland.",35,1,False,True,1024,1024,RGB,40094,False,False,False,True,False,True,False,no_direction_or_relation
MapTrain,322,16_477.jpg,"The google map shows an area labeled ""High Ridge Farms."" It features light green areas indicating open land or fields, with a few light gray lines representing roads or pathways. The label is accompanied by a location marker.",38,1,False,True,1024,1024,RGB,38219,False,False,False,True,False,True,False,no_direction_or_relation
MapTrain,323,16_478.jpg,"The google map shows a section of Emleys Hill Road, which runs horizontally across the image. The surrounding area is shaded in light green, indicating a natural or undeveloped region. There are no additional geographic entities or landmarks visible on this map segment.",43,1,True,True,1024,1024,RGB,34741,True,False,False,True,False,False,False,no_direction_or_relation;generic_no_feature_claim
MapTrain,324,16_479.jpg,"The google map shows a section of a geographic area with a road labeled ""Diamond Rd"" running diagonally from the northwest to the southeast. Interstate 195 (I-195) runs horizontally across the lower part of the map. There are several blue lines indicating water features, such as streams or rivers, crossing the area. The background is shaded in light green, suggesting a natural or undeveloped area.",66,2,False,True,1024,1024,RGB,55414,True,False,True,True,False,True,False,no_direction_or_relation
MapTrain,325,16_48.jpg,"The google map shows a section of a waterway labeled ""North Branch Dicks Brook"" running horizontally across the image. The surrounding area is shaded in light green, indicating land. There are a few small blue shapes near the brook, possibly representing additional water features. A thin line, likely a road or path, intersects the brook at the bottom right corner.",60,2,False,True,1024,1024,RGB,44645,True,True,True,True,False,True,True,
MapTrain,326,16_480.jpg,"The google map shows a section of the Manasquan River, which flows in a generally eastward direction. The river is depicted with a light blue line against a light green background, indicating the surrounding land area. The map does not display any additional geographic entities or features.",47,1,False,True,1024,1024,RGB,32130,False,False,True,True,False,False,False,no_direction_or_relation
MapTrain,327,16_481.jpg,"The google map shows a road labeled ""Lewis Ln"" running horizontally. Below the road, there is a large green area, which typically represents a park or forested region. The area above the road is white, indicating a different type of land use, possibly residential or undeveloped land. The road appears to be a boundary between these two areas.",58,2,False,True,1024,1024,RGB,32666,True,False,False,True,False,True,False,no_direction_or_relation
MapTrain,328,16_482.jpg,"The google map shows a light blue line labeled ""Mill Creek,"" indicating a waterway running horizontally across the map. There is a diagonal gray line intersecting the creek, likely representing a road or boundary. The background is a light green color, suggesting a natural or rural area.",47,2,False,True,1024,1024,RGB,32492,True,False,True,True,False,True,True,
MapTrain,329,16_484.jpg,"The google map shows an intersection of two roads: Church Road and Park Road. A waterway runs parallel to Church Road and crosses Park Road. The area is predominantly green, indicating open or undeveloped land.",35,4,False,True,1024,1024,RGB,49579,True,False,False,True,True,False,False,no_direction_or_relation
MapTrain,330,16_485.jpg,"The google map shows a network of roads labeled Tower Rd, Cathedral Rd, and Lenox Rd. These roads intersect and are surrounded by a green area, indicating a park or natural space. There is a small blue shape, likely representing a body of water, near Lenox Rd. The roads are arranged in a roughly triangular pattern.",56,4,False,True,1024,1024,RGB,43457,True,True,True,True,False,True,False,
MapTrain,331,16_486.jpg,"The google map shows a green area indicating a park or forested region. A small blue line suggests a water feature, such as a stream or river, running through the green area. There is a labeled location, ""The Lords New Church,"" situated near the top left corner. The map includes some roads or pathways, depicted by gray lines, surrounding the green area.",62,1,False,True,1024,1024,RGB,59207,False,True,True,True,True,True,True,
MapTrain,332,16_487.jpg,"The google map shows a section of ""Mill Rd,"" which runs diagonally from the bottom left to the top right. The surrounding area is shaded in light green, indicating a possible rural or undeveloped region. There are no additional geographic entities or landmarks visible on this map segment.",48,2,True,True,1024,1024,RGB,27280,True,False,False,True,False,False,True,generic_no_feature_claim
MapTrain,333,16_488.jpg,"The google map shows a section of Walnford Road running diagonally from the northwest to the southeast. There is a blue, irregularly shaped body of water located to the southwest of the road. The surrounding area is shaded in light green, indicating land or vegetation.",45,1,False,True,1024,1024,RGB,40585,True,False,True,True,False,False,False,no_direction_or_relation
MapTrain,334,16_489.jpg,"The google map shows a section of Herbertsville Road running vertically through a green area, which likely represents a park or forested region. The road is the main feature, with no additional geographic entities or labels visible.",37,1,True,True,1024,1024,RGB,35807,True,False,False,True,False,False,False,no_direction_or_relation;generic_no_feature_claim
MapTrain,335,16_49.jpg,"The google map shows a section of land adjacent to a body of water. The land area is labeled with a street named Dorchester Way, which curves in a loop. The water body is located to the right of the land area. The map uses light green to represent land and blue to represent water.",55,1,False,True,1024,1024,RGB,33922,True,False,True,True,False,True,True,
MapTrain,336,16_491.jpg,"The google map shows a section of land with a waterway labeled ""Stony Creek"" running horizontally across the image. Below the creek, there is a curved road with dashed lines, indicating a possible path or trail. The surrounding area is shaded in green, suggesting a natural or park-like environment.",50,2,False,True,1024,1024,RGB,46976,True,False,True,True,False,True,False,no_direction_or_relation
MapTrain,337,16_492.jpg,"The google map shows a light green area with a railway line running diagonally from the northwest to the southeast. A location labeled ""CSX Nesh"" is marked along the railway. A blue line, representing a river or stream, runs parallel to the railway line on the right side. Another location, labeled ""Altruix,"" is marked near the river.",57,2,False,True,1024,1024,RGB,57120,False,False,True,True,False,True,True,
MapTrain,338,16_493.jpg,"The google map shows a section of Interstate 295 running vertically through the center. To the left, Reetz Avenue is depicted running diagonally. There are several blue lines indicating waterways crossing the area. The background is shaded green, suggesting a park or natural area.",44,1,False,True,1024,1024,RGB,70238,True,False,False,True,False,False,True,
MapTrain,339,16_494.jpg,"The google map shows a section of an area with Interstate 295 running horizontally across the top. Below the highway, there are two labeled locations: ""Fuse Sports Performance"" and ""My Orthodontist - Lawrenceville."" The map includes roads and pathways connecting these entities, with a green background indicating open or undeveloped land.",50,2,False,True,1024,1024,RGB,83412,True,False,False,True,False,True,True,
MapTrain,340,16_495.jpg,"The google map shows a light green area with a road labeled ""Lauderbach Rd"" running vertically. There are two blue shapes in the lower left corner, indicating bodies of water. The road and water bodies are surrounded by a green area, suggesting land or vegetation.",45,2,False,True,1024,1024,RGB,35721,True,True,True,True,False,True,True,
MapTrain,341,16_497.jpg,"The google map shows a section of Crosswicks Creek, which flows in a generally north-south direction. The creek is depicted in blue, surrounded by a light green area, indicating land or vegetation. The map focuses on the creek without additional geographic entities or landmarks.",45,1,True,True,1024,1024,RGB,34505,False,False,True,True,False,False,True,generic_no_feature_claim
MapTrain,342,16_498.jpg,"The google map shows a network of roads, including Eagleville Road, Sunnyside Avenue, and Pinetown Road. These roads intersect, forming a junction. A blue line, likely representing a river or stream, runs parallel to Sunnyside Avenue on the right side of the map. The area is depicted with a few additional unnamed roads branching off.",55,4,False,True,1024,1024,RGB,60939,True,True,True,False,False,False,True,
MapTrain,343,16_499.jpg,"The google map shows a green area labeled ""Norris City Cemetery"" in the upper left corner. A light blue line, likely representing a river or stream, runs diagonally from the bottom left to the right side of the map. There are several gray lines indicating roads or pathways intersecting near the center and right side of the map.",58,1,False,True,1024,1024,RGB,61067,False,True,True,True,False,True,True,
MapTrain,344,16_5.jpg,"The google map shows a body of water labeled ""Scotts Creek."" The surrounding area is primarily water, with some land visible at the edges. The map is focused on the creek itself, with no additional geographic features or landmarks indicated.",40,2,True,True,1024,1024,RGB,26259,False,False,True,False,False,True,False,no_direction_or_relation;generic_no_feature_claim
MapTrain,345,16_50.jpg,The google map shows a section of a neighborhood with several streets and landmarks. Hatfield Community Park is located to the northwest. E Vine St runs diagonally from the southwest to the northeast. Ryan Homes at Belmont Estates is marked near the intersection of E Vine St and another road. Hawthorne Ln branches off E Vine St to the southeast.,60,4,False,True,1024,1024,RGB,80511,True,False,False,True,False,False,False,no_direction_or_relation
MapTrain,346,16_500.jpg,The google map shows a section of Narcissa Road running horizontally. Prophecy Creek flows parallel to the road on the right side. Copper Beech Drive intersects Narcissa Road from the bottom left. There are some blue areas indicating water bodies or ponds near the creek.,45,4,False,True,1024,1024,RGB,70084,True,False,True,False,False,False,True,
MapTrain,347,16_501.jpg,"The google map shows a location marked as ""Garney Pacific, Inc. dba Garney Construction."" There is a road running horizontally near the bottom of the map. A curved line, possibly another road or boundary, is visible in the upper right corner. The surrounding area appears to be mostly open or undeveloped land.",52,1,False,True,1024,1024,RGB,45372,True,True,False,True,False,False,True,
MapTrain,348,16_502.jpg,"The google map shows a section of a river labeled ""Old River"" with a meandering path. A road named ""Bethany Rd"" runs horizontally across the map, intersecting the river. The surrounding area is shaded in light green, indicating land.",39,4,False,True,1024,1024,RGB,46986,True,False,True,True,False,True,False,no_direction_or_relation
MapTrain,349,16_503.jpg,"The google map shows two intersecting roads: Tom Paine Rd and Canal Blvd. There is a blue line, likely representing a waterway, running parallel to Tom Paine Rd. The area is shaded in light green, indicating open or undeveloped land.",40,2,False,True,1024,1024,RGB,41278,True,False,True,True,False,False,False,no_direction_or_relation
MapTrain,350,16_504.jpg,"The google map shows a light green area with a road labeled ""Mines Rd"" running vertically along the right side. A waterway labeled ""Arroyo Mocho"" runs parallel to Mines Rd. There are several curved, unnamed roads in the area.",39,4,False,True,1024,1024,RGB,43533,True,False,False,True,False,True,True,
MapTrain,351,16_505.jpg,"The google map shows a section of the West Side Freeway (I-5) running diagonally from the northwest to the southeast. Parallel to it is Ingram Creek Road. To the northeast of the freeway is a location marked as ""J C Farm.""",42,2,False,True,1024,1024,RGB,71271,True,False,True,False,False,False,True,
MapTrain,352,16_506.jpg,"The google map shows a section of Mill Creek Road, which runs diagonally from the bottom left to the top right. The surrounding area is mostly light-colored, indicating open or undeveloped land, with a small section of green in the bottom left corner, suggesting a park or forested area.",50,1,False,True,1024,1024,RGB,30702,True,True,True,True,False,False,True,
MapTrain,353,16_509.jpg,"The google map shows a section of Mines Road running vertically along the left side. A blue line, possibly representing a river or stream, runs parallel to Mines Road. The surrounding area is shaded in light green, indicating open land or vegetation. There are no other marked geographic entities or features visible in this section.",55,2,False,True,1024,1024,RGB,36330,True,False,True,True,False,False,True,
MapTrain,354,16_51.jpg,"The google map shows two labeled locations: ""Pabby's Pet Resort"" and ""The Goddard School of Chalfont."" These are situated near each other, with a road connecting them. A blue line, likely representing a river or stream, runs diagonally across the lower part of the map. The surrounding area is shaded green, indicating open or undeveloped land.",57,2,False,True,1024,1024,RGB,62359,True,False,True,True,True,True,False,no_direction_or_relation
MapTrain,355,16_514.jpg,"The google map shows a section of Brushy Creek running vertically through the center. To the left, there is a road labeled Dye Rd, which runs parallel to the creek for a short distance before curving away. The map features a light background with the creek highlighted in blue and the road in gray.",54,2,False,True,1024,1024,RGB,38713,True,False,True,False,False,True,True,
MapTrain,356,16_515.jpg,"The google map shows a section where Mulberry Avenue intersects with another road. Mulberry Avenue runs vertically, while the intersecting road runs diagonally. There is a highway labeled ""33"" nearby, running parallel to the diagonal road. The area is primarily light green, indicating open space or undeveloped land.",48,2,False,True,1024,1024,RGB,61678,True,False,False,True,False,True,True,
MapTrain,357,16_516.jpg,"The google map shows a location labeled ""Azevedo Dairy."" It is situated in a predominantly green area, indicating open land or agricultural fields. There is a blue line to the left, suggesting a waterway or canal running parallel to the area. The map is minimalistic, focusing on the dairy and its immediate surroundings.",53,1,False,True,1024,1024,RGB,39084,False,False,True,True,False,True,True,
MapTrain,358,16_517.jpg,"The google map shows a section of the ""One Hundred and Twenty Canal,"" which runs horizontally across the image. The area to the left of the canal is shaded in a light beige color, while the area to the right is shaded in light green. The canal serves as a boundary between these two differently shaded regions.",57,1,False,True,1024,1024,RGB,36992,False,False,True,True,False,False,True,
MapTrain,359,16_519.jpg,"The google map shows a section of an area with a road labeled ""Baldwin Rd"" intersecting with another road marked as ""33."" There is a small waterway running diagonally across the map. A location named ""Retiro Espiritual Patterson"" is situated near the intersection of the roads. The surrounding area appears to be predominantly green, indicating open or undeveloped land.",59,4,False,True,1024,1024,RGB,65970,True,False,False,True,False,True,False,no_direction_or_relation
MapTrain,360,16_52.jpg,"The google map shows a light green area with a blue line labeled ""Long Bog Run,"" indicating a waterway. The waterway runs diagonally from the bottom left to the top right. There are also thin, light purple lines intersecting the waterway, possibly representing roads or trails. The surrounding area is mostly open space.",53,1,False,True,1024,1024,RGB,48204,False,False,False,True,False,True,True,
MapTrain,361,16_520.jpg,"The google map shows a section of an area with two roads labeled ""Fruit Ave."" One road runs vertically, while the other runs horizontally. There is a highway labeled ""33"" running diagonally in the bottom left corner. A small blue line, possibly indicating a waterway, is visible in the top right corner. The background is light green, suggesting open or undeveloped land.",62,2,False,True,1024,1024,RGB,40925,True,True,False,True,False,True,True,
MapTrain,362,16_521.jpg,"The google map shows a region with a designated area labeled ""Mission Peak Paragliding and Hang..."" located in a beige-colored zone, likely indicating a natural or recreational area. To the left, there are several curved and intersecting gray lines representing roads or pathways. The map includes a green icon with a tree symbol, suggesting a park or outdoor activity site.",61,1,False,True,1024,1024,RGB,53243,False,False,False,True,True,True,True,
MapTrain,363,16_524.jpg,"The google map shows a section of land with a road labeled ""99 Frontage Rd"" running vertically along the right side. Another road, ""Brunswick Rd,"" runs horizontally near the top. There is a light blue line indicating a waterway or drainage feature running vertically near the center. A green area is visible on the left side, possibly indicating a park or natural area. The surrounding areas are beige, likely representing land or developed areas.",74,4,False,True,1024,1024,RGB,53332,True,False,False,True,False,True,True,
MapTrain,364,16_528.jpg,"The google map shows a section of land with a road labeled ""Ohlone Rd"" running horizontally across the top. Below the road, a waterway labeled ""Alameda Creek"" flows in a winding path from left to right. The surrounding area is shaded in green, indicating a natural or park area.",49,4,False,True,1024,1024,RGB,41630,True,False,True,True,False,True,True,
MapTrain,365,16_529.jpg,"The google map shows a section of a road labeled ""Ohlone Rd"" that curves through a green area, indicating a natural or undeveloped region. A blue line, likely representing a river or stream, runs across the lower part of the map, flowing roughly parallel to the road. The spatial relationship suggests that the road and the waterway are in close proximity, with the road meandering through the landscape.",68,2,False,True,1024,1024,RGB,41164,True,False,True,True,False,True,False,no_direction_or_relation
MapTrain,366,16_53.jpg,"The google map shows two marked locations: DrHydroDip Hydrographics and Vismith Realty. These locations are situated close to each other. The background is predominantly green, indicating a possible park or forested area to the north of the marked locations.",39,0,False,True,1024,1024,RGB,44725,False,False,False,True,False,False,True,no_named_feature
MapTrain,367,16_530.jpg,"The google map shows two labeled locations: Lucich-Santos Farms and Blossom Hill. Lucich-Santos Farms is positioned to the north of Blossom Hill. A light blue line, possibly representing a road or river, runs near Lucich-Santos Farms. The background is a light green, indicating a rural or undeveloped area.",51,0,False,True,1024,1024,RGB,42584,True,False,True,True,False,True,True,no_named_feature
MapTrain,368,16_531.jpg,"The google map shows a section of Rogers Road running vertically. To the left of the road, there is a blue line indicating a waterway. Near the top left corner, there is a marker labeled ""Heirloom Girls"" with a shopping cart icon, suggesting a location of interest. The surrounding area is shaded in light green, indicating open or undeveloped land.",60,2,False,True,1024,1024,RGB,44544,True,True,False,True,True,True,True,
MapTrain,369,16_532.jpg,"The google map shows a section of Baldwin Road running vertically. To the left of the road, there is a blue line indicating a waterway or stream with a slight bend. The surrounding area is shaded in light green, suggesting open land or vegetation.",44,1,False,True,1024,1024,RGB,39117,True,False,True,True,False,False,True,
MapTrain,370,16_533.jpg,"The google map shows a section of Oakridge Road, which curves through an area with two distinct color zones. The upper part of the map is shaded in light green, while the lower part is in a light beige color. The road runs from the lower left to the upper right, indicating a change in direction.",56,1,False,True,1024,1024,RGB,38966,True,False,False,True,False,False,True,
MapTrain,371,16_535.jpg,"The google map shows a section of ""Mines Rd,"" which runs vertically through the image. A blue line, likely representing a river or stream, runs parallel to the road on its eastern side. The surrounding area is shaded in light green, indicating a natural or undeveloped landscape.",47,2,False,True,1024,1024,RGB,39434,True,False,True,True,False,False,False,no_direction_or_relation
MapTrain,372,16_536.jpg,"The google map shows a section of Tarraville Creek Road, which runs parallel to a creek. The road and creek are depicted in a light blue color, indicating their close proximity. The surrounding area is shaded in light green, suggesting a natural or rural landscape.",45,1,False,True,1024,1024,RGB,37816,True,False,True,True,False,False,False,no_direction_or_relation
MapTrain,373,16_537.jpg,"The google map shows a light blue river running diagonally from the top left to the bottom right. Alongside the river is a road labeled ""Tarraville Creek Rd,"" which follows the river's path. The surrounding area is shaded in light green, indicating land.",44,2,False,True,1024,1024,RGB,41659,True,False,True,True,False,True,True,
MapTrain,374,16_538.jpg,"The google map shows a section of the Alameda and Santa Clara County Line, with Mines Road running through the area. The background is predominantly green, indicating a rural or undeveloped area. There is a small icon marking the county line.",41,1,False,True,1024,1024,RGB,52223,True,False,False,True,True,False,False,no_direction_or_relation
MapTrain,375,16_54.jpg,"The google map shows a section of land featuring Neshaminy Creek, which flows in a generally southeast direction. Above the creek, there is a road labeled ""Rte 202"" running horizontally across the map. The surrounding area is shaded in light green, indicating land, with the creek depicted in blue. There are no additional geographic entities or labels visible in this section of the map.",64,2,True,True,1024,1024,RGB,61057,True,False,True,True,False,True,False,no_direction_or_relation;generic_no_feature_claim
MapTrain,376,16_542.jpg,"The google map shows a section of Mt Oso Road, which curves through the area. There is a faint line indicating a possible waterway or contour line running parallel to the road. The background is a plain, light color, suggesting minimal additional geographic features or labels in this view.",49,1,False,True,1024,1024,RGB,30546,True,False,False,False,False,False,False,no_direction_or_relation
MapTrain,377,16_543.jpg,"The google map shows a section of a road network with Weller Road labeled. There are several intersecting roads forming a network. The area to the right is shaded in light green, indicating a possible park or forested area. The background is a light beige color, suggesting a non-urban area.",51,1,False,True,1024,1024,RGB,33103,True,False,False,True,False,True,True,
MapTrain,378,16_544.jpg,"The google map shows a section of Arroyo Hondo Road, which curves through a green area, likely indicating vegetation or open space. The road appears to have several bends and turns, suggesting a winding path through the landscape. There are no other visible geographic entities or landmarks on this map section.",51,1,False,True,1024,1024,RGB,36730,True,False,False,True,False,False,False,no_direction_or_relation
MapTrain,379,16_546.jpg,"The google map shows a section of Coyote Creek, which flows in a generally north-south direction. The creek is depicted in light blue, indicating a waterway. The surrounding area is shown with contour lines, suggesting variations in elevation or terrain. The map focuses on the creek and its immediate vicinity.",51,1,False,True,1024,1024,RGB,56162,False,False,True,False,False,False,True,
MapTrain,380,16_548.jpg,"The google map shows a location labeled ""Sri Krishna Balaram Goshala."" There are several roads or pathways surrounding the area, with a small body of water nearby. The map background is mostly beige, indicating land, with a green area to the northwest, possibly representing vegetation or a park.",48,1,False,True,1024,1024,RGB,48068,False,False,True,True,False,True,False,no_direction_or_relation
MapTrain,381,16_549.jpg,"The google map shows a small, irregularly shaped blue body of water surrounded by green terrain. There are a few thin lines indicating paths or roads near the water. In the upper part of the map, there is a label for ""Thien Long Son - The Dragon Mountain,"" which is marked as temporarily closed.",53,1,False,True,1024,1024,RGB,50317,False,False,True,True,False,True,False,no_direction_or_relation
MapTrain,382,16_55.jpg,"The google map shows a section of an area with a road labeled ""Western Rd"" running horizontally. There are several smaller roads branching off from Western Rd, forming a network. The background is a light green color, indicating a possible rural or undeveloped area.",44,3,False,True,1024,1024,RGB,38000,True,False,False,True,False,True,False,no_direction_or_relation
MapTrain,383,16_551.jpg,"The google map shows two parallel linear features. The left feature is labeled ""West Side Fwy"" and is depicted in a dark blue color, indicating a freeway. To the right, there is a light blue linear feature, likely representing a waterway. Both features run in a generally north-south direction.",50,1,False,True,1024,1024,RGB,62211,False,False,False,False,False,True,True,
MapTrain,384,16_554.jpg,"The google map shows a light green area with two geographic entities labeled ""Sams Canyon"" and ""Valle, Arroyo."" A blue line, likely representing a water feature such as a river or stream, runs through the area, connecting these two labels. The spatial relationship indicates that Sams Canyon is located near Valle, Arroyo, with the water feature flowing between or alongside them.",61,4,False,True,1024,1024,RGB,37952,False,False,True,True,False,True,False,no_direction_or_relation
MapTrain,385,16_555.jpg,"The google map shows a light green area with a road labeled ""Miller Rd"" running diagonally from the northwest to the southeast. There is a blue polygonal shape in the lower left corner, indicating a body of water. The surrounding area appears to be primarily open space or undeveloped land.",50,2,False,True,1024,1024,RGB,34247,True,True,True,True,False,True,True,
MapTrain,386,16_559.jpg,"The google map shows a section of Felter Road, which runs horizontally across the image. Several smaller roads branch off from Felter Road. The background is a light beige color, indicating a non-urban area, and there is a small patch of light green in the top right corner, possibly representing a different land type or vegetation.",57,2,False,True,1024,1024,RGB,36798,True,True,False,True,False,False,True,
MapTrain,387,16_56.jpg,"The google map shows a section of the Philadelphia Cricket Club - Militia Hill Course. It features a light green area representing the golf course, with a blue line indicating a waterway running through it. The course is marked with a location pin. The surrounding area is also green, suggesting open or undeveloped land. There are no visible roads or urban structures in this section.",64,0,False,True,1024,1024,RGB,60716,False,False,False,True,False,False,False,no_named_feature;no_direction_or_relation
MapTrain,388,16_560.jpg,"The google map shows an intersection of two roads: Davis Rd and W Marshall Rd. Davis Rd runs vertically, while W Marshall Rd runs horizontally. The surrounding area is shaded in light green, indicating open space or undeveloped land.",39,3,False,True,1024,1024,RGB,37531,True,False,False,True,False,False,False,no_direction_or_relation
MapTrain,389,16_561.jpg,"The google map shows two geographic entities: Falls Creek and Fall Canyon. Falls Creek is depicted as a blue line, suggesting a waterway, and Fall Canyon is labeled nearby. The spatial relationship indicates that Falls Creek runs through or alongside Fall Canyon. The background is a light green color, possibly indicating a natural or park area.",56,5,False,True,1024,1024,RGB,41882,False,False,True,True,False,True,False,no_direction_or_relation
MapTrain,390,16_562.jpg,"The google map shows a section of Camino Tassajara, a road running in a generally north-south direction. To the east of the road is Tassajara Creek, which flows roughly parallel to the road. The creek is depicted in blue, indicating a waterway. The background is a light color, suggesting a non-urban area.",54,1,False,True,1024,1024,RGB,53300,True,False,True,False,False,False,True,
MapTrain,391,16_563.jpg,"The google map shows a light blue waterway labeled ""Del Puerto Creek"" running parallel to a gray road. The background is a light green, indicating land. The creek and road are closely aligned, suggesting they run alongside each other in this area.",42,2,False,True,1024,1024,RGB,43553,True,False,True,True,False,True,False,no_direction_or_relation
MapTrain,392,16_564.jpg,"The google map shows the intersection of Castle Road and Northland Road. Castle Road runs vertically, while Northland Road runs horizontally. There is a small blue line in the lower left corner, possibly indicating a water feature. The surrounding area appears to be lightly colored, suggesting open or undeveloped land.",50,3,False,True,1024,1024,RGB,42098,True,True,True,True,False,False,True,
MapTrain,393,16_565.jpg,"The google map shows a section of Del Puerto Canyon Road running parallel to Del Puerto Creek. The road and creek are oriented in a generally east-west direction. The surrounding area is depicted in a light green color, indicating land or vegetation.",43,2,False,True,1024,1024,RGB,48451,True,False,True,True,False,False,True,
MapTrain,394,16_566.jpg,"The google map shows a light blue waterway labeled ""Del Puerto Creek"" running horizontally across the image. It is accompanied by a wider, darker blue line running parallel to it, possibly representing a road or larger water body. The background is a light green, indicating land.",46,2,False,True,1024,1024,RGB,39639,True,False,True,True,False,True,False,no_direction_or_relation
MapTrain,395,16_568.jpg,"The google map shows a location labeled ""Prevost Ranch and Gardens,"" marked with an icon. It is connected by a network of roads, with ""Sierra Rd"" being a prominent road nearby. The surrounding area appears to be open or undeveloped land.",41,3,False,True,1024,1024,RGB,49919,True,False,False,True,True,True,False,no_direction_or_relation
MapTrain,396,16_569.jpg,"The google map shows two geographic entities: Sulphur Gulch and Valle-Arroyo. These are likely water features, as indicated by the blue lines representing their paths. Sulphur Gulch is located to the northeast of Valle-Arroyo. The map background is light green, suggesting a natural or rural area. The blue lines indicate the flow direction of the water features.",59,2,False,True,1024,1024,RGB,50239,False,False,True,True,False,False,False,no_direction_or_relation
MapTrain,397,16_57.jpg,"The google map shows a location labeled ""Manheim New Jersey"" in the lower left corner. A river or stream is depicted in the upper right corner, flowing in a generally north-south direction. The surrounding area is shaded in light green, indicating land or a non-urban area.",48,1,False,True,1024,1024,RGB,38169,False,True,True,True,False,True,True,
MapTrain,398,16_571.jpg,"The google map shows a section of a road network with Alder Drive running horizontally. There is a restaurant labeled ""Annapoorna Authentic Indian Cuisine"" located near the road. Another point of interest, ""Tarana,"" is marked nearby. The map includes directional arrows on the road, indicating traffic flow. There are also some green lines suggesting pathways or boundaries.",57,3,False,True,1024,1024,RGB,90737,True,False,False,True,False,True,False,no_direction_or_relation
MapTrain,399,16_572.jpg,"The google map shows a section of Kincaid Road, which appears to be a winding road. The surrounding area is shaded in light green, indicating a natural or undeveloped region. There are no other visible geographic entities or landmarks on this map segment.",43,1,False,True,1024,1024,RGB,33669,True,False,False,True,False,False,False,no_direction_or_relation
MapTrain,400,16_573.jpg,"The google map shows a light green area with a blue line representing a waterway labeled ""Valle-Arroyo."" The waterway flows from the top to the bottom of the map. Near the top, there is a label ""The Narrows,"" indicating a specific location along the waterway. The surrounding area is not detailed with additional geographic features.",56,2,False,True,1024,1024,RGB,39374,False,False,False,True,False,True,True,
MapTrain,401,16_574.jpg,"The google map shows a section of Del Puerto Creek, which flows in a generally curved path from the northwest to the southeast. The creek is depicted in blue, indicating a water feature. The surrounding area is shaded in light green, suggesting land or terrain. There are no additional geographic entities or labels visible in this section of the map.",60,1,True,True,1024,1024,RGB,45376,False,False,True,True,False,False,False,no_direction_or_relation;generic_no_feature_claim
MapTrain,402,16_575.jpg,"The google map shows a section of Upper Penitencia Creek, which flows from left to right across the image. The surrounding area is shaded in light green, indicating a natural or park area. There are no other notable geographic entities or features visible on this map segment.",47,1,False,True,1024,1024,RGB,44443,False,False,True,True,False,False,True,
MapTrain,403,16_576.jpg,"The google map shows a section of Byron Road running diagonally from the bottom left to the top right. There are light blue lines indicating boundaries or paths intersecting and surrounding the road. The background is a light green color, suggesting open or undeveloped land.",45,1,False,True,1024,1024,RGB,52011,True,False,False,True,False,False,True,
MapTrain,404,16_577.jpg,"The google map shows a small area with several roads and locations. Morton Davis Cir is a prominent road that loops around, intersecting with Russ Ct and Foxy Ct. A United States Postal Service location is marked near these roads. To the south, the Diablo Grande Golf & Country Club is indicated, noted as temporarily closed. The area is surrounded by light green, suggesting open or recreational spaces.",67,2,False,True,1024,1024,RGB,93285,True,False,False,True,False,False,True,
MapTrain,405,16_578.jpg,"The google map shows a section of an area labeled ""Ranch Course - Diablo Grande."" A road named ""Diablo Grande Pkwy"" runs through the area, with a smaller road, ""Sarazen Ct,"" branching off from it. The map includes some green areas, indicating possible open spaces or recreational areas.",47,4,False,True,1024,1024,RGB,60714,True,False,False,True,False,True,False,no_direction_or_relation
MapTrain,406,16_579.jpg,"The google map shows a region labeled ""Western Hills Water District"" located to the northwest. A green area, possibly representing a park or natural feature, runs vertically through the center. To the east, there are linear features that could be roads or pathways. A small blue area, likely a body of water, is situated to the west of the green area.",61,1,False,True,1024,1024,RGB,47734,False,False,True,True,False,True,True,
MapTrain,407,16_58.jpg,"The google map shows a section of land featuring Haystack Brook, which flows horizontally across the upper part of the map. Below the brook, there is a location marked as Utopia Horse Farm. The area is depicted with a light green background, indicating a natural or rural setting.",48,0,False,True,1024,1024,RGB,44497,False,False,False,True,False,False,False,no_named_feature;no_direction_or_relation
MapTrain,408,16_580.jpg,"The google map shows a light green area with a blue line representing a waterway labeled ""Arroyo del Valle."" The waterway flows in a generally curved path from the top left to the bottom right of the map. The surrounding area is not detailed with additional geographic features or entities.",50,1,False,True,1024,1024,RGB,34316,False,False,False,True,False,True,True,
MapTrain,409,16_581.jpg,"The google map shows a section of Mines Road running vertically. To the left of the road is a location labeled ""The Rainbow Junction,"" marked with an orange icon labeled ""Y4."" The surrounding area is shaded in green, indicating a natural or undeveloped region.",44,3,False,True,1024,1024,RGB,43826,True,True,False,True,True,True,True,
MapTrain,410,16_582.jpg,"The google map shows a location labeled ""Crows Landing Country Kennels"" near Bell Road. There is a blue line representing a waterway to the southwest of the kennels. The area is primarily green, indicating a rural or undeveloped region.",39,2,False,True,1024,1024,RGB,43747,True,False,False,True,False,True,False,no_direction_or_relation
MapTrain,411,16_583.jpg,"The google map shows a road labeled ""130"" running vertically through the center. To the left of the road is ""Fritz Johnson Tractor Service."" There are several smaller, winding roads branching off from the main road. A small body of water is visible in the lower left corner. The area is depicted with a light green background, indicating a rural or natural setting.",63,2,False,True,1024,1024,RGB,58814,True,True,True,True,False,True,True,
MapTrain,412,16_584.jpg,"The google map shows a section of the West Side Freeway, labeled as Interstate 5 (I-5). The freeway runs vertically across the map, with two parallel lanes indicating northbound and southbound traffic. The background is a light color, suggesting a lack of surrounding geographic features or urban areas in this specific view.",53,0,False,True,1024,1024,RGB,52431,False,False,False,False,False,True,True,no_named_feature
MapTrain,413,16_586.jpg,"The google map shows a light blue body of water located near a road labeled ""130."" The road runs diagonally from the bottom left to the top right of the image. The surrounding area is shaded in light green, indicating land. There are no additional geographic entities or labels visible.",50,1,True,True,1024,1024,RGB,37791,True,False,True,True,False,True,True,generic_no_feature_claim
MapTrain,414,16_587.jpg,"The google map shows a section of Del Puerto Canyon Road, which runs horizontally across the image. The road is depicted in blue, indicating its path through a light green area, which likely represents surrounding land or terrain. The road has a slight curve, suggesting a winding route. There are no additional geographic entities or labels visible on this map section.",61,1,True,True,1024,1024,RGB,48240,True,False,False,True,False,False,False,no_direction_or_relation;generic_no_feature_claim
MapTrain,415,16_588.jpg,"The google map shows a light green area with two lines running across it. A blue line labeled ""Adobe Creek"" runs horizontally, indicating a waterway. Above it, a gray line runs parallel, possibly representing a road or another geographic feature. The lines are close together, suggesting proximity between the creek and the other feature.",54,2,False,True,1024,1024,RGB,35292,True,False,True,True,False,True,False,no_direction_or_relation
MapTrain,416,16_589.jpg,"The google map shows a vertical blue waterway running parallel to a road labeled ""Bell Rd."" The surrounding area is shaded in light green, indicating land. The road and waterway are closely aligned, with the road on the right side of the waterway.",43,2,False,True,1024,1024,RGB,36984,True,False,False,True,False,True,True,
MapTrain,417,16_59.jpg,"The google map shows a section of Valley Forge National Historical Park. The park area is marked in green, indicating a natural or recreational space. A river is visible in blue at the bottom right corner. A trail or path is indicated by a dashed line running through the park.",50,0,False,True,1024,1024,RGB,54483,False,True,True,True,False,False,True,no_named_feature
MapTrain,418,16_591.jpg,"The google map shows a light blue line labeled ""Smith Creek,"" indicating a waterway. The creek flows through a light green area, which typically represents land. The creek has a winding path, suggesting a natural watercourse.",36,2,False,True,1024,1024,RGB,36153,False,False,True,True,False,True,False,no_direction_or_relation
MapTrain,419,16_592.jpg,"The google map shows a location labeled ""Beltran Farms."" The area is divided into two distinct color zones: a beige area on the left and a light green area on the right. A small road or path is visible in the light green area, curving slightly near the label.",49,1,False,True,1024,1024,RGB,29096,True,False,False,True,False,True,True,
MapTrain,420,16_593.jpg,"The google map shows a section where West Side Freeway runs parallel to another road. Davis Road intersects these roads horizontally. There is a blue waterway running vertically to the right of the freeway. The area is shaded in light green, indicating land.",43,1,False,True,1024,1024,RGB,57809,True,False,False,True,False,False,True,
MapTrain,421,16_594.jpg,"The google map shows a region labeled ""Blumbago Canyon."" There is a road running vertically through the area. To the left of the road, there is a small blue body of water. The surrounding area is shaded in light green, indicating land.",42,2,False,True,1024,1024,RGB,36416,True,False,True,True,False,True,True,
MapTrain,422,16_595.jpg,"The google map shows a section of Isabel Creek, which flows in a generally east-west direction. The creek is depicted in blue, indicating a waterway. The surrounding area is shaded in light green, suggesting land or vegetation. A thin, light purple line runs parallel to the creek, possibly indicating a path or road.",54,1,False,True,1024,1024,RGB,37505,True,False,True,True,False,False,True,
MapTrain,423,16_596.jpg,"The google map shows a section of a neighborhood with two schools: Pinewood School | Lower Campus | Grades K-2 and Ventana School. The schools are located near each other, with Pinewood School to the north and Ventana School slightly to the south. The map also features a road labeled ""Outlook Dr"" running in a curved path. The area appears to be primarily residential or educational.",65,2,False,True,1024,1024,RGB,83635,True,False,False,False,True,True,True,
MapTrain,424,16_598.jpg,"The google map shows a section of S Lammers Rd, which runs vertically. There are several intersecting horizontal and slightly curved lines, likely representing roads or boundaries. The background is a light green color, possibly indicating a rural or undeveloped area.",41,1,False,True,1024,1024,RGB,39002,True,False,False,True,False,False,True,
MapTrain,425,16_60.jpg,"The google map shows a section of the Schuylkill River, which flows horizontally across the image. There is a green area indicating land on both sides of the river. A dashed line runs parallel to the river on the upper side, possibly indicating a boundary or path. The river is labeled, and there are no other visible geographic entities or labels in this section.",64,1,False,True,1024,1024,RGB,49837,False,False,True,True,False,True,False,no_direction_or_relation
MapTrain,426,16_600.jpg,"The google map shows a section of the Robert T. Monagan Freeway, labeled as I-205, running horizontally across the image. Below the freeway, El Rancho Road is visible, running diagonally. There are several blue lines indicating waterways or drainage channels intersecting the area. The map is set against a light green background, suggesting a non-urban area.",58,1,False,True,1024,1024,RGB,67768,True,False,False,True,False,True,False,no_direction_or_relation
MapTrain,427,16_601.jpg,"The google map shows a section of the Robert T. Monagan Freeway, which runs horizontally across the image. There is a thin, light blue line intersecting the freeway, possibly indicating a waterway or road. The background is a light green, suggesting a general land area.",45,0,False,True,1024,1024,RGB,50253,True,False,False,True,False,False,False,no_named_feature;no_direction_or_relation
MapTrain,428,16_609.jpg,"The google map shows a section of Norris Canyon Road, which curves through a green area, indicating a natural or undeveloped region. The road is the primary feature, with no additional geographic entities or landmarks visible.",36,1,True,True,1024,1024,RGB,34310,True,False,False,True,False,False,False,no_direction_or_relation;generic_no_feature_claim
MapTrain,429,16_61.jpg,"The google map shows a section of a road network. Brownsburg Rd runs horizontally across the map, with Sarah Dr branching off from it in a downward direction. The surrounding area is shaded in green, indicating a likely rural or undeveloped region.",42,2,False,True,1024,1024,RGB,39787,True,False,False,True,False,False,False,no_direction_or_relation
MapTrain,430,16_610.jpg,"The google map shows a section of Bell Road running vertically. To the left, there is a blue waterway that runs parallel to the road. The area appears to be relatively flat with no additional geographic features marked.",38,1,True,True,1024,1024,RGB,37995,True,False,False,False,False,False,True,generic_no_feature_claim
MapTrain,431,16_611.jpg,"The google map shows a section of a road network with two main roads labeled ""Quimby Rd"" and ""Yerba Buena Rd."" Quimby Rd runs horizontally across the map, while Yerba Buena Rd intersects with Quimby Rd from the north. The roads are depicted in light blue against a beige background, indicating a simple road map layout. There are no additional geographic features or landmarks visible.",65,7,True,True,1024,1024,RGB,48748,True,False,False,False,False,True,True,generic_no_feature_claim
MapTrain,432,16_612.jpg,"The google map shows two marked locations: ""Halls Valley Campground"" and ""Halls Valley Group Site."" Both are indicated with a camping icon. The map background is green, suggesting a natural or park area. Dashed lines likely represent trails or boundaries. The two sites are positioned vertically, with the Group Site located below the Campground.",54,4,False,True,1024,1024,RGB,63606,False,False,False,True,True,False,False,no_direction_or_relation
MapTrain,433,16_613.jpg,"The google map shows a light green area with a dashed line indicating a boundary or path. There is a small blue body of water near the center-right. A river or stream runs along the top of the map, marked in blue, with a road labeled ""130"" crossing it.",50,1,False,True,1024,1024,RGB,36860,True,False,True,True,False,True,True,
MapTrain,434,16_616.jpg,"The google map shows a section where Stuhr Road curves and intersects with Bell Road. A waterway runs parallel to Bell Road, crossing Stuhr Road. There is a small body of water located to the northwest of the intersection.",39,4,False,True,1024,1024,RGB,45486,True,False,True,False,False,False,False,no_direction_or_relation
MapTrain,435,16_617.jpg,"The google map shows a location marked as ""Dutch Flat Trail Scenic Overlook &..."" situated along a dashed line, which likely represents a trail. The surrounding area is shaded in green, indicating a natural or park area. The trail appears to run diagonally across the map.",45,1,False,True,1024,1024,RGB,44808,False,False,False,True,False,False,False,no_direction_or_relation
MapTrain,436,16_619.jpg,"The google map shows an area labeled ""Isabel Valley."" It features a network of light blue lines, likely representing rivers or streams, running through the valley. The background is divided into two colors: a light green area, possibly indicating a natural or forested region, and a beige area, which might represent a different type of land use or terrain. The lines and colors suggest a focus on natural geographic features.",70,2,False,True,1024,1024,RGB,40145,False,False,False,True,False,True,False,no_direction_or_relation
MapTrain,437,16_62.jpg,"The google map shows a section of Brownsburg Road running diagonally in the upper part of the image. Below the road, there are two small blue shapes indicating bodies of water, likely ponds or small lakes, set against a green background representing land or vegetation.",45,1,False,True,1024,1024,RGB,29762,True,False,True,True,False,False,False,no_direction_or_relation
MapTrain,438,16_620.jpg,"The google map shows a section of Isabel Creek, depicted as a blue line running horizontally across the image. The surrounding area is a light beige color, indicating land. There are no additional geographic entities or labels visible on this map section.",42,1,True,True,1024,1024,RGB,37491,False,False,True,False,False,False,False,no_direction_or_relation;generic_no_feature_claim
MapTrain,439,16_621.jpg,"The google map shows a light green area with a road labeled ""Access"" running diagonally from the bottom left to the top right. The road appears to curve slightly in the middle. There are no other geographic entities or labels visible.",41,1,False,True,1024,1024,RGB,27445,True,False,False,True,False,True,True,
MapTrain,440,16_622.jpg,"The google map shows a section of Interstate 5 (I-5), which runs vertically from the top to the bottom of the image. The highway is depicted with two parallel blue lines, indicating the northbound and southbound lanes. There are no other geographic entities or landmarks visible in this section of the map. The background is a light beige color.",60,0,False,True,1024,1024,RGB,40486,True,False,False,False,False,False,True,no_named_feature
MapTrain,441,16_623.jpg,"The google map shows a grid of streets with labeled roads including Rosedale Dr, Lindenoaks Dr, Lynn Oaks Dr, Eden Ave, and Radcliffe Dr. There is an intersection at Eden Ave and Lynn Oaks Dr. The International Christian Center is marked near the intersection of Lynn Oaks Dr and Radcliffe Dr.",51,9,False,True,1024,1024,RGB,78595,True,False,False,False,False,True,False,no_direction_or_relation
MapTrain,442,16_624.jpg,"The google map shows a section of Smith Creek, which flows in a generally east-west direction. The creek is depicted with a blue line, indicating a waterway, set against a light green background that likely represents land.",38,1,False,True,1024,1024,RGB,32399,False,False,True,True,False,False,True,
MapTrain,443,16_625.jpg,"The google map displays a section of a neighborhood with several streets and landmarks. Delta Rd runs horizontally, intersecting with Grapeleaf Way. Vulcan Trips is located near the intersection of Grapeleaf Way and another unnamed road. The Swararaga School of Music is situated to the east of Grapeleaf Way. Falls Creek Dr runs diagonally in the lower part of the map. Chaboya Park is indicated in the upper right corner. The map includes a network of roads and pathways, with some green areas suggesting parks or open spaces.",88,4,False,True,1024,1024,RGB,103820,True,True,True,True,True,False,True,
MapTrain,444,16_626.jpg,"The google map shows a light blue line representing Smith Creek, which flows diagonally from the top left to the bottom right. The background is a light green color, indicating the surrounding land area. There are no additional geographic entities or labels visible on this section of the map.",49,1,True,True,1024,1024,RGB,32606,False,False,True,True,False,False,True,generic_no_feature_claim
MapTrain,445,16_627.jpg,"The google map shows a section with two roads: Airport Way running vertically and Greengate Lane intersecting it horizontally. The area is primarily green, indicating open or undeveloped land. There are also several blue lines, suggesting the presence of water features or drainage channels.",44,2,False,True,1024,1024,RGB,44053,True,False,True,True,False,False,False,no_direction_or_relation
MapTrain,446,16_628.jpg,"The google map shows a network of roads with ""Lindy Ln"" labeled prominently. The roads intersect and branch off in various directions. There is a green area in the bottom left corner, indicating a park or natural space. The surrounding area appears to be a mix of residential or undeveloped land, as suggested by the layout of the roads.",59,2,False,True,1024,1024,RGB,42479,True,True,False,True,False,True,True,
MapTrain,447,16_629.jpg,"The google map shows a section of Old Yerba Buena Road running horizontally across the image. There is a small blue area in the lower left corner, which likely represents a body of water. The surrounding area appears to be a light beige color, indicating land.",46,1,False,True,1024,1024,RGB,31005,True,True,True,False,False,False,True,
MapTrain,448,16_63.jpg,"The google map shows a light green area with a blue line representing a waterway labeled ""Dove Mill Branch."" The waterway flows from the left to the right side of the map, indicating a stream or small river. The surrounding area appears to be a landmass, possibly indicating a rural or undeveloped region.",53,2,False,True,1024,1024,RGB,31004,False,False,True,True,False,True,True,
MapTrain,449,16_630.jpg,"The google map shows a section of a river running vertically through the center. A road labeled ""Shiells Rd"" crosses the river horizontally. The surrounding area appears to be open land or rural, with no additional geographic entities or features marked.",41,2,True,True,1024,1024,RGB,36171,True,False,True,True,False,True,False,no_direction_or_relation;generic_no_feature_claim
MapTrain,450,16_632.jpg,"The google map shows a vertical road labeled ""Castle Rd"" running through the center. The surrounding area is primarily light green, indicating open or undeveloped land, with some sections in light beige, possibly representing different land use or terrain types. There are no additional geographic entities or labels visible.",49,2,True,True,1024,1024,RGB,34477,True,False,False,True,False,True,True,generic_no_feature_claim
MapTrain,451,16_633.jpg,"The google map shows a section of Norris Canyon Road, which runs horizontally across the image. There are a few smaller roads branching off from Norris Canyon Road. The surrounding area is shaded in light green, indicating open or undeveloped land.",41,2,False,True,1024,1024,RGB,37970,True,False,False,True,False,False,False,no_direction_or_relation
MapTrain,452,16_634.jpg,"The google map shows a network of roads in a residential area. Key roads include Via Valverde, Via Belmonte, Via Portada, Via Granja, and Via Laguna. The roads are arranged in a curvilinear pattern, with some intersections. The area is surrounded by green spaces, indicating parks or undeveloped land.",49,0,False,True,1024,1024,RGB,64145,False,False,False,True,False,False,False,no_named_feature;no_direction_or_relation
MapTrain,453,16_635.jpg,"The google map shows a section of Isabel Creek Trail, which runs alongside a winding creek. The area is surrounded by green, indicating a natural or forested region. The trail and creek follow a similar path, suggesting they are closely aligned.",41,1,False,True,1024,1024,RGB,42470,False,False,True,True,False,False,False,no_direction_or_relation
MapTrain,454,16_636.jpg,"The google map shows a section of San Felipe Road, which runs horizontally across the upper part of the map. There is a blue area in the top left corner, indicating a body of water. The surrounding area is shaded in green, suggesting a natural or undeveloped region.",48,1,False,True,1024,1024,RGB,29816,True,True,True,True,False,False,True,
MapTrain,455,16_637.jpg,"The google map shows a section of Isabel Creek Trail, which runs parallel to a creek. The trail and creek are depicted with lines, with the trail likely represented by a gray line and the creek by a blue line. The surrounding area is shaded in light green, indicating a natural or undeveloped region.",54,1,False,True,1024,1024,RGB,43708,False,False,True,True,False,False,False,no_direction_or_relation
MapTrain,456,16_638.jpg,"The google map shows a light-colored background with a few thin blue lines, indicating water features such as rivers or streams. There are also some light gray lines, likely representing roads or pathways. A labeled point of interest, ""Sri Surabhi Go Ksetra,"" is marked on the map. The spatial layout suggests a rural or less densely populated area.",59,1,False,True,1024,1024,RGB,38441,False,False,True,True,False,True,False,no_direction_or_relation
MapTrain,457,16_64.jpg,"The google map shows a light green area with two intersecting blue lines, likely representing water bodies. A road labeled ""Clearstream Rd"" crosses the water bodies. The surrounding area appears to be undeveloped or natural terrain.",36,2,False,True,1024,1024,RGB,44908,True,False,True,True,False,True,False,no_direction_or_relation
MapTrain,458,16_640.jpg,"The google map shows a section of Felix Road, which curves through a green area. The road appears to have multiple bends and is labeled at two points. The surrounding area is likely undeveloped or natural, as indicated by the green color.",42,1,False,True,1024,1024,RGB,32466,True,False,False,True,False,True,False,no_direction_or_relation
MapTrain,459,16_641.jpg,"The google map shows a section of the West Side Freeway, labeled as Interstate 5 (I-5). The freeway runs vertically through the map, with two parallel lines indicating the road lanes. The background is a light color, suggesting a lack of surrounding geographic features or urban areas in this specific section.",52,0,False,True,1024,1024,RGB,44853,True,False,False,False,False,True,True,no_named_feature
MapTrain,460,16_642.jpg,"The google map shows a network of roads labeled Comer Ct and Comer Dr. The roads are situated in a predominantly green area, indicating a possible park or forested region. The roads appear to be winding, and there are additional unnamed roads branching off. The map also shows a lighter area to the right, suggesting a different type of land use or terrain.",63,2,False,True,1024,1024,RGB,39979,True,False,False,True,False,True,True,
MapTrain,461,16_643.jpg,"The google map shows a location labeled ""ScaleHouse"" situated along a winding road. The road appears to have a few intersections or branches near the labeled point. The background is a neutral color, indicating no specific terrain features.",38,1,False,True,1024,1024,RGB,39261,True,False,False,False,False,True,False,no_direction_or_relation
MapTrain,462,16_644.jpg,"The google map shows a location marked as ""AbiTalk Technology for Education."" It is situated near the intersection of Hematite Ct and Grand Oak Way. The area features a network of roads with several curved and intersecting streets.",38,3,False,True,1024,1024,RGB,70843,False,False,False,False,False,False,False,no_direction_or_relation
MapTrain,463,16_646.jpg,"The google map shows a section of the West Side Freeway, labeled as I-5, running vertically. To the right of the freeway, there is a light blue line indicating a waterway. The freeway and the waterway run parallel to each other.",42,0,False,True,1024,1024,RGB,52049,False,False,False,False,False,True,True,no_named_feature
MapTrain,464,16_647.jpg,"The google map shows a location labeled ""Silver Creek Self Storage."" There are several roads depicted, with one road curving around the area near the label. The map background is a light color, and the roads are marked with thin lines. There are no additional geographic features or labels visible in this section of the map.",56,2,True,True,1024,1024,RGB,45952,True,False,True,False,False,True,False,no_direction_or_relation;generic_no_feature_claim
MapTrain,465,16_648.jpg,"The google map shows a section of a road network. ""San Felipe Rd"" runs horizontally across the top of the map. Another road, labeled ""Rd L,"" intersects or runs parallel to San Felipe Rd towards the bottom of the map. The area appears to be sparsely populated or rural, with no additional geographic features or landmarks indicated.",57,4,True,True,1024,1024,RGB,38591,True,False,False,True,False,True,True,generic_no_feature_claim
MapTrain,466,16_649.jpg,"The google map shows two roads: San Felipe Road, which runs diagonally from the northwest to the southeast, and another unnamed road labeled ""Rd L"" that branches off from San Felipe Road towards the southwest. The area surrounding the roads is shaded in light green and beige, indicating different land types or uses.",53,3,False,True,1024,1024,RGB,43871,True,False,False,True,False,True,False,no_direction_or_relation
MapTrain,467,16_650.jpg,"The google map shows a light green area with a blue line labeled ""Cow Creek"" running horizontally across the top. The creek appears to flow from left to right. There are no other geographic entities or labels visible on the map.",41,2,False,True,1024,1024,RGB,27434,False,False,True,True,False,True,True,
MapTrain,468,16_652.jpg,"The google map shows a section of San Antonio Valley Road, which runs vertically through the center of the image. The surrounding area is shaded in green, indicating a natural or rural landscape. There are no additional geographic entities or landmarks visible on this map section.",46,1,True,True,1024,1024,RGB,28075,True,False,False,True,False,False,False,no_direction_or_relation;generic_no_feature_claim
MapTrain,469,16_653.jpg,"The google map shows a section of San Felipe Creek, which flows in a generally east-west direction. The surrounding area is depicted in a light green color, indicating land. The creek is represented by a blue line, suggesting the presence of a waterway.",44,1,False,True,1024,1024,RGB,32988,False,False,True,True,False,False,True,
MapTrain,470,16_654.jpg,"The google map shows a section of Grizzly Creek, depicted as a blue line running vertically through a light green background, which likely represents the surrounding land area. The creek appears to have a slightly winding path.",37,1,False,True,1024,1024,RGB,31348,False,False,True,True,False,False,False,no_direction_or_relation
MapTrain,471,16_655.jpg,"The google map shows a section of East Fork Coyote Creek, which is depicted as a blue line curving through a light green area. The creek flows from the top left to the bottom right of the image. There are no additional geographic entities or labels visible on this map section.",51,1,True,True,1024,1024,RGB,30278,False,False,True,True,False,False,True,generic_no_feature_claim
MapTrain,472,16_657.jpg,"The google map shows a location labeled ""Central 40 Solar"" situated near Sullivan Road. The roads form a right-angle intersection, with Sullivan Road running vertically. The area appears to be in a relatively open or undeveloped region.",38,3,False,True,1024,1024,RGB,36159,True,False,False,True,False,True,True,
MapTrain,473,16_658.jpg,"The google map shows a section where Sullivan Road intersects with a vertical blue line, which likely represents a river or stream. The road runs horizontally across the map, crossing the blue line. The background is a light beige color, indicating land.",42,1,False,True,1024,1024,RGB,32887,True,False,True,False,False,False,True,
MapTrain,474,16_659.jpg,"The google map shows a section where a road labeled ""140"" runs horizontally across the image. A blue waterway intersects this road vertically. To the right, a road named ""Gravel Pit Rd"" runs parallel to the waterway. The roads and waterway form a grid-like pattern.",46,3,False,True,1024,1024,RGB,41611,True,False,False,False,False,True,True,
MapTrain,475,16_66.jpg,"The google map shows a section of an area with a soccer field marked in green. To the north, there is a waterway labeled ""Black Lake Run."" A road named ""Maureen Dr"" runs vertically on the right side of the map. The ""Parkwood Youth Organization"" is located south of the soccer field. The surrounding area appears to be a mix of open space and developed land.",66,5,False,True,1024,1024,RGB,72618,True,False,True,True,False,True,True,
MapTrain,476,16_661.jpg,"The google map shows Metcalf Motorcycle County Park, located near Metcalf Road. The park includes features such as a ""Beginner Oval"" and ""Trail 1,"" indicating areas for motorcycle activities. The road runs along the northern edge of the park, and the park's trails are depicted with winding paths.",49,3,False,True,1024,1024,RGB,75429,True,False,False,True,False,False,False,no_direction_or_relation
MapTrain,477,16_662.jpg,"The google map shows a section of East Fork Coyote Creek running vertically through the area. There is a small, irregularly shaped body of water located to the northeast of the creek. The surrounding area is depicted in a light green color, indicating land.",44,1,False,True,1024,1024,RGB,33922,False,False,True,True,False,False,True,
MapTrain,478,16_664.jpg,"The google map shows a section of a freeway labeled ""S Vly Fwy"" running diagonally from the top left to the bottom right. To the northeast of the freeway, there is a location marked as ""Jose's refrigeration commercial."" The map also features some water bodies to the southwest, with light blue areas indicating water. There are several roads intersecting and running parallel to the freeway.",66,2,False,True,1024,1024,RGB,110658,False,False,True,False,False,True,True,
MapTrain,479,16_665.jpg,"The google map shows an area labeled ""Metcalfe Canyon."" A winding blue line, likely representing a river or stream, runs through the canyon. There is a gray line indicating a road or pathway that crosses the waterway. Adjacent to the road, there is a green area, possibly representing vegetation or a park. The map also includes parallel gray lines in the lower left corner, which could indicate a larger road or railway.",72,2,False,True,1024,1024,RGB,64047,True,True,True,True,False,True,True,
MapTrain,480,16_666.jpg,"The google map shows a section of Metcalf Road, which curves through a green-shaded area. The green area likely represents a park or natural region. The road runs horizontally across the map, with the surrounding area appearing to be undeveloped or rural.",43,1,False,True,1024,1024,RGB,34120,True,False,False,True,False,False,False,no_direction_or_relation
MapTrain,481,16_667.jpg,"The google map shows a light green area with a blue body of water labeled ""Lake Sizer"" on the right side. A blue line, possibly a river or creek, runs from the top center to the right, passing near the lake. There is a light purple line, likely a road or path, curving through the area.",56,1,False,True,1024,1024,RGB,43464,True,False,True,True,False,True,True,
MapTrain,482,16_669.jpg,"The google map shows a road labeled ""Blue Hill Grde"" running diagonally from the bottom left to the top right. The surrounding area is shaded in green, indicating a natural or undeveloped region. There are no other visible geographic entities or landmarks on the map.",45,1,False,True,1024,1024,RGB,29558,True,False,False,True,False,True,True,
MapTrain,483,16_67.jpg,"The google map shows a section of a road labeled ""Paulson Rd"" running diagonally from the southwest to the northeast. There is a business marked as ""Bercy's Automotive"" located to the north of Paulson Rd. Two blue lines, likely representing water features such as streams or rivers, run parallel to each other in the northern part of the map. The surrounding area is shaded in light green, indicating open or undeveloped land.",73,4,False,True,1024,1024,RGB,50086,True,False,True,True,True,True,True,
MapTrain,484,16_670.jpg,"The google map shows a section of a road network with several labeled streets and locations. Caldwell Ave, Kennedy Rd, and Fillmer Ave intersect in the area. Notable locations include Los Gatos Valero, marked with a gas station icon, and Mariposa Montessori, indicated with a school icon. The roads form a grid-like pattern, and the map is oriented with north at the top.",64,3,False,True,1024,1024,RGB,87592,True,True,False,False,True,True,True,
MapTrain,485,16_671.jpg,"The google map shows a section of a landscape with a winding blue line, likely representing a river or stream, flowing through the area. Above the river, there is a road network with labeled streets, including ""Galen Dr."" A location marked as ""Sunset Landscape Services"" is situated near the road network. The area surrounding the river appears to be open or undeveloped land.",63,3,False,True,1024,1024,RGB,58840,True,False,True,True,False,True,False,no_direction_or_relation
MapTrain,486,16_672.jpg,"The google map shows a section of a road network. There are two main roads: ""Malech Rd"" and ""S Vly Fwy."" The roads run parallel to each other, with ""S Vly Fwy"" being a larger, multi-lane highway. A blue line, possibly representing a river or stream, runs near these roads, following a somewhat winding path. The surrounding area appears to be open space or undeveloped land.",67,4,False,True,1024,1024,RGB,64104,True,False,True,True,False,False,False,no_direction_or_relation
MapTrain,487,16_673.jpg,"The google map shows a section of Felix Road, which curves through a green area, likely indicating a natural or undeveloped region. The road appears to have several bends and is labeled at two points. There are no other visible geographic entities or landmarks on this map section.",48,1,False,True,1024,1024,RGB,32796,True,False,False,True,False,True,False,no_direction_or_relation
MapTrain,488,16_675.jpg,"The google map shows a section of ""Middle Fork Coyote Creek,"" which flows in a generally east-west direction. The surrounding area is shaded in light green, indicating land or vegetation. The creek is depicted with a blue line, suggesting a waterway.",42,2,False,True,1024,1024,RGB,38067,False,False,True,True,False,False,True,
MapTrain,489,16_676.jpg,"The google map shows a road labeled ""Blue Hill Grde"" running diagonally from the northwest to the southeast. The surrounding area is shaded in green, indicating a natural or undeveloped region. There are no other visible geographic entities or labels on the map.",43,1,False,True,1024,1024,RGB,31165,True,False,False,True,False,True,False,no_direction_or_relation
MapTrain,490,16_678.jpg,"The google map shows a location labeled ""Historic Titan IV booster testing site"" marked with a purple icon. The area is traversed by a few light gray, winding roads. The background is a light beige color, indicating a possibly undeveloped or rural area. There are no other notable geographic features or entities visible on this section of the map.",59,1,False,True,1024,1024,RGB,47758,False,False,False,True,True,True,False,no_direction_or_relation
MapTrain,491,16_679.jpg,"The google map shows a section of ""Middle Fork Coyote Creek"" flowing diagonally from the top left to the bottom right. The surrounding area is shaded in light green, indicating land or vegetation. The creek is depicted as a thin blue line, suggesting a waterway.",45,2,False,True,1024,1024,RGB,35667,False,False,True,True,False,False,True,
MapTrain,492,16_683.jpg,"The google map shows a location labeled ""WM - Guadalupe Rubbish Disposal Facility."" It is situated among several intersecting roads. The surrounding area is shaded in green, indicating open or undeveloped land. There are no additional geographic entities or landmarks visible in this section of the map.",46,1,True,True,1024,1024,RGB,59624,False,False,False,True,True,True,False,no_direction_or_relation;generic_no_feature_claim
MapTrain,493,16_684.jpg,"The google map shows a section of S Hays Rd, which appears to curve and intersect with itself. There is a blue water body to the southwest of the road. The surrounding area is shaded in light green, indicating land or vegetation. There are also thin blue lines suggesting smaller water features or streams.",54,1,False,True,1024,1024,RGB,43861,True,True,True,True,False,False,False,
MapTrain,494,16_685.jpg,"The google map shows a section with two roads, Taglio Road running horizontally and Orchard Road running vertically. There is a blue waterway parallel to Orchard Road on the left side. The area is predominantly green, indicating open or undeveloped land.",41,3,False,True,1024,1024,RGB,44589,True,False,False,True,False,False,True,
MapTrain,495,16_686.jpg,"The google map shows a section of a highway labeled ""101"" running vertically. There is an intersection with a road labeled ""Bailey Ave"" crossing horizontally. A blue line, possibly a river or stream, runs parallel to the highway on the left side. Green lines, likely representing vegetation or park boundaries, are also visible near the waterway.",56,3,False,True,1024,1024,RGB,92349,True,False,True,True,False,True,True,
MapTrain,496,16_687.jpg,"The google map shows a location labeled ""Skeels Meadow Camp"" with a camping icon. Two roads, Hobbs Rd and Blue Ridge Rd, are visible. A river or stream is on the right side of the map. The area is predominantly green, indicating a natural or forested region.",47,3,False,True,1024,1024,RGB,44299,True,False,True,True,True,True,True,
MapTrain,497,16_689.jpg,"The google map shows a section of Santa Cruz Highway (Highway 17) running vertically along the left side. A river or stream is depicted meandering through the center of the map. The surrounding area is shaded in green, indicating a natural or forested region.",44,1,False,True,1024,1024,RGB,55627,True,False,True,True,False,False,True,
MapTrain,498,16_69.jpg,"The google map shows a section of an area with a major road labeled ""Rte 202"" running vertically. To the left, there is a smaller road labeled ""Pebble Hill Rd"" intersecting with ""Rte 202."" A water feature, possibly a stream or small river, runs parallel to ""Rte 202"" and crosses under ""Pebble Hill Rd."" Another road, ""Christopher Ln,"" is visible at the bottom right, running horizontally. The area is surrounded by green, indicating vegetation or parkland.",76,9,False,True,1024,1024,RGB,65570,True,False,True,True,False,True,True,
MapTrain,499,16_690.jpg,"The google map shows a section of a green area, indicating a natural or park region. It features the ""Summit of Manzanita Trail,"" marked with a hiking icon. The area is surrounded by contour lines, suggesting elevation changes. There are no visible roads or bodies of water in this section.",50,1,False,True,1024,1024,RGB,50949,False,False,True,True,True,False,False,no_direction_or_relation
MapTrain,500,16_691.jpg,"The google map shows a section of a trail labeled ""Kennedy Trail."" The trail is depicted with dashed lines, indicating a path or hiking route. The surrounding area is shaded in green, suggesting a natural or park area. There are no other geographic entities or landmarks visible on this section of the map.",53,1,False,True,1024,1024,RGB,37218,True,False,False,True,False,True,False,no_direction_or_relation
MapTrain,501,16_692.jpg,"The google map shows a section of Hicks Road, which curves through a predominantly green area, indicating a natural or undeveloped region. A blue line runs parallel to part of the road, suggesting the presence of a water feature such as a stream or river.",45,1,False,True,1024,1024,RGB,33061,True,False,True,True,False,False,False,no_direction_or_relation
MapTrain,502,16_693.jpg,"The google map shows a section of land with a road labeled ""Hicks Rd"" running through it. A creek named ""Guadalupe Creek"" is depicted parallel to the road. The area is shaded in green, indicating a natural or park area. There are also dashed lines suggesting trails or boundaries.",49,4,False,True,1024,1024,RGB,48657,True,False,True,True,False,True,False,no_direction_or_relation
MapTrain,503,16_695.jpg,"The google map shows a section of Las Animas Creek, which flows in a generally north-south direction. The creek is depicted in blue, indicating a waterway. The surrounding area is shown in a neutral color, suggesting land. There are no additional geographic entities or labels visible in this section of the map.",53,1,True,True,1024,1024,RGB,31960,False,False,True,False,False,False,True,generic_no_feature_claim
MapTrain,504,16_697.jpg,"The google map shows a light green area with a blue line running diagonally from the bottom left to the top right, indicating a waterway. The label ""Water Gulch"" is positioned near the center-right, suggesting a named location or feature. There are no other visible geographic entities or labels.",50,2,False,True,1024,1024,RGB,32617,False,False,True,True,False,True,True,
MapTrain,505,16_698.jpg,"The google map shows a network of roads in a green area. Reynolds Road is prominently displayed, winding through the landscape. Hicks Road is located at the top right corner, intersecting with Reynolds Road. The area appears to be predominantly green, suggesting a natural or rural setting.",47,3,False,True,1024,1024,RGB,50462,True,True,False,True,False,False,True,
MapTrain,506,16_699.jpg,"The google map shows a section of Hicks Road running horizontally across the image. A river or stream runs parallel to the road, slightly above it. The surrounding area is shaded green, indicating vegetation or a natural landscape.",38,1,False,True,1024,1024,RGB,40248,True,False,True,True,False,False,False,no_direction_or_relation
MapTrain,507,16_7.jpg,"The google map shows an intersection of two roads: Walnford Road and Holmes Mill Road. Holmes Mill Road runs in a generally north-south direction, while Walnford Road intersects it from the northwest. The surrounding area is shaded in green, indicating open or undeveloped land.",45,3,False,True,1024,1024,RGB,48998,True,False,False,True,False,False,True,
MapTrain,508,16_70.jpg,"The google map shows a small network of roads. Cherry Ln runs vertically and intersects with Springs Dr, which curves to connect with Dogwood Ln. Dogwood Ln appears twice, forming a loop with Springs Dr. There is a green area in the top left corner, indicating a possible park or natural feature.",52,4,False,True,1024,1024,RGB,56015,True,True,False,True,False,False,True,
MapTrain,509,16_700.jpg,"The google map shows a network of light blue lines representing waterways, with one labeled ""Calero, Arroyo."" These waterways intersect with gray lines, likely indicating roads. The layout suggests a rural or less densely populated area with a focus on natural features.",42,1,False,True,1024,1024,RGB,60620,False,True,False,True,False,True,False,
MapTrain,510,16_701.jpg,"The google map shows an area labeled ""Middle Ridge."" It features a dashed line indicating a boundary or path running through the region. The map background is shaded in light green, suggesting a natural or rural area. There are no additional geographic entities or landmarks visible.",46,1,True,True,1024,1024,RGB,33686,False,False,False,True,False,True,False,no_direction_or_relation;generic_no_feature_claim
MapTrain,511,16_703.jpg,"The google map shows a section of Coyote Creek, which flows through a light beige area, likely representing land. The creek is depicted in blue, indicating water. Surrounding the creek, there are green areas, possibly representing vegetation or parkland. The creek has several branches and small bodies of water nearby.",50,1,False,True,1024,1024,RGB,74823,False,False,True,True,False,False,False,no_direction_or_relation
MapTrain,512,16_704.jpg,"The google map shows a section of Reynolds Road, which curves through a green area, indicating a natural or undeveloped region. The road appears to have multiple bends and is surrounded by a light green background, suggesting vegetation or forested land. There are no visible intersections or additional geographic entities marked on this portion of the map.",57,1,False,True,1024,1024,RGB,40754,True,False,False,True,False,False,False,no_direction_or_relation
MapTrain,513,16_706.jpg,"The google map shows the Coyote Creek Golf Club area. It features a network of roads, including Coyote Creek Golf Dr. There are water bodies, likely ponds or streams, depicted in blue. A parking area is marked with a ""P"" symbol. The surrounding area is green, indicating vegetation or open space.",51,2,False,True,1024,1024,RGB,89369,True,False,True,True,False,False,False,no_direction_or_relation
MapTrain,514,16_708.jpg,"The google map shows a light green area with a blue line labeled ""Hoover Creek"" running diagonally from the bottom left to the top right. The creek is the only labeled geographic feature visible on this section of the map.",40,2,False,True,1024,1024,RGB,26785,False,False,True,True,False,True,True,
MapTrain,515,16_709.jpg,"The google map shows a section of Collier Canyon Road, which runs vertically through the center. There are a few intersecting roads branching off horizontally. The background is a light beige color, indicating a non-urban area. No additional geographic features or labels are present.",45,1,True,True,1024,1024,RGB,38678,True,False,False,False,False,False,False,no_direction_or_relation;generic_no_feature_claim
MapTrain,516,16_71.jpg,"The google map shows a section of a road network with three labeled roads: Aaronson Rd, Sherwood Ln, and White Pine Rd. Aaronson Rd runs vertically and intersects with White Pine Rd, which runs horizontally. Sherwood Ln branches off from Aaronson Rd. The surrounding area is shaded in light green, indicating possible green spaces or undeveloped land.",57,6,False,True,1024,1024,RGB,50018,True,False,False,True,False,True,False,no_direction_or_relation
MapTrain,517,16_710.jpg,"The google map shows a section of McKean Road, which runs diagonally from the top left to the bottom right. Cherry Cyn Road intersects McKean Road from the bottom right. There are several blue lines indicating water features, such as streams or creeks, running parallel and intersecting the roads. The area appears to be a mix of roads and natural features.",61,3,False,True,1024,1024,RGB,72247,True,False,True,False,False,False,True,
MapTrain,518,16_712.jpg,"The google map shows a section of an area with a road labeled ""Cottonwood Rd"" running horizontally. There are two blue lines, likely representing waterways, intersecting the road. A light green area is visible on the right side, indicating a different type of land cover, possibly a park or forested area. The background is a light beige color, suggesting a general land area.",63,2,False,True,1024,1024,RGB,39115,True,False,False,True,False,True,True,
MapTrain,519,16_714.jpg,"The google map shows the Brushy Peak Regional Preserve, which is highlighted in green. There are two small blue areas within the preserve, indicating bodies of water. A light purple line runs through the area, suggesting a road or trail. The surrounding area is also green, indicating a natural or undeveloped region.",52,0,False,True,1024,1024,RGB,47197,True,False,True,True,False,False,False,no_named_feature;no_direction_or_relation
MapTrain,520,16_715.jpg,"The google map shows a section of land with two creeks, Rincon Creek and Guadalupe Creek, running through it. Hicks Road is depicted running parallel to Guadalupe Creek. The area is predominantly green, indicating a natural or undeveloped landscape. The creeks intersect near Hicks Road.",45,5,False,True,1024,1024,RGB,50505,True,True,True,True,False,False,False,
MapTrain,521,16_717.jpg,"The google map shows a region labeled ""Cape Horn Pass."" It features a light green background, indicating a land area, with dashed lines suggesting boundaries or paths. The map does not display any additional geographic entities or notable landmarks.",39,1,False,True,1024,1024,RGB,38247,False,False,False,True,False,True,False,no_direction_or_relation
MapTrain,522,16_718.jpg,"The google map shows a section of a road network with ""Almaden Rd"" running vertically. ""Mountain Dr"" intersects Almaden Rd horizontally. There are several smaller, unnamed roads branching off. The map includes areas shaded in different colors, indicating varied land use or terrain. A blue line suggests a water feature near Almaden Rd.",53,6,False,True,1024,1024,RGB,49400,True,False,True,False,False,False,False,no_direction_or_relation
MapTrain,523,16_719.jpg,"The google map shows the Calero Reservoir, depicted in blue, surrounded by beige land areas. The reservoir has an irregular shape with several inlets and extensions. There are no additional geographic entities or labels visible in this section of the map.",41,1,True,True,1024,1024,RGB,37938,False,False,False,False,False,False,False,no_direction_or_relation;generic_no_feature_claim
MapTrain,524,16_721.jpg,"The google map shows an area labeled ""Cedar Gulch."" A road or path runs through the area, curving slightly. The map is divided into two sections: a beige area on the left and a light green area on the right, indicating different types of land or usage.",47,2,False,True,1024,1024,RGB,30820,True,False,False,True,False,True,True,
MapTrain,525,16_722.jpg,"The google map shows a section of the West Side Freeway (I-5) running vertically. To the right of the freeway, there is a light blue waterway running parallel to it. The freeway and the waterway are separated by a small distance.",42,0,False,True,1024,1024,RGB,61056,False,False,False,False,False,False,True,no_named_feature
MapTrain,526,16_723.jpg,"The google map shows a section of Soda Springs Road, which curves through a predominantly green area, indicating a natural or rural landscape. The road appears to have several bends and is the primary feature visible in this section.",39,1,False,True,1024,1024,RGB,29419,True,False,False,True,False,False,False,no_direction_or_relation
MapTrain,527,16_724.jpg,"The google map shows an area labeled ""English Camp,"" marked with a castle icon, indicating a point of interest. The surrounding area is green, suggesting a natural or park-like setting. There are dashed lines representing trails or paths, with one solid green line indicating a main route or boundary.",50,1,False,True,1024,1024,RGB,56187,True,False,False,True,True,True,False,no_direction_or_relation
MapTrain,528,16_725.jpg,"The google map shows a body of water with two labeled areas: Cherry Canyon and Oak Cove. Cherry Canyon is located to the southwest, while Oak Cove is to the northeast. The surrounding areas are depicted in green, indicating land, with dashed lines suggesting possible trails or boundaries.",48,2,False,True,1024,1024,RGB,45872,False,False,True,True,False,True,False,no_direction_or_relation
MapTrain,529,16_726.jpg,"The google map shows an intersection of Santa Teresa Blvd and Hale Ave, with Scheller Ave connecting to Santa Teresa Blvd. Boulay Ct is a short street branching off Scheller Ave. The area appears to be a grid-like road network.",41,4,False,True,1024,1024,RGB,54107,True,False,False,False,False,False,False,no_direction_or_relation
MapTrain,530,16_731.jpg,"The google map shows a section of the Middle Fork Coyote Creek running vertically through the area. The creek is depicted in blue, indicating a waterway. The surrounding area is shaded in light green, suggesting land or vegetation. There are dashed lines nearby, which may represent trails or boundaries.",49,1,False,True,1024,1024,RGB,40774,False,False,True,True,False,False,False,no_direction_or_relation
MapTrain,531,16_732.jpg,"The google map shows a region with a light green background, indicating a natural or undeveloped area. A blue line, likely representing a river or stream, runs across the lower part of the map. The label ""Kelly Cabin Canyon"" is positioned near the blue line, suggesting the name of the geographic feature or area.",54,2,False,True,1024,1024,RGB,34238,False,False,True,True,False,True,False,no_direction_or_relation
MapTrain,532,16_733.jpg,"The google map shows a section of East Fork Coyote Creek, which flows in a generally north-south direction. The creek is depicted in blue, winding through a light green area, likely indicating a natural or undeveloped region. There are no other geographic entities or labels visible on this map segment.",51,1,False,True,1024,1024,RGB,43323,False,False,True,True,False,False,True,
MapTrain,533,16_734.jpg,"The google map shows a location labeled ""Hidalgo Cemetery."" It is marked with an icon indicating a cemetery. A dashed line, possibly representing a path or boundary, is visible near the label. The background is a uniform green, suggesting a natural or undeveloped area.",44,1,False,True,1024,1024,RGB,32288,False,False,False,True,True,True,False,no_direction_or_relation
MapTrain,534,16_735.jpg,"The google map shows a section of Kalana Ave, which runs horizontally across the image. The surrounding area is shaded in green, indicating a likely natural or undeveloped region. There are no additional geographic entities or landmarks visible on this map section.",42,1,True,True,1024,1024,RGB,29885,True,False,False,True,False,False,False,no_direction_or_relation;generic_no_feature_claim
MapTrain,535,16_736.jpg,"The google map shows a section of Monterey Highway running diagonally from the northwest to the southeast. Parallel lines indicate a railway track adjacent to the highway. The surrounding area is lightly colored, suggesting open or undeveloped land, with some intersecting roads visible.",43,1,False,True,1024,1024,RGB,53609,True,False,False,True,False,False,False,no_direction_or_relation
MapTrain,536,16_738.jpg,"The google map shows a section of Coyote Creek, depicted as a blue line meandering through the area. The creek is surrounded by green lines, likely indicating elevation or vegetation boundaries. The background is a light beige color, suggesting land or terrain. There are no other notable geographic entities or features visible in this section of the map.",58,1,False,True,1024,1024,RGB,58494,False,False,True,True,False,False,False,no_direction_or_relation
MapTrain,537,16_739.jpg,"The google map shows a section of a highway labeled ""101"" running vertically. There are two parallel blue lines representing the highway. To the right, a light blue line indicates a river or stream running parallel to the highway. Additional blue lines are visible at the bottom left, suggesting more waterways. Green dashed lines are present, possibly indicating trails or boundaries. The background is a light beige color, likely representing land.",71,1,False,True,1024,1024,RGB,89856,True,False,True,True,False,True,True,
MapTrain,538,16_74.jpg,"The google map shows a section of a geographic area featuring two roads, Don Connor Blvd and Wilson Blvd, intersecting each other. A river labeled ""Toms River"" runs near these roads, with a winding path. The surrounding area is shaded in light green, indicating land.",45,2,False,True,1024,1024,RGB,58446,False,False,True,True,False,True,False,no_direction_or_relation
MapTrain,539,16_740.jpg,"The google map shows a portion of Anderson Lake, depicted in blue. The lake is surrounded by light green areas, indicating land. The name ""Anderson Lake"" is labeled on the water body.",32,3,False,True,1024,1024,RGB,28180,False,False,True,True,False,True,False,no_direction_or_relation
MapTrain,540,16_741.jpg,"The google map shows a section of Frost Road, which curves through the area. Packwood Creek runs parallel to part of the road, flowing in a generally east-west direction. The surrounding area is shaded in green, indicating a natural or undeveloped landscape.",43,2,False,True,1024,1024,RGB,41751,True,False,True,True,False,False,True,
MapTrain,541,16_742.jpg,"The google map shows a green area labeled ""Raven Pond"" with a small blue water body nearby. The green area likely represents land, while the blue indicates water. There is a small icon next to ""Raven Pond,"" suggesting a point of interest or facility.",44,2,False,True,1024,1024,RGB,28991,False,False,True,True,True,True,False,no_direction_or_relation
MapTrain,542,16_743.jpg,"The google map shows an area labeled ""Long Gulch."" There is a light blue water feature, possibly a river or stream, running from the right side towards the bottom left. The surrounding area is mostly beige, indicating land. The water feature appears to curve slightly as it moves across the map.",51,2,False,True,1024,1024,RGB,34736,False,False,True,False,False,True,True,
MapTrain,543,16_744.jpg,"The google map shows a geographic area labeled ""Sulphur Spring Gulch."" A road or path runs diagonally across the map from the bottom left to the top right. The background is a light beige color, indicating land or terrain.",39,2,False,True,1024,1024,RGB,33207,True,False,False,False,False,True,True,
MapTrain,544,16_745.jpg,"The google map shows a section of a road labeled ""The Cross Rd."" The road appears to have a winding path, with several curves. The surrounding area is shaded in green, indicating a likely natural or undeveloped region. There are no additional geographic entities or landmarks visible on this map section.",51,2,True,True,1024,1024,RGB,36760,True,False,False,True,False,True,False,no_direction_or_relation;generic_no_feature_claim
MapTrain,545,16_747.jpg,"The google map shows a section of the San Joaquin River, which flows in a generally north-south direction. The river is depicted in blue, surrounded by light green areas that likely represent land. There are no additional geographic entities or labels visible in this section of the map.",49,1,True,True,1024,1024,RGB,43882,False,False,True,True,False,False,True,generic_no_feature_claim
MapTrain,546,16_748.jpg,"The google map shows a section of Hicks Road, which runs horizontally across the image. The surrounding area is shaded in green, indicating a natural or undeveloped region. The road appears to curve slightly as it moves from left to right. There are no additional geographic entities or landmarks labeled on this map segment.",54,1,True,True,1024,1024,RGB,30132,True,False,False,True,False,True,True,generic_no_feature_claim
MapTrain,547,16_749.jpg,"The google map shows a section of Dunne Avenue, which curves slightly as it transitions into East Dunne Avenue. The surrounding area is shaded in green, indicating a natural or undeveloped region. There are no additional geographic entities or landmarks visible in this section.",44,2,True,True,1024,1024,RGB,33451,True,False,False,True,False,False,True,generic_no_feature_claim
MapTrain,548,16_75.jpg,"The google map shows a region with a road labeled ""Bobbi's Terrace"" running through it. The area to the left of the road is shaded in green, indicating a possible park or forested area. There are a few smaller, unnamed roads branching off to the right of Bobbi's Terrace. The map does not display any additional geographic entities or landmarks.",62,1,False,True,1024,1024,RGB,31526,True,False,False,True,False,True,True,
MapTrain,549,16_754.jpg,"The google map shows a region with two distinct color areas: a light green area on the left and a beige area on the right. The label ""Eagle Spring"" is located within the light green area, indicating a geographic feature or location. The boundary between the two areas is diagonal, running from the bottom left to the top right.",59,1,False,True,1024,1024,RGB,23047,False,False,False,True,False,True,True,
MapTrain,550,16_756.jpg,"The google map shows a section of Butts Road running horizontally. A blue river or stream runs vertically, crossing the road. The background is a light beige color, indicating land.",30,1,False,True,1024,1024,RGB,34188,True,False,True,False,False,False,False,no_direction_or_relation
MapTrain,551,16_757.jpg,"The google map shows a location labeled ""Hammond Woodworking."" The area is predominantly green, indicating a natural or rural setting. There are a few light gray lines, suggesting roads or pathways, with no other labeled geographic entities visible.",38,1,False,True,1024,1024,RGB,33819,False,False,False,True,False,True,False,no_direction_or_relation
MapTrain,552,16_758.jpg,"The google map shows a location labeled ""Big Oak Ranch/Big Oak Equestrian"" marked by a pin. There is a light green area to the northeast, indicating a possible park or forested region. A light gray road is visible, curving through the area near the label. The background is mostly beige, suggesting land or open space.",56,1,False,True,1024,1024,RGB,42685,True,False,False,True,False,True,False,no_direction_or_relation
MapTrain,553,16_76.jpg,"The google map shows a small area with several roads and a business location. ""Reme and Associates"" is marked on Rose Terrace. Jennifer Way and Woods Rd are two other roads in the vicinity. The roads form a network with some intersections. The area appears to be part of a residential or commercial neighborhood.",54,3,False,True,1024,1024,RGB,59383,True,False,False,False,True,False,False,no_direction_or_relation
MapTrain,554,16_760.jpg,"The google map shows a section of Crow Canyon Road running vertically on the right side. A blue line, possibly indicating a stream or small river, runs parallel to the road. Several smaller roads or paths branch off from Crow Canyon Road. ""Damanakis Nursery & Landscaping"" is marked on the map, located to the left of the road and near the blue line. The surrounding area appears to be green, suggesting open or undeveloped land.",74,3,False,True,1024,1024,RGB,70387,True,False,True,True,False,False,True,
MapTrain,555,16_761.jpg,"The google map shows a section of Herbert Creek, depicted as a blue line running diagonally from the northwest to the southeast. The surrounding area is shaded in light green, indicating land. There are no additional geographic entities or labels visible in this section of the map.",47,1,True,True,1024,1024,RGB,32951,False,False,True,True,False,False,False,no_direction_or_relation;generic_no_feature_claim
MapTrain,556,16_762.jpg,"The google map shows a light green area with a road labeled ""GB"" running horizontally across the center. There are several smaller roads branching off from the main road. A blue line, likely representing a waterway, crosses the map diagonally from the bottom left to the top right. There is a small blue triangle in the upper left corner, possibly indicating a water feature.",64,0,False,True,1024,1024,RGB,42035,True,True,True,True,False,True,True,no_named_feature
MapTrain,557,16_764.jpg,"The google map shows a section of Willow Springs Road, which curves through the area. The road is the primary feature visible, with no additional geographic entities or landmarks marked in the immediate vicinity. The background is a plain, light color, indicating a lack of detailed topographical or urban features.",50,1,True,True,1024,1024,RGB,32876,True,False,False,False,False,False,False,no_direction_or_relation;generic_no_feature_claim
MapTrain,558,16_765.jpg,"The google map shows a section of a road network. The main feature is the S Valley Freeway (Highway 101), running diagonally from the northwest to the southeast. Parallel to it is Condit Road, which intersects with Half Road at the top of the map. The roads are depicted with clear labels, and the area appears to be in a suburban or semi-urban setting.",65,3,False,True,1024,1024,RGB,90016,True,False,False,False,False,False,True,
MapTrain,559,16_766.jpg,"The google map shows a section of Llagas Creek running vertically through the center. A road labeled ""G8"" runs parallel to the creek on the right side. There is a small body of water or pond to the left of the creek. The area is depicted with a light green background, indicating land.",53,1,False,True,1024,1024,RGB,44200,True,False,True,True,False,True,True,
MapTrain,560,16_768.jpg,"The google map shows a section of Willow Springs Road running vertically. To the east of the road is a blue line indicating a waterway. At the top of the map, Willow Heights Mansion is marked with a purple icon.",40,1,False,True,1024,1024,RGB,51098,True,False,False,False,True,False,True,
MapTrain,561,16_77.jpg,"The google map shows a section labeled ""Toms River Headwaters."" A blue line represents the river, flowing diagonally from the top left to the bottom right. The surrounding area is shaded in light green, indicating land or vegetation.",38,2,False,True,1024,1024,RGB,38712,False,False,True,True,False,True,True,
MapTrain,562,16_770.jpg,"The google map shows a section of Mississippi Creek, which flows diagonally from the top left to the bottom right. The surrounding area is shaded in light green, indicating land. The creek is labeled in blue text, and there are no other geographic entities or features visible on this map section.",51,1,False,True,1024,1024,RGB,33608,False,False,True,True,False,True,True,
MapTrain,563,16_773.jpg,"The google map shows a section of Mississippi Creek, which flows in a generally east-west direction. The creek is depicted in blue, indicating a waterway, and is set against a light green background, likely representing the surrounding land area.",40,1,False,True,1024,1024,RGB,33378,False,False,True,True,False,False,True,
MapTrain,564,16_774.jpg,"The google map shows a body of water labeled ""Lake Elsman."" The lake is depicted in blue, surrounded by a light green area representing land. The lake has an irregular shape with several inlets and extensions.",36,1,False,True,1024,1024,RGB,32246,False,False,True,True,False,True,False,no_direction_or_relation
MapTrain,565,16_775.jpg,"The google map shows a section of North Fork Pacheco Creek, depicted as a light blue line running horizontally across a light green background. The creek is labeled with its name along its path. There are no additional geographic entities or features visible on this map section.",47,1,True,True,1024,1024,RGB,33766,False,False,True,True,False,True,True,generic_no_feature_claim
MapTrain,566,16_776.jpg,"The google map shows a section of McCabe Road, which runs in a generally east-west direction. To the northeast of the road, there is a blue area indicating a body of water. The surrounding area appears to be a light beige color, suggesting land or undeveloped terrain.",48,1,False,True,1024,1024,RGB,31996,True,False,True,True,False,False,True,
MapTrain,567,16_777.jpg,"The google map shows a section of Los Gatos Creek, which flows in a curved path from the left to the right. The surrounding area is shaded in light green, indicating land, while the creek is depicted in blue. There are no additional geographic entities or labels visible in this section of the map.",54,1,True,True,1024,1024,RGB,31522,False,False,True,True,False,False,True,generic_no_feature_claim
MapTrain,568,16_778.jpg,"The google map shows an area labeled ""El Toro"" with a castle icon, indicating a point of interest. The surrounding area is shaded in light green, suggesting a park or natural area, while the top right corner is shaded in beige, possibly indicating a different type of land use or terrain.",51,1,False,True,1024,1024,RGB,26984,False,True,False,True,True,True,True,
MapTrain,569,16_779.jpg,"The google map shows a location labeled ""Kelly Lake"" with a tree icon, indicating a natural or recreational area. There is a restroom symbol located to the north of the lake. The map features light green areas representing land and light blue areas indicating water. Paths or roads are depicted as lines connecting these features.",55,2,False,True,1024,1024,RGB,52811,False,False,True,True,True,True,True,
MapTrain,570,16_78.jpg,"The google map shows a section of a road network with three labeled streets: Park Ave, Ocala St, and Paul Rd. Park Ave runs vertically, intersecting with Ocala St and Paul Rd. Ocala St is positioned to the left of Park Ave, while Paul Rd is at the top, running horizontally. The surrounding area is shaded in light green, indicating open space or undeveloped land.",65,7,False,True,1024,1024,RGB,39011,True,False,False,True,False,True,True,
MapTrain,571,16_780.jpg,"The google map shows a location labeled ""Hawk, Rock & Barrel Vineyards,"" which is marked as temporarily closed. There are a few light gray lines indicating roads or paths leading to or from the vineyard. The surrounding area appears to be relatively featureless, suggesting a rural or undeveloped region.",48,1,False,True,1024,1024,RGB,44065,False,False,False,True,False,True,False,no_direction_or_relation
MapTrain,572,16_781.jpg,"The google map shows a location labeled ""Moose Mountain Vineyards."" There is a road running through the area, with a small body of water nearby. The map is set against a light background, indicating a rural or less densely populated area.",41,1,False,True,1024,1024,RGB,45386,True,False,True,True,False,True,False,no_direction_or_relation
MapTrain,573,16_782.jpg,"The google map shows a section of Little Uvas Creek running parallel to Little Uvas Road. The creek and road are situated in a predominantly green area, indicating a natural or rural setting. There is a beige area to the right, suggesting a different type of land use or terrain.",50,2,False,True,1024,1024,RGB,43735,True,False,True,True,False,False,True,
MapTrain,574,16_784.jpg,"The google map shows a section of Los Gatos Creek, which flows in a generally southwest to northeast direction. The creek is depicted in light blue, indicating a waterway, and is surrounded by a light green area, suggesting a natural or undeveloped region. There are no additional geographic entities or landmarks visible in this section of the map.",58,1,True,True,1024,1024,RGB,33021,False,False,True,True,False,False,False,no_direction_or_relation;generic_no_feature_claim
MapTrain,575,16_785.jpg,"The google map shows a location marked as ""DreamBuilders"" with a pin icon. It is situated along a network of light gray roads on a green background, indicating a possible rural or undeveloped area. The roads appear to be winding and interconnected.",42,1,False,True,1024,1024,RGB,35564,False,False,False,True,True,False,False,no_direction_or_relation
MapTrain,576,16_787.jpg,"The google map shows two roads: Fifield Road and Red Mountain Road. Fifield Road appears to have a winding path, intersecting with itself at one point. Red Mountain Road branches off from Fifield Road towards the top right of the map. The background is a plain, light color, indicating no additional geographic features are marked.",55,4,True,True,1024,1024,RGB,49974,True,False,False,False,False,False,True,generic_no_feature_claim
MapTrain,577,16_788.jpg,"The google map shows a body of water labeled ""Cottonwood Bay."" The bay is depicted in blue, with irregular, jagged edges indicating the shoreline. Surrounding the bay is a beige area, likely representing land. The map focuses on the bay itself, with no additional geographic entities or labels visible.",49,2,True,True,1024,1024,RGB,37818,False,False,True,False,False,True,False,no_direction_or_relation;generic_no_feature_claim
MapTrain,578,16_79.jpg,"The google map shows a section of Cranbury Brook, which flows in a generally north-south direction. The brook is depicted in blue, indicating a water feature, and is surrounded by a light green area, likely representing land. The brook has a few bends and curves along its course.",49,0,False,True,1024,1024,RGB,38465,False,False,True,True,False,False,True,no_named_feature
MapTrain,579,16_792.jpg,"The google map shows a body of water labeled ""Cottonwood Creek."" A road marked with the number 152 runs parallel to the creek. The area surrounding the creek and road is depicted in light beige, indicating land.",37,2,False,True,1024,1024,RGB,52014,True,False,True,False,False,True,False,no_direction_or_relation
MapTrain,580,16_795.jpg,"The google map shows a section of Oak Glen Avenue, which runs in a generally north-south direction. A blue line, likely representing a waterway, runs parallel to the road. The surrounding area is shaded in light green, indicating a park or natural area. There are a few smaller roads intersecting or branching off from Oak Glen Avenue.",58,2,False,True,1024,1024,RGB,50441,True,False,False,True,False,False,True,
MapTrain,581,16_796.jpg,"The google map shows a section of Llagas Creek, which flows from the left to the right side of the image. There is a body of water, possibly a lake or pond, located in the lower right corner. The surrounding area appears to be land, with no additional geographic features labeled.",51,1,True,True,1024,1024,RGB,35609,False,True,True,False,False,True,True,generic_no_feature_claim
MapTrain,582,16_799.jpg,"The google map shows a section of Soquel Creek, which flows in a generally east-west direction. The surrounding area is shaded in light green, indicating land or vegetation. There are no additional geographic entities or labels visible on this map segment.",42,1,True,True,1024,1024,RGB,31669,False,False,True,True,False,False,True,generic_no_feature_claim
MapTrain,583,16_8.jpg,"The google map shows a section of Harvey Road running vertically. To the right, there are two blue lines representing streams or small rivers. At the bottom, there is a marked location labeled ""Scrub-A-Dub Doggie."" The surrounding area is shaded in light green, indicating open or undeveloped land.",50,2,False,True,1024,1024,RGB,57674,True,False,False,True,False,True,True,
MapTrain,584,16_800.jpg,"The google map shows a section of the Little Uvas Open Space Preserve, marked with a tree icon. A road labeled ""GB"" runs vertically through the area. To the right of the road is a creek, depicted with a blue line. There are also some blue shapes on the left side, possibly indicating bodies of water. The background is a light green, suggesting a natural or park area.",68,0,False,True,1024,1024,RGB,59456,True,False,True,True,True,True,True,no_named_feature
MapTrain,585,16_801.jpg,"The google map shows a network of roads in a rural area. Armsby Lane and Griffis Way are the primary roads depicted. Armsby Lane appears to curve and intersect with Griffis Way. The surrounding area is shaded green, indicating a likely natural or undeveloped region.",45,4,False,True,1024,1024,RGB,41281,True,True,False,True,False,False,False,
MapTrain,586,16_803.jpg,"The google map shows a location labeled ""Cadillac Ranch"" situated near a road network. To the southwest, there is another label, ""Amen Bee Products."" A road named ""California Ave"" runs horizontally across the lower part of the map. The area appears to have a few intersecting roads, with Cadillac Ranch located near the center.",54,4,False,True,1024,1024,RGB,56042,True,False,False,False,False,True,False,no_direction_or_relation
MapTrain,587,16_804.jpg,"The google map shows a road labeled ""Gilroy Hot Springs"" running vertically. A blue line, likely representing a river or stream, runs parallel to the road on its left side. The surrounding area is shaded in light green, indicating a natural or undeveloped region.",44,1,False,True,1024,1024,RGB,38472,True,False,True,True,False,True,True,
MapTrain,588,16_806.jpg,"The google map shows a location labeled ""Rodeo Pond,"" marked with a tree icon, indicating a natural feature. There is a restroom nearby, marked with a restroom icon. The area is surrounded by green, suggesting a park or natural area. A road or path runs near these features.",48,1,False,True,1024,1024,RGB,46423,True,False,True,True,True,True,False,no_direction_or_relation
MapTrain,589,16_807.jpg,"The google map shows the location of the Cottonwood Creek Wildlife Area, marked by a green icon with a tree symbol. The surrounding area appears to be blank, indicating a lack of additional geographic features or labels in the immediate vicinity.",41,1,False,True,1024,1024,RGB,35953,False,False,True,True,True,False,False,no_direction_or_relation
MapTrain,590,16_808.jpg,"The google map shows an area labeled ""Dunn Canyon."" It features a blue shape, likely representing a body of water or a geographic depression, set against a light green background, which may indicate land. The blue area has irregular boundaries, suggesting natural formations.",43,2,False,True,1024,1024,RGB,33941,False,False,True,True,False,True,False,no_direction_or_relation
MapTrain,591,16_809.jpg,"The google map shows a road labeled ""Gilroy Hot Springs"" running through a green area, which likely represents a natural or park region. The road curves gently from the top left to the bottom right of the map. There are no other visible geographic entities or labels.",47,1,False,True,1024,1024,RGB,39546,True,False,False,True,False,True,True,
MapTrain,592,16_81.jpg,"The google map shows a section of a road network. ""Street Rd"" runs vertically through the center. ""Tullamore Cir"" branches off to the left of ""Street Rd"" in a curved manner. ""Nottingham Ln"" extends diagonally from the right side of ""Street Rd."" The area is depicted with a light green background, indicating a possible open or undeveloped space.",58,9,False,True,1024,1024,RGB,50428,True,False,False,True,False,False,True,
MapTrain,593,16_811.jpg,"The google map shows a section of Ffield Road, which curves from the southwest to the northeast. There is a small blue water body located to the northeast of the road. The surrounding area appears to be a mix of light and beige tones, indicating different land uses or terrain types.",51,1,False,True,1024,1024,RGB,33767,True,False,True,False,False,False,False,no_direction_or_relation
MapTrain,594,16_812.jpg,"The google map shows a section of a road labeled ""152"" running horizontally. There is a marked location called ""Scenic View Point"" along this road, indicated by a purple icon with a camera symbol. The surrounding area appears to be a light beige color, suggesting open land or a non-urban area.",52,2,False,True,1024,1024,RGB,45777,True,False,False,False,True,True,False,no_direction_or_relation
MapTrain,595,16_815.jpg,"The google map shows a body of water labeled ""Hay Canyon"" surrounded by green areas, indicating land. A road marked ""GB"" runs parallel to the water on the left side of the map. The spatial relationship suggests the road is close to the water's edge.",46,2,False,True,1024,1024,RGB,38025,True,False,True,True,False,True,True,
MapTrain,596,16_816.jpg,"The google map shows a location labeled ""Vienmerisce American Society"" with an icon indicating a building or institution. There is a small blue area to the northeast, suggesting a body of water. The surrounding area appears to be mostly open or undeveloped land.",43,1,False,True,1024,1024,RGB,37736,False,False,True,True,True,True,False,no_direction_or_relation
MapTrain,597,16_817.jpg,"The google map shows a section of a road labeled ""Gilroy Hot Springs"" running in a generally north-south direction. The surrounding area is shaded in light green, indicating a natural or park area. The road follows a curved path, suggesting it may be following a natural feature like a river or valley.",53,1,False,True,1024,1024,RGB,40757,True,False,True,True,False,True,True,
MapTrain,598,16_818.jpg,"The google map shows a location labeled ""O'Neill Forebay Rentals"" near a body of water. The area is intersected by several roads, with the water situated to the east. The surrounding land appears to be light-colored, indicating a possible open or undeveloped area.",45,1,False,True,1024,1024,RGB,49153,False,False,True,True,False,True,True,
MapTrain,599,16_819.jpg,"The google map shows a location labeled ""Uvas Gold Apiary"" situated near a body of water. A road marked ""G8"" runs parallel to the water. The surrounding area is predominantly green, indicating vegetation or open land. There are a few smaller roads branching off from the main road.",48,1,False,True,1024,1024,RGB,49747,True,False,True,True,False,True,False,no_direction_or_relation
MapTrain,600,16_82.jpg,"The google map shows a section of an area with a few roads and a marked location labeled ""Fedex."" The roads are depicted in light gray, intersecting and forming a network. There is a small blue area at the top, possibly indicating water. The background is mostly beige, suggesting land or undeveloped space. The marked location is situated near the bottom of the map.",64,1,False,True,1024,1024,RGB,44873,False,False,True,True,False,True,True,
MapTrain,601,16_820.jpg,"The google map shows a section of Sycamore Ave running vertically. Several smaller roads branch off from Sycamore Ave, extending to the right. The background is a light green color, indicating a possible park or undeveloped area. There are no additional labels or geographic features visible.",46,2,False,True,1024,1024,RGB,40486,True,False,False,True,False,False,True,
MapTrain,602,16_824.jpg,"The google map shows a green area labeled ""Old Logging Camp Area"" with a tree icon, indicating a forested or park region. A blue line runs vertically, suggesting a river or stream. The map is oriented with the green area to the left and the blue line to the right.",50,1,False,True,1024,1024,RGB,39211,False,False,True,True,True,True,True,
MapTrain,603,16_825.jpg,"The google map shows a section of the Uvas Reservoir, depicted in blue, indicating a body of water. Adjacent to the reservoir is a road labeled ""G8,"" running parallel to the water's edge. The surrounding area is shaded in light green, suggesting land. The spatial relationship indicates the road is located to the west of the reservoir.",58,2,False,True,1024,1024,RGB,42476,True,False,True,True,False,True,True,
MapTrain,604,16_826.jpg,"The google map shows a section of a park area labeled ""Hunting Hollow Park Entrance."" It features a network of light blue lines representing waterways or streams running through the green area, which likely indicates parkland or forested regions. There are also light purple lines that could represent roads or trails intersecting the area.",54,1,False,True,1024,1024,RGB,57661,False,False,False,True,False,True,False,no_direction_or_relation
MapTrain,605,16_827.jpg,"The google map shows a section of a road labeled ""152"" running diagonally from the bottom left to the top right. The road is depicted in blue, indicating a major route. The surrounding area is shaded in light beige, suggesting open land or undeveloped terrain. There are no other geographic entities or landmarks visible on this map section.",58,1,False,True,1024,1024,RGB,44529,True,False,False,True,False,True,True,
MapTrain,606,16_828.jpg,"The google map shows a location labeled ""San Luis Creek Kiosk,"" marked with a tree icon, indicating a point of interest. There are two intersecting lines representing roads or pathways. The area appears to be in a natural or rural setting.",41,2,False,True,1024,1024,RGB,41579,False,False,True,True,True,True,False,no_direction_or_relation
MapTrain,607,16_829.jpg,"The google map shows a coastal area with a body of water to the right and land to the left. A location named ""Catfish Flats"" is marked near the shoreline. There is a road running parallel to the coast, slightly inland.",41,1,False,True,1024,1024,RGB,37600,True,False,True,False,False,True,True,
MapTrain,608,16_830.jpg,"The google map shows a light green area with a road labeled ""Highland Way"" running horizontally across the lower part. The road appears to curve slightly. There are no other geographic entities or labels visible on this section of the map.",41,2,False,True,1024,1024,RGB,35601,True,False,False,True,False,True,False,no_direction_or_relation
MapTrain,609,16_833.jpg,"The google map shows a portion of the San Luis Reservoir State Recreation Area. It features a body of water, likely part of the reservoir, depicted in blue. Adjacent to the water is a land area in beige, with a marked location indicated by a pin. The map includes a label for the recreation area, and there are some linear features on the land, possibly representing roads or paths.",69,1,False,True,1024,1024,RGB,57021,False,False,True,False,False,True,False,no_direction_or_relation
MapTrain,610,16_834.jpg,"The google map shows a section of Croy Ridge Road, which runs vertically through the center. The surrounding area is shaded in light green, indicating a natural or undeveloped region. There are no additional geographic entities or landmarks visible on this map segment.",43,1,True,True,1024,1024,RGB,32916,True,False,False,True,False,False,False,no_direction_or_relation;generic_no_feature_claim
MapTrain,611,16_837.jpg,"The google map shows a section of Pacheco State Park, featuring a parking lot labeled ""Pacheco State Park--Parking Lot."" Whiskey Flat Road is visible, running horizontally across the map. A dashed line, possibly indicating a trail or boundary, runs vertically through the area. The surrounding area appears to be open space or parkland.",54,2,False,True,1024,1024,RGB,53930,True,False,False,True,False,True,False,no_direction_or_relation
MapTrain,612,16_839.jpg,"The google map shows a location labeled ""Bright Ranch."" There are light-colored lines indicating roads or paths leading to and from the ranch. The surrounding area appears to be open or undeveloped land.",34,1,False,True,1024,1024,RGB,33553,False,False,False,True,False,True,False,no_direction_or_relation
MapTrain,613,16_84.jpg,"The google map shows a section of Holmes Mill Road running vertically. A blue line, likely representing a waterway, crosses the road diagonally from the northwest to the southeast. The surrounding area is shaded in light green, indicating open land or vegetation.",42,1,False,True,1024,1024,RGB,37685,True,False,False,True,False,False,False,no_direction_or_relation
MapTrain,614,16_840.jpg,"The google map shows a location labeled ""Tuscan House Vineyards"" with an icon indicating a wine-related establishment. It is situated near a road named ""Soma Way."" The surrounding area appears to have a network of roads, but no additional geographic features or entities are labeled.",46,3,True,True,1024,1024,RGB,49142,True,False,False,False,True,True,False,no_direction_or_relation;generic_no_feature_claim
MapTrain,615,16_841.jpg,"The google map shows a location labeled ""Tuscany Escape,"" marked with a purple icon. There are several light gray lines representing roads or pathways surrounding the area. The map background is a light beige color, indicating a non-urban area.",40,1,False,True,1024,1024,RGB,38099,False,False,False,False,True,True,False,no_direction_or_relation
MapTrain,616,16_842.jpg,"The google map shows a network of roads, with Leavesley Road prominently labeled. The roads intersect and curve, forming a grid-like pattern. There are no other geographic entities or landmarks visible on the map. The background is a plain, light color.",42,1,False,True,1024,1024,RGB,45538,True,True,False,False,False,True,False,
MapTrain,617,16_843.jpg,"The google map shows a section of Pacheco Pass Highway, which runs horizontally across the image. There is a smaller, lighter-colored road intersecting or running parallel to the highway. The surrounding area is shaded in light green, indicating open or undeveloped land.",43,1,False,True,1024,1024,RGB,44019,True,False,False,True,False,False,False,no_direction_or_relation
MapTrain,618,16_844.jpg,"The google map shows a section of Aptos Creek running diagonally from the bottom left to the top right. Near the top right, there is a label for ""Five Finger Falls."" The background is a light green, indicating land, while the creek is marked in light blue.",47,2,False,True,1024,1024,RGB,35183,False,False,True,True,False,True,True,
MapTrain,619,16_845.jpg,"The google map shows a section of Summit Road, which curves through the area. A point of interest labeled ""Original Goat Yoga - SF BAY CA"" is located near the road. The surrounding area appears to be green, indicating a natural or rural setting.",43,2,False,True,1024,1024,RGB,53893,True,False,False,True,False,True,False,no_direction_or_relation
MapTrain,620,16_846.jpg,The google map shows a section of an area with a few roads and geographic features. Leavesley Road runs in a curved path from the northeast to the southwest. Vista Court intersects with Leavesley Road near the bottom of the map. Coyote Springs Ranch is labeled near the intersection of Vista Court and Leavesley Road. There are small blue areas indicating water features near Leavesley Road.,66,6,False,True,1024,1024,RGB,55273,True,False,True,False,False,True,True,
MapTrain,621,16_848.jpg,"The google map shows a small, irregularly shaped blue body of water located near Windmill Road. The road runs horizontally across the top of the map. There are a few other roads curving around the water, but they are unnamed. The surrounding area appears to be open or undeveloped land.",50,1,False,True,1024,1024,RGB,40771,True,False,True,True,False,False,True,
MapTrain,622,16_849.jpg,"The google map shows a light beige area with a winding blue line, likely representing a waterway, running vertically. Near the bottom right, there is a label for ""Windmill Spring."" The map is simple, with no additional geographic features or labels visible.",42,1,True,True,1024,1024,RGB,28495,False,False,False,False,False,True,True,generic_no_feature_claim
MapTrain,623,16_85.jpg,"The google map shows a location marked as ""Hunter's Flooring."" The surrounding area is shaded in green, indicating a likely rural or undeveloped region. There are no visible roads or other geographic features in the immediate vicinity of the marked location.",42,1,False,True,1024,1024,RGB,31531,False,False,False,True,False,False,False,no_direction_or_relation
MapTrain,624,16_850.jpg,"The google map shows a section of two roads: Pax Pl Ct and Fern Flat Rd. Pax Pl Ct intersects with Fern Flat Rd. There is a green area in the top part of the map, indicating a possible park or forested region. The roads are depicted in a light gray color against a white background.",56,3,False,True,1024,1024,RGB,40959,True,False,False,True,False,False,True,
MapTrain,625,16_851.jpg,"The google map shows a location marked as ""Top Down Technologies, Inc."" It is situated within a network of roads or pathways. The area appears to be in a light-colored zone, possibly indicating a developed or urban area. There is a blue line in the bottom left corner, which may represent a water feature or road. The surrounding area is mostly light-colored, with some gray lines indicating additional roads or boundaries.",73,1,False,True,1024,1024,RGB,53047,True,True,True,False,False,False,True,
MapTrain,626,16_852.jpg,The google map shows a section of N Livermore Ave running vertically. There is an intersection with a smaller road running horizontally. Stanley Ranch is marked near the top left of the map. The area appears to be sparsely populated with few roads.,43,1,False,True,1024,1024,RGB,45175,True,False,False,False,False,False,True,
MapTrain,627,16_856.jpg,"The google map shows a section of Live Oak Creek, which runs vertically through the center. The creek is depicted in blue. There are light green areas to the southwest, indicating a different type of land cover or use. The surrounding area is mostly beige, suggesting a different terrain or land type. There are also several thin, gray lines representing roads or pathways crossing the creek.",66,1,False,True,1024,1024,RGB,44100,False,False,True,True,False,False,False,no_direction_or_relation
MapTrain,628,16_858.jpg,"The google map shows a section with two roads, Canada Rd and Jamieson Rd, intersecting. A waterway labeled Ca帽ada de los Osos runs parallel to Canada Rd. The area is depicted with a light green background, indicating a possible natural or rural setting.",43,3,False,True,1024,1024,RGB,53006,True,False,False,True,False,True,False,no_direction_or_relation
MapTrain,629,16_859.jpg,"The google map shows a location labeled ""Henry Coe Park Office"" situated in a green area, indicating a park or natural space. There are a few light gray lines representing roads or paths surrounding the area. The park office is marked with a tree icon.",45,1,False,True,1024,1024,RGB,42196,False,False,False,True,True,True,False,no_direction_or_relation
MapTrain,630,16_86.jpg,"The google map shows a section of a road network. ""S Stump Tavern Rd"" runs horizontally across the map. ""High St"" intersects with ""S Stump Tavern Rd"" and runs vertically. ""Charles St"" is parallel to ""High St"" and also intersects with ""S Stump Tavern Rd."" The area is shaded in light green, indicating a possible open or undeveloped space.",59,12,False,True,1024,1024,RGB,47724,True,False,False,True,False,False,False,no_direction_or_relation
MapTrain,631,16_863.jpg,"The google map shows a location labeled ""Sankat Mochan Hanuman Temple-Reservations."" The area is surrounded by light green, indicating a possible park or natural area. There are several light gray lines representing roads or pathways, with one main road leading to the temple. The map is oriented with north at the top.",53,1,False,True,1024,1024,RGB,58764,True,False,False,True,False,True,True,
MapTrain,632,16_864.jpg,"The google map shows a geographic area featuring Nun Lake, which is depicted in blue. The lake is surrounded by a green area, indicating land or vegetation. There is a dashed line to the northwest of the lake, possibly representing a boundary or path. The surrounding area outside the green is beige, suggesting a different type of land or terrain.",60,1,False,True,1024,1024,RGB,33361,False,False,True,True,False,False,False,no_direction_or_relation
MapTrain,633,16_865.jpg,"The google map shows a section of Rider Road running parallel to Rider Creek. The creek is depicted in blue, indicating a waterway. The road and creek are situated in a predominantly green area, suggesting a natural or forested region. The road and creek run in a generally northwest-southeast direction.",51,2,False,True,1024,1024,RGB,44378,True,False,True,True,False,False,False,no_direction_or_relation
MapTrain,634,16_866.jpg,"The google map shows two labeled locations: ""Zinus Inc"" and ""TCY5 Amazon."" These locations are connected by a road named ""Promontory Pkwy."" Zinus Inc is situated to the north of TCY5 Amazon. The map appears to depict a relatively open area with few other geographic features or entities marked.",49,3,False,True,1024,1024,RGB,49207,True,False,False,False,False,True,True,
MapTrain,635,16_867.jpg,"The google map shows a section of an area with two main roads: Watsonville Rd and Pharmer Rd. Carman's Nursery is marked as a point of interest near the intersection of these roads. The surrounding area includes green space, indicating vegetation or parkland, to the left of the roads.",50,2,False,True,1024,1024,RGB,51871,True,False,False,True,False,False,True,
MapTrain,636,16_868.jpg,"The google map shows a section with two main roads: Dunlap Ave and Furlong Ave. Dunlap Ave runs horizontally, while Furlong Ave runs vertically and intersects with Dunlap Ave. The area surrounding the roads is shaded in green, indicating a possible park or open space, while the area beyond is beige, suggesting a different type of land use.",58,4,False,True,1024,1024,RGB,50246,True,False,False,True,False,False,False,no_direction_or_relation
MapTrain,637,16_871.jpg,"The google map shows a body of water labeled ""Lone Oak Bay."" The area is depicted in a light blue color, indicating water. There are no other geographic entities or spatial relationships visible on the map.",36,2,False,True,1024,1024,RGB,23062,False,False,True,False,False,True,False,no_direction_or_relation
MapTrain,638,16_872.jpg,"The google map shows a section of Eureka Canyon Road, which curves through a predominantly green area, indicating a natural or forested region. A blue line runs parallel to part of the road, suggesting a water feature such as a stream or river. The surrounding area is mostly undeveloped.",49,1,False,True,1024,1024,RGB,35657,True,False,True,True,False,False,False,no_direction_or_relation
MapTrain,639,16_874.jpg,"The google map shows a section where Hecker Pass Road intersects with Hecker Pass Highway. Bodfish Creek runs parallel to Hecker Pass Highway, slightly to the south. The area is depicted with light green, indicating a natural or undeveloped region.",40,3,False,True,1024,1024,RGB,64292,True,False,True,True,False,False,True,
MapTrain,640,16_876.jpg,"The google map shows a location marked as ""Perma-Green Hydro Seeding"" situated near Holsclaw Road. A waterway runs parallel to the road, with the road curving slightly. The surrounding area appears to be green, indicating vegetation or open land.",40,2,False,True,1024,1024,RGB,56105,True,False,False,True,False,False,False,no_direction_or_relation
MapTrain,641,16_877.jpg,"The google map shows a section of Pacheco Pass Highway, labeled as Highway 152, running horizontally across the top. Below the highway, there is a blue area representing a body of water. The highway and the water body are the primary features visible on this map segment.",47,1,False,True,1024,1024,RGB,58082,True,False,True,False,False,True,True,
MapTrain,642,16_878.jpg,"The google map shows a section of Bodfish Creek running parallel to a road labeled ""152."" The creek and road are situated in a green area, indicating a natural or undeveloped region. The road and creek run horizontally across the map, with the creek positioned slightly below the road.",49,2,False,True,1024,1024,RGB,39428,True,False,True,True,False,True,False,no_direction_or_relation
MapTrain,643,16_879.jpg,"The google map shows a section of land with a river or stream running diagonally from the northwest to the southeast. Holsclaw Road is located to the northeast of the water body. Recology San Benito County is marked near the center of the map. Highway 152 runs horizontally across the bottom of the map. The area is surrounded by green, indicating vegetation or open space.",65,1,False,True,1024,1024,RGB,76978,True,False,True,True,False,False,True,
MapTrain,644,16_88.jpg,"The google map shows a section of a road network. Union Hill Road runs vertically, intersecting with Tinker Hill Lane to the northwest and Mountain Laurel Lane to the southeast. The area is surrounded by a green background, indicating a natural or undeveloped area.",44,3,False,True,1024,1024,RGB,47528,True,False,False,True,False,False,False,no_direction_or_relation
MapTrain,645,16_880.jpg,"The google map shows a light green area with a few roads intersecting. There is a location marked ""Best and Last Fruits & Nuts"" near the bottom left corner. The roads appear to be minor, with one curving and another intersecting it. The background is predominantly green, indicating a rural or undeveloped area.",52,1,False,True,1024,1024,RGB,46079,False,True,False,True,False,False,True,
MapTrain,646,16_882.jpg,"The google map shows two locations marked with pins. ""Desjardins Dog Care"" is positioned towards the top, while ""Miles Ranch One Day Dog Training"" is located further south. The background is green, indicating a possible rural or park area, with some faint lines suggesting roads or paths.",47,2,False,True,1024,1024,RGB,59889,False,False,False,True,False,False,True,
MapTrain,647,16_884.jpg,"The google map shows a section of Green Valley Road running horizontally across the image. A light blue line, possibly representing a river or stream, runs parallel to the road. The area below the road is shaded in light green, indicating a different geographic zone, such as a park or forested area. Several smaller, lighter lines branch off from the main road, suggesting additional roads or paths.",67,1,False,True,1024,1024,RGB,49399,True,False,True,True,False,False,False,no_direction_or_relation
MapTrain,648,16_885.jpg,"The google map shows a section of Pole Line Road, which curves through a predominantly green area, indicating a natural or undeveloped region. The road is situated near the edge of the map, and there are dashed lines suggesting boundaries or trails.",42,1,False,True,1024,1024,RGB,34074,True,False,False,True,False,False,False,no_direction_or_relation
MapTrain,649,16_888.jpg,"The google map shows a location labeled ""Pacific Point Christian School - Middle and..."" situated near a road marked with the number 152. The road runs diagonally across the map, and the school is positioned adjacent to it. The surrounding area is shaded in green, indicating open or undeveloped land.",49,1,False,True,1024,1024,RGB,59645,True,False,False,True,True,True,False,no_direction_or_relation
MapTrain,650,16_889.jpg,"The google map shows a road running diagonally from the bottom left to the top right. There is a marked location labeled ""Fruit Stand @ 3250 Pacheco"" along this road. A smaller road branches off to the top right. The area surrounding the roads is lightly shaded, with a green area in the bottom left corner.",55,1,False,True,1024,1024,RGB,57497,True,True,False,True,False,True,True,
MapTrain,651,16_890.jpg,"The google map shows a section of Pacheco Pass Highway, which runs diagonally from the bottom left to the top right. The highway is depicted in blue, indicating a major road. There are no additional geographic entities or landmarks visible on this map segment.",44,1,True,True,1024,1024,RGB,50858,True,False,False,False,False,False,True,generic_no_feature_claim
MapTrain,652,16_892.jpg,"The google map shows a small area with two labeled locations: ""Little Branches Preschool"" and ""Mando Morlos Photography."" The preschool is located to the northwest of the photography studio. The map features a network of light gray roads connecting these locations.",41,2,False,True,1024,1024,RGB,62842,False,False,False,False,False,True,False,no_direction_or_relation
MapTrain,653,16_893.jpg,"The google map shows a section of a neighborhood with several streets and locations. Victoria Drive runs horizontally at the top, while W Luchessa Avenue runs horizontally in the middle. Shire Street is a smaller street branching off from W Luchessa Avenue. Two marked locations are ""Rf Signal Solution Co"" near Victoria Drive and ""Detail Dom"" on Shire Street. The map includes a grid layout of streets with some green areas indicating open spaces or parks.",76,8,False,True,1024,1024,RGB,93838,True,False,False,True,False,False,True,
MapTrain,654,16_894.jpg,"The google map shows a rural area with two main geographic entities: Global Mushrooms LLC and Frazier Lake Livestock Processing. These locations are connected by a road labeled Frazier Lake Rd. The map background is green, indicating a likely rural or agricultural setting.",43,2,False,True,1024,1024,RGB,61804,True,False,True,True,False,True,False,no_direction_or_relation
MapTrain,655,16_895.jpg,"The google map shows a location labeled ""Casa de Sweets."" There is a small body of water nearby, and a network of roads or pathways is visible. A blue line, possibly indicating a river or canal, runs through the area. The map background is light-colored, suggesting a non-urban area.",51,1,False,True,1024,1024,RGB,49347,False,False,True,False,False,True,False,no_direction_or_relation
MapTrain,656,16_896.jpg,"The google map shows two main locations: Pilkington North America and Tesla Service Distribution Center. There is a parking area labeled ""KKW Lathrop parking yard"" to the north. The map includes a network of roads and possibly rail lines, indicated by the curved lines near Pilkington North America. The Tesla Service Distribution Center is located south of Pilkington North America.",60,1,False,True,1024,1024,RGB,73581,False,False,False,False,False,True,True,
MapTrain,657,16_897.jpg,"The google map shows a section of Redwood Road, which runs vertically along the left side. Adjacent to the road is an area labeled ""Redwood Rangers Horse Pasture."" The surrounding area is shaded in green, indicating a natural or undeveloped region.",41,2,False,True,1024,1024,RGB,54785,True,False,False,True,False,True,True,
MapTrain,658,16_898.jpg,The google map shows a section of Collier Canyon Road running vertically. Boson Motors is marked along this road. There are no other visible geographic entities or landmarks in the immediate vicinity on this map segment.,36,1,False,True,1024,1024,RGB,43113,True,False,False,False,False,False,False,no_direction_or_relation
MapTrain,659,16_9.jpg,"The google map shows a section of Millers Mill Road running vertically. A blue line, likely representing a river or stream, crosses the road and meanders through the area. The surrounding area is shaded in light green, indicating land or vegetation.",41,1,False,True,1024,1024,RGB,45253,True,False,True,True,False,False,False,no_direction_or_relation
MapTrain,660,16_900.jpg,"The google map shows a section of S Lammers Rd running vertically on the right side. To the left, there is a location marked as ""Troy Ermish."" The area appears to be relatively sparse, with no additional geographic features or entities labeled.",42,2,True,True,1024,1024,RGB,42924,True,False,False,False,False,True,True,generic_no_feature_claim
MapTrain,661,16_901.jpg,"The google map shows a section where Perrin Road intersects with McMullin Road. Perrin Road runs in a northeast-southwest direction, while McMullin Road intersects it from the southeast. The area surrounding the roads is depicted in a light green color, indicating open or undeveloped land.",46,3,False,True,1024,1024,RGB,36640,True,False,False,True,False,False,False,no_direction_or_relation
MapTrain,662,16_902.jpg,"The google map shows an area with two main roads: Manteca Road running vertically and Perrin Road intersecting it horizontally. There are several blue lines indicating waterways or canals running parallel to Manteca Road. The surrounding area is light green, suggesting open land or fields.",45,3,False,True,1024,1024,RGB,53867,True,False,False,True,False,False,False,no_direction_or_relation
MapTrain,663,16_903.jpg,"The google map shows a section of an area with a road labeled ""Crow Canyon Rd"" running vertically. To the left of the road is a waterway labeled ""Crow Creek."" There is a location marked ""Blackhound Equestrian"" near the road. The map includes a network of smaller, unnamed roads or paths branching off from the main road. The area is depicted with a light green background, indicating a possible natural or rural setting.",73,5,False,True,1024,1024,RGB,65138,True,False,True,True,False,True,True,
MapTrain,664,16_904.jpg,"The google map shows a location labeled ""Pro Tech Maintenance & Repair"" situated near Eden Canyon Road. The area is predominantly green, indicating a natural or rural setting. A blue line, likely representing a water feature such as a stream or river, runs parallel to Eden Canyon Road.",47,3,False,True,1024,1024,RGB,49649,True,False,True,True,False,True,False,no_direction_or_relation
MapTrain,665,16_905.jpg,"The google map shows a section of Altamont Pass Road, which runs in a generally north-south direction. Near this road is the Club Moto Motocross Track, located to the west of Altamont Pass Road. There are also some parallel lines to the southeast, likely indicating a railway or another road.",51,2,False,True,1024,1024,RGB,65172,True,False,False,False,False,False,True,
MapTrain,666,16_908.jpg,"The google map shows a section where Manteca Road and Melton Road intersect. There are several parallel blue lines to the west of Manteca Road, indicating waterways or drainage channels. The area appears to be primarily green, suggesting open land or agricultural fields.",43,3,False,True,1024,1024,RGB,53167,True,True,False,True,False,False,True,
MapTrain,667,16_909.jpg,"The google map shows an intersection of two roads: Kincaid Road, which runs vertically, and Melton Road, which runs horizontally. The surrounding area is shaded in green, indicating open or undeveloped land.",32,2,False,True,1024,1024,RGB,32499,True,False,False,True,False,False,False,no_direction_or_relation
MapTrain,668,16_91.jpg,"The google map shows a section of Upper Mountain Road running diagonally from the southwest to the northeast. To the east of the road is the Lookaway Golf Club. There is a small body of water located to the west of Upper Mountain Road. The surrounding area appears to be green, indicating open or undeveloped land.",56,2,False,True,1024,1024,RGB,50820,True,False,True,True,False,False,True,
MapTrain,669,16_910.jpg,"The google map shows a section of a river labeled ""Old River"" running horizontally across the image. To the right of the river is a road labeled ""Finck Rd,"" which runs parallel to the river. The surrounding area appears to be divided into sections by light blue lines, possibly indicating boundaries or waterways. The background is a light beige color, with a light green area at the top, possibly indicating vegetation or a different land use.",76,4,False,True,1024,1024,RGB,59345,True,False,True,True,False,True,True,
MapTrain,670,16_911.jpg,"The google map shows a light green area with a blue waterway labeled ""Old River"" running horizontally. There are additional blue water features branching off from the main river. A thin, light gray line curves above the river, possibly indicating a road or path.",44,2,False,True,1024,1024,RGB,38998,True,False,True,True,False,True,False,no_direction_or_relation
MapTrain,671,16_912.jpg,"The google map shows two marked locations: ""aaa nails by aimee"" and ""Rancho Casillas."" These locations are situated near a river, with roads connecting them. The river flows in a generally diagonal direction across the map. The roads appear to intersect near the river, providing access to both locations.",49,2,False,True,1024,1024,RGB,58459,False,True,True,False,False,False,True,
MapTrain,672,16_914.jpg,"The google map shows the San Joaquin River running vertically through the center. To the right of the river is a labeled area, ""Airport Ct."" The surrounding area is shaded in light green, indicating land. The river is depicted in blue, suggesting a water body.",45,3,False,True,1024,1024,RGB,52589,False,False,True,True,False,True,True,
MapTrain,673,16_915.jpg,"The google map shows the ""Start of Martin Canyon trail,"" marked with a hiking icon. A road labeled ""Inspiration Cir"" is visible, curving below the trailhead. A blue line, possibly representing a river or stream, runs parallel to the trail at the top of the map. The area appears to be a mix of natural and developed spaces.",58,3,False,True,1024,1024,RGB,60950,True,False,True,False,True,True,True,
MapTrain,674,16_916.jpg,"The google map shows a network of roads with three marked locations: California's Gunite - Pool Remodeling, Sensor Concepts, A Raptor Scientific, and RGW Equipment. The roads appear to be arranged in a grid-like pattern, with a larger road running vertically on the right side of the map. The marked locations are positioned close to this main road.",59,0,False,True,1024,1024,RGB,100311,True,False,False,False,False,False,True,no_named_feature
MapTrain,675,16_917.jpg,"The google map shows a section of a road network with two roads labeled Flynn Rd N and Flynn Rd S. These roads intersect, forming a junction. The surrounding area appears to be open or undeveloped land, as there are no additional geographic features or entities marked. The roads are depicted in light gray against a beige background.",58,2,True,True,1024,1024,RGB,40194,True,True,False,True,False,True,False,generic_no_feature_claim
MapTrain,676,16_918.jpg,"The google map shows a location marked as ""K & H Farms"" along Banta Road. The area is divided into two color-coded regions: a beige area to the northwest and a light green area to the southeast. Banta Road runs vertically through the center of the map.",47,3,False,True,1024,1024,RGB,35333,True,False,False,True,False,False,False,no_direction_or_relation
MapTrain,677,16_919.jpg,"The google map shows a section of S Howland Rd running vertically. There are two small blue water bodies located to the northeast of the road. The road appears to be a main feature, with no additional roads or landmarks visible in this section.",44,1,False,True,1024,1024,RGB,34876,True,False,True,False,False,False,False,no_direction_or_relation
MapTrain,678,16_92.jpg,"The google map shows a light blue river flowing from the northwest to the southeast. Adjacent to the river on the left is a green area, possibly indicating a park or forest. A small blue pond is located near the center of the map. A road runs from the bottom center to the right, where ""Silver Springs Farm, Inc"" is marked.",61,1,False,True,1024,1024,RGB,49714,True,False,True,True,False,False,True,
MapTrain,679,16_920.jpg,"The google map shows a location labeled ""Duarte Gardening Services."" It is situated near a network of roads or pathways. There is a notable road running vertically to the right of the label. The area appears to be in a grid-like layout, and there is a body of water or a water feature at the bottom of the map.",60,1,False,True,1024,1024,RGB,52835,True,False,True,False,False,True,True,
MapTrain,680,16_921.jpg,"The google map shows a section of a road network with ""Austin Rd"" and ""S Austin Rd"" intersecting. There is a river or water body to the right, curving through the area. The surrounding area is shaded in light green, indicating land or vegetation.",44,4,False,True,1024,1024,RGB,45232,True,False,True,True,False,False,True,
MapTrain,681,16_922.jpg,"The google map shows a section of an area with Pacheco Creek running through it. There is a marked location labeled ""Oak Creek Alzheimer's & Dementia Care."" The map includes some roads and pathways, with the creek flowing nearby. The area is predominantly green, indicating open or undeveloped land.",49,3,False,True,1024,1024,RGB,63028,False,False,True,True,False,True,False,no_direction_or_relation
MapTrain,682,16_923.jpg,"The google map shows a section of a road network. Key roads include Grassland Dr, Sunnyslope Ave, and Palo Verde Rd. Interstate 580 is visible at the top of the map. There are some curved roads and a waterway or stream indicated by blue lines near Palo Verde Rd. The area appears to be primarily residential or suburban, with green spaces suggesting parks or undeveloped land.",66,4,False,True,1024,1024,RGB,75208,True,False,True,True,False,False,True,
MapTrain,683,16_924.jpg,"The google map shows a section of a road network. Key roads include Castro Valley Blvd and Palo Verde Rd, which intersect near Dublin Canyon. A stream runs through the area, crossing under the roads. The map also features several overpasses or bridges, indicated by the layered road lines.",49,3,False,True,1024,1024,RGB,88726,True,True,True,False,False,False,False,
MapTrain,684,16_925.jpg,"The google map shows a section of a road labeled ""2 Rivers Rd"" running vertically. There are two blue lines representing waterways intersecting the road. The surrounding area is shaded in light green, indicating land. The map features a network of smaller roads and paths branching off from the main road.",51,2,False,True,1024,1024,RGB,48847,True,False,False,True,False,True,False,no_direction_or_relation
MapTrain,685,16_926.jpg,"The google map shows a section of Manteca Road running vertically through the center. There are light blue lines indicating waterways or drainage systems crossing the road. The surrounding area is shaded light green, suggesting open land or agricultural fields. The map does not display any additional geographic entities or labels.",51,1,False,True,1024,1024,RGB,39243,True,False,False,True,False,False,False,no_direction_or_relation
MapTrain,686,16_927.jpg,"The google map shows a section of an area with a waterway labeled ""Arroyo Mocho"" running horizontally across the center. There are roads intersecting the waterway, with a notable intersection on the left side. A location labeled ""Ross Dress for Less"" is marked in the upper part of the map. The map includes a mix of natural and man-made features.",61,2,False,True,1024,1024,RGB,72661,False,False,False,False,False,True,True,
MapTrain,687,16_928.jpg,"The google map shows a section of Kasson Road running vertically. It intersects with E Linne Road near Douma Dairy. There is a water feature parallel to Kasson Road. Douma Scale is located along Kasson Road. The surrounding area is primarily green, indicating open or undeveloped land.",47,4,False,True,1024,1024,RGB,60340,True,False,True,True,False,False,False,no_direction_or_relation
MapTrain,688,16_929.jpg,"The google map shows an area labeled ""Mizuno Farms"" with a nearby waterway named ""Lateral Three West."" The waterway runs diagonally across the map. The surrounding area appears to be primarily agricultural or rural, indicated by the green background. There are also some intersecting lines that may represent roads or boundaries.",51,2,False,True,1024,1024,RGB,59401,False,False,False,True,False,True,True,
MapTrain,689,16_93.jpg,"The google map shows a location marked as ""Central Jersey Rifle & Pistol."" It is situated within a light green area, which typically represents open or undeveloped land. There are a few light gray lines indicating roads or paths leading to and from the location. The map is minimal, focusing primarily on the marked location.",54,1,False,True,1024,1024,RGB,41133,False,False,False,True,False,False,False,no_direction_or_relation
MapTrain,690,16_930.jpg,"The google map shows an area labeled ""Durham Ferry Outdoor Education Center."" The map features a network of roads or paths surrounding the center. The background is shaded in green, indicating a natural or park-like setting. There are no additional geographic entities or landmarks visible in this section of the map.",52,1,True,True,1024,1024,RGB,46176,False,False,False,True,False,True,False,no_direction_or_relation;generic_no_feature_claim
MapTrain,691,16_931.jpg,"The google map shows a section of an urban area. May Nissen Park is located centrally, with Bernal Avenue running along its eastern side. To the west of the park, Falcon Way and Meadowlark Street intersect with Laurel Drive. Marylin Avenue Elementary School is situated south of the park. Ben's Burgers is located northeast of the park.",58,4,False,True,1024,1024,RGB,92199,True,True,False,True,True,False,True,
MapTrain,692,16_932.jpg,"The google map shows a section of S Tracy Blvd running vertically. To the east of the road, there are several irregularly shaped blue areas, likely representing bodies of water. The surrounding area appears to be light-colored, possibly indicating land or undeveloped space. There are a few intersecting lines suggesting additional roads or pathways.",55,0,False,True,1024,1024,RGB,54343,True,False,True,True,False,False,True,no_named_feature
MapTrain,693,16_933.jpg,"The google map shows a section of S Chrisman Rd running vertically on the left side. To the right, there is a light blue line representing a waterway or canal that runs diagonally across the map. The background is a light green color, indicating land or open space.",48,1,False,True,1024,1024,RGB,36187,True,False,True,True,False,False,True,
MapTrain,694,16_936.jpg,"The google map shows a section of an area with a road labeled ""Ambassador Rd."" The road is part of a network of streets, depicted in light blue lines. There are several intersecting roads and what appears to be a building or complex outlined in gray. The map includes a waterway or canal running diagonally across the top right corner. The layout suggests an urban or suburban setting with infrastructure and waterways.",72,2,False,True,1024,1024,RGB,61879,True,True,True,False,True,True,True,
MapTrain,695,16_937.jpg,"The google map shows a section of a road network. Five Canyons Parkway intersects with Fairweather Court. A location labeled ""Tom's bikes repair"" is situated near this intersection. The surrounding area appears to be primarily green, indicating possible parks or open spaces. Several smaller roads branch off from Five Canyons Parkway.",52,2,False,True,1024,1024,RGB,67284,True,False,False,True,False,True,False,no_direction_or_relation
MapTrain,696,16_938.jpg,"The google map shows a location labeled ""Chetwyn Farm,"" which is marked as temporarily closed. The area is predominantly green, indicating a rural or natural setting. A small body of water is visible nearby. Fairview Ave is a road running vertically on the right side of the map. There are a few other roads with curved paths in the vicinity.",60,2,False,True,1024,1024,RGB,42644,True,False,True,True,False,True,True,
MapTrain,697,16_939.jpg,"The google map shows a water treatment plant labeled ""Tracy Water Treatment Plant."" There are three small, irregularly shaped blue areas, likely representing bodies of water, situated near the plant. A larger blue line, possibly a river or canal, runs diagonally across the bottom of the map. The plant and water bodies are connected by a network of light-colored lines, which may represent roads or pathways.",67,1,False,True,1024,1024,RGB,60267,False,False,True,False,False,True,True,
MapTrain,698,16_94.jpg,"The google map shows a light green background with blue lines representing water bodies. One of the water bodies is labeled ""Maple Root Branch."" The lines indicate a network of streams or rivers, with one main branch and several smaller offshoots. The map does not display any other geographic entities or features.",52,2,False,True,1024,1024,RGB,38427,False,False,True,True,False,True,False,no_direction_or_relation
MapTrain,699,16_940.jpg,"The google map shows a section of D'Arcy Parkway, which runs horizontally across the image. There is a blue polygon in the lower left corner, possibly representing a body of water or a similar feature. A railway line runs diagonally from the bottom right to the top left. The surrounding area appears to be mostly open space or undeveloped land.",61,0,False,True,1024,1024,RGB,45859,False,True,True,True,False,False,True,no_named_feature
MapTrain,700,16_941.jpg,"The google map shows a section of S Chrisman Rd running vertically on the left side. A blue line, likely representing a waterway, runs diagonally from the top center to the bottom right. There are a few intersecting lines, possibly roads or paths, crossing the waterway horizontally and diagonally. The background is a light green, indicating land or vegetation.",59,1,False,True,1024,1024,RGB,42317,True,False,False,True,False,False,True,
MapTrain,701,16_943.jpg,"The google map shows a location labeled ""Bermuda Ranch"" with a marker. To the west, there is a road named ""Fairview Ave."" The area is depicted with green shading, indicating a natural or rural setting. There are dashed lines suggesting trails or paths near Bermuda Ranch.",46,3,False,True,1024,1024,RGB,49562,True,False,False,True,False,True,True,
MapTrain,702,16_944.jpg,"The google map shows a location marked as ""West Valley Disposal."" To the east of this location is a road labeled ""S MacArthur Dr."" A vertical blue line, possibly representing a waterway or boundary, is situated to the west of the marked location. The map is oriented with north at the top.",52,4,False,True,1024,1024,RGB,54391,True,False,False,False,False,True,True,
MapTrain,703,16_945.jpg,"The google map shows a section of ""2 Rivers Rd,"" which curves slightly. The surrounding area is shaded in light green, indicating a possible natural or undeveloped area. There are no additional geographic entities or landmarks visible on this map segment.",41,2,True,True,1024,1024,RGB,34444,True,False,False,True,False,False,False,no_direction_or_relation;generic_no_feature_claim
MapTrain,704,16_946.jpg,"The google map shows a section of Page Road running vertically. There is a thin blue line adjacent to the road, possibly indicating a waterway or drainage ditch. The surrounding area is shaded in light green, which may represent open land or fields.",43,1,False,True,1024,1024,RGB,31119,True,False,False,True,False,False,False,no_direction_or_relation
MapTrain,705,16_947.jpg,"The google map shows a location labeled ""Fex Performance,"" situated near a road marked as ""1835."" The area features a network of small roads or paths connecting to the main road. The map is displayed with a simple, minimalistic design.",40,2,False,True,1024,1024,RGB,41228,True,False,False,False,False,True,False,no_direction_or_relation
MapTrain,706,16_948.jpg,"The google map shows a section of Fairview Ave running vertically. Amyx Ct intersects Fairview Ave from the left. The surrounding area is shaded in light green, indicating open space or undeveloped land.",33,3,False,True,1024,1024,RGB,38818,True,False,False,True,False,False,True,
MapTrain,707,16_95.jpg,"The google map shows two roads, Island Rd and Public Rd, intersecting at a junction. A blue line, possibly representing a river or stream, runs parallel to Island Rd on the right side of the map. The area is shaded in light green, indicating land or vegetation.",47,3,False,True,1024,1024,RGB,44299,True,True,True,True,False,False,True,
MapTrain,708,16_950.jpg,"The google map shows an intersection of two roads: Mountain House Road running north-south and Kelso Road running east-west. The area appears to be mostly featureless, with a light green area in the top right corner, possibly indicating a different type of land use or vegetation.",48,2,False,True,1024,1024,RGB,38133,True,True,False,True,False,False,True,
MapTrain,709,16_951.jpg,"The google map shows a section of an area with two main roads: Great Valley Parkway and Byron Road, which intersect. There is a location marked as ""Sky Heights Real Estate"" near the intersection. The map includes some smaller roads and pathways branching off from the main roads.",48,3,False,True,1024,1024,RGB,84566,True,True,False,False,False,False,False,
MapTrain,710,16_952.jpg,"The google map shows a section of land with a river labeled ""Old River"" running diagonally from the southwest to the northeast. Adjacent to the river is a road labeled ""Finck Rd,"" which appears twice, suggesting it may loop or intersect nearby. The area surrounding the river and road is shaded in light green, indicating land or vegetation.",58,4,False,True,1024,1024,RGB,59302,True,True,True,True,False,True,False,
MapTrain,711,16_953.jpg,"The google map shows a location labeled ""Courdet Trail,"" marked with a hiking icon. The trail is depicted with a winding path, indicating its route. The surrounding area appears to be largely undeveloped or natural, as there are no other marked geographic entities or features visible on this section of the map.",52,1,False,True,1024,1024,RGB,35358,True,False,False,True,True,True,False,no_direction_or_relation
MapTrain,712,16_954.jpg,"The google map shows a section labeled ""Ridgeline Trail,"" marked with a hiking icon. The trail is depicted with a dashed line running through a green-shaded area, indicating a natural or park area. The surrounding area is mostly white, suggesting open or undeveloped land. The trail appears to follow a north-south orientation.",54,1,False,True,1024,1024,RGB,39606,False,False,False,True,True,True,True,
MapTrain,713,16_955.jpg,"The google map shows a section of a road network with two labeled roads: Delta Ave and Paradise Rd. Paradise Rd runs vertically, while Delta Ave intersects it horizontally. The surrounding area is shaded in light green, indicating open space or undeveloped land.",43,3,False,True,1024,1024,RGB,39565,True,False,False,True,False,True,False,no_direction_or_relation
MapTrain,714,16_956.jpg,"The google map shows a rural area with a few geographic features. There are light blue lines indicating waterways or streams running across the map. A location labeled ""Porter Cattle Company"" is marked near the top. The surrounding area appears to be open land, with no other prominent features or labels visible.",52,1,False,True,1024,1024,RGB,41500,False,False,False,True,False,True,True,
MapTrain,715,16_958.jpg,"The google map shows two locations marked with pins. ""Monkey's RV & Auto Service"" is located near a vertical road, with a small blue line indicating a waterway or stream nearby. ""Golden State Towing"" is positioned to the southwest of ""Monkey's RV & Auto Service,"" with no visible roads or waterways directly adjacent. The background is mostly plain, suggesting a less densely populated area.",64,3,False,True,1024,1024,RGB,52373,True,False,True,False,False,False,True,
MapTrain,716,16_96.jpg,"The google map shows a section where Georgetown Road intersects with a major highway, labeled as Route 68. Alexander Lane is located to the northwest of this intersection. The area is surrounded by green space, indicating parks or undeveloped land.",40,2,False,True,1024,1024,RGB,57879,True,False,False,True,False,True,False,no_direction_or_relation
MapTrain,717,16_961.jpg,"The google map shows a section of W Lathrop Rd running horizontally across the top. Below it, a blue line, likely representing a river or stream, runs horizontally across the map. The area surrounding these features appears to be mostly open or undeveloped land.",44,1,False,True,1024,1024,RGB,38794,True,False,True,True,False,False,True,
MapTrain,718,16_962.jpg,"The google map shows a section of Palomares Road, which curves through a green area, likely indicating vegetation or open space. The road intersects with other unnamed roads, forming a network. The background is predominantly green, suggesting a rural or less developed area.",43,1,False,True,1024,1024,RGB,37364,True,False,False,True,False,False,False,no_direction_or_relation
MapTrain,719,16_963.jpg,"The google map shows a network of roads with Mines Road running diagonally from the bottom left to the top center. Several smaller roads intersect and branch off from Mines Road, forming a loop and connecting to other roads in the area. The background is a light color, indicating a lack of significant geographic features like bodies of water or elevation changes.",62,2,False,True,1024,1024,RGB,45476,True,True,True,False,False,False,True,
MapTrain,720,16_964.jpg,"The google map shows a section of S Chrisman Road running vertically. A light blue diagonal line crosses the road, indicating a waterway. There is a gas station icon labeled ""76"" located to the left of the road. The background is a light beige color, suggesting a non-urban area.",50,1,False,True,1024,1024,RGB,40998,True,False,False,False,True,True,True,
MapTrain,721,16_966.jpg,"The google map shows a section of the San Joaquin River running vertically on the left side. Maze Blvd is a horizontal road crossing the map near the bottom. The surrounding area is shaded in light green, indicating land.",39,1,False,True,1024,1024,RGB,47508,True,False,True,True,False,False,True,
MapTrain,722,16_967.jpg,"The google map shows a section of Vernalis Road intersecting with Highway 132. A blue line, likely representing a waterway, crosses both roads. Hacienda Xerez is marked to the northeast of the intersection. The area appears to be relatively flat and open.",42,1,False,True,1024,1024,RGB,59592,True,False,False,False,False,False,False,no_direction_or_relation
MapTrain,723,16_968.jpg,"The google map shows the intersection of Maze Blvd and S River Rd. Maze Blvd runs horizontally, while S River Rd intersects it vertically. The surrounding area is shaded in light green, indicating open or undeveloped land.",37,2,False,True,1024,1024,RGB,41529,True,False,True,True,False,False,False,no_direction_or_relation
MapTrain,724,16_969.jpg,"The google map shows a section of Corral Hollow Road running horizontally. There is a marked location labeled ""Site 300"" situated north of the road. Several smaller roads or paths branch off from Corral Hollow Road, connecting to the surrounding area.",41,3,False,True,1024,1024,RGB,56712,True,False,False,False,False,True,True,
MapTrain,725,16_97.jpg,"The google map shows a section where Herman Black Road intersects with Sykesville Road. The roads are depicted in light gray against a light green background, indicating a rural or undeveloped area. Herman Black Road runs horizontally, while Sykesville Road runs vertically, intersecting near the center of the map. There are no additional geographic features or landmarks visible.",58,4,True,True,1024,1024,RGB,39624,True,False,False,True,False,False,False,no_direction_or_relation;generic_no_feature_claim
MapTrain,726,16_970.jpg,"The google map shows a section of Corral Hollow Road, which runs in a generally northeast-southwest direction. Adjacent to the road is a small blue area, indicating a body of water. The surrounding area appears to be open land with no additional geographic features marked.",46,1,True,True,1024,1024,RGB,36084,True,False,True,False,False,False,False,no_direction_or_relation;generic_no_feature_claim
MapTrain,727,16_971.jpg,"The google map shows a section of the San Joaquin River, which flows vertically through the center. The river is depicted in blue, surrounded by light green areas representing land. The river's path curves slightly as it moves from the bottom to the top of the map.",48,1,False,True,1024,1024,RGB,35822,False,False,True,True,False,False,True,
MapTrain,728,16_972.jpg,"The google map shows a section of Paradise Road running vertically. A thin blue line, likely representing a waterway, runs parallel to the road. The surrounding area is shaded in light green, indicating open or undeveloped land.",37,1,False,True,1024,1024,RGB,32447,True,False,False,True,False,False,False,no_direction_or_relation
MapTrain,729,16_973.jpg,"The google map shows a section of Palomares Road, which runs diagonally from the northwest to the southeast. There are a few smaller, unnamed roads branching off from Palomares Road. The surrounding area is shaded in light green, indicating a natural or undeveloped region.",44,2,False,True,1024,1024,RGB,35156,True,False,False,True,False,False,False,no_direction_or_relation
MapTrain,730,16_975.jpg,"The google map shows a light green area intersected by two linear features. A blue line, likely representing a waterway, crosses diagonally from the top left to the bottom right. A gray line labeled ""S River Rd"" runs vertically, intersecting the blue line near the center. The surrounding area is predominantly green, indicating open or undeveloped land.",57,2,False,True,1024,1024,RGB,37685,True,False,True,True,False,True,True,
MapTrain,731,16_976.jpg,"The google map shows a section of the San Joaquin River running vertically through the area. A road runs parallel to the river on the left side. The surrounding area is depicted in a light green color, indicating land.",39,1,False,True,1024,1024,RGB,39895,True,False,True,True,False,False,True,
MapTrain,732,16_977.jpg,"The google map shows a section of Blewett Road running horizontally. A blue river or stream curves vertically, intersecting the road. The background is a light beige color, indicating land.",30,1,False,True,1024,1024,RGB,34404,True,False,True,False,False,False,False,no_direction_or_relation
MapTrain,733,16_979.jpg,"The google map shows a section of Lathrop Road running horizontally across the top. The area is predominantly green, indicating open space or possibly agricultural land. There are a few intersecting roads, and the layout suggests a grid-like pattern.",40,1,False,True,1024,1024,RGB,33405,True,False,False,True,False,False,True,
MapTrain,734,16_98.jpg,"The google map shows a section of Walnut Street running diagonally from the bottom left to the top right. There is a blue line indicating a waterway crossing under Walnut Street. KEMA Laboratories is marked near the bottom left of the map. The surrounding area is shaded in light green, suggesting open or undeveloped land.",55,2,False,True,1024,1024,RGB,65836,True,False,False,True,False,False,True,
MapTrain,735,16_980.jpg,"The google map shows a location marked as ""Big League Dreams Manteca"" in a green area, which likely represents a park or recreational space. There are light blue lines indicating roads or pathways surrounding the area. The green area is situated in the lower left quadrant of the map.",49,1,False,True,1024,1024,RGB,48571,False,False,False,True,False,False,True,
MapTrain,736,16_984.jpg,"The google map shows a location labeled ""Vernalis Warehouse"" near McCracken Road. A road or railway line runs diagonally from the top left to the bottom right. The area is depicted in a light green color, indicating land.",38,2,False,True,1024,1024,RGB,49325,True,False,False,True,False,True,True,
MapTrain,737,16_985.jpg,"The google map shows a section of a road labeled with the number 33, running diagonally from the bottom left to the top right. Two streets, Spencer St and Orchard Rd, intersect with this road. A geographic feature named Hospital Creek is marked alongside the road. The area is depicted with a light green background, indicating a possible park or natural area.",62,3,False,True,1024,1024,RGB,58419,True,True,True,True,False,True,True,
MapTrain,738,16_986.jpg,"The google map shows a region with a road labeled ""KilKare Rd"" running alongside a river or stream. To the southwest, there is a location marked ""Elliston Vineyards."" The area is surrounded by green, indicating vegetation or parkland. The road and waterway run in a generally north-south direction.",49,3,False,True,1024,1024,RGB,56552,True,False,True,True,False,True,True,
MapTrain,739,16_987.jpg,"The google map shows a section of the San Joaquin River, depicted in blue, winding through a light green area. The river curves prominently, indicating a meandering path. There are no additional geographic entities or labels visible in this section of the map.",43,1,True,True,1024,1024,RGB,39031,False,False,True,True,False,False,False,no_direction_or_relation;generic_no_feature_claim
MapTrain,740,16_989.jpg,"The google map shows a section of an area with several roads. Niles Canyon Road runs horizontally across the lower part of the map. Above it, Foothill Road intersects with 2nd Street and C Street. A location labeled ""Tyler Ranch"" is situated near C Street. The map includes a mix of roadways and some green space in the lower left corner.",61,5,False,True,1024,1024,RGB,73008,True,True,False,True,False,True,True,
MapTrain,741,16_99.jpg,"The google map shows a section of Lower Pine Creek Road running vertically. There are several blue lines representing waterways crossing the road. The background is light green, indicating a natural or rural area.",34,1,False,True,1024,1024,RGB,45535,True,False,True,True,False,False,False,no_direction_or_relation
MapTrain,742,16_990.jpg,The google map shows a section of Byron Road running diagonally from the bottom left to the top right. There are a few intersecting roads branching off from Byron Road. The surrounding area appears to be mostly open space or undeveloped land.,42,2,False,True,1024,1024,RGB,35356,True,False,False,True,False,False,True,
MapTrain,743,16_991.jpg,"The google map shows a section of a river labeled ""Old River,"" which flows in a curved path from the top left to the bottom right. The river is surrounded by light green areas, indicating land. There are thin lines representing roads or boundaries intersecting near the river.",48,2,False,True,1024,1024,RGB,37765,False,False,True,True,False,True,True,
MapTrain,744,16_993.jpg,"The google map shows a section of a rural area with a few notable features. A light blue line represents a river or stream running diagonally from the top left to the bottom right. There are roads labeled ""Temple Rd"" and another unnamed road forming a loop. Two locations are marked: ""Sunol AgPark"" with a camera icon, and ""feral heart farm"" with a circular icon. The map has a light background with minimal detail.",74,4,False,True,1024,1024,RGB,66390,True,False,True,True,True,True,True,
MapTrain,745,16_994.jpg,"The google map shows a region with several labeled locations. ""Circle H Beef"" is situated in the upper part of the map. Below it, ""Rancho Milagro"" and ""C. Kaye Drywall"" are positioned close to each other, with a road running nearby. The area around these locations is predominantly green, indicating a rural or undeveloped area.",55,3,False,True,1024,1024,RGB,53643,True,False,False,True,False,True,False,no_direction_or_relation
MapTrain,746,16_995.jpg,"The google map shows a body of water labeled ""Indian Creek"" in blue, surrounded by light green land areas. The creek appears to flow from a larger water body into a narrower channel. The spatial relationship indicates that the creek is part of a coastal or riverine system.",48,2,False,True,1024,1024,RGB,29497,False,False,True,True,False,True,False,no_direction_or_relation
MapTrain,747,16_997.jpg,"The google map shows a section of the San Joaquin River, depicted in blue, flowing through a light green area. The river has a meandering path with several bends. There are no additional geographic entities or labels visible on this section of the map.",44,1,True,True,1024,1024,RGB,42942,False,False,True,True,False,False,False,no_direction_or_relation;generic_no_feature_claim
MapTrain,748,16_998.jpg,"The google map shows a section of the San Joaquin River running vertically. To the west of the river is W Grayson Road, which runs horizontally across the map. The surrounding area is depicted in light green, indicating land.",39,2,False,True,1024,1024,RGB,45784,True,False,True,True,False,False,True,
MapTrain,749,16_999.jpg,"The google map shows an area with two main roads: W Grayson Rd running horizontally and Shiloh Rd running vertically. A waterway is visible, intersecting W Grayson Rd and running parallel to Shiloh Rd. There is a rectangular blue area, likely representing a body of water, situated near the intersection of the roads. The surrounding area is shaded in light green.",61,4,False,True,1024,1024,RGB,53962,True,False,True,True,False,False,False,no_direction_or_relation
MGEval,0,16_54.jpg,"The google map shows a section of a rural area with two roads: Wilson Switch Rd running vertically and Roy Jackson Ln intersecting it horizontally near the top. There is a small body of water to the left of Wilson Switch Rd and a curving waterway to the right. The surrounding area is predominantly green, indicating vegetation or open land.",60,3,False,True,1024,1024,RGB,48258,True,False,True,True,False,False,True,
MGEval,1,16_72.jpg,"The google map shows a section of a waterway labeled ""Silver Creek."" The creek runs vertically through the center of the map. The surrounding area is shaded in light green, indicating land. The map does not display additional geographic entities or features.",42,2,False,True,1024,1024,RGB,32803,False,False,True,True,False,True,False,no_direction_or_relation
MGEval,2,16_74.jpg,"The google map shows a section of a waterway labeled ""Silver Creek."" The creek flows in a generally curved path across a light green background, which likely represents land. There are no additional geographic entities or features labeled on this map segment.",42,2,True,True,1024,1024,RGB,36935,False,False,True,True,False,True,False,no_direction_or_relation;generic_no_feature_claim
MGEval,3,16_143.jpg,"The google map shows a section of a residential area with two main roads labeled Southern Hills Dr and Lakeview Dr. Southern Hills Dr runs in a curved path from the southwest to the northeast, while Lakeview Dr branches off from it, extending to the east. There is a small body of water located in the southwest corner of the map. The surrounding area is primarily green, indicating vegetation or open space.",72,3,False,True,1024,1024,RGB,52001,True,True,True,True,False,True,True,
MGEval,4,16_157.jpg,"The google map shows a section of a light blue waterway labeled ""Silver Creek"" running horizontally across a light green background, which likely represents land. There is a gray line, possibly a road or path, running parallel to the creek at the bottom of the map. The creek appears to have a gentle curve.",54,2,False,True,1024,1024,RGB,44046,True,False,True,True,False,True,True,
MGEval,5,16_158.jpg,"The google map shows a section of a light green area with a blue line representing Silver Creek running through it. Perry Crossing Road is depicted as a gray line crossing the creek. The creek flows in a generally north-south direction, while the road runs east-west.",48,2,False,True,1024,1024,RGB,52736,True,False,True,True,False,False,True,
MGEval,6,16_189.jpg,"The google map shows a section of a road network with Perry Crossing Road running in a north-south direction. Anson Branch, a waterway, crosses the road. The surrounding area appears to be lightly populated with a few smaller roads branching off. The map is set against a light green background, indicating a natural or rural area.",57,2,False,True,1024,1024,RGB,64440,True,False,False,True,False,False,True,
MGEval,7,16_198.jpg,"The google map shows two roads, Star Valley Way and Rake Rd, intersecting in a predominantly green area, which may indicate vegetation or parkland. The roads are depicted in gray, with Star Valley Way running vertically and Rake Rd intersecting it horizontally. The area below Rake Rd is a different color, suggesting a change in land use or terrain.",59,5,False,True,1024,1024,RGB,44391,True,False,False,True,False,False,False,no_direction_or_relation
MGEval,8,16_221.jpg,"The google map shows a section of a road labeled with the number 60 running vertically. To the right, there is another road labeled Bennettsville Rd, which intersects with the main road. The area surrounding the roads is shaded in green, indicating land or vegetation. There are no additional geographic features or labels visible.",54,1,True,True,1024,1024,RGB,62171,True,False,False,True,False,True,True,generic_no_feature_claim
MGEval,9,16_225.jpg,"The google map shows a light green area with a blue line representing a waterway running diagonally from the top left to the center. There is a small blue shape in the bottom left corner, possibly a pond or lake. A gray line, likely a road, runs from the top center to the right side. A location marked ""Adam Farm Services"" is situated near the top center of the map.",70,1,False,True,1024,1024,RGB,43858,True,True,True,True,False,False,True,
MGEval,10,16_229.jpg,"The google map shows a section of a geographic area with a creek labeled ""Silver Creek"" running diagonally from the northwest to the southeast. To the east of the creek, there is a major highway labeled ""I-65"" running vertically. The background is a light green color, indicating land or a general area.",53,3,False,True,1024,1024,RGB,52398,True,False,True,True,False,True,True,
MGEval,11,16_240.jpg,"The google map shows a section of a road network with two labeled roads: Rake Rd and Dow Knob Rd. Rake Rd runs horizontally, intersecting with Dow Knob Rd, which curves and runs vertically. The background is a light green, indicating a possible rural or undeveloped area. There are no additional geographic entities or landmarks visible.",56,3,True,True,1024,1024,RGB,40203,True,False,False,True,False,True,False,no_direction_or_relation;generic_no_feature_claim
MGEval,12,16_308.jpg,"The google map shows a section of Allentown Road running horizontally. There are two small bodies of water, one near the center and another larger one to the right. The area is surrounded by light green, indicating land or open space. There are a few intersecting roads branching off Allentown Road.",51,2,False,True,1024,1024,RGB,52871,True,False,True,True,False,False,True,
MGEval,13,16_327.jpg,"The google map shows a section of a road network. St John Road runs horizontally across the top of the map. Louis Smith Road intersects with St John Road and extends downward, splitting into two branches. The roads are depicted in a light gray color against a beige background. There are no additional geographic features or labels visible.",58,3,True,True,1024,1024,RGB,55487,True,False,False,False,False,False,True,generic_no_feature_claim
MGEval,14,16_342.jpg,"The google map shows a section of a road network with two main roads: St John Rd and Kruer Rd. St John Rd runs horizontally, intersecting with Kruer Rd, which runs vertically. The surrounding area is shaded in light green, indicating open or undeveloped land. There is a small blue area in the bottom right corner, possibly representing a body of water.",62,3,False,True,1024,1024,RGB,45644,True,True,True,True,False,False,True,
MGEval,15,16_344.jpg,"The google map shows a small area with a road labeled ""Ballou Rd"" that branches off into multiple directions. There is a small blue body of water located near the center of the map, surrounded by green areas indicating land. The roads and water body are the primary geographic entities visible.",51,2,False,True,1024,1024,RGB,50284,True,False,True,True,False,True,False,no_direction_or_relation
MGEval,16,16_353.jpg,"The google map shows a section of a road labeled ""Sterling Oaks Dr"" forming a loop. There is a small body of water to the southwest. The area is predominantly green, indicating open or undeveloped land. A location marked ""Turnkey Builders"" is situated near the road.",46,3,False,True,1024,1024,RGB,54899,True,False,True,True,False,True,False,no_direction_or_relation
MGEval,17,16_357.jpg,"The google map shows a section of a light green area with a blue line labeled ""Elk Run"" running diagonally from the southwest to the northeast. To the right, there is a vertical gray line representing a highway, labeled ""I-65."" There are also a few faint gray lines indicating smaller roads or paths to the left of Elk Run.",60,2,False,True,1024,1024,RGB,53375,True,False,False,True,False,True,True,
MGEval,18,16_360.jpg,"The google map shows a section of a geographic area with a north-south road labeled ""31"" on the left side. A smaller road, ""Weber Rd,"" intersects with this main road. A waterway named ""Silver Creek"" runs horizontally across the map, crossing under the main road. The area is depicted with light green shading, indicating land, and blue lines for the creek.",62,4,False,True,1024,1024,RGB,75276,True,False,True,True,False,True,True,
MGEval,19,16_366.jpg,"The google map shows a residential area with two labeled streets: Kamer Ct and Covington Dr. The streets form a network with Covington Dr being the main road, and Kamer Ct branching off from it. The surrounding area is shaded in green, indicating open or undeveloped land.",47,4,False,True,1024,1024,RGB,48500,True,False,False,True,False,True,False,no_direction_or_relation
MGEval,20,16_446.jpg,"The google map shows two roads: Atkins Rd and Wieska Knob Rd. Atkins Rd runs horizontally near the top of the map with a slight curve, while Wieska Knob Rd runs horizontally across the middle. The roads are set against a green background, indicating a rural or undeveloped area.",49,3,False,True,1024,1024,RGB,41311,True,False,False,True,False,False,True,
MGEval,21,16_454.jpg,"The google map shows two parallel roads: Grant Line Rd and Old Indiana 111/Old Hwy 111. There is a business labeled ""Lewis Plumbing"" located near Grant Line Rd. The area appears to be predominantly green, indicating open space or vegetation. A small blue feature, possibly a pond or water body, is situated near Grant Line Rd.",57,4,False,True,1024,1024,RGB,71274,True,False,True,True,True,True,False,no_direction_or_relation
MGEval,22,16_458.jpg,"The google map shows a location labeled ""Mama Lloyd's Boutique & Designs"" situated along Elk Run Trail. The area is surrounded by a light green background, indicating a natural or rural setting. A blue icon marks the boutique's location, and a blue line, possibly representing a river or stream, is visible to the southeast of the boutique. The map includes a few roads or paths, depicted as gray lines.",70,1,False,True,1024,1024,RGB,59608,False,False,True,True,True,True,False,no_direction_or_relation
MGEval,23,16_474.jpg,"The google map shows a light green area with a blue line running horizontally, indicating a waterway. Below the waterway, there is a gray line labeled ""Serenity Oaks Dr,"" representing a road. The map is simple, with no additional geographic entities or landmarks visible.",44,2,True,True,1024,1024,RGB,43019,True,False,False,True,False,True,False,no_direction_or_relation;generic_no_feature_claim
MGEval,24,16_491.jpg,"The google map shows a section of a road network with three main roads: Head Rd, Engle Rd, and Scottsville Rd. Head Rd runs horizontally, intersecting with Engle Rd, which runs vertically. Scottsville Rd is positioned to the right, running vertically and parallel to Engle Rd. There are small bodies of water located to the right of Scottsville Rd. The area is depicted with a light green background, indicating land.",70,7,False,True,1024,1024,RGB,47483,True,False,True,True,False,False,True,
MGEval,25,16_494.jpg,"The google map shows a section of a road labeled ""Starlight Rd"" running vertically. There are a few smaller roads branching off to the right. A small blue area, possibly representing a body of water, is located to the left of Starlight Rd. The surrounding area is shaded in light green, indicating open space or undeveloped land.",57,3,False,True,1024,1024,RGB,35523,True,False,True,True,False,True,True,
MGEval,26,16_510.jpg,"The google map shows a section of Grant Line Road running vertically on the left side. There is a small body of water, possibly a pond, located to the left of the road. Several thin lines, likely representing smaller roads or paths, intersect the area, with one crossing Grant Line Road. The background is a light green, indicating open or undeveloped land.",62,2,False,True,1024,1024,RGB,47928,True,True,True,True,False,False,True,
MGEval,27,16_512.jpg,"The google map shows a location labeled ""Epoxy artful countertops"" near Honeysuckle Way. There are roads depicted, with Honeysuckle Way running diagonally from the top left to the bottom center. A small waterway is visible at the bottom of the map. The surrounding area is shaded green, indicating vegetation or open space.",52,3,False,True,1024,1024,RGB,67261,False,False,False,True,False,True,True,
MGEval,28,16_620.jpg,"The google map shows a location marked as ""Mountain Produce"" at the intersection of Banet Rd and Emmons Ln. Fosskuhl Rd runs parallel to Emmons Ln. A blue line, likely representing a river or stream, runs near the right side of the map, curving around the area. The map background is green, indicating a rural or natural setting.",58,4,False,True,1024,1024,RGB,69591,True,False,True,True,False,False,True,
MGEval,29,16_639.jpg,"The google map shows a location labeled ""Meyer Meadows New Homes in Sellersburg"" near Jacob Court. A major road, marked as Route 60, runs diagonally across the map. There is a green area indicating open space or parkland to the southwest of Route 60. A small blue area, possibly a body of water, is located to the northeast. The map includes several intersecting streets.",64,2,False,True,1024,1024,RGB,82030,True,False,True,True,False,True,False,no_direction_or_relation
MGEval,30,16_673.jpg,"The google map shows a light green area with a blue line labeled ""Campbell Branch,"" indicating a waterway. The waterway runs vertically and branches off into smaller streams. The surrounding area is not detailed with additional geographic entities.",38,2,False,True,1024,1024,RGB,43065,False,False,False,True,False,True,False,no_direction_or_relation
MGEval,31,16_706.jpg,"The google map shows a light green area with two small blue shapes, likely representing bodies of water. In the upper part of the map, there is a label for ""The Pumpkin Shed,"" which is marked as temporarily closed. The map includes a light gray line, possibly indicating a road or path, running diagonally in the upper right corner.",59,1,False,True,1024,1024,RGB,46324,True,True,True,True,False,True,True,
MGEval,32,16_707.jpg,"The google map shows a section of a road labeled ""60"" running diagonally from the bottom left to the top right. Another road, ""Poindexter Ln,"" intersects with it. There is a small blue area, possibly indicating water, near the intersection. A green area is visible on the left side, suggesting a park or forested region. A location marked ""Summer Crawford Design"" is near the intersection.",65,3,False,True,1024,1024,RGB,72473,True,False,True,True,False,True,True,
MGEval,33,16_796.jpg,"The google map shows a section of a road network. ""River Ridge Pkwy"" is a prominent road running diagonally across the map. Near this road, there is a location marked as ""Kenco warehouse."" The map includes several other roads and pathways, with some intersecting lines indicating additional routes or boundaries. The layout suggests an area with industrial or commercial facilities.",60,2,False,True,1024,1024,RGB,81983,True,False,True,False,False,False,False,no_direction_or_relation
MGEval,34,16_808.jpg,"The google map shows a location labeled ""Rivercrest Farm,"" which is marked as temporarily closed. The farm is indicated by a pin on a light blue shape, possibly representing a building or area. The surrounding area is depicted in light green, suggesting open land or fields.",46,1,False,True,1024,1024,RGB,39210,False,False,False,True,True,True,False,no_direction_or_relation
MGEval,35,16_844.jpg,"The google map shows two roads, Fairview Knob Rd and N Skyline Dr, intersecting in a green area. The roads are depicted as light gray lines, with Fairview Knob Rd running horizontally and N Skyline Dr approaching from the bottom left. The surrounding area is shaded green, indicating a natural or undeveloped region.",53,4,False,True,1024,1024,RGB,42425,True,False,False,True,False,False,True,
MGEval,36,16_875.jpg,"The google map shows a location labeled ""Dailey Cemetery"" situated near River Ridge Road. The area is predominantly green, indicating a natural or undeveloped region. There is a small body of water visible in the lower left corner. The roads appear to be curving, suggesting a rural setting.",48,2,False,True,1024,1024,RGB,50891,True,True,True,True,False,True,True,
MGEval,37,16_880.jpg,"The google map shows a section of an area with two roads and a creek. S Rose Island Rd runs vertically, while Spring Dr intersects it horizontally. Pond Creek flows in a curved path, crossing under Spring Dr and running parallel to S Rose Island Rd for a short distance. The surrounding area is shaded in light green, indicating land or vegetation.",62,5,False,True,1024,1024,RGB,58832,True,False,True,True,False,False,False,no_direction_or_relation
MGEval,38,16_885.jpg,"The google map shows a section with two roads labeled Mayo Ln and Mayo Ct. Mayo Ln runs diagonally from the northwest to the southeast, while Mayo Ct branches off Mayo Ln towards the northeast. There is a location marked as ""Second Stride"" near the intersection of these roads. The surrounding area appears to be predominantly green, indicating open or undeveloped land.",62,5,False,True,1024,1024,RGB,54228,True,False,False,True,False,True,False,no_direction_or_relation
MGEval,39,16_902.jpg,"The google map shows a section of two intersecting roads labeled ""Reasor Rd"" and ""Stiller Rd."" Reasor Rd runs horizontally and curves slightly, while Stiller Rd runs vertically, intersecting with Reasor Rd. The surrounding area is shaded in green, indicating a likely rural or undeveloped region.",46,7,False,True,1024,1024,RGB,35813,True,False,False,True,False,True,False,no_direction_or_relation
MGEval,40,16_928.jpg,"The google map shows a network of roads, including Plum Run Dr and Plum Ridge Dr, which intersect with other unnamed roads. There is a point of interest labeled ""Mis Rae Creations 1"" located near these roads. The map appears to be a simple street layout without additional geographic features.",50,3,True,True,1024,1024,RGB,76232,True,True,False,False,False,True,False,generic_no_feature_claim
MGEval,41,16_939.jpg,"The google map shows a section of an area with a road labeled ""King Rd"" running diagonally from the top left to the bottom center. To the right of the road is a waterway labeled ""Pleasant Run,"" which curves from the top right to the bottom center. There is a small body of water located to the left of King Rd. The background is a light green, indicating land.",69,4,False,True,1024,1024,RGB,49933,True,False,True,True,False,True,True,
MGEval,42,16_943.jpg,"The map shows an intersection of two roads: Charlestown-Jeffersonville Pike and Salem-Noble Rd. The roads intersect at an angle, with Charlestown-Jeffersonville Pike running from the southwest to the northeast , and Salem-Noble Rd running diagonally from the northwest to the southeast. There is a green area in the northwest corner, indicating a possible park or wooded area. The rest of the map is a light beige color, suggesting open land or developed areas.",76,2,False,True,1024,1024,RGB,135828,True,True,False,True,False,False,False,
MGEval,43,16_980.jpg,"The google map shows an intersection of two roads: Navilleton Road, which runs vertically, and Reasor Road, which runs horizontally. The surrounding area appears to be a light green, indicating open land or rural space. There are no additional geographic features or labels visible on this section of the map.",50,2,True,True,1024,1024,RGB,42357,True,False,False,True,False,False,False,no_direction_or_relation;generic_no_feature_claim
MGEval,44,16_983.jpg,"The google map shows a location marked as ""Homestead Ag Supply"" situated near a road labeled ""Stiller Rd."" The area appears to be predominantly green, indicating open or rural land. The marked location is positioned to the west of Stiller Rd.",41,4,False,True,1024,1024,RGB,48346,True,False,False,True,False,True,True,
MGEval,45,16_998.jpg,"The google map shows a light green area with a blue line running diagonally across it, representing a waterway. The location labeled ""Duck Hollow"" is situated near the waterway. The map does not display additional geographic entities or detailed spatial relationships.",41,1,False,True,1024,1024,RGB,38777,False,False,False,True,False,True,False,no_direction_or_relation
MGEval,46,16_1008.jpg,"The google map shows a small area with several roads and a labeled location. ""Pleasantview Ct"" is a curved road connecting to ""Chapel Creek Trail,"" which runs vertically. Another road intersects these, leading to the ""Kingdom Hall of Jehovah's Witnesses,"" marked with an icon. The roads form a small network in a residential or community area.",57,5,False,True,1024,1024,RGB,80118,True,False,True,False,True,True,False,no_direction_or_relation
MGEval,47,16_1103.jpg,"The google map shows an area with a geographic entity labeled ""Hidden Creek Organic Farms."" To the right, there is a road named ""Utica-Sellersburg Rd."" A water body is visible in the lower left section of the map. The map background is primarily green, indicating a rural or natural area.",51,4,False,True,1024,1024,RGB,69902,True,False,True,True,False,True,True,
MGEval,48,16_1137.jpg,"The google map shows an intersection of two roads: Constantine Dr and Covered Bridge Rd. There are two small bodies of water near the intersection, one to the north and one to the south of Covered Bridge Rd. The area is depicted with a green background, indicating a likely rural or natural setting.",53,3,False,True,1024,1024,RGB,51107,True,False,True,True,False,False,True,
MGEval,49,16_1144.jpg,"The google map shows a section of Buttontown Road running vertically. To the left of the road, ""Faith Harvest Assembly"" is marked, and further down, ""Hooves Healing Hearts"" is indicated. The map uses icons to denote these locations, with a cross symbol for Faith Harvest Assembly. The background is a light green, suggesting a rural or less densely populated area.",60,3,False,True,1024,1024,RGB,63580,True,False,False,True,False,False,True,
MGEval,50,16_1200.jpg,"The google map shows a section of a road network. Jacobs Way runs horizontally across the map, intersecting with 5th Street, which runs vertically. There is a tree icon located near the bottom left, indicating a point of interest such as a park or forested area. The roads appear to be in a rural or suburban setting, with no additional geographic entities or labels visible.",65,1,True,True,1024,1024,RGB,52992,True,False,False,True,True,False,True,generic_no_feature_claim
MGEval,51,16_1230.jpg,"The google map shows a section of a road network. ""Covered Bridge Rd"" runs horizontally across the map, intersecting with another road labeled ""1694"" at the left side. The surrounding area is shaded in green, indicating a natural or undeveloped area. A smaller, unnamed road branches off from Covered Bridge Rd, curving downward.",53,4,False,True,1024,1024,RGB,45545,True,False,False,True,False,True,True,
MGEval,52,16_1253.jpg,"The google map shows a location marked as ""Caldwell Sash Company"" situated along Scottsville Road. The road appears to run diagonally across the map. The surrounding area is shaded in green, indicating a likely rural or undeveloped region. There are no additional geographic entities or landmarks visible on this map section.",51,2,True,True,1024,1024,RGB,59737,True,False,False,True,False,False,False,no_direction_or_relation;generic_no_feature_claim
MGEval,53,16_1282.jpg,"The google map shows two labeled locations: Hidden Creek Golf Club and LG&E Northside Substation. The golf club is positioned to the north of the substation. The background is predominantly green, indicating a natural or park-like area. There are no visible roads or additional geographic features marked on this section of the map.",55,1,False,True,1024,1024,RGB,58586,False,False,True,True,False,True,True,
MGEval,54,16_1284.jpg,"The google map shows a location labeled ""Cooper Lane Quarry"" with a nearby body of water to the northeast. Another location, ""Ernst Concrete,"" is situated to the southeast of the quarry. A linear feature, possibly a road or boundary, runs diagonally from the southwest to the northeast. The area surrounding these features is mostly light-colored, indicating open or undeveloped land.",61,3,False,True,1024,1024,RGB,61580,True,False,True,True,False,True,False,no_direction_or_relation
MGEval,55,16_1340.jpg,"The google map shows a section of Navilleton Road running vertically. To the left of the road, there is a label for Jacobi Oil Service, which is marked with an icon. A small water body is also visible near the label. The map is minimal, focusing on this specific area and its immediate surroundings.",54,1,False,True,1024,1024,RGB,45707,True,False,True,False,True,True,True,
MGEval,56,16_1359.jpg,"The google map shows a section of Bald Knob Road, which curves through the area. There is a location marked as ""Stark Properties"" along this road. The surrounding area is green, indicating vegetation or open land, and there is a small blue shape suggesting a body of water nearby.",49,2,False,True,1024,1024,RGB,47590,True,False,True,True,False,False,False,no_direction_or_relation
MGEval,57,16_1490.jpg,"The google map shows a body of water in the center, surrounded by light green areas indicating land. There are roads labeled ""Quarry Ridge Rd"" and ""Boulder Pass"" to the south of the water. The roads appear to curve around the landscape, suggesting a hilly or uneven terrain.",48,3,False,True,1024,1024,RGB,70526,True,False,True,True,False,True,True,
MGEval,58,16_1499.jpg,"The google map shows a network of roads. Cedar Ridge Ct runs in a generally north-south direction, while Chestnut Hill Dr intersects it and extends in a southeast-northwest direction. The roads appear to be part of a residential area, with several smaller connecting roads branching off.",48,2,False,True,1024,1024,RGB,53873,True,False,False,False,False,False,True,
MGEval,59,16_1536.jpg,"The google map shows a road labeled ""White Tail Way"" that curves from the bottom center to the top right corner. The surrounding area is shaded green, indicating a park or forested region. There is a small blue shape near the top right, suggesting a pond or small body of water.",51,2,False,True,1024,1024,RGB,37740,True,True,True,True,False,True,True,
MGEval,60,16_1658.jpg,"The google map shows a section of land featuring a creek labeled ""Little Indian Creek"" running vertically through the center. To the right of the creek is a road labeled ""St Marys Rd."" The map area is primarily green, indicating a natural or rural setting. The creek and road run parallel to each other.",54,4,False,True,1024,1024,RGB,48652,True,False,True,True,False,True,True,
MGEval,61,16_1766.jpg,"The google map shows a light green area with a road labeled ""St Marys Rd"" running vertically. A waterway named ""Crooked Run"" is depicted curving through the area. There is a small blue feature, possibly a pond, located towards the bottom of the map. The map includes some intersecting lines, likely representing additional roads or paths.",56,3,False,True,1024,1024,RGB,62488,True,False,True,True,False,True,True,
MGEval,62,16_1783.jpg,"The google map shows a section of Lapping Park Disc Golf Course, located near Milner Way. A blue water feature is visible to the southwest of the course, indicating a body of water or stream. The map highlights the spatial relationship between the disc golf course and the nearby road.",50,1,False,True,1024,1024,RGB,51087,True,False,True,True,False,False,False,no_direction_or_relation
MGEval,63,16_1874.jpg,"The google map shows a network of roads labeled Doe Creek Dr and Doe Ridge Dr. Doe Creek Dr runs vertically and intersects with Doe Ridge Dr, which runs horizontally. There are several smaller roads branching off from these main roads, forming loops and cul-de-sacs. The background is a light green color, indicating a possible residential or rural area.",61,3,False,True,1024,1024,RGB,44651,True,False,True,True,False,True,False,no_direction_or_relation
MGEval,64,16_1883.jpg,"The google map shows a section of a road network. Green Valley Rd runs vertically on the right side. Cheryl Dr intersects Green Valley Rd and extends to the left, where it connects with Miede Dr, which curves upwards. The area is predominantly green, indicating open space or vegetation.",49,4,False,True,1024,1024,RGB,53292,True,False,False,True,False,False,True,
MGEval,65,16_1959.jpg,"The google map shows a section of a road network. Oaklea Drive runs vertically through the center, intersecting with S Camden Lane at the top. The area is surrounded by a green space, indicating vegetation or undeveloped land. There is a small blue area in the top right corner, possibly representing a body of water.",55,2,False,True,1024,1024,RGB,47198,True,True,True,True,False,False,True,
MGEval,66,16_1997.jpg,"The google map shows a section of a road network with two labeled roads: Spickert Knob Rd and Overlook Trace. Spickert Knob Rd runs horizontally across the map, curving slightly, while Overlook Trace intersects it from the right. The surrounding area is shaded in green, indicating a natural or undeveloped region.",51,2,False,True,1024,1024,RGB,50930,True,False,False,True,False,True,True,
MGEval,67,16_2040.jpg,"The google map shows a section of land bordered by Harrods Creek. Key features include a ""Tennis Court and Parking Lot"" located near the top left, accessible via Deer Ridge Road. A ""Grassy Field"" is situated to the southeast, adjacent to a small body of water. The creek curves around the area, forming a natural boundary.",56,5,False,True,1024,1024,RGB,97295,True,False,True,False,False,False,True,
MGEval,68,16_2057.jpg,"The google map shows a small residential area with several roads. Perrin Place and Perrin Circle are connected to Perrin, which curves through the area. Breeze Hill Road intersects with Perrin and curves around, connecting to Jones Trace. The area is surrounded by green space, indicating possible parks or undeveloped land.",51,1,False,True,1024,1024,RGB,64313,True,False,False,True,False,False,False,no_direction_or_relation
MGEval,69,16_2087.jpg,"The google map shows a section of Georgetown Greenville Road running in a generally north-south direction. To the east of the road is Richland Creek, which flows in a roughly parallel direction. The area surrounding these features is depicted in a light green color, indicating land or vegetation.",49,2,False,True,1024,1024,RGB,54747,True,False,True,True,False,False,True,
MGEval,70,16_2274.jpg,"The google map shows a section of the border between Indiana and Kentucky. A dashed line indicates the boundary separating the two states. The area is predominantly blue, suggesting a water body, with light green landmasses on either side of the border.",42,0,False,True,1024,1024,RGB,58414,False,False,True,True,False,False,False,no_named_feature;no_direction_or_relation
MGEval,71,16_2276.jpg,"The google map shows a coastal area with a body of water to the west. ""Juniper Beach Rd"" runs parallel to the coastline. The ""Limestone Bay Club"" is marked near the northern part of the map. Several smaller roads intersect with Juniper Beach Rd, and the area appears to be lightly developed with a few structures or landmarks.",58,5,False,True,1024,1024,RGB,66453,True,True,True,False,False,False,True,
MGEval,72,16_2319.jpg,"The google map shows a small area with several roads. Lincoln Trail intersects with Commonwealth Drive. Heritage Court is a short road connecting to Lincoln Trail. R.P. Services is marked at the intersection of Commonwealth Drive and another unnamed road. The surrounding area appears to be lightly developed, with some green space indicating possible parks or undeveloped land.",59,2,False,True,1024,1024,RGB,65794,True,False,False,True,False,False,False,no_direction_or_relation
MGEval,73,16_2358.jpg,"The google map shows a section of a road network. Lawrence Banet Road runs horizontally and vertically, forming a curve. Masters Drive branches off Lawrence Banet Road, forming a loop. The area is surrounded by a green background, indicating open space or undeveloped land.",44,3,False,True,1024,1024,RGB,61545,True,False,False,True,False,False,False,no_direction_or_relation
MGEval,74,16_2445.jpg,"The google map shows two intersecting roads: Commonwealth Dr and Boones Trce. Commonwealth Dr runs vertically, while Boones Trce runs horizontally. The area surrounding the roads is shaded green, indicating a possible park or wooded area. There is a small blue shape in the lower right corner, which may represent a body of water.",54,2,False,True,1024,1024,RGB,52112,True,True,True,True,False,False,True,
MGEval,75,16_2462.jpg,"The google map shows a section of land with a road labeled ""Seneca Dr NE"" running vertically. To the left of the road is a waterway labeled ""Indian Creek."" There is a point of interest marked as ""English Springer Spaniel Breeding and..."" located near Seneca Dr NE. The area appears to be primarily green, indicating open or undeveloped land.",59,6,False,True,1024,1024,RGB,61973,True,False,True,True,False,True,True,
MGEval,76,16_2479.jpg,"The google map shows a section of Edwardsville Galena Road running vertically. To the right of the road is Timbers Drive, which intersects with it. On the left side of Edwardsville Galena Road, there is a small, elongated body of water. The surrounding area is depicted in green, indicating a likely natural or undeveloped region.",55,3,False,True,1024,1024,RGB,47192,True,False,True,True,False,False,True,
MGEval,77,16_2493.jpg,"The google map shows a section of a rural area with a road labeled ""Binford Rd"" running horizontally. There are small bodies of water visible in the lower left and upper left corners. A location labeled ""Ridgeview Animal Clinic"" is situated near the top right. The surrounding area is predominantly green, indicating open or undeveloped land.",56,3,False,True,1024,1024,RGB,54810,True,False,True,True,False,True,True,
MGEval,78,16_2527.jpg,"The google map shows a section of land with a waterway on the right side. A road labeled ""Port Rd"" runs parallel to the waterway. There is a marked location labeled ""Consolidated Grain and Barge Co"" near the road. The map includes some linear features, possibly representing rail lines, running parallel to the road and waterway.",56,3,False,True,1024,1024,RGB,86172,True,False,False,False,False,True,True,
MGEval,79,16_2568.jpg,"The google map shows a section of a waterway labeled ""Curry Fork."" The waterway curves through the area, surrounded by a light green background, which typically represents land. There are no additional geographic entities or labels visible in this section of the map.",43,1,True,True,1024,1024,RGB,37404,False,False,False,True,False,True,False,no_direction_or_relation;generic_no_feature_claim
MGEval,80,16_2574.jpg,"The google map shows a section of a road labeled ""1818"" running horizontally. Near the road, there is a location marked ""Zion Hill Events"" with an icon indicating an event venue. There are small bodies of water depicted in blue to the north and southwest of the road. The surrounding area is shaded in green, indicating land or vegetation.",59,2,False,True,1024,1024,RGB,56174,True,False,True,True,True,True,True,
MGEval,81,16_2623.jpg,"The google map shows a location labeled ""CK Lawn & Landscaping."" The area surrounding this point is predominantly green, indicating a large expanse of land, possibly a park or forested area. There are no visible roads or other geographic entities marked nearby.",41,1,False,True,1024,1024,RGB,36844,False,False,False,True,False,True,False,no_direction_or_relation
MGEval,82,16_2666.jpg,"The google map shows a light green area indicating a natural or park region, with a blue line representing a river or stream running through it. There are several gray lines depicting roads or pathways. A labeled point, ""Eric Roland,"" is marked with a location pin in the lower central part of the map. The spatial relationship shows the river flowing from the upper right to the lower left, with roads intersecting the area.",74,1,False,True,1024,1024,RGB,52119,False,False,True,True,False,True,True,
MGEval,83,16_2703.jpg,"The google map shows a section of a road network. W Mt Zion Rd intersects with Rte 2858 and continues towards a junction with road 1818. The area surrounding the roads is shaded in green, indicating open or undeveloped land.",40,1,False,True,1024,1024,RGB,42284,True,True,False,True,False,False,False,
MGEval,84,16_2721.jpg,"The google map shows a light green area with a small blue shape, likely representing a body of water, located near a curved gray line, which may indicate a road or path. The label ""Taylor Cattle Farm"" is positioned near the top of the map, with a marker indicating its location close to the gray line.",56,1,False,True,1024,1024,RGB,41002,True,False,True,True,False,True,True,
MGEval,85,16_2728.jpg,"The google map shows a section of a geographic area featuring a creek labeled ""Indian Creek"" running in a generally north-south direction. A road labeled ""64"" crosses the creek horizontally. Another road, ""Cabin Ridge NE,"" runs vertically and intersects with road 64. The surrounding area is shaded in green, indicating land or vegetation.",54,3,False,True,1024,1024,RGB,57011,True,False,True,True,False,True,True,
MGEval,86,16_2764.jpg,"The google map shows a section of Interstate 265, which runs vertically through the center. There are two parallel lanes indicating the highway. A hotel, Fairfield Inn & Suites Louisville, is marked to the northeast of the highway. There are some smaller roads visible in the top left corner. The map is oriented with north at the top.",57,0,False,True,1024,1024,RGB,83380,True,True,False,False,False,False,True,no_named_feature
MGEval,87,16_2838.jpg,"The google map shows a road network with a labeled location, ""Wakefield Electric,"" situated at an intersection. The roads are marked, with one labeled as ""1408."" There are two small bodies of water visible, one near the intersection and another to the southwest. The surrounding area is depicted in green, indicating open or undeveloped land.",55,2,False,True,1024,1024,RGB,61362,True,False,True,True,False,True,False,no_direction_or_relation
MGEval,88,16_2902.jpg,"The google map shows a light green area with two parallel blue lines at the top, likely representing a road or railway. Below these lines, there is a label ""Magic irrigation time"" with a marker. A light gray line runs horizontally near the label, possibly indicating a path or smaller road. Another gray line branches off to the right, forming a rectangular shape.",63,1,False,True,1024,1024,RGB,62008,True,False,False,True,False,True,True,
MGEval,89,16_2977.jpg,"The google map shows a section of a waterway labeled ""Floyds Fork."" The waterway is depicted in blue, winding through a light green area, which likely represents land. The map focuses on the course of the waterway without additional geographic features or labels.",43,1,True,True,1024,1024,RGB,48585,False,False,False,True,False,True,False,no_direction_or_relation;generic_no_feature_claim
MGEval,90,16_3001.jpg,"The google map shows a location labeled ""Jacob Mark Kennels"" situated along Hannah Road. The road runs vertically through the map. There is a small body of water located to the southwest of the kennels. The surrounding area appears to be green, indicating a rural or undeveloped region.",48,2,False,True,1024,1024,RGB,57638,True,False,True,True,False,True,False,no_direction_or_relation
MGEval,91,16_3012.jpg,"The google map shows two roads: Dickson Dr NE and Pioneer Trail NE. Dickson Dr NE curves and intersects with Pioneer Trail NE, which runs vertically. The area surrounding the roads is shaded green, indicating a natural or undeveloped area.",40,2,False,True,1024,1024,RGB,45612,True,False,False,True,False,False,False,no_direction_or_relation
MGEval,92,16_3078.jpg,"The google map shows a section of the Ohio River, which is depicted in blue. Adjacent to the river is a road labeled ""River Rd,"" running parallel to the riverbank. The area surrounding the road is shown in light green, indicating land.",42,3,False,True,1024,1024,RGB,37952,True,False,True,True,False,True,False,no_direction_or_relation
MGEval,93,16_3150.jpg,"The google map shows a section of a road labeled ""335"" running vertically. To the left of the road, there is a marker for ""Albertsons Mobile Mechanic."" The surrounding area is shaded in green, indicating a possible rural or undeveloped region. There are no additional geographic features or entities labeled on this map segment.",54,2,True,True,1024,1024,RGB,51092,True,False,False,True,False,True,True,generic_no_feature_claim
MGEval,94,16_3260.jpg,"The google map shows a section of a waterway labeled ""Floyds Fork."" The waterway runs vertically through the map, with a slight bend and branching towards the bottom right. The surrounding area is depicted in a light green color, indicating land. There are no additional geographic entities or labels visible on this map section.",54,1,True,True,1024,1024,RGB,43846,False,False,False,True,False,True,True,generic_no_feature_claim
MGEval,95,16_3287.jpg,"The google map shows a location labeled ""Mason's Blueberry Hill,"" which is marked as temporarily closed. It is situated along a road named Hannah Rd. There are small water bodies or streams visible nearby, and the surrounding area appears to be green, indicating vegetation or open land.",48,2,False,True,1024,1024,RGB,71974,True,False,True,True,False,True,False,no_direction_or_relation
MGEval,96,16_3289.jpg,"The google map shows a section where Aiken Road and Hebron Road intersect. There are two small bodies of water nearby, one to the northwest and another to the southeast. A location labeled ""SmartGrass"" is situated along Aiken Road, near the intersection with Hebron Road. The surrounding area appears to be green, indicating vegetation or open land.",57,5,False,True,1024,1024,RGB,57036,True,True,True,True,False,True,False,
MGEval,97,16_3323.jpg,"The google map shows a light green area with a small blue body of water in the upper right section. A road runs horizontally across the map, labeled ""Dulcimer Chautaugua On,"" with an icon indicating a point of interest. A thin blue line, possibly a stream or river, runs parallel to the road in the lower part of the map.",60,1,False,True,1024,1024,RGB,58970,True,False,True,True,True,True,True,
MGEval,98,16_3358.jpg,"The google map shows a section of the Ohio River, labeled in blue. Adjacent to the river is an area labeled ""River Side,"" which is marked with a tree icon, possibly indicating a park or recreational area. The map features a light green area representing land next to the river.",50,2,False,True,1024,1024,RGB,44649,False,False,True,True,True,True,False,no_direction_or_relation
MGEval,99,16_3479.jpg,"The google map shows a section of the Ohio River, with a parking area labeled ""Ohio River Greenway Parking"" located to the north of the river. The river flows horizontally across the map. There are some roads and pathways visible near the parking area, indicating infrastructure along the riverbank.",49,3,False,True,1024,1024,RGB,63965,False,False,True,False,False,True,True,
