artifact_group,relative_path,suffix,bytes,sha256,csv_rows,role
choropleth_benchmark,experiments/05_choropleth_reliability_benchmark/README.md,.md,1538,8ad5ae1c3b18bbd0cb44e5b28dcf52ce11f3012f1c1ea0f0e06b1f96f7024d14,,supporting artifact
choropleth_benchmark,experiments/05_choropleth_reliability_benchmark/inputs/prompts_expanded.json,.json,3741,e6340c31807f0bfd8f2deba426ca6a044361af495b6e58a6b25cc9a077faeb7a,,supporting artifact
choropleth_benchmark,experiments/05_choropleth_reliability_benchmark/outputs/generated_code/deepseek-coder_6.7b/generation_manifest.json,.json,9270,197fc24264d18e8a62ff1a38ede6477011bfa7d08c1f639faf1a0de9f64380e0,,reproducibility manifest
choropleth_benchmark,experiments/05_choropleth_reliability_benchmark/outputs/generated_code/qwen2.5-coder_7b/generation_manifest.json,.json,9108,55c64197274dcc3d47c747c14b994dae4e6db4a246bb665fd8a3a8a1b45c9219,,reproducibility manifest
choropleth_benchmark,experiments/05_choropleth_reliability_benchmark/outputs/generated_code/validator_repair_reference/generation_manifest.json,.json,6016,ae751945fca4318e15eb2ceaf84c6c583435b105239e822b8cba7f6315450b67,,reproducibility manifest
choropleth_benchmark,experiments/05_choropleth_reliability_benchmark/outputs/generated_code_repaired/qwen2.5-coder_32b/repair_manifest.json,.json,39067,c1f14111e86d46700aef06ab08422526042656392b6dff8ec2a2cb0df020a304,,reproducibility manifest
choropleth_benchmark,experiments/05_choropleth_reliability_benchmark/outputs/generated_code_repaired/qwen2.5-coder_7b/repair_manifest.json,.json,7586,efd53f07e506a71c0fb484f315c1c93fe5b88071e03f2c4018e1b02d4afd005e,,reproducibility manifest
choropleth_benchmark,experiments/05_choropleth_reliability_benchmark/outputs/reference_baseline/diagnostics.json,.json,1662,b838fe3326f2c0dd87626dbac75fef43620e6a6169281ceeaeeee85f3a704242,,supporting artifact
choropleth_benchmark,experiments/05_choropleth_reliability_benchmark/outputs/runs_iterative_repair/deepseek-coder_6.7b/basic/deepseek-coder_6.7b_basic_C001_static_burned_area_iter01_20260624_042946/metadata.json,.json,652,85b23c5123393a60031571c155ecaa23a9a441c50900052f6ff3ed5439841c4b,,supporting artifact
choropleth_benchmark,experiments/05_choropleth_reliability_benchmark/outputs/runs_iterative_repair/deepseek-coder_6.7b/basic/deepseek-coder_6.7b_basic_C001_static_burned_area_iter02_20260624_043043/metadata.json,.json,652,ba62c212860ff495e1dcef155637f7a96f3f9557b0b6cfcb8a34ca3ce96c4e07,,supporting artifact
choropleth_benchmark,experiments/05_choropleth_reliability_benchmark/outputs/runs_iterative_repair/deepseek-coder_6.7b/basic/deepseek-coder_6.7b_basic_C001_static_burned_area_iter03_20260624_061945/diagnostics.json,.json,255,d1ae0a5c8c626688293d739b12e5cff278e43fe10cb92b37aed2ec3d8703e0f4,,supporting artifact
choropleth_benchmark,experiments/05_choropleth_reliability_benchmark/outputs/runs_iterative_repair/deepseek-coder_6.7b/basic/deepseek-coder_6.7b_basic_C001_static_burned_area_iter03_20260624_061945/metadata.json,.json,698,d65caf0f80277871cbb4a99890d933321681f4ea7d54eb2482c5e818c9df5cf6,,supporting artifact
choropleth_benchmark,experiments/05_choropleth_reliability_benchmark/outputs/runs_iterative_repair/deepseek-coder_6.7b/basic/deepseek-coder_6.7b_basic_C002_static_number_fires_iter01_20260624_043124/metadata.json,.json,655,114fe17f06b9f112163af95f81490734355a7ab3d434983f07df1d79cfe11d6f,,supporting artifact
choropleth_benchmark,experiments/05_choropleth_reliability_benchmark/outputs/runs_iterative_repair/deepseek-coder_6.7b/basic/deepseek-coder_6.7b_basic_C002_static_number_fires_iter02_20260624_043205/metadata.json,.json,677,4c8b2e500b56a82b8c04345c4450d78e8d635d75d6fe0aa8ec1620ba7de280d2,,supporting artifact
choropleth_benchmark,experiments/05_choropleth_reliability_benchmark/outputs/runs_iterative_repair/deepseek-coder_6.7b/basic/deepseek-coder_6.7b_basic_C004_missing_crs_repair_iter01_20260624_041715/diagnostics.json,.json,49,d0b74eac63ba4d8c577c7e99ea51113875f7a995c031b4900f4243363b498755,,supporting artifact
choropleth_benchmark,experiments/05_choropleth_reliability_benchmark/outputs/runs_iterative_repair/deepseek-coder_6.7b/basic/deepseek-coder_6.7b_basic_C004_missing_crs_repair_iter01_20260624_041715/metadata.json,.json,698,d30b17660fbd64cd1f7fa249d5935c4603e122e9b0006810c269521304bf32f3,,supporting artifact
choropleth_benchmark,experiments/05_choropleth_reliability_benchmark/outputs/runs_iterative_repair/deepseek-coder_6.7b/basic/deepseek-coder_6.7b_basic_C004_missing_crs_repair_iter01_20260624_071223/diagnostics.json,.json,49,d0b74eac63ba4d8c577c7e99ea51113875f7a995c031b4900f4243363b498755,,supporting artifact
choropleth_benchmark,experiments/05_choropleth_reliability_benchmark/outputs/runs_iterative_repair/deepseek-coder_6.7b/basic/deepseek-coder_6.7b_basic_C004_missing_crs_repair_iter01_20260624_071223/metadata.json,.json,698,487285315c6d673971a76e50667a5ecf6102f3f1a0cd88cf0f43c1d42903033a,,supporting artifact
choropleth_benchmark,experiments/05_choropleth_reliability_benchmark/outputs/runs_iterative_repair/deepseek-coder_6.7b/basic/deepseek-coder_6.7b_basic_C004_missing_crs_repair_iter01_20260624_072421/metadata.json,.json,651,cd2b86249ca7c273e7f8d5360d9154678b44d86f44f363157bb6d2db6aed643f,,supporting artifact
choropleth_benchmark,experiments/05_choropleth_reliability_benchmark/outputs/runs_iterative_repair/deepseek-coder_6.7b/basic/deepseek-coder_6.7b_basic_C004_missing_crs_repair_iter02_20260624_041754/diagnostics.json,.json,49,d0b74eac63ba4d8c577c7e99ea51113875f7a995c031b4900f4243363b498755,,supporting artifact
choropleth_benchmark,experiments/05_choropleth_reliability_benchmark/outputs/runs_iterative_repair/deepseek-coder_6.7b/basic/deepseek-coder_6.7b_basic_C004_missing_crs_repair_iter02_20260624_041754/metadata.json,.json,698,86e9f2282279717983061e1756db0bd199f25e0ef1a83114852fa4ad30498aa6,,supporting artifact
choropleth_benchmark,experiments/05_choropleth_reliability_benchmark/outputs/runs_iterative_repair/deepseek-coder_6.7b/basic/deepseek-coder_6.7b_basic_C004_missing_crs_repair_iter02_20260624_071240/diagnostics.json,.json,49,d0b74eac63ba4d8c577c7e99ea51113875f7a995c031b4900f4243363b498755,,supporting artifact
choropleth_benchmark,experiments/05_choropleth_reliability_benchmark/outputs/runs_iterative_repair/deepseek-coder_6.7b/basic/deepseek-coder_6.7b_basic_C004_missing_crs_repair_iter02_20260624_071240/metadata.json,.json,698,31f68b41fdf27e7892fc663794b343342d517e85c66d3cfe05ac2e40ceb4158a,,supporting artifact
choropleth_benchmark,experiments/05_choropleth_reliability_benchmark/outputs/runs_iterative_repair/deepseek-coder_6.7b/basic/deepseek-coder_6.7b_basic_C004_missing_crs_repair_iter02_20260624_072426/metadata.json,.json,651,0211e8244c1ac55865eed160df23cdcdbe0284bfc642ab3af980349b6f5e0eb5,,supporting artifact
choropleth_benchmark,experiments/05_choropleth_reliability_benchmark/outputs/runs_iterative_repair/deepseek-coder_6.7b/basic/deepseek-coder_6.7b_basic_C004_missing_crs_repair_iter03_20260624_061813/diagnostics.json,.json,49,d0b74eac63ba4d8c577c7e99ea51113875f7a995c031b4900f4243363b498755,,supporting artifact
choropleth_benchmark,experiments/05_choropleth_reliability_benchmark/outputs/runs_iterative_repair/deepseek-coder_6.7b/basic/deepseek-coder_6.7b_basic_C004_missing_crs_repair_iter03_20260624_061813/metadata.json,.json,698,811aef22e98faa1b650d58ae899fd72adcf897f413fc72c4bf0a762b505ddb05,,supporting artifact
choropleth_benchmark,experiments/05_choropleth_reliability_benchmark/outputs/runs_iterative_repair/deepseek-coder_6.7b/basic/deepseek-coder_6.7b_basic_C006_join_diagnostics_iter01_20260624_043259/diagnostics.json,.json,59,398ba8a928e586ad62ffb90209c1690b51e636cd575917a471527e64b80ac07f,,supporting artifact
choropleth_benchmark,experiments/05_choropleth_reliability_benchmark/outputs/runs_iterative_repair/deepseek-coder_6.7b/basic/deepseek-coder_6.7b_basic_C006_join_diagnostics_iter01_20260624_043259/metadata.json,.json,670,4324766d2b565a1de2fdccb3120c3fef52ef4438d168c443e44f037be72332f0,,supporting artifact
choropleth_benchmark,experiments/05_choropleth_reliability_benchmark/outputs/runs_iterative_repair/deepseek-coder_6.7b/basic/deepseek-coder_6.7b_basic_C006_join_diagnostics_iter02_20260624_043352/diagnostics.json,.json,59,398ba8a928e586ad62ffb90209c1690b51e636cd575917a471527e64b80ac07f,,supporting artifact
choropleth_benchmark,experiments/05_choropleth_reliability_benchmark/outputs/runs_iterative_repair/deepseek-coder_6.7b/basic/deepseek-coder_6.7b_basic_C006_join_diagnostics_iter02_20260624_043352/metadata.json,.json,670,aa901ec7c7e9ea5187883ef85f6887317487e42bdc6656eafe40ded59fd60a90,,supporting artifact
choropleth_benchmark,experiments/05_choropleth_reliability_benchmark/outputs/runs_iterative_repair/deepseek-coder_6.7b/basic/deepseek-coder_6.7b_basic_C006_join_diagnostics_iter03_20260624_062042/diagnostics.json,.json,59,398ba8a928e586ad62ffb90209c1690b51e636cd575917a471527e64b80ac07f,,supporting artifact
choropleth_benchmark,experiments/05_choropleth_reliability_benchmark/outputs/runs_iterative_repair/deepseek-coder_6.7b/basic/deepseek-coder_6.7b_basic_C006_join_diagnostics_iter03_20260624_062042/metadata.json,.json,670,fdd5df9deca52e518aef3110c627dec86e073380e1bb1555346cd740dedf11ac,,supporting artifact
choropleth_benchmark,experiments/05_choropleth_reliability_benchmark/outputs/runs_iterative_repair/deepseek-coder_6.7b/basic/deepseek-coder_6.7b_basic_C007_wrong_column_guard_iter01_20260624_041056/metadata.json,.json,652,8386f068af261916511bb2d4dda09299ecc350c69549c0a8e7f791464a818fc6,,supporting artifact
choropleth_benchmark,experiments/05_choropleth_reliability_benchmark/outputs/runs_iterative_repair/deepseek-coder_6.7b/basic/deepseek-coder_6.7b_basic_C007_wrong_column_guard_iter01_20260624_071021/metadata.json,.json,652,b5f55f73c52c506bce00999d28ce95166d8db5e79e9efcdfffe6e7779010d174,,supporting artifact
choropleth_benchmark,experiments/05_choropleth_reliability_benchmark/outputs/runs_iterative_repair/deepseek-coder_6.7b/basic/deepseek-coder_6.7b_basic_C007_wrong_column_guard_iter01_20260624_072321/metadata.json,.json,651,2509cb70746803f80f300a955e1167f47d1f682753030da0bb92daf7205e9b87,,supporting artifact
choropleth_benchmark,experiments/05_choropleth_reliability_benchmark/outputs/runs_iterative_repair/deepseek-coder_6.7b/basic/deepseek-coder_6.7b_basic_C007_wrong_column_guard_iter02_20260624_041147/diagnostics.json,.json,117,27dec61152c73cc837be7ebda1e1ff310ebb21619c7cf36dd7ea74bc7da9756a,,supporting artifact
choropleth_benchmark,experiments/05_choropleth_reliability_benchmark/outputs/runs_iterative_repair/deepseek-coder_6.7b/basic/deepseek-coder_6.7b_basic_C007_wrong_column_guard_iter02_20260624_041147/metadata.json,.json,676,fa70294c1d5663c9c762384256049e6c13916e1332e6f3901404ae3290ab7c75,,supporting artifact
choropleth_benchmark,experiments/05_choropleth_reliability_benchmark/outputs/runs_iterative_repair/deepseek-coder_6.7b/basic/deepseek-coder_6.7b_basic_C007_wrong_column_guard_iter02_20260624_071038/diagnostics.json,.json,55,df5aa27a45615a1416531196e674bc676f901aea79690291f5363b4f6df9367a,,supporting artifact
choropleth_benchmark,experiments/05_choropleth_reliability_benchmark/outputs/runs_iterative_repair/deepseek-coder_6.7b/basic/deepseek-coder_6.7b_basic_C007_wrong_column_guard_iter02_20260624_071038/metadata.json,.json,676,d54dd1443b67142179acde534603c9851620f8ba00f70f09f33895a4e013c44d,,supporting artifact
choropleth_benchmark,experiments/05_choropleth_reliability_benchmark/outputs/runs_iterative_repair/deepseek-coder_6.7b/basic/deepseek-coder_6.7b_basic_C007_wrong_column_guard_iter02_20260624_072331/metadata.json,.json,651,3d6493e7ab0a6a9254d823a8d9b4a229e575e6235b6b0c12ba0617e802bacabf,,supporting artifact
choropleth_benchmark,experiments/05_choropleth_reliability_benchmark/outputs/runs_iterative_repair/deepseek-coder_6.7b/basic/deepseek-coder_6.7b_basic_C008_quantile_classes_iter01_20260624_050908/metadata.json,.json,645,820fbba35043f79ed2e106bf32b18b08d8ca0b70fed238fd627bd4bf0fb5dd12,,supporting artifact
choropleth_benchmark,experiments/05_choropleth_reliability_benchmark/outputs/runs_iterative_repair/deepseek-coder_6.7b/basic/deepseek-coder_6.7b_basic_C008_quantile_classes_iter02_20260624_051003/metadata.json,.json,646,37d4d96bf3f7119684abd886fca34beb3933716b9096a88e68fb1e88e3c12b36,,supporting artifact
choropleth_benchmark,experiments/05_choropleth_reliability_benchmark/outputs/runs_iterative_repair/deepseek-coder_6.7b/basic/deepseek-coder_6.7b_basic_C008_quantile_classes_iter03_20260624_062832/metadata.json,.json,668,68da76f26815fc0f2bd191da4d18335eb44b73fe139871ee9e330e6ce90f3d68,,supporting artifact
choropleth_benchmark,experiments/05_choropleth_reliability_benchmark/outputs/runs_iterative_repair/deepseek-coder_6.7b/basic/deepseek-coder_6.7b_basic_C009_colorblind_safe_iter01_20260624_043653/metadata.json,.json,643,045e3ed9405bc08ab72dac6422fe269457838f6bd50a6fb601e9e99aae01596d,,supporting artifact
choropleth_benchmark,experiments/05_choropleth_reliability_benchmark/outputs/runs_iterative_repair/deepseek-coder_6.7b/basic/deepseek-coder_6.7b_basic_C009_colorblind_safe_iter02_20260624_043731/diagnostics.json,.json,95,8c7920d9398e41b15add338c0a1cd25b70643cbb25fed37e65c28fc7543ffe8c,,supporting artifact
choropleth_benchmark,experiments/05_choropleth_reliability_benchmark/outputs/runs_iterative_repair/deepseek-coder_6.7b/basic/deepseek-coder_6.7b_basic_C009_colorblind_safe_iter02_20260624_043731/metadata.json,.json,689,53c7eb29566a6d538cb97daac5030c03b33c295e7f02ce155c436659f4ce362d,,supporting artifact
choropleth_benchmark,experiments/05_choropleth_reliability_benchmark/outputs/runs_iterative_repair/deepseek-coder_6.7b/basic/deepseek-coder_6.7b_basic_C010_interactive_tooltips_iter01_20260624_043811/metadata.json,.json,686,1f012f6c48d28aa95f0a11f76ddd949c9d31b24e1d9ac84d69a4f847de24c294,,supporting artifact
choropleth_benchmark,experiments/05_choropleth_reliability_benchmark/outputs/runs_iterative_repair/deepseek-coder_6.7b/basic/deepseek-coder_6.7b_basic_C010_interactive_tooltips_iter02_20260624_043903/metadata.json,.json,656,15a6345b190334cbab28eb05d6b9ae5d53a761aa76a87f0cd0ac6c437698105c,,supporting artifact
choropleth_benchmark,experiments/05_choropleth_reliability_benchmark/outputs/runs_iterative_repair/deepseek-coder_6.7b/basic/deepseek-coder_6.7b_basic_C010_interactive_tooltips_iter03_20260624_062136/metadata.json,.json,658,f9cbd8ff144e2517380825156cbdd2f7706ffabbb92ccbf0ee650a0a90422222,,supporting artifact
choropleth_benchmark,experiments/05_choropleth_reliability_benchmark/outputs/runs_iterative_repair/deepseek-coder_6.7b/rules/deepseek-coder_6.7b_rules_C002_static_number_fires_iter01_20260624_044023/metadata.json,.json,655,9dcb73d890bbf61727f6bfe66b51cfb134db98a4247e363eb2436d865df975cb,,supporting artifact
choropleth_benchmark,experiments/05_choropleth_reliability_benchmark/outputs/runs_iterative_repair/deepseek-coder_6.7b/rules/deepseek-coder_6.7b_rules_C002_static_number_fires_iter02_20260624_044122/diagnostics.json,.json,69,998e7d1e7cb825635f471fb6cd4207f53d0b1a67243417e9a3a9725ce1820079,,supporting artifact
choropleth_benchmark,experiments/05_choropleth_reliability_benchmark/outputs/runs_iterative_repair/deepseek-coder_6.7b/rules/deepseek-coder_6.7b_rules_C002_static_number_fires_iter02_20260624_044122/metadata.json,.json,701,53b0a6289b7af1f4da2dd3ab7e9474a054234f72e50be5ac1712b1844a73244d,,supporting artifact
choropleth_benchmark,experiments/05_choropleth_reliability_benchmark/outputs/runs_iterative_repair/deepseek-coder_6.7b/rules/deepseek-coder_6.7b_rules_C003_static_full_layout_iter01_20260624_040903/diagnostics.json,.json,59,398ba8a928e586ad62ffb90209c1690b51e636cd575917a471527e64b80ac07f,,supporting artifact
choropleth_benchmark,experiments/05_choropleth_reliability_benchmark/outputs/runs_iterative_repair/deepseek-coder_6.7b/rules/deepseek-coder_6.7b_rules_C003_static_full_layout_iter01_20260624_040903/metadata.json,.json,676,22125c90fc8e6c8e078c46b7235934a9a40d047c05af9943bf6e9331f8edadec,,supporting artifact
choropleth_benchmark,experiments/05_choropleth_reliability_benchmark/outputs/runs_iterative_repair/deepseek-coder_6.7b/rules/deepseek-coder_6.7b_rules_C003_static_full_layout_iter01_20260624_070930/diagnostics.json,.json,59,398ba8a928e586ad62ffb90209c1690b51e636cd575917a471527e64b80ac07f,,supporting artifact
choropleth_benchmark,experiments/05_choropleth_reliability_benchmark/outputs/runs_iterative_repair/deepseek-coder_6.7b/rules/deepseek-coder_6.7b_rules_C003_static_full_layout_iter01_20260624_070930/metadata.json,.json,676,0fdfc92c0fc17a6f88836c416b6c43e87dc9cb15253250cde768e4c1e819f325,,supporting artifact
choropleth_benchmark,experiments/05_choropleth_reliability_benchmark/outputs/runs_iterative_repair/deepseek-coder_6.7b/rules/deepseek-coder_6.7b_rules_C003_static_full_layout_iter01_20260624_071849/diagnostics.json,.json,59,398ba8a928e586ad62ffb90209c1690b51e636cd575917a471527e64b80ac07f,,supporting artifact
choropleth_benchmark,experiments/05_choropleth_reliability_benchmark/outputs/runs_iterative_repair/deepseek-coder_6.7b/rules/deepseek-coder_6.7b_rules_C003_static_full_layout_iter01_20260624_071849/metadata.json,.json,675,553b590de19865ed3e3b2e84465b22b2caf3e39d31414c927a889a684c67b120,,supporting artifact
choropleth_benchmark,experiments/05_choropleth_reliability_benchmark/outputs/runs_iterative_repair/deepseek-coder_6.7b/rules/deepseek-coder_6.7b_rules_C003_static_full_layout_iter01_20260624_072857/diagnostics.json,.json,59,398ba8a928e586ad62ffb90209c1690b51e636cd575917a471527e64b80ac07f,,supporting artifact
choropleth_benchmark,experiments/05_choropleth_reliability_benchmark/outputs/runs_iterative_repair/deepseek-coder_6.7b/rules/deepseek-coder_6.7b_rules_C003_static_full_layout_iter01_20260624_072857/metadata.json,.json,678,075437b97be8fcb4661e9c903a712cabaed93bd793831f9ac225362b67ec132c,,supporting artifact
choropleth_benchmark,experiments/05_choropleth_reliability_benchmark/outputs/runs_iterative_repair/deepseek-coder_6.7b/rules/deepseek-coder_6.7b_rules_C003_static_full_layout_iter02_20260624_040946/diagnostics.json,.json,59,398ba8a928e586ad62ffb90209c1690b51e636cd575917a471527e64b80ac07f,,supporting artifact
choropleth_benchmark,experiments/05_choropleth_reliability_benchmark/outputs/runs_iterative_repair/deepseek-coder_6.7b/rules/deepseek-coder_6.7b_rules_C003_static_full_layout_iter02_20260624_040946/metadata.json,.json,676,3f07cc3f6900452e7f752c1ab286577f90f119080969f30c734037418b26aba8,,supporting artifact
choropleth_benchmark,experiments/05_choropleth_reliability_benchmark/outputs/runs_iterative_repair/deepseek-coder_6.7b/rules/deepseek-coder_6.7b_rules_C003_static_full_layout_iter02_20260624_070950/diagnostics.json,.json,59,398ba8a928e586ad62ffb90209c1690b51e636cd575917a471527e64b80ac07f,,supporting artifact
choropleth_benchmark,experiments/05_choropleth_reliability_benchmark/outputs/runs_iterative_repair/deepseek-coder_6.7b/rules/deepseek-coder_6.7b_rules_C003_static_full_layout_iter02_20260624_070950/metadata.json,.json,676,6344b55a3080e732836791ed422450787033dc9cdc8544c839a9a25e1c98b42a,,supporting artifact
choropleth_benchmark,experiments/05_choropleth_reliability_benchmark/outputs/runs_iterative_repair/deepseek-coder_6.7b/rules/deepseek-coder_6.7b_rules_C003_static_full_layout_iter02_20260624_071900/diagnostics.json,.json,59,398ba8a928e586ad62ffb90209c1690b51e636cd575917a471527e64b80ac07f,,supporting artifact
choropleth_benchmark,experiments/05_choropleth_reliability_benchmark/outputs/runs_iterative_repair/deepseek-coder_6.7b/rules/deepseek-coder_6.7b_rules_C003_static_full_layout_iter02_20260624_071900/metadata.json,.json,675,8aff47018732e89c154c4f5312ce6702d76f5ae03ff9df79af52b2569cf50d8e,,supporting artifact
choropleth_benchmark,experiments/05_choropleth_reliability_benchmark/outputs/runs_iterative_repair/deepseek-coder_6.7b/rules/deepseek-coder_6.7b_rules_C003_static_full_layout_iter02_20260624_072910/diagnostics.json,.json,59,398ba8a928e586ad62ffb90209c1690b51e636cd575917a471527e64b80ac07f,,supporting artifact
choropleth_benchmark,experiments/05_choropleth_reliability_benchmark/outputs/runs_iterative_repair/deepseek-coder_6.7b/rules/deepseek-coder_6.7b_rules_C003_static_full_layout_iter02_20260624_072910/metadata.json,.json,678,0cd43931dfd331c9dfc32b58fda9e33a7b834d980c0b6d9deeab1bad5c1ae157,,supporting artifact
choropleth_benchmark,experiments/05_choropleth_reliability_benchmark/outputs/runs_iterative_repair/deepseek-coder_6.7b/rules/deepseek-coder_6.7b_rules_C003_static_full_layout_iter03_20260624_061627/diagnostics.json,.json,59,398ba8a928e586ad62ffb90209c1690b51e636cd575917a471527e64b80ac07f,,supporting artifact
choropleth_benchmark,experiments/05_choropleth_reliability_benchmark/outputs/runs_iterative_repair/deepseek-coder_6.7b/rules/deepseek-coder_6.7b_rules_C003_static_full_layout_iter03_20260624_061627/metadata.json,.json,676,54a3c16efd4e8cdfd880738b3c963b32b026ae4d56a52fd3d3f1ffecd8e1c663,,supporting artifact
choropleth_benchmark,experiments/05_choropleth_reliability_benchmark/outputs/runs_iterative_repair/deepseek-coder_6.7b/rules/deepseek-coder_6.7b_rules_C004_missing_crs_repair_iter01_20260624_042444/diagnostics.json,.json,73,7fdb6307a664043741b522ba859b50091467b0f217661385f67d9c8854f4c7a2,,supporting artifact
choropleth_benchmark,experiments/05_choropleth_reliability_benchmark/outputs/runs_iterative_repair/deepseek-coder_6.7b/rules/deepseek-coder_6.7b_rules_C004_missing_crs_repair_iter01_20260624_042444/metadata.json,.json,726,d2508fe6ecc45df32a4790fc23b25dc8f5603096bc84d728b530c4edaccf6940,,supporting artifact
choropleth_benchmark,experiments/05_choropleth_reliability_benchmark/outputs/runs_iterative_repair/deepseek-coder_6.7b/rules/deepseek-coder_6.7b_rules_C004_missing_crs_repair_iter01_20260624_071300/metadata.json,.json,652,a0525b702b6623d7b206a5ba81deda0780c59ca277ea0fec58fa03c891a7f12c,,supporting artifact
choropleth_benchmark,experiments/05_choropleth_reliability_benchmark/outputs/runs_iterative_repair/deepseek-coder_6.7b/rules/deepseek-coder_6.7b_rules_C004_missing_crs_repair_iter01_20260624_072435/diagnostics.json,.json,73,7fdb6307a664043741b522ba859b50091467b0f217661385f67d9c8854f4c7a2,,supporting artifact
choropleth_benchmark,experiments/05_choropleth_reliability_benchmark/outputs/runs_iterative_repair/deepseek-coder_6.7b/rules/deepseek-coder_6.7b_rules_C004_missing_crs_repair_iter01_20260624_072435/metadata.json,.json,725,fc1f115845e10531774c5923025166f621b62d9ee25a173b696e87c4d29e8c17,,supporting artifact
choropleth_benchmark,experiments/05_choropleth_reliability_benchmark/outputs/runs_iterative_repair/deepseek-coder_6.7b/rules/deepseek-coder_6.7b_rules_C004_missing_crs_repair_iter02_20260624_071321/metadata.json,.json,652,8b830e4f3bea6ed821cef29e8ce256cdf17355a1fd710afdc68332b00150736a,,supporting artifact
choropleth_benchmark,experiments/05_choropleth_reliability_benchmark/outputs/runs_iterative_repair/deepseek-coder_6.7b/rules/deepseek-coder_6.7b_rules_C005_geometry_repair_iter01_20260624_041015/diagnostics.json,.json,53,2b229f9ec6b8ae81e93c97e27215dee5ec42bfdf17f1ac93bf7884788ecfa7a2,,supporting artifact
choropleth_benchmark,experiments/05_choropleth_reliability_benchmark/outputs/runs_iterative_repair/deepseek-coder_6.7b/rules/deepseek-coder_6.7b_rules_C005_geometry_repair_iter01_20260624_041015/metadata.json,.json,689,08d995a050e84439b594d4fd4713d5c442df4ae41150a5274a85e1785d78af1a,,supporting artifact
choropleth_benchmark,experiments/05_choropleth_reliability_benchmark/outputs/runs_iterative_repair/deepseek-coder_6.7b/rules/deepseek-coder_6.7b_rules_C005_geometry_repair_iter01_20260624_071004/diagnostics.json,.json,111,63d5fe9bc69ee013e3cb5d4234fef0297897ce9f2093952b655a6ff6ef31f1ab,,supporting artifact
choropleth_benchmark,experiments/05_choropleth_reliability_benchmark/outputs/runs_iterative_repair/deepseek-coder_6.7b/rules/deepseek-coder_6.7b_rules_C005_geometry_repair_iter01_20260624_071004/metadata.json,.json,689,6241dee647e8c5e5d9350ebbf90602e83d5e9b1b4213507f19caf28f781c604d,,supporting artifact
choropleth_benchmark,experiments/05_choropleth_reliability_benchmark/outputs/runs_iterative_repair/deepseek-coder_6.7b/rules/deepseek-coder_6.7b_rules_C005_geometry_repair_iter01_20260624_071906/diagnostics.json,.json,48,2c3866edcfa17368f34c06a8cf708539a87455583aef1dafeaef2e9d3da522dd,,supporting artifact
choropleth_benchmark,experiments/05_choropleth_reliability_benchmark/outputs/runs_iterative_repair/deepseek-coder_6.7b/rules/deepseek-coder_6.7b_rules_C005_geometry_repair_iter01_20260624_071906/metadata.json,.json,692,f92d8cb371e8ef1a9557188914ad934c4a4ff86ea45ece208077ecb4cdf91173,,supporting artifact
choropleth_benchmark,experiments/05_choropleth_reliability_benchmark/outputs/runs_iterative_repair/deepseek-coder_6.7b/rules/deepseek-coder_6.7b_rules_C005_geometry_repair_iter02_20260624_072112/diagnostics.json,.json,48,2c3866edcfa17368f34c06a8cf708539a87455583aef1dafeaef2e9d3da522dd,,supporting artifact
choropleth_benchmark,experiments/05_choropleth_reliability_benchmark/outputs/runs_iterative_repair/deepseek-coder_6.7b/rules/deepseek-coder_6.7b_rules_C005_geometry_repair_iter02_20260624_072112/metadata.json,.json,692,578da321139375d33c60f462b9440731733372301c95a1e911c729efebfae71a,,supporting artifact
choropleth_benchmark,experiments/05_choropleth_reliability_benchmark/outputs/runs_iterative_repair/deepseek-coder_6.7b/rules/deepseek-coder_6.7b_rules_C006_join_diagnostics_iter01_20260624_044208/metadata.json,.json,646,084775aa7c566efd58535edafa13b941ccdfbec95933034928215ad4c4ff23c5,,supporting artifact
choropleth_benchmark,experiments/05_choropleth_reliability_benchmark/outputs/runs_iterative_repair/deepseek-coder_6.7b/rules/deepseek-coder_6.7b_rules_C006_join_diagnostics_iter02_20260624_044259/metadata.json,.json,645,b5f5bf9374ed4011d7dc05e0b3731cc5a4bddbb92c670a68e38eeed6897da029,,supporting artifact
choropleth_benchmark,experiments/05_choropleth_reliability_benchmark/outputs/runs_iterative_repair/deepseek-coder_6.7b/rules/deepseek-coder_6.7b_rules_C006_join_diagnostics_iter03_20260624_062224/diagnostics.json,.json,45,ef4eda2a608a353fedf3e9c234ac856261e920318c6000fd1c72ded788247967,,supporting artifact
choropleth_benchmark,experiments/05_choropleth_reliability_benchmark/outputs/runs_iterative_repair/deepseek-coder_6.7b/rules/deepseek-coder_6.7b_rules_C006_join_diagnostics_iter03_20260624_062224/metadata.json,.json,670,178bd3031bd83eb97c0ad1b2a6df1e7becd7ee28fba794ca9f6f05fe25733c65,,supporting artifact
choropleth_benchmark,experiments/05_choropleth_reliability_benchmark/outputs/runs_iterative_repair/deepseek-coder_6.7b/rules/deepseek-coder_6.7b_rules_C008_quantile_classes_iter01_20260624_051052/metadata.json,.json,646,2296e4d0e6861ed7724b8fa46db503fc4f6f2df042e3f19b4d864dd57f6c097b,,supporting artifact
choropleth_benchmark,experiments/05_choropleth_reliability_benchmark/outputs/runs_iterative_repair/deepseek-coder_6.7b/rules/deepseek-coder_6.7b_rules_C008_quantile_classes_iter02_20260624_051144/metadata.json,.json,644,a1ff591e685ccc3a153177bd05ee522e7fc7c4f0d8e4a935a93a99f4f1386912,,supporting artifact
choropleth_benchmark,experiments/05_choropleth_reliability_benchmark/outputs/runs_iterative_repair/deepseek-coder_6.7b/rules/deepseek-coder_6.7b_rules_C008_quantile_classes_iter03_20260624_062927/metadata.json,.json,646,84b68ab1af9ea355f3138f9d4fe7181a887dedc785d76647acb3f46bf32df738,,supporting artifact
choropleth_benchmark,experiments/05_choropleth_reliability_benchmark/outputs/runs_iterative_repair/deepseek-coder_6.7b/rules/deepseek-coder_6.7b_rules_C009_colorblind_safe_iter01_20260624_044358/diagnostics.json,.json,25,1a2944c2e2f8a98423a52d102d30a31216f77d24114c052a85b81cfb66e42190,,supporting artifact
choropleth_benchmark,experiments/05_choropleth_reliability_benchmark/outputs/runs_iterative_repair/deepseek-coder_6.7b/rules/deepseek-coder_6.7b_rules_C009_colorblind_safe_iter01_20260624_044358/metadata.json,.json,689,301cb7329e6a3058482fd72a8c3f98e8a65b27671e182cb8888900645d7012d7,,supporting artifact
choropleth_benchmark,experiments/05_choropleth_reliability_benchmark/outputs/runs_iterative_repair/deepseek-coder_6.7b/rules/deepseek-coder_6.7b_rules_C010_interactive_tooltips_iter01_20260624_044500/metadata.json,.json,686,843ec0e9e68163f83e087d14fa90165e9ca435c7099404bbee354a637f359860,,supporting artifact
choropleth_benchmark,experiments/05_choropleth_reliability_benchmark/outputs/runs_iterative_repair/deepseek-coder_6.7b/rules/deepseek-coder_6.7b_rules_C010_interactive_tooltips_iter02_20260624_044550/metadata.json,.json,685,654f0aa8d0620e150eb29052b005b85cb72d8aee4cbfefe62ff2ef8fe3b32cf8,,supporting artifact
choropleth_benchmark,experiments/05_choropleth_reliability_benchmark/outputs/runs_iterative_repair/deepseek-coder_6.7b/rules/deepseek-coder_6.7b_rules_C011_static_and_interactive_iter01_20260624_051847/metadata.json,.json,664,e8ded483f50ae66903ac347ec77c43fd4d1d2a1ec99e109698593e554ad39385,,supporting artifact
choropleth_benchmark,experiments/05_choropleth_reliability_benchmark/outputs/runs_iterative_repair/deepseek-coder_6.7b/rules/deepseek-coder_6.7b_rules_C011_static_and_interactive_iter02_20260624_051959/metadata.json,.json,664,7f50fac85956b2c0cabec880ed0bcb518c387eba9d4d6b745970bf485689d69b,,supporting artifact
choropleth_benchmark,experiments/05_choropleth_reliability_benchmark/outputs/runs_iterative_repair/deepseek-coder_6.7b/rules/deepseek-coder_6.7b_rules_C011_static_and_interactive_iter03_20260624_063113/diagnostics.json,.json,138,aa9ad9baa34bbfd5bfe424079a108d12509b885f0d1a4d1c073f0dbc738d8776,,supporting artifact
choropleth_benchmark,experiments/05_choropleth_reliability_benchmark/outputs/runs_iterative_repair/deepseek-coder_6.7b/rules/deepseek-coder_6.7b_rules_C011_static_and_interactive_iter03_20260624_063113/metadata.json,.json,738,09744f5c7fde525de4f30ae511fb6ccd4e7b19c283e00164e67bfdc4cd84bed2,,supporting artifact
choropleth_benchmark,experiments/05_choropleth_reliability_benchmark/outputs/runs_iterative_repair/deepseek-coder_6.7b/rules/deepseek-coder_6.7b_rules_C012_time_series_report_iter01_20260624_051239/metadata.json,.json,652,e556ece80c2dc1f4115022b6cc6a941a26bb1fb3f27890242e9a891164d841a3,,supporting artifact
choropleth_benchmark,experiments/05_choropleth_reliability_benchmark/outputs/runs_iterative_repair/deepseek-coder_6.7b/rules/deepseek-coder_6.7b_rules_C012_time_series_report_iter02_20260624_051332/metadata.json,.json,652,d8a9cf6cf268f2dde15978f3289bb382e2582c63c1ebce8739537de55fcb4b93,,supporting artifact
choropleth_benchmark,experiments/05_choropleth_reliability_benchmark/outputs/runs_iterative_repair/deepseek-coder_6.7b/rules/deepseek-coder_6.7b_rules_C012_time_series_report_iter03_20260624_063011/diagnostics.json,.json,30,fdea439fe68e865a8b0d3244f549a493eed3ecff7dcec3831b4fe440b0e337c0,,supporting artifact
choropleth_benchmark,experiments/05_choropleth_reliability_benchmark/outputs/runs_iterative_repair/deepseek-coder_6.7b/rules/deepseek-coder_6.7b_rules_C012_time_series_report_iter03_20260624_063011/metadata.json,.json,699,cf0295259e0595ed7ceecc7a2f051c5875b72c9317f3983c1b06eb496e7d816c,,supporting artifact
choropleth_benchmark,experiments/05_choropleth_reliability_benchmark/outputs/runs_iterative_repair/qwen2.5-coder_7b/basic/qwen2.5-coder_7b_basic_C001_static_burned_area_iter01_20260624_044643/diagnostics.json,.json,103,433d813c41a39238c22fc3c5c1edd15bef41e364bad25df6d70cb63d2bb54905,,supporting artifact
choropleth_benchmark,experiments/05_choropleth_reliability_benchmark/outputs/runs_iterative_repair/qwen2.5-coder_7b/basic/qwen2.5-coder_7b_basic_C001_static_burned_area_iter01_20260624_044643/metadata.json,.json,686,719ca329e91ad8758035a358eddb7a24cc4c3c2807e4fdae218d03d72f26e306,,supporting artifact
choropleth_benchmark,experiments/05_choropleth_reliability_benchmark/outputs/runs_iterative_repair/qwen2.5-coder_7b/basic/qwen2.5-coder_7b_basic_C001_static_burned_area_iter02_20260624_044729/diagnostics.json,.json,108,39fc6599d04fec87eaf71e5c54486a285ece66a41456e3c8f2305044edde86e3,,supporting artifact
choropleth_benchmark,experiments/05_choropleth_reliability_benchmark/outputs/runs_iterative_repair/qwen2.5-coder_7b/basic/qwen2.5-coder_7b_basic_C001_static_burned_area_iter02_20260624_044729/metadata.json,.json,686,0fe1a227b819c7db6ac2c8194e6eba71ab0c7333a85868876cd45bbe089f6aa1,,supporting artifact
choropleth_benchmark,experiments/05_choropleth_reliability_benchmark/outputs/runs_iterative_repair/qwen2.5-coder_7b/basic/qwen2.5-coder_7b_basic_C003_static_full_layout_iter01_20260624_044808/metadata.json,.json,640,885046cc0a6b15252c0865d836d85b9531a84a6d1c66bb9e721fd83cc7ef6b1c,,supporting artifact
choropleth_benchmark,experiments/05_choropleth_reliability_benchmark/outputs/runs_iterative_repair/qwen2.5-coder_7b/basic/qwen2.5-coder_7b_basic_C003_static_full_layout_iter02_20260624_044846/metadata.json,.json,640,a691b1f014f991b1fe5f5bfdfba3d0f0934b3274334047ed06ed772fb137f5b3,,supporting artifact
choropleth_benchmark,experiments/05_choropleth_reliability_benchmark/outputs/runs_iterative_repair/qwen2.5-coder_7b/basic/qwen2.5-coder_7b_basic_C003_static_full_layout_iter03_20260624_062305/metadata.json,.json,640,3b2e6bee92e716e2808e3365190c66d1c541f5f5f275816355e32b4bb84867b0,,supporting artifact
choropleth_benchmark,experiments/05_choropleth_reliability_benchmark/outputs/runs_iterative_repair/qwen2.5-coder_7b/basic/qwen2.5-coder_7b_basic_C004_missing_crs_repair_iter01_20260624_042521/diagnostics.json,.json,66,613a4d03ca4671f572de2162e6dc177a2ad1567b44925b11330812a93d6f1587,,supporting artifact
choropleth_benchmark,experiments/05_choropleth_reliability_benchmark/outputs/runs_iterative_repair/qwen2.5-coder_7b/basic/qwen2.5-coder_7b_basic_C004_missing_crs_repair_iter01_20260624_042521/metadata.json,.json,686,20ce64011de74204687ef82a02be320ed2cf31d8372da316ce39b2157ffb23cf,,supporting artifact
choropleth_benchmark,experiments/05_choropleth_reliability_benchmark/outputs/runs_iterative_repair/qwen2.5-coder_7b/basic/qwen2.5-coder_7b_basic_C004_missing_crs_repair_iter01_20260624_071341/metadata.json,.json,640,a4cd7437631804d5b3786da094ce293456fdb00d61fd9debf508156ed6b23ca0,,supporting artifact
choropleth_benchmark,experiments/05_choropleth_reliability_benchmark/outputs/runs_iterative_repair/qwen2.5-coder_7b/basic/qwen2.5-coder_7b_basic_C004_missing_crs_repair_iter01_20260624_072444/metadata.json,.json,639,24605a43528c3a9f609ab63f1f7f23b919293d9e68339e025ee5f3130271cadf,,supporting artifact
choropleth_benchmark,experiments/05_choropleth_reliability_benchmark/outputs/runs_iterative_repair/qwen2.5-coder_7b/basic/qwen2.5-coder_7b_basic_C004_missing_crs_repair_iter02_20260624_071401/metadata.json,.json,640,de3e64358d0eebb45845329b6eed3b8a6d5a7c6c24e00bde3341f5432ec7664e,,supporting artifact
choropleth_benchmark,experiments/05_choropleth_reliability_benchmark/outputs/runs_iterative_repair/qwen2.5-coder_7b/basic/qwen2.5-coder_7b_basic_C004_missing_crs_repair_iter02_20260624_072452/diagnostics.json,.json,66,613a4d03ca4671f572de2162e6dc177a2ad1567b44925b11330812a93d6f1587,,supporting artifact
choropleth_benchmark,experiments/05_choropleth_reliability_benchmark/outputs/runs_iterative_repair/qwen2.5-coder_7b/basic/qwen2.5-coder_7b_basic_C004_missing_crs_repair_iter02_20260624_072452/metadata.json,.json,685,91cebcd93034b8b8c618ef705c65f0e784b3670a8c32c3a46fa96c21d8fcc1b7,,supporting artifact
choropleth_benchmark,experiments/05_choropleth_reliability_benchmark/outputs/runs_iterative_repair/qwen2.5-coder_7b/basic/qwen2.5-coder_7b_basic_C005_geometry_repair_iter01_20260624_042553/diagnostics.json,.json,77,6373b5a2cc53d6c7b69e23d82436495729f7db26704bdb29df07fd691c1ccb35,,supporting artifact
choropleth_benchmark,experiments/05_choropleth_reliability_benchmark/outputs/runs_iterative_repair/qwen2.5-coder_7b/basic/qwen2.5-coder_7b_basic_C005_geometry_repair_iter01_20260624_042553/metadata.json,.json,677,ad950d0645836a0407299d33de16ad387290d0bfdf9dcede77b55f9070be9432,,supporting artifact
choropleth_benchmark,experiments/05_choropleth_reliability_benchmark/outputs/runs_iterative_repair/qwen2.5-coder_7b/basic/qwen2.5-coder_7b_basic_C006_join_diagnostics_iter01_20260624_045203/metadata.json,.json,634,3f8113fc74e9921f99a5de77aa897e64977057c751cb21d0ca0575ec95057ca3,,supporting artifact
choropleth_benchmark,experiments/05_choropleth_reliability_benchmark/outputs/runs_iterative_repair/qwen2.5-coder_7b/basic/qwen2.5-coder_7b_basic_C006_join_diagnostics_iter02_20260624_045242/metadata.json,.json,634,842220214de4b0a1c45ade53e900401c2e7971e68d618343f8f1071dddc20c5c,,supporting artifact
choropleth_benchmark,experiments/05_choropleth_reliability_benchmark/outputs/runs_iterative_repair/qwen2.5-coder_7b/basic/qwen2.5-coder_7b_basic_C006_join_diagnostics_iter03_20260624_062356/metadata.json,.json,634,18a6b2ca733712a4ade7a9afae3723708db82bec09973e6fbecf1be60184b477,,supporting artifact
choropleth_benchmark,experiments/05_choropleth_reliability_benchmark/outputs/runs_iterative_repair/qwen2.5-coder_7b/basic/qwen2.5-coder_7b_basic_C007_wrong_column_guard_iter01_20260624_041241/metadata.json,.json,639,c5ddf4a39d462fd09aaad8d352382121ea83cb9f23f91b8495cc499f62c8b668,,supporting artifact
choropleth_benchmark,experiments/05_choropleth_reliability_benchmark/outputs/runs_iterative_repair/qwen2.5-coder_7b/basic/qwen2.5-coder_7b_basic_C007_wrong_column_guard_iter01_20260624_071057/diagnostics.json,.json,104,ae3b6427ba55dce37f141c02553bb9e917faf2b1bb3a0c11f9fefc9193d80870,,supporting artifact
choropleth_benchmark,experiments/05_choropleth_reliability_benchmark/outputs/runs_iterative_repair/qwen2.5-coder_7b/basic/qwen2.5-coder_7b_basic_C007_wrong_column_guard_iter01_20260624_071057/metadata.json,.json,864,e5dbc075140212504346eded677b97ca3c2990fdf630051ad7bacddfa4380e04,,supporting artifact
choropleth_benchmark,experiments/05_choropleth_reliability_benchmark/outputs/runs_iterative_repair/qwen2.5-coder_7b/basic/qwen2.5-coder_7b_basic_C007_wrong_column_guard_iter01_20260624_072340/diagnostics.json,.json,104,ae3b6427ba55dce37f141c02553bb9e917faf2b1bb3a0c11f9fefc9193d80870,,supporting artifact
choropleth_benchmark,experiments/05_choropleth_reliability_benchmark/outputs/runs_iterative_repair/qwen2.5-coder_7b/basic/qwen2.5-coder_7b_basic_C007_wrong_column_guard_iter01_20260624_072340/metadata.json,.json,863,d2e049692fc1123fb49be07b8dcbd0c0fbcfbdfecc918857e6e41e8f8cf36c75,,supporting artifact
choropleth_benchmark,experiments/05_choropleth_reliability_benchmark/outputs/runs_iterative_repair/qwen2.5-coder_7b/basic/qwen2.5-coder_7b_basic_C007_wrong_column_guard_iter02_20260624_041333/diagnostics.json,.json,104,ae3b6427ba55dce37f141c02553bb9e917faf2b1bb3a0c11f9fefc9193d80870,,supporting artifact
choropleth_benchmark,experiments/05_choropleth_reliability_benchmark/outputs/runs_iterative_repair/qwen2.5-coder_7b/basic/qwen2.5-coder_7b_basic_C007_wrong_column_guard_iter02_20260624_041333/metadata.json,.json,864,5fe34f81a0d126307527e057bb68c8592fc0766793e72ff398550ec91183aa0a,,supporting artifact
choropleth_benchmark,experiments/05_choropleth_reliability_benchmark/outputs/runs_iterative_repair/qwen2.5-coder_7b/basic/qwen2.5-coder_7b_basic_C008_quantile_classes_iter01_20260624_051423/diagnostics.json,.json,52,d50b4507efe13f5236dc2422e92cfdce837bef3b0f8643b63747e73342a9b787,,supporting artifact
choropleth_benchmark,experiments/05_choropleth_reliability_benchmark/outputs/runs_iterative_repair/qwen2.5-coder_7b/basic/qwen2.5-coder_7b_basic_C008_quantile_classes_iter01_20260624_051423/metadata.json,.json,680,1bc21944fea5c128155497d0d11c0a168bf03f8604a62f198d43806150b6d0c0,,supporting artifact
choropleth_benchmark,experiments/05_choropleth_reliability_benchmark/outputs/runs_iterative_repair/qwen2.5-coder_7b/basic/qwen2.5-coder_7b_basic_C009_colorblind_safe_iter01_20260624_045318/metadata.json,.json,631,04d4b4e23ff2b0b890791ea24b39764c0fd4a6b7e5368787e1cf4418da593a2f,,supporting artifact
choropleth_benchmark,experiments/05_choropleth_reliability_benchmark/outputs/runs_iterative_repair/qwen2.5-coder_7b/basic/qwen2.5-coder_7b_basic_C009_colorblind_safe_iter02_20260624_045358/diagnostics.json,.json,71,6f2e3b3f731d75c6add9340447595e727546bc92505074197c3d06f0173f03d9,,supporting artifact
choropleth_benchmark,experiments/05_choropleth_reliability_benchmark/outputs/runs_iterative_repair/qwen2.5-coder_7b/basic/qwen2.5-coder_7b_basic_C009_colorblind_safe_iter02_20260624_045358/metadata.json,.json,677,0de7cbad78ffb2f0aecb22cc9025e66374a75fce0d22d37c5ec6d2cad2eebaac,,supporting artifact
choropleth_benchmark,experiments/05_choropleth_reliability_benchmark/outputs/runs_iterative_repair/qwen2.5-coder_7b/basic/qwen2.5-coder_7b_basic_C010_interactive_tooltips_iter01_20260624_045448/metadata.json,.json,674,7135adb47f12a29a0fddeef66badf8c393b8d79c58d188150e80b7f7fd9bf299,,supporting artifact
choropleth_benchmark,experiments/05_choropleth_reliability_benchmark/outputs/runs_iterative_repair/qwen2.5-coder_7b/basic/qwen2.5-coder_7b_basic_C011_static_and_interactive_iter01_20260624_052056/diagnostics.json,.json,19,8bf37f52a233122e5fbf917ed2dd1eeae6b88421b6058545bf97581507b05973,,supporting artifact
choropleth_benchmark,experiments/05_choropleth_reliability_benchmark/outputs/runs_iterative_repair/qwen2.5-coder_7b/basic/qwen2.5-coder_7b_basic_C011_static_and_interactive_iter01_20260624_052056/metadata.json,.json,676,d24b60c28367bf4c1b8c10b643ae74c9f0706c02d56c38ee76344b97abb8695c,,supporting artifact
choropleth_benchmark,experiments/05_choropleth_reliability_benchmark/outputs/runs_iterative_repair/qwen2.5-coder_7b/basic/qwen2.5-coder_7b_basic_C011_static_and_interactive_iter02_20260624_052152/diagnostics.json,.json,19,8bf37f52a233122e5fbf917ed2dd1eeae6b88421b6058545bf97581507b05973,,supporting artifact
choropleth_benchmark,experiments/05_choropleth_reliability_benchmark/outputs/runs_iterative_repair/qwen2.5-coder_7b/basic/qwen2.5-coder_7b_basic_C011_static_and_interactive_iter02_20260624_052152/metadata.json,.json,676,4ffb1528a1c0423bf496f402c6e33cf6f8799487fd0efa6f96951113f6fa2219,,supporting artifact
choropleth_benchmark,experiments/05_choropleth_reliability_benchmark/outputs/runs_iterative_repair/qwen2.5-coder_7b/basic/qwen2.5-coder_7b_basic_C011_static_and_interactive_iter03_20260624_063207/diagnostics.json,.json,19,8bf37f52a233122e5fbf917ed2dd1eeae6b88421b6058545bf97581507b05973,,supporting artifact
choropleth_benchmark,experiments/05_choropleth_reliability_benchmark/outputs/runs_iterative_repair/qwen2.5-coder_7b/basic/qwen2.5-coder_7b_basic_C011_static_and_interactive_iter03_20260624_063207/metadata.json,.json,676,c705d3615735d4da8e1a40aa649b6c4d2eced5362274f52ae3011a425c0fa1da,,supporting artifact
choropleth_benchmark,experiments/05_choropleth_reliability_benchmark/outputs/runs_iterative_repair/qwen2.5-coder_7b/basic/qwen2.5-coder_7b_basic_C012_time_series_report_iter01_20260624_051512/diagnostics.json,.json,27,6fb8f576fd7edf1d1ed4a6e433ac73a136f8328d75c45172c71feb0acc57c03a,,supporting artifact
choropleth_benchmark,experiments/05_choropleth_reliability_benchmark/outputs/runs_iterative_repair/qwen2.5-coder_7b/basic/qwen2.5-coder_7b_basic_C012_time_series_report_iter01_20260624_051512/metadata.json,.json,687,c52e4666e5fd186973451e18d3ce3d129c5aa0ac383fe141bd863726d87378f1,,supporting artifact
choropleth_benchmark,experiments/05_choropleth_reliability_benchmark/outputs/runs_iterative_repair/qwen2.5-coder_7b/rules/qwen2.5-coder_7b_rules_C001_static_burned_area_iter01_20260624_045604/diagnostics.json,.json,2,44136fa355b3678a1146ad16f7e8649e94fb4fc21fe77e8310c060f61caaff8a,,supporting artifact
choropleth_benchmark,experiments/05_choropleth_reliability_benchmark/outputs/runs_iterative_repair/qwen2.5-coder_7b/rules/qwen2.5-coder_7b_rules_C001_static_burned_area_iter01_20260624_045604/metadata.json,.json,686,3634093c7d41b9ee94054e840d1938417c87bbad22a568e3737d1bb75e7c139f,,supporting artifact
choropleth_benchmark,experiments/05_choropleth_reliability_benchmark/outputs/runs_iterative_repair/qwen2.5-coder_7b/rules/qwen2.5-coder_7b_rules_C002_static_number_fires_iter01_20260624_045707/metadata.json,.json,643,7f9ce5e62586bd1fcc67a1b29474d80c535c12c546ab3abd3c139487c0565fdb,,supporting artifact
choropleth_benchmark,experiments/05_choropleth_reliability_benchmark/outputs/runs_iterative_repair/qwen2.5-coder_7b/rules/qwen2.5-coder_7b_rules_C002_static_number_fires_iter02_20260624_045809/metadata.json,.json,643,16cbf1e36f87c43b9850d49278efdd0a692d0e7ffdacd600c608d11114f33945,,supporting artifact
choropleth_benchmark,experiments/05_choropleth_reliability_benchmark/outputs/runs_iterative_repair/qwen2.5-coder_7b/rules/qwen2.5-coder_7b_rules_C002_static_number_fires_iter03_20260624_062457/metadata.json,.json,643,a5efffd90a45c102087488a5fca86f8e811e56b6d1559654393a71baef1a8b37,,supporting artifact
choropleth_benchmark,experiments/05_choropleth_reliability_benchmark/outputs/runs_iterative_repair/qwen2.5-coder_7b/rules/qwen2.5-coder_7b_rules_C004_missing_crs_repair_iter01_20260624_042632/metadata.json,.json,640,356e9fdd33c3775d201654445e6777fee35537496612396f942dfd610fe1f194,,supporting artifact
choropleth_benchmark,experiments/05_choropleth_reliability_benchmark/outputs/runs_iterative_repair/qwen2.5-coder_7b/rules/qwen2.5-coder_7b_rules_C004_missing_crs_repair_iter02_20260624_042715/diagnostics.json,.json,216,1b2c11f320673218c1db3da996641a4604617f3ff203f395ff148dd507f1e159,,supporting artifact
choropleth_benchmark,experiments/05_choropleth_reliability_benchmark/outputs/runs_iterative_repair/qwen2.5-coder_7b/rules/qwen2.5-coder_7b_rules_C004_missing_crs_repair_iter02_20260624_042715/metadata.json,.json,664,9d3d4c5a072072a61c1a39fb431d302d0ce7ff564275ff1c0a8fb211a844636c,,supporting artifact
choropleth_benchmark,experiments/05_choropleth_reliability_benchmark/outputs/runs_iterative_repair/qwen2.5-coder_7b/rules/qwen2.5-coder_7b_rules_C004_missing_crs_repair_iter03_20260624_061856/diagnostics.json,.json,225,e2f8cbcda12b2bdc66a1c88c3bc5609fd8b4863e33df1eaafd557d9619c205bb,,supporting artifact
choropleth_benchmark,experiments/05_choropleth_reliability_benchmark/outputs/runs_iterative_repair/qwen2.5-coder_7b/rules/qwen2.5-coder_7b_rules_C004_missing_crs_repair_iter03_20260624_061856/metadata.json,.json,686,ecad759df3ecdf91f601d6166b28e2279cbf8c192da1328e8b7116d4857f26e8,,supporting artifact
choropleth_benchmark,experiments/05_choropleth_reliability_benchmark/outputs/runs_iterative_repair/qwen2.5-coder_7b/rules/qwen2.5-coder_7b_rules_C005_geometry_repair_iter01_20260624_042802/metadata.json,.json,631,dda4d7d66217242f099bc4e189451b1ed35d3bf5dfacaa57ae2be4944153ff26,,supporting artifact
choropleth_benchmark,experiments/05_choropleth_reliability_benchmark/outputs/runs_iterative_repair/qwen2.5-coder_7b/rules/qwen2.5-coder_7b_rules_C005_geometry_repair_iter02_20260624_042845/diagnostics.json,.json,71,98579fdeecf9f401acfb2433c663f2bd6a5e575e50675807e6c8286ca69fa943,,supporting artifact
choropleth_benchmark,experiments/05_choropleth_reliability_benchmark/outputs/runs_iterative_repair/qwen2.5-coder_7b/rules/qwen2.5-coder_7b_rules_C005_geometry_repair_iter02_20260624_042845/metadata.json,.json,677,6095cdfb400ad87b46321914a7d48e83770ed9c0005c3b4b72662afcd70e0520,,supporting artifact
choropleth_benchmark,experiments/05_choropleth_reliability_benchmark/outputs/runs_iterative_repair/qwen2.5-coder_7b/rules/qwen2.5-coder_7b_rules_C006_join_diagnostics_iter01_20260624_045912/metadata.json,.json,633,f7dd9b5992e9980af29b229e7739504264abecc10a07a3707b0d673a45100791,,supporting artifact
choropleth_benchmark,experiments/05_choropleth_reliability_benchmark/outputs/runs_iterative_repair/qwen2.5-coder_7b/rules/qwen2.5-coder_7b_rules_C006_join_diagnostics_iter02_20260624_050016/diagnostics.json,.json,608,3c9a7661241e6dcdda25f697973dfbb01441d6558755ae9d32c69d688ec55152,,supporting artifact
choropleth_benchmark,experiments/05_choropleth_reliability_benchmark/outputs/runs_iterative_repair/qwen2.5-coder_7b/rules/qwen2.5-coder_7b_rules_C006_join_diagnostics_iter02_20260624_050016/metadata.json,.json,658,fd16c1af6d2493b8a92f5aad4b45f2b4264f64048d45f2e083ab967801ee150a,,supporting artifact
choropleth_benchmark,experiments/05_choropleth_reliability_benchmark/outputs/runs_iterative_repair/qwen2.5-coder_7b/rules/qwen2.5-coder_7b_rules_C006_join_diagnostics_iter03_20260624_062615/diagnostics.json,.json,608,3c9a7661241e6dcdda25f697973dfbb01441d6558755ae9d32c69d688ec55152,,supporting artifact
choropleth_benchmark,experiments/05_choropleth_reliability_benchmark/outputs/runs_iterative_repair/qwen2.5-coder_7b/rules/qwen2.5-coder_7b_rules_C006_join_diagnostics_iter03_20260624_062615/metadata.json,.json,657,777c629960c9a093a20ca3472aa83414da1dee239bc5a2287287de5c0c8f5a22,,supporting artifact
choropleth_benchmark,experiments/05_choropleth_reliability_benchmark/outputs/runs_iterative_repair/qwen2.5-coder_7b/rules/qwen2.5-coder_7b_rules_C007_wrong_column_guard_iter01_20260624_041501/diagnostics.json,.json,2,44136fa355b3678a1146ad16f7e8649e94fb4fc21fe77e8310c060f61caaff8a,,supporting artifact
choropleth_benchmark,experiments/05_choropleth_reliability_benchmark/outputs/runs_iterative_repair/qwen2.5-coder_7b/rules/qwen2.5-coder_7b_rules_C007_wrong_column_guard_iter01_20260624_041501/metadata.json,.json,778,5eb69bbb38aaff4d4aff45d4160c0fad9db7db66f47ecb75f698acafa22c7199,,supporting artifact
choropleth_benchmark,experiments/05_choropleth_reliability_benchmark/outputs/runs_iterative_repair/qwen2.5-coder_7b/rules/qwen2.5-coder_7b_rules_C007_wrong_column_guard_iter01_20260624_071128/diagnostics.json,.json,2,44136fa355b3678a1146ad16f7e8649e94fb4fc21fe77e8310c060f61caaff8a,,supporting artifact
choropleth_benchmark,experiments/05_choropleth_reliability_benchmark/outputs/runs_iterative_repair/qwen2.5-coder_7b/rules/qwen2.5-coder_7b_rules_C007_wrong_column_guard_iter01_20260624_071128/metadata.json,.json,779,b69b90c72ea9f125d807be368a18f7cdfe71702ff07f2728394905d049b51bfc,,supporting artifact
choropleth_benchmark,experiments/05_choropleth_reliability_benchmark/outputs/runs_iterative_repair/qwen2.5-coder_7b/rules/qwen2.5-coder_7b_rules_C007_wrong_column_guard_iter01_20260624_072358/metadata.json,.json,639,e8e430b7ee74997de3610903fac34fa550bdd30d795fc07b10084b01660c7d49,,supporting artifact
choropleth_benchmark,experiments/05_choropleth_reliability_benchmark/outputs/runs_iterative_repair/qwen2.5-coder_7b/rules/qwen2.5-coder_7b_rules_C007_wrong_column_guard_iter01_20260624_073002/metadata.json,.json,642,d337330fd94f12c00242a9235b3fe62360a9694d5c14c98925389f4a1b4d6f25,,supporting artifact
choropleth_benchmark,experiments/05_choropleth_reliability_benchmark/outputs/runs_iterative_repair/qwen2.5-coder_7b/rules/qwen2.5-coder_7b_rules_C007_wrong_column_guard_iter02_20260624_041640/diagnostics.json,.json,2,44136fa355b3678a1146ad16f7e8649e94fb4fc21fe77e8310c060f61caaff8a,,supporting artifact
choropleth_benchmark,experiments/05_choropleth_reliability_benchmark/outputs/runs_iterative_repair/qwen2.5-coder_7b/rules/qwen2.5-coder_7b_rules_C007_wrong_column_guard_iter02_20260624_041640/metadata.json,.json,779,03ddbf49aac14d6800f24875937caec587a38c6e4e8720d2cf0163329964786f,,supporting artifact
choropleth_benchmark,experiments/05_choropleth_reliability_benchmark/outputs/runs_iterative_repair/qwen2.5-coder_7b/rules/qwen2.5-coder_7b_rules_C007_wrong_column_guard_iter02_20260624_071207/diagnostics.json,.json,2,44136fa355b3678a1146ad16f7e8649e94fb4fc21fe77e8310c060f61caaff8a,,supporting artifact
choropleth_benchmark,experiments/05_choropleth_reliability_benchmark/outputs/runs_iterative_repair/qwen2.5-coder_7b/rules/qwen2.5-coder_7b_rules_C007_wrong_column_guard_iter02_20260624_071207/metadata.json,.json,779,0f3cdd4f56a8895dcabf190633aa8df9816fa80c2d7c1378965b1d23f7f735eb,,supporting artifact
choropleth_benchmark,experiments/05_choropleth_reliability_benchmark/outputs/runs_iterative_repair/qwen2.5-coder_7b/rules/qwen2.5-coder_7b_rules_C007_wrong_column_guard_iter02_20260624_072415/metadata.json,.json,639,26f8ea6c6134e13a7989437faa8acfec311dc91012e2e66e9b771475af6557d9,,supporting artifact
choropleth_benchmark,experiments/05_choropleth_reliability_benchmark/outputs/runs_iterative_repair/qwen2.5-coder_7b/rules/qwen2.5-coder_7b_rules_C007_wrong_column_guard_iter02_20260624_073014/diagnostics.json,.json,64,b6d097af523a32f863185bc451db6621ee33159b4f9c42eb43bf2db850094796,,supporting artifact
choropleth_benchmark,experiments/05_choropleth_reliability_benchmark/outputs/runs_iterative_repair/qwen2.5-coder_7b/rules/qwen2.5-coder_7b_rules_C007_wrong_column_guard_iter02_20260624_073014/metadata.json,.json,666,1a4b71d57f53672afec4c90dc2995359bac1c732d109cc91e0d30659fec7ab52,,supporting artifact
choropleth_benchmark,experiments/05_choropleth_reliability_benchmark/outputs/runs_iterative_repair/qwen2.5-coder_7b/rules/qwen2.5-coder_7b_rules_C007_wrong_column_guard_iter03_20260624_061742/diagnostics.json,.json,2,44136fa355b3678a1146ad16f7e8649e94fb4fc21fe77e8310c060f61caaff8a,,supporting artifact
choropleth_benchmark,experiments/05_choropleth_reliability_benchmark/outputs/runs_iterative_repair/qwen2.5-coder_7b/rules/qwen2.5-coder_7b_rules_C007_wrong_column_guard_iter03_20260624_061742/metadata.json,.json,779,0c36128f437d43fd1a3ddc71062ecb824abac6600b399fdb577ff0d79dd4f7d8,,supporting artifact
choropleth_benchmark,experiments/05_choropleth_reliability_benchmark/outputs/runs_iterative_repair/qwen2.5-coder_7b/rules/qwen2.5-coder_7b_rules_C008_quantile_classes_iter01_20260624_051605/diagnostics.json,.json,67,e32f888b9d6140a282972e3c9188c554ae23b90929838140ab03c034b310d7d1,,supporting artifact
choropleth_benchmark,experiments/05_choropleth_reliability_benchmark/outputs/runs_iterative_repair/qwen2.5-coder_7b/rules/qwen2.5-coder_7b_rules_C008_quantile_classes_iter01_20260624_051605/metadata.json,.json,680,a462eb19939837bee76ba695847a1d10f619cc41bac23f961fdb1b03862f9e83,,supporting artifact
choropleth_benchmark,experiments/05_choropleth_reliability_benchmark/outputs/runs_iterative_repair/qwen2.5-coder_7b/rules/qwen2.5-coder_7b_rules_C009_colorblind_safe_iter01_20260624_050109/metadata.json,.json,631,45d84befa95d1e9485932aed42682758a23c3e2a952af6c3e007e0b1ebbc2844,,supporting artifact
choropleth_benchmark,experiments/05_choropleth_reliability_benchmark/outputs/runs_iterative_repair/qwen2.5-coder_7b/rules/qwen2.5-coder_7b_rules_C009_colorblind_safe_iter02_20260624_050210/diagnostics.json,.json,97,60779c4c9039abb7ed8c52bcd8a5b67b6641f73f4234365040342ae89940f628,,supporting artifact
choropleth_benchmark,experiments/05_choropleth_reliability_benchmark/outputs/runs_iterative_repair/qwen2.5-coder_7b/rules/qwen2.5-coder_7b_rules_C009_colorblind_safe_iter02_20260624_050210/metadata.json,.json,677,3ad92a46a207f8aabb0a47d6f5711ee44b62f5a0d5a60b59ec47724b726e4128,,supporting artifact
choropleth_benchmark,experiments/05_choropleth_reliability_benchmark/outputs/runs_iterative_repair/qwen2.5-coder_7b/rules/qwen2.5-coder_7b_rules_C010_interactive_tooltips_iter01_20260624_050311/metadata.json,.json,646,3ec55ea51246d662b8ebaae35c5b9f2d1cfda9baf54bedc3c2f5ac4481aed80f,,supporting artifact
choropleth_benchmark,experiments/05_choropleth_reliability_benchmark/outputs/runs_iterative_repair/qwen2.5-coder_7b/rules/qwen2.5-coder_7b_rules_C010_interactive_tooltips_iter02_20260624_050417/metadata.json,.json,674,f7f280fea61f66452c3e0ae655b79a95d5f97d18f56d42793814b8c467be443f,,supporting artifact
choropleth_benchmark,experiments/05_choropleth_reliability_benchmark/outputs/runs_iterative_repair/qwen2.5-coder_7b/rules/qwen2.5-coder_7b_rules_C010_interactive_tooltips_iter03_20260624_062721/diagnostics.json,.json,2,44136fa355b3678a1146ad16f7e8649e94fb4fc21fe77e8310c060f61caaff8a,,supporting artifact
choropleth_benchmark,experiments/05_choropleth_reliability_benchmark/outputs/runs_iterative_repair/qwen2.5-coder_7b/rules/qwen2.5-coder_7b_rules_C010_interactive_tooltips_iter03_20260624_062721/metadata.json,.json,697,6c5c223253f4894063f605d2594af55118665dca3d619a6fc5d8893f494afbbd,,supporting artifact
choropleth_benchmark,experiments/05_choropleth_reliability_benchmark/outputs/runs_iterative_repair/qwen2.5-coder_7b/rules/qwen2.5-coder_7b_rules_C011_static_and_interactive_iter01_20260624_052302/metadata.json,.json,652,5c7fbc66e83cb4c69f4927a21549f303cb9e374f7f2b90c5f4795c3bdc50907f,,supporting artifact
choropleth_benchmark,experiments/05_choropleth_reliability_benchmark/outputs/runs_iterative_repair/qwen2.5-coder_7b/rules/qwen2.5-coder_7b_rules_C011_static_and_interactive_iter02_20260624_052416/metadata.json,.json,652,f5b396e1eb747b25a3b1c9edcfc6ab4e7e1eaa46cb1d837675d57fcaa515e788,,supporting artifact
choropleth_benchmark,experiments/05_choropleth_reliability_benchmark/outputs/runs_iterative_repair/qwen2.5-coder_7b/rules/qwen2.5-coder_7b_rules_C011_static_and_interactive_iter03_20260624_063314/metadata.json,.json,652,5c58a95f6a3f973e0e29093f448a0cd82556f6cb642529a507c82a4b39f788bf,,supporting artifact
choropleth_benchmark,experiments/05_choropleth_reliability_benchmark/outputs/runs_iterative_repair/qwen2.5-coder_7b/rules/qwen2.5-coder_7b_rules_C012_time_series_report_iter01_20260624_051649/diagnostics.json,.json,34,64431792404c18850660bcc64f3f501d13e8d389b38da7c8c4f2e578b4d8692c,,supporting artifact
choropleth_benchmark,experiments/05_choropleth_reliability_benchmark/outputs/runs_iterative_repair/qwen2.5-coder_7b/rules/qwen2.5-coder_7b_rules_C012_time_series_report_iter01_20260624_051649/metadata.json,.json,687,78f4feaa91c866d6cff885e9ab3732d593c7043aa6b2573255bf0c4140bd8fc6,,supporting artifact
choropleth_benchmark,experiments/05_choropleth_reliability_benchmark/outputs/runs_iterative_repair/qwen2.5-coder_7b/rules/qwen2.5-coder_7b_rules_C012_time_series_report_iter02_20260624_051739/diagnostics.json,.json,100,e648ecefa2326f2650271d3666ab98d00935185a35f572407847cbea35ce938f,,supporting artifact
choropleth_benchmark,experiments/05_choropleth_reliability_benchmark/outputs/runs_iterative_repair/qwen2.5-coder_7b/rules/qwen2.5-coder_7b_rules_C012_time_series_report_iter02_20260624_051739/metadata.json,.json,687,bb95807812d4df0fd69236dc243c8cd76ce4995b882e8ca6bc38b1aeece92a74,,supporting artifact
choropleth_benchmark,experiments/05_choropleth_reliability_benchmark/outputs/scores/choropleth_vlm_cartographic_review_granite3.2-vision_latest.csv,.csv,24660,a631b6aa8f5c10a842b4adc32eb918d1b3714f6eccfc73ec967407d4bf3904a3,18,review/evaluator evidence
choropleth_benchmark,experiments/05_choropleth_reliability_benchmark/outputs/scores/choropleth_vlm_cartographic_review_granite3.2-vision_latest.md,.md,7009,244879a228c30a6a6d523450691ba2f4d4b8dea4dd808541134a3f1296ed470c,,review/evaluator evidence
choropleth_benchmark,experiments/05_choropleth_reliability_benchmark/outputs/scores/choropleth_vlm_cartographic_review_llava-llama3_8b.csv,.csv,18353,549aa1f14873a53e2bd19aff4e296177b6e282db20c2688e66b92e942cbbb0c0,18,review/evaluator evidence
choropleth_benchmark,experiments/05_choropleth_reliability_benchmark/outputs/scores/choropleth_vlm_cartographic_review_llava-llama3_8b.md,.md,6257,7b36e7ca9e571facf7c563496fad7e01fdbb3690d44b957c62b105726504c20d,,review/evaluator evidence
choropleth_benchmark,experiments/05_choropleth_reliability_benchmark/outputs/scores/choropleth_vlm_cartographic_review_qwen2.5vl_3b.csv,.csv,23018,4ae917b6002f946ddd4b20ff285025125208e9829401af1a1bc122211c1c65ad,18,review/evaluator evidence
choropleth_benchmark,experiments/05_choropleth_reliability_benchmark/outputs/scores/choropleth_vlm_cartographic_review_qwen2.5vl_3b.md,.md,6171,fbac791e88a2c9457a1d6282bb4dc47f467cad12471d56a238f5bbe50371277e,,review/evaluator evidence
choropleth_benchmark,experiments/05_choropleth_reliability_benchmark/outputs/scores/choropleth_vlm_cartographic_review_summary_granite3.2-vision_latest.json,.json,1088,38b594d6f8db16db5898a2fe954066a37ae5935672bf47efed7d7e6da4752942,,machine-readable summary
choropleth_benchmark,experiments/05_choropleth_reliability_benchmark/outputs/scores/choropleth_vlm_cartographic_review_summary_llava-llama3_8b.json,.json,1105,7e16b14717b7b53c7a8e77d1dc3d32057f8c167a310ca2f2af7afb762403cab1,,machine-readable summary
choropleth_benchmark,experiments/05_choropleth_reliability_benchmark/outputs/scores/choropleth_vlm_cartographic_review_summary_qwen2.5vl_3b.json,.json,1037,493f0002314b235b1b0dfc27ca98e5b48c1447490511ed0765e05977ccf5c7c0,,machine-readable summary
choropleth_benchmark,experiments/05_choropleth_reliability_benchmark/outputs/scores/expanded_choropleth_benchmark_scores.csv,.csv,59635,f0f5b259bb96be8144b34bd8efcc3ffadbc6d7e701e7ec265dc8154379810cc9,122,metric-level evidence
choropleth_benchmark,experiments/05_choropleth_reliability_benchmark/outputs/scores/expanded_choropleth_benchmark_scores.md,.md,42900,c3ac0ecb4083968cafd6c8981a83e88127054d091e9e4abf8eb6baae20634e5a,,metric-level evidence
choropleth_benchmark,experiments/05_choropleth_reliability_benchmark/outputs/scores/expanded_choropleth_condition_summary.csv,.csv,15757,03c5aa924baaf2c8ee24620f8291a7395f137e68f0606def430be870e1049c70,110,machine-readable summary
choropleth_benchmark,experiments/05_choropleth_reliability_benchmark/outputs/scores/expanded_choropleth_condition_summary.md,.md,16429,e768bd31095380954dc1c3e0b3f0a79b59a8fab16b019be6d81a417e901ce299,,supporting artifact
choropleth_benchmark,experiments/05_choropleth_reliability_benchmark/outputs/scores/expanded_choropleth_error_taxonomy.csv,.csv,38903,da17ba96f070c6b4d48136282371826bd021e4c794979f2420b6ee2f52114be8,101,supporting artifact
choropleth_benchmark,experiments/05_choropleth_reliability_benchmark/outputs/scores/expanded_choropleth_error_taxonomy.md,.md,233,81a2ea35e4c9a3ce62c33e8e1462a9ee2c546ca01a6c5a46cab286a06434d335,,supporting artifact
choropleth_benchmark,experiments/05_choropleth_reliability_benchmark/outputs/scores/expanded_choropleth_error_taxonomy_summary.csv,.csv,144,f29b513689b10a9e4547866bcd57672375ecc0b6f8a350890b95028c44a18a29,7,machine-readable summary
choropleth_benchmark,experiments/05_choropleth_reliability_benchmark/outputs/scores/expanded_choropleth_pilot_scores.csv,.csv,59635,f0f5b259bb96be8144b34bd8efcc3ffadbc6d7e701e7ec265dc8154379810cc9,122,metric-level evidence
choropleth_benchmark,experiments/05_choropleth_reliability_benchmark/outputs/scores/expanded_choropleth_pilot_scores.md,.md,42900,c3ac0ecb4083968cafd6c8981a83e88127054d091e9e4abf8eb6baae20634e5a,,metric-level evidence
choropleth_benchmark,experiments/05_choropleth_reliability_benchmark/outputs/scores/generated_code_safety_scan.csv,.csv,1884,3eef9be6f3930fc6a301f0a27eb13618dea8589c229f75dcb97b0fa9ae87eba7,12,supporting artifact
choropleth_benchmark,experiments/05_choropleth_reliability_benchmark/outputs/scores/generated_code_safety_scan_deepseek-coder_6.7b.csv,.csv,3425,68e26b8d39c78fda5343e441904459310d706f4ac7942936f47bde2fd23fb120,24,supporting artifact
choropleth_benchmark,experiments/05_choropleth_reliability_benchmark/outputs/scores/generated_code_safety_scan_qwen2.5-coder_7b.csv,.csv,3297,18874278afdb22de3a08eb85c4ea620b3eca2c7189e23d7b26f82ea188ef7e54,24,supporting artifact
choropleth_benchmark,experiments/05_choropleth_reliability_benchmark/outputs/scores/generated_code_safety_scan_validator_repair_reference.csv,.csv,1884,3eef9be6f3930fc6a301f0a27eb13618dea8589c229f75dcb97b0fa9ae87eba7,12,supporting artifact
choropleth_benchmark,experiments/05_choropleth_reliability_benchmark/outputs/scores/iterative_validator_repair_deepseek-coder_6.7b.csv,.csv,5418,166d5a7f05e7f1962629f1bc71a4fda142c01e550cfc66f6d06c1f6e5958f749,10,supporting artifact
choropleth_benchmark,experiments/05_choropleth_reliability_benchmark/outputs/scores/iterative_validator_repair_deepseek-coder_6.7b.md,.md,1196,acc259ab3d0b1da1427c85c48170f2dc40879c5a6153036d3e78c51212b1108a,,supporting artifact
choropleth_benchmark,experiments/05_choropleth_reliability_benchmark/outputs/scores/iterative_validator_repair_qwen2.5-coder_14b.csv,.csv,12009,d5fc84377d7a5543fb3fab8a08eca1a00775bed5498971e029b953e490963795,14,supporting artifact
choropleth_benchmark,experiments/05_choropleth_reliability_benchmark/outputs/scores/iterative_validator_repair_qwen2.5-coder_14b.md,.md,1082,5c7a2d556ec096b9a7a1d8b71ec2e373ea871a3b6d14ef9d05224aa78e498cb4,,supporting artifact
choropleth_benchmark,experiments/05_choropleth_reliability_benchmark/outputs/scores/iterative_validator_repair_qwen2.5-coder_32b.csv,.csv,73678,3c847f5d3825b4f29115a5f0a184b3368f008d07ee196b771f61aecf7e3e3992,89,supporting artifact
choropleth_benchmark,experiments/05_choropleth_reliability_benchmark/outputs/scores/iterative_validator_repair_qwen2.5-coder_32b.md,.md,4118,794d2e897b59e07cfdc57d1a24aa33eb941fe1e786663a16b7b0d0ae45656235,,supporting artifact
choropleth_benchmark,experiments/05_choropleth_reliability_benchmark/outputs/scores/iterative_validator_repair_qwen2.5-coder_7b.csv,.csv,11636,996ae29870ec0fbe9e451bb4a2d58ea57f0a384307e3f73a187ebe02114aea8c,14,supporting artifact
choropleth_benchmark,experiments/05_choropleth_reliability_benchmark/outputs/scores/iterative_validator_repair_qwen2.5-coder_7b.md,.md,1086,13ffc282d4d27ce97dbc61d7b5dcc01aec9cd708aef9e66e1af71fb049541042,,supporting artifact
choropleth_benchmark,experiments/05_choropleth_reliability_benchmark/outputs/scores/iterative_validator_repair_summary_deepseek-coder_6.7b.json,.json,125,e93b52b993ece200f16319b1ad21bfdf4dd2072ad681137eca8df96935631048,,machine-readable summary
choropleth_benchmark,experiments/05_choropleth_reliability_benchmark/outputs/scores/iterative_validator_repair_summary_qwen2.5-coder_14b.json,.json,124,d2cb2a5c7cffb01461d55641591293db1769db013ffcc866ceee816e39398532,,machine-readable summary
choropleth_benchmark,experiments/05_choropleth_reliability_benchmark/outputs/scores/iterative_validator_repair_summary_qwen2.5-coder_32b.json,.json,126,fd0c14db7b31f13d4fa6426c4d68ef38443fedb58c960dda4bacb1141bbd2366,,machine-readable summary
choropleth_benchmark,experiments/05_choropleth_reliability_benchmark/outputs/scores/iterative_validator_repair_summary_qwen2.5-coder_7b.json,.json,123,63184b3be65fb8da285a692d6bc1d23d45db02e0dd58667c4fef65ffc4cd299e,,machine-readable summary
choropleth_benchmark,experiments/05_choropleth_reliability_benchmark/outputs/scores/rendered_artifact_qa_detail.csv,.csv,78075,78ade5b748bb00643b45d39ace6fb7c862d4dfc5f1b212c6bd11cbd5f9f038b9,456,supporting artifact
choropleth_benchmark,experiments/05_choropleth_reliability_benchmark/outputs/scores/rendered_artifact_qa_summary.csv,.csv,47526,1cbb33a8eb7e871160be3d854100468cc0656153396efc4b79fbd3a2915b37b9,342,machine-readable summary
choropleth_benchmark,experiments/05_choropleth_reliability_benchmark/outputs/scores/repaired_code_safety_scan.csv,.csv,7909,8a498921616721e995846f7a66e2daaad630602c73fc9ee930a3a1cb98f7fe94,46,supporting artifact
choropleth_benchmark,experiments/05_choropleth_reliability_benchmark/outputs/scores/repaired_code_safety_scan_qwen2.5-coder_32b.csv,.csv,7909,8a498921616721e995846f7a66e2daaad630602c73fc9ee930a3a1cb98f7fe94,46,supporting artifact
choropleth_benchmark,experiments/05_choropleth_reliability_benchmark/outputs/scores/screenshot_level_qa_detail.csv,.csv,172580,dfdc62d396b44fcbe76295ba65ae87f78cce84c6646c66fb8b298716be0f8d29,342,supporting artifact
choropleth_benchmark,experiments/05_choropleth_reliability_benchmark/outputs/scores/screenshot_level_qa_summary.csv,.csv,998,304767ea41a5f66073bd9707a61938af5ae3b65da83fdee4d41f1d2c92c3cb16,18,machine-readable summary
choropleth_linter,experiments/01_choropleth_llm_linter/README.md,.md,654,ec6ca4afc460b0d51a9548043732e3a0b49ff9ec93a02c31788a8b132d9a950a,,supporting artifact
choropleth_linter,experiments/01_choropleth_llm_linter/inputs/prompts_v0.json,.json,1853,f3a6bf350d7deaaf29514a9fef23abbe0ac9d7484a0d7727bdae691177e5db59,,supporting artifact
choropleth_linter,experiments/01_choropleth_llm_linter/outputs/candidate_run_summary.csv,.csv,1877,6c784acf1ebcfca73029fa7601767f30d67546cf2152d847c8f817fbc511acf8,6,machine-readable summary
choropleth_linter,experiments/01_choropleth_llm_linter/outputs/candidate_run_summary.md,.md,1013,d4f84461f43ac2a3365993fefbf930922733f93bdc1c7a7d29eebcbac0c48d0d,,supporting artifact
choropleth_linter,experiments/01_choropleth_llm_linter/outputs/candidate_scores.csv,.csv,1221,ef1c6f084a804eb8a83efb76b16ba672e3b11f70726f240a40daa19976a50d9f,6,metric-level evidence
choropleth_linter,experiments/01_choropleth_llm_linter/outputs/candidate_scores.md,.md,595,ddaf98dbf2948b188a77bac3968965857e2bfa671cb746fe49e984e6844fdadb,,metric-level evidence
choropleth_linter,experiments/01_choropleth_llm_linter/outputs/data_inspection.json,.json,6350,37accdd7a30b291df777676eab54196733a53e0bf341a0b4d154c57c60963748,,supporting artifact
choropleth_linter,experiments/01_choropleth_llm_linter/outputs/lint_report.json,.json,398,014146a296bcd6652bdc966196116fb865be6890cf72558c4abc310ebb0d78ac,,supporting artifact
choropleth_linter,experiments/01_choropleth_llm_linter/outputs/released_map_artifact_audit.csv,.csv,8173,33e2b9e06b45abac52c1391791525e59fad1f2d61f9965b94d64410538b1618f,43,audit report or ledger
choropleth_linter,experiments/01_choropleth_llm_linter/outputs/released_map_artifact_audit.md,.md,915,68901d14cfb607332ba8f077372b3d3553cf8cd06f16df42671400fec5721a7a,,audit report or ledger
choropleth_linter,experiments/01_choropleth_llm_linter/outputs/released_map_artifact_audit_summary.json,.json,345,1bf6f6b6ec04a93b786d99d979cb982252a1344094fec18696bacf87dbe58677,,machine-readable summary
dataset_audit,experiments/00_dataset_reproducibility_audit/README.md,.md,354,094d14af22f82c2a5dac14e7cdb054391b9a89fc03e553df0f0454f0227fde24,,supporting artifact
dataset_audit,experiments/00_dataset_reproducibility_audit/outputs/dataset_audit_report.md,.md,3289,cfc35576932bfd15395e307d9aa57a9540571bd5613d66f4c461cc1a66f3b6aa,,audit report or ledger
dataset_audit,experiments/00_dataset_reproducibility_audit/outputs/dataset_inventory.csv,.csv,2359,3360207a9bca835cd6e4c07b693f903b2b213af4f53b5b9422d798a3e37229e6,5,supporting artifact
dataset_audit,experiments/00_dataset_reproducibility_audit/outputs/reproducibility_matrix.csv,.csv,1233,a5e64276bf74b03de2e74f29064ad8de844664f6aaa217ec4b6b6a90baea1524,5,supporting artifact
figures,manuscripts/q1_geo_genai_reliability/figures/figure_01_artifact_chain.mmd,.mmd,375,5437d825867d3cb36b241e429eca3302d9445b5fb52077e331e51fd81f69c2e4,,manuscript figure or figure index
figures,manuscripts/q1_geo_genai_reliability/figures/figure_02_dataset_inventory.png,.png,64727,8e0ad7bd4fda3bb5836165de9c5bd9aed557090cfba33fc7f320f158aa7c431c,,manuscript figure or figure index
figures,manuscripts/q1_geo_genai_reliability/figures/figure_04_scgm_edge_continuity.png,.png,51074,1b1767fd851b01c8e60f92c70ca97a5680e2baf49d71203d0a378136bcdc3438,,manuscript figure or figure index
figures,manuscripts/q1_geo_genai_reliability/figures/figure_05_choropleth_benchmark_scores.png,.png,73458,eacfbb17ada2554c9be3694d25e28649f6d7c900b707742279f671acf75affd8,,metric-level evidence
figures,manuscripts/q1_geo_genai_reliability/figures/figure_07_screenshot_level_qa.png,.png,66601,b9d58977a2f4dc3de0896e99cc273bca88ad02639f4c6c8b278f918e7611f7d3,,manuscript figure or figure index
figures,manuscripts/q1_geo_genai_reliability/figures/figure_09_scgm_retrieval_comparison.png,.png,90557,1f0fb21a76293c776d452460343bbe504b6e1ddc5b4e3833dfa46352f85d93bf,,manuscript figure or figure index
figures,manuscripts/q1_geo_genai_reliability/figures/figure_index.md,.md,947,fc004302ce49b7ab92556f7830d1929b54321f30e37b4bf23c49731899aa9cdf,,manuscript figure or figure index
geo_faithfulness,experiments/04_geo_faithfulness_evaluator/README.md,.md,660,60b260f838bd1146ca986e1cf11c42412a4e80d92bac1df26c1954e0f025920d,,supporting artifact
geo_faithfulness,experiments/04_geo_faithfulness_evaluator/inputs/geoguard_config_local.json,.json,5886,faad06cde48708dccc92943832392aa869eba9bf07b402cbe3c57ef0cf6f6bc0,,supporting artifact
geo_faithfulness,experiments/04_geo_faithfulness_evaluator/inputs/llm_tasks_30.json,.json,9403,f20fe412ec9f2b09f2b94fd6e35e26d122f2cafe4a9f74f409b4ce6e06507ccb,,supporting artifact
geo_faithfulness,experiments/04_geo_faithfulness_evaluator/notes/live_generated_code_eval.md,.md,2885,bf5591da16cd068d7cbd3bb36496bddf47379b75a64bbf98f15c55b3f41356de,,supporting artifact
geo_faithfulness,experiments/04_geo_faithfulness_evaluator/notes/llm_code_benchmark_pilot.md,.md,2977,35a5398dd4aa335c9de5517807f15e4b503065c6be2a80faee0cbf1672053ae9,,supporting artifact
geo_faithfulness,experiments/04_geo_faithfulness_evaluator/notes/qwen32_realistic_design.md,.md,6992,de91ad81dd0b6f1a84a0621524d226b2382cbe780eca837a8ee20c1e07c30d72,,supporting artifact
geo_faithfulness,experiments/04_geo_faithfulness_evaluator/outputs/geoguard_smoke_run/benchmark_metadata.json,.json,1755,ae93f5f514c3d87473d7fc924638020b173ecfe5aec5c2b1995e4099d972dd9e,,supporting artifact
geo_faithfulness,experiments/04_geo_faithfulness_evaluator/outputs/geoguard_smoke_run/run_logs.csv,.csv,13283,20cdaf57481e70925a45ea61ab08684f22c364da1448cf0bec9803e966f97023,42,supporting artifact
geo_faithfulness,experiments/04_geo_faithfulness_evaluator/outputs/geoguard_smoke_run/summary_ablation.csv,.csv,332,279f73d891bb670fbb0c33fb1996a6f749f5de65d501c62e04f04545da7ee7ea,4,machine-readable summary
geo_faithfulness,experiments/04_geo_faithfulness_evaluator/outputs/geoguard_smoke_run/summary_all_systems.csv,.csv,526,00f176e4fc7cc480cf1c8609591b01af1b78eb906e739853b693404e535c3109,7,machine-readable summary
geo_faithfulness,experiments/04_geo_faithfulness_evaluator/outputs/geoguard_smoke_run/summary_baselines.csv,.csv,246,12cd21449974975c13e97586ae0d2c63aa5d953010923fd4849b28cf8143d9df,3,machine-readable summary
geo_faithfulness,experiments/04_geo_faithfulness_evaluator/outputs/geoguard_smoke_run/summary_task_level.csv,.csv,4575,697149eaa3a48a363acfcbe5e90126eb908659ad201d070dfe14bea7c885c38d,42,machine-readable summary
geo_faithfulness,experiments/04_geo_faithfulness_evaluator/outputs/geoguard_v2_run/benchmark_metadata.json,.json,1755,302a099a78f135b201556305a3eaae6f6b97727c0ac05362b621dbbbc5011059,,supporting artifact
geo_faithfulness,experiments/04_geo_faithfulness_evaluator/outputs/geoguard_v2_run/run_logs.csv,.csv,39339,706266a8d9c5c3a8cdac9862ced7fc48d4a2aeffd1d196225b04e0f58703308c,126,supporting artifact
geo_faithfulness,experiments/04_geo_faithfulness_evaluator/outputs/geoguard_v2_run/summary_ablation.csv,.csv,332,df6a563e7cdd70dc38a154f6576b0f2d647e516bfdb3119b67b562e8464dcbf3,4,machine-readable summary
geo_faithfulness,experiments/04_geo_faithfulness_evaluator/outputs/geoguard_v2_run/summary_all_systems.csv,.csv,527,39614aa9f7f657d581cee814c47c9a0e5ad52828bcdb0d6ed0fdeb201d4c7b0f,7,machine-readable summary
geo_faithfulness,experiments/04_geo_faithfulness_evaluator/outputs/geoguard_v2_run/summary_baselines.csv,.csv,247,be015ce38fa2bd4fcb12f6b362ef774ed2ac71d968cfe8881348e0dfe4e69585,3,machine-readable summary
geo_faithfulness,experiments/04_geo_faithfulness_evaluator/outputs/geoguard_v2_run/summary_task_level.csv,.csv,4575,c36e16df7ed7c3dc672cda94f8e3f0e83990e2c69daa7d5cc6ee0b5246802421,42,machine-readable summary
geo_faithfulness,experiments/04_geo_faithfulness_evaluator/outputs/geoguard_v3_stress/benchmark_metadata.json,.json,4799,ac897d4b3f43cdd8d19e84b76185dc69fbb6050c4bd8f7d7a0416270cda3ad41,,supporting artifact
geo_faithfulness,experiments/04_geo_faithfulness_evaluator/outputs/geoguard_v3_stress/run_logs.csv,.csv,43898,72168e3bf97ea194b289b70f6f57fcd017a9c0b0229ce172d5049d5c76210a6e,252,supporting artifact
geo_faithfulness,experiments/04_geo_faithfulness_evaluator/outputs/geoguard_v3_stress/summary_ablation.csv,.csv,378,947d0d46565cb63830a842e4485a4546ad4495b5ee595a64993d1a6a1b17fdc2,4,machine-readable summary
geo_faithfulness,experiments/04_geo_faithfulness_evaluator/outputs/geoguard_v3_stress/summary_all_systems.csv,.csv,609,d4d0e7f8fff89268b6064e1ee719ecd1d4eff87292c8434f4146ee9423cfe665,7,machine-readable summary
geo_faithfulness,experiments/04_geo_faithfulness_evaluator/outputs/geoguard_v3_stress/summary_baselines.csv,.csv,283,2706b204e5a5e55ce3750e644ddfc771ce9bbe1cbd2dfd5266b738824d120c1f,3,machine-readable summary
geo_faithfulness,experiments/04_geo_faithfulness_evaluator/outputs/geoguard_v3_stress/summary_scenario_level.csv,.csv,4085,ccde022f02c3ffa6f8815a371d66b54abb295e37d3fc390ed5ac59c8a89c353d,42,machine-readable summary
geo_faithfulness,experiments/04_geo_faithfulness_evaluator/outputs/geoguard_v3_stress/summary_task_level.csv,.csv,5265,00f679eb8f4077271f719e5403b0e53cfb4f30f092b6f64778959445aa212ea3,42,machine-readable summary
geo_faithfulness,experiments/04_geo_faithfulness_evaluator/outputs/live_llm_eval/live_summary.csv,.csv,200,00e0248791baf597dd45c784b61f9b64f54864f7ded3f6b8a24a5f5d53a5565f,3,machine-readable summary
geo_faithfulness,experiments/04_geo_faithfulness_evaluator/outputs/live_llm_eval/live_task_scores.csv,.csv,2836,e061a1bb873ffe0907de6ec808dac0d3cf6d1fbb3982ae3a1f2ea2e140fc15b9,18,metric-level evidence
geo_faithfulness,experiments/04_geo_faithfulness_evaluator/outputs/llm_code_benchmark/generated_code/qwen2.5-coder_32b/generation_manifest.json,.json,347,6c0846dca262f7caa487a1183e970b0b450c34e81eba626f1129b805fad5ca79,,reproducibility manifest
geo_faithfulness,experiments/04_geo_faithfulness_evaluator/outputs/llm_code_benchmark/generated_code/qwen2.5-coder_32b/repair_manifest.json,.json,257,86b746d2dccc2cc2d5f1f976770fd4b52ad458439f153a7d205071aea95857c4,,reproducibility manifest
geo_faithfulness,experiments/04_geo_faithfulness_evaluator/outputs/llm_code_benchmark/generated_code/qwen2.5-coder_7b/generation_manifest.json,.json,6116,a5fccf03a4ae78336ad682f942e29691e57baa78d752fc1f5fc55b66ab0d3571,,reproducibility manifest
geo_faithfulness,experiments/04_geo_faithfulness_evaluator/outputs/llm_code_benchmark/generated_code/qwen2.5-coder_7b/repair_manifest.json,.json,2267,659c037763b0af6f0772e2ec1c6492ae32fbaeece7dea483fa1626c1d53f4b41,,reproducibility manifest
geo_faithfulness,experiments/04_geo_faithfulness_evaluator/outputs/llm_code_benchmark/scores/qwen2.5-coder_32b/summary.csv,.csv,125,030e6b2e9c544f5bb4a56672c51a98b693c37246b881ef3f8443c153b39669af,1,machine-readable summary
geo_faithfulness,experiments/04_geo_faithfulness_evaluator/outputs/llm_code_benchmark/scores/qwen2.5-coder_32b/task_scores.csv,.csv,205,e588a02b6bf2557d916cebd631aaac5b1c8dcf1880fd60ef03abec52e88822ea,1,metric-level evidence
geo_faithfulness,experiments/04_geo_faithfulness_evaluator/outputs/llm_code_benchmark/scores/qwen2.5-coder_7b/summary.csv,.csv,227,a3267535b6762a0d3194a535a619d3f736c37e8d71dc1c67918199aad26525ef,2,machine-readable summary
geo_faithfulness,experiments/04_geo_faithfulness_evaluator/outputs/llm_code_benchmark/scores/qwen2.5-coder_7b/task_scores.csv,.csv,1299,e3f0bab03f4339e391afddaaa2b3bb50547914acaea2c897ba456b6a716284d5,12,metric-level evidence
geo_faithfulness,experiments/04_geo_faithfulness_evaluator/outputs/workflow_metric_sensitivity/qwen2.5-coder_32b/metric_weight_sensitivity.csv,.csv,587,e5fffc970a4cbe1059a89f9726a1ce50c465d6cbd3b77f3a22bd6a2c00c8a441,9,supporting artifact
geo_faithfulness,experiments/04_geo_faithfulness_evaluator/outputs/workflow_spec_benchmark/generated_specs/deepseek-coder_6.7b/basic/T002_basic.json,.json,638,c438caf1daed52be198940192eedfb4d25fc6fbafae38cebe9a5c27f91ef1b70,,supporting artifact
geo_faithfulness,experiments/04_geo_faithfulness_evaluator/outputs/workflow_spec_benchmark/generated_specs/deepseek-coder_6.7b/basic/T003_basic.json,.json,612,22419c9dab52d167fbf59fe3b07884e423ebafeb84a9a4267f56c5a1443a54da,,supporting artifact
geo_faithfulness,experiments/04_geo_faithfulness_evaluator/outputs/workflow_spec_benchmark/generated_specs/deepseek-coder_6.7b/basic/T005_basic.json,.json,744,b471e16f394ad26d0f6cb5dd7d132bb11817b591d43b603324db4d7f9d8049e8,,supporting artifact
geo_faithfulness,experiments/04_geo_faithfulness_evaluator/outputs/workflow_spec_benchmark/generated_specs/deepseek-coder_6.7b/basic/T006_basic.json,.json,584,8b0e9c34aa2a6ee94327f24c655e7855d9638a5f79a2ecd8a48602b058effb12,,supporting artifact
geo_faithfulness,experiments/04_geo_faithfulness_evaluator/outputs/workflow_spec_benchmark/generated_specs/deepseek-coder_6.7b/basic/T007_basic.json,.json,604,0f6823ead46e08f7e06f35caad62c3f77bcd3399bdb4ceb504caac800a92a467,,supporting artifact
geo_faithfulness,experiments/04_geo_faithfulness_evaluator/outputs/workflow_spec_benchmark/generated_specs/deepseek-coder_6.7b/basic/T009_basic.json,.json,740,d97de41239ba018e3b2250f5f390d1b727966bbb8bba98279772208c7ece65b4,,supporting artifact
geo_faithfulness,experiments/04_geo_faithfulness_evaluator/outputs/workflow_spec_benchmark/generated_specs/deepseek-coder_6.7b/basic/T010_basic.json,.json,495,ba76a281176f2e4494b4fa546643e19cc9b754ee4896a7a00913afd94c7de690,,supporting artifact
geo_faithfulness,experiments/04_geo_faithfulness_evaluator/outputs/workflow_spec_benchmark/generated_specs/deepseek-coder_6.7b/basic/T011_basic.json,.json,603,b1cffc9d7cd3e2d18b8a1bad45b6284303f6c39511d4fbf4af520289abbd9a9b,,supporting artifact
geo_faithfulness,experiments/04_geo_faithfulness_evaluator/outputs/workflow_spec_benchmark/generated_specs/deepseek-coder_6.7b/basic/T012_basic.json,.json,675,7e14153029e7d6a793c5ecd6713ebeeab710088f2772286dfd4ca56834374a36,,supporting artifact
geo_faithfulness,experiments/04_geo_faithfulness_evaluator/outputs/workflow_spec_benchmark/generated_specs/deepseek-coder_6.7b/basic/T013_basic.json,.json,656,6e08297c08fc73d26a3d944bcee1e89445ab64a45f51ebf7b60578f9b0e9154c,,supporting artifact
geo_faithfulness,experiments/04_geo_faithfulness_evaluator/outputs/workflow_spec_benchmark/generated_specs/deepseek-coder_6.7b/basic/T014_basic.json,.json,596,2ebfdaedda423499b29b0acb32f1cee4971d194a88e7a3436f2bf123ada35741,,supporting artifact
geo_faithfulness,experiments/04_geo_faithfulness_evaluator/outputs/workflow_spec_benchmark/generated_specs/deepseek-coder_6.7b/basic/T016_basic.json,.json,676,a4fd5677d4fb004d3b1e4079777e8f043b03f2ad967d2b363694162c1f1278a4,,supporting artifact
geo_faithfulness,experiments/04_geo_faithfulness_evaluator/outputs/workflow_spec_benchmark/generated_specs/deepseek-coder_6.7b/basic/T017_basic.json,.json,573,9a4b91b700c534bac0dd14c7b2dd452eec726fee6244cbb8d198a1ce3dbcf7b8,,supporting artifact
geo_faithfulness,experiments/04_geo_faithfulness_evaluator/outputs/workflow_spec_benchmark/generated_specs/deepseek-coder_6.7b/basic/T018_basic.json,.json,648,ecb83e5d1d31ae1f652ba28a23dc345e26d9379a45fa0e03c8caf316f8706f4a,,supporting artifact
geo_faithfulness,experiments/04_geo_faithfulness_evaluator/outputs/workflow_spec_benchmark/generated_specs/deepseek-coder_6.7b/basic/T019_basic.json,.json,626,22c123e10702cf67a71265b5eb0eaa4c018980f1f03bf85b6d215613f2ba0fc0,,supporting artifact
geo_faithfulness,experiments/04_geo_faithfulness_evaluator/outputs/workflow_spec_benchmark/generated_specs/deepseek-coder_6.7b/basic/T020_basic.json,.json,588,88f2d2a7a572b8bdb0fd7ae56915534842945806b202508ef4793f2a4cbabe43,,supporting artifact
geo_faithfulness,experiments/04_geo_faithfulness_evaluator/outputs/workflow_spec_benchmark/generated_specs/deepseek-coder_6.7b/basic/T021_basic.json,.json,718,d0b560a8d4b01d35e3a92198bf2bd25065fecb6bc87ad76fc7bd8162ea877043,,supporting artifact
geo_faithfulness,experiments/04_geo_faithfulness_evaluator/outputs/workflow_spec_benchmark/generated_specs/deepseek-coder_6.7b/basic/T022_basic.json,.json,698,d78b9ae7c43dae82de1ebc6d06f2a23bcb7da211fffe7e7de196b27393e83d0b,,supporting artifact
geo_faithfulness,experiments/04_geo_faithfulness_evaluator/outputs/workflow_spec_benchmark/generated_specs/deepseek-coder_6.7b/basic/T023_basic.json,.json,879,43066c7383e60a72f3de9def6306a483c0e7dd102d72d8d5611f00713343bc08,,supporting artifact
geo_faithfulness,experiments/04_geo_faithfulness_evaluator/outputs/workflow_spec_benchmark/generated_specs/deepseek-coder_6.7b/basic/T024_basic.json,.json,713,f284542369bf7edd5703d45876ae9fdd272e4c327a7a489f3974546c0daf2e44,,supporting artifact
geo_faithfulness,experiments/04_geo_faithfulness_evaluator/outputs/workflow_spec_benchmark/generated_specs/deepseek-coder_6.7b/basic/T025_basic.json,.json,580,6258ef8ba2efcddb888a762856fb621c59efa8f60a71219160426e65a15ebb68,,supporting artifact
geo_faithfulness,experiments/04_geo_faithfulness_evaluator/outputs/workflow_spec_benchmark/generated_specs/deepseek-coder_6.7b/basic/T026_basic.json,.json,905,deb4eac3319b5d36c6e291048a2c036e361aaf5ff9119fdaf8de742a3f155462,,supporting artifact
geo_faithfulness,experiments/04_geo_faithfulness_evaluator/outputs/workflow_spec_benchmark/generated_specs/deepseek-coder_6.7b/basic/T027_basic.json,.json,648,e7c87159b95343caade2367bb6488107c5d6ae7fedddd85bdb3c5c3663e1d655,,supporting artifact
geo_faithfulness,experiments/04_geo_faithfulness_evaluator/outputs/workflow_spec_benchmark/generated_specs/deepseek-coder_6.7b/basic/T029_basic.json,.json,784,5182ed6bcef1d15fc417df2280918223559af75e1929ca7b03d27872ae1c4508,,supporting artifact
geo_faithfulness,experiments/04_geo_faithfulness_evaluator/outputs/workflow_spec_benchmark/generated_specs/deepseek-coder_6.7b/geoguard/T001_geoguard.json,.json,665,af24c316b017b93877420846cefcf02da40290f1aa0619973888f8d13a8b603e,,supporting artifact
geo_faithfulness,experiments/04_geo_faithfulness_evaluator/outputs/workflow_spec_benchmark/generated_specs/deepseek-coder_6.7b/geoguard/T002_geoguard.json,.json,901,48ccaae6c60681d4c48e40e9d311606bb249fd368fe32dbadcd79eaaa7aabaa5,,supporting artifact
geo_faithfulness,experiments/04_geo_faithfulness_evaluator/outputs/workflow_spec_benchmark/generated_specs/deepseek-coder_6.7b/geoguard/T003_geoguard.json,.json,753,7b1581d8832f4a6099b3ee52dc42b18307ce073f0a026c1871eb4cac5864b236,,supporting artifact
geo_faithfulness,experiments/04_geo_faithfulness_evaluator/outputs/workflow_spec_benchmark/generated_specs/deepseek-coder_6.7b/geoguard/T004_geoguard.json,.json,692,429d63b41bf7cffcd86d7c6c2e7e6b15550ee8da2d4e6afe792dc952f4e29dae,,supporting artifact
geo_faithfulness,experiments/04_geo_faithfulness_evaluator/outputs/workflow_spec_benchmark/generated_specs/deepseek-coder_6.7b/geoguard/T005_geoguard.json,.json,695,484d737cd3c2070f0df88cdd43b4a9a434c7ee3404a65c35d9e58b5057504cd3,,supporting artifact
geo_faithfulness,experiments/04_geo_faithfulness_evaluator/outputs/workflow_spec_benchmark/generated_specs/deepseek-coder_6.7b/geoguard/T006_geoguard.json,.json,638,c7a604b63acd00314f48fb951a26cf0e2396905b113ac2ce3055d26e395e5fa5,,supporting artifact
geo_faithfulness,experiments/04_geo_faithfulness_evaluator/outputs/workflow_spec_benchmark/generated_specs/deepseek-coder_6.7b/geoguard/T007_geoguard.json,.json,728,ec6775b59ca5b5a05cd6b858b09d8425d0ad04858ab06d6b903e2d93055779c1,,supporting artifact
geo_faithfulness,experiments/04_geo_faithfulness_evaluator/outputs/workflow_spec_benchmark/generated_specs/deepseek-coder_6.7b/geoguard/T008_geoguard.json,.json,644,9a2eb6ea7afd44a4fa647cd09081ce323c22122e47a296370ed3722cd68db1d7,,supporting artifact
geo_faithfulness,experiments/04_geo_faithfulness_evaluator/outputs/workflow_spec_benchmark/generated_specs/deepseek-coder_6.7b/geoguard/T009_geoguard.json,.json,616,4a024fe86deca7fe283aac7358d66d3b756d9519bf730ab78f6d1bb7c027f3db,,supporting artifact
geo_faithfulness,experiments/04_geo_faithfulness_evaluator/outputs/workflow_spec_benchmark/generated_specs/deepseek-coder_6.7b/geoguard/T010_geoguard.json,.json,912,c68967cd77fb7134d8cd1848a3992cd72ced9780fb02293670b46e776050f93c,,supporting artifact
geo_faithfulness,experiments/04_geo_faithfulness_evaluator/outputs/workflow_spec_benchmark/generated_specs/deepseek-coder_6.7b/geoguard/T011_geoguard.json,.json,681,c19788e886afe71ad963ed5a5405bdb25b8eda22827baf57465e1d4e46f2452e,,supporting artifact
geo_faithfulness,experiments/04_geo_faithfulness_evaluator/outputs/workflow_spec_benchmark/generated_specs/deepseek-coder_6.7b/geoguard/T012_geoguard.json,.json,674,63a13ccf4bed069e8cec2bf9df0ea35e343c02dfcd639532359d4210cdc28626,,supporting artifact
geo_faithfulness,experiments/04_geo_faithfulness_evaluator/outputs/workflow_spec_benchmark/generated_specs/deepseek-coder_6.7b/geoguard/T013_geoguard.json,.json,902,d41bcb328ce402bc9760def0fca82ee3000b762e82f25082567d7e828d1f1690,,supporting artifact
geo_faithfulness,experiments/04_geo_faithfulness_evaluator/outputs/workflow_spec_benchmark/generated_specs/deepseek-coder_6.7b/geoguard/T014_geoguard.json,.json,883,d373a44f7cfad13c6e644e8bb02ab259a520c8988218a38ac6cab3a137509f57,,supporting artifact
geo_faithfulness,experiments/04_geo_faithfulness_evaluator/outputs/workflow_spec_benchmark/generated_specs/deepseek-coder_6.7b/geoguard/T015_geoguard.json,.json,789,c57dec10a1b14d233dbfcbde11cb541645e736026e1a23fff81840130e757f5c,,supporting artifact
geo_faithfulness,experiments/04_geo_faithfulness_evaluator/outputs/workflow_spec_benchmark/generated_specs/deepseek-coder_6.7b/geoguard/T016_geoguard.json,.json,817,3bb73ffb8b6717d9770dc4e26dde1a3759c869c340c556db1f2768668824437e,,supporting artifact
geo_faithfulness,experiments/04_geo_faithfulness_evaluator/outputs/workflow_spec_benchmark/generated_specs/deepseek-coder_6.7b/geoguard/T017_geoguard.json,.json,714,f872fcfc98fbfcb27b76a3b3fbc8a3b3b6c1658cabbab0bd2a6112d148db8c17,,supporting artifact
geo_faithfulness,experiments/04_geo_faithfulness_evaluator/outputs/workflow_spec_benchmark/generated_specs/deepseek-coder_6.7b/geoguard/T018_geoguard.json,.json,728,411f86c629a39975874fc8921faff608064466d4592883b607e919998deb3c10,,supporting artifact
geo_faithfulness,experiments/04_geo_faithfulness_evaluator/outputs/workflow_spec_benchmark/generated_specs/deepseek-coder_6.7b/geoguard/T019_geoguard.json,.json,631,e6db2a05869b7a2cc44a11fa4701431477e53b79450e4419a75a5ad881a4782c,,supporting artifact
geo_faithfulness,experiments/04_geo_faithfulness_evaluator/outputs/workflow_spec_benchmark/generated_specs/deepseek-coder_6.7b/geoguard/T020_geoguard.json,.json,685,70fc754cf39faa8a83caec2505dac1ffb76a549d22a3921025d3ee1f44912fbd,,supporting artifact
geo_faithfulness,experiments/04_geo_faithfulness_evaluator/outputs/workflow_spec_benchmark/generated_specs/deepseek-coder_6.7b/geoguard/T021_geoguard.json,.json,711,e022974022659234fddc83a4d28513d99419a3400ce382b437cd035e6442aa39,,supporting artifact
geo_faithfulness,experiments/04_geo_faithfulness_evaluator/outputs/workflow_spec_benchmark/generated_specs/deepseek-coder_6.7b/geoguard/T022_geoguard.json,.json,675,6d436c25e06e827f2ad5f0575e13800d60dba448590d1833233bb61642efdda2,,supporting artifact
geo_faithfulness,experiments/04_geo_faithfulness_evaluator/outputs/workflow_spec_benchmark/generated_specs/deepseek-coder_6.7b/geoguard/T023_geoguard.json,.json,736,31361b09fb3718bb27d6a37970bce204c57910eb77a12c7d7aa18ac4ce7dac7c,,supporting artifact
geo_faithfulness,experiments/04_geo_faithfulness_evaluator/outputs/workflow_spec_benchmark/generated_specs/deepseek-coder_6.7b/geoguard/T024_geoguard.json,.json,671,ee60167c4d6d69343e7375a1e8058d811d8a7c76237f52e99d471c89952d38b3,,supporting artifact
geo_faithfulness,experiments/04_geo_faithfulness_evaluator/outputs/workflow_spec_benchmark/generated_specs/deepseek-coder_6.7b/geoguard/T025_geoguard.json,.json,672,ba6d6b9649a29b43d2a4f8ca81a45efcdce521bc5536c16d32809a660c50dfc2,,supporting artifact
geo_faithfulness,experiments/04_geo_faithfulness_evaluator/outputs/workflow_spec_benchmark/generated_specs/deepseek-coder_6.7b/geoguard/T026_geoguard.json,.json,1024,eb0470ea1e9ba8d68aad6460fa29e7d4f62533ddfd17ac3dedf2ab6702626c4a,,supporting artifact
geo_faithfulness,experiments/04_geo_faithfulness_evaluator/outputs/workflow_spec_benchmark/generated_specs/deepseek-coder_6.7b/geoguard/T027_geoguard.json,.json,901,541fad80a306610e3f18230da14d06131db4d9991b7f4ce873192a8e7d5d344d,,supporting artifact
geo_faithfulness,experiments/04_geo_faithfulness_evaluator/outputs/workflow_spec_benchmark/generated_specs/deepseek-coder_6.7b/geoguard/T028_geoguard.json,.json,1065,54b64d4cb0f7bd4414d5d5f87abdb85e43d8ee0079b9706f835e13652b5d8be4,,supporting artifact
geo_faithfulness,experiments/04_geo_faithfulness_evaluator/outputs/workflow_spec_benchmark/generated_specs/deepseek-coder_6.7b/geoguard/T029_geoguard.json,.json,925,dc31eda5eb7373a61b109dc9ab544ff3587246a355aee0bc8d7a03d171bbf556,,supporting artifact
geo_faithfulness,experiments/04_geo_faithfulness_evaluator/outputs/workflow_spec_benchmark/generated_specs/deepseek-coder_6.7b/geoguard/T030_geoguard.json,.json,1055,2c72bff5ef72f3f6281743ac9d410486cb842b14460d12cd03f00f1ca2199656,,supporting artifact
geo_faithfulness,experiments/04_geo_faithfulness_evaluator/outputs/workflow_spec_benchmark/generated_specs/deepseek-coder_6.7b/grounded/T001_grounded.json,.json,677,39f7c5683b9655263def3d835d505aee73a56e75f781f993de9980308d49a78f,,supporting artifact
geo_faithfulness,experiments/04_geo_faithfulness_evaluator/outputs/workflow_spec_benchmark/generated_specs/deepseek-coder_6.7b/grounded/T002_grounded.json,.json,643,2d8abdd50097c5b9012799134b6caec73c96bfe5c558e7c115f1b3897944ea62,,supporting artifact
geo_faithfulness,experiments/04_geo_faithfulness_evaluator/outputs/workflow_spec_benchmark/generated_specs/deepseek-coder_6.7b/grounded/T003_grounded.json,.json,665,73cb24bf5d4817d29ae2b17cb00913afe95d4529f33ece03e3813cb18dcc9297,,supporting artifact
geo_faithfulness,experiments/04_geo_faithfulness_evaluator/outputs/workflow_spec_benchmark/generated_specs/deepseek-coder_6.7b/grounded/T004_grounded.json,.json,795,4da022bbb4d433975d9ba5becce7b257ce7b5135a0635ac6cea9f08693bd2f63,,supporting artifact
geo_faithfulness,experiments/04_geo_faithfulness_evaluator/outputs/workflow_spec_benchmark/generated_specs/deepseek-coder_6.7b/grounded/T005_grounded.json,.json,728,93d5fc364c4ee0f804a16db7ff5b2ee08dc83275ad8804ade66cbcfcacda970b,,supporting artifact
geo_faithfulness,experiments/04_geo_faithfulness_evaluator/outputs/workflow_spec_benchmark/generated_specs/deepseek-coder_6.7b/grounded/T006_grounded.json,.json,640,38c4fea2f3d19b8bf234f4f73de978b9cf026ce966c498f0d325528c2297873c,,supporting artifact
geo_faithfulness,experiments/04_geo_faithfulness_evaluator/outputs/workflow_spec_benchmark/generated_specs/deepseek-coder_6.7b/grounded/T007_grounded.json,.json,797,c354d55f1e2612aff8cbe10f84f254fed0595ef069ec5768c333fa4a9a0567b5,,supporting artifact
geo_faithfulness,experiments/04_geo_faithfulness_evaluator/outputs/workflow_spec_benchmark/generated_specs/deepseek-coder_6.7b/grounded/T008_grounded.json,.json,654,640a9bce33e44ee4d411ad0cae885a0d04f895edef56591bef15106a5a6471d2,,supporting artifact
geo_faithfulness,experiments/04_geo_faithfulness_evaluator/outputs/workflow_spec_benchmark/generated_specs/deepseek-coder_6.7b/grounded/T009_grounded.json,.json,849,a4eb2826c07f070b192c6316bed0f69d4d111b03d6d1e4ca1f538fc243a25ffc,,supporting artifact
geo_faithfulness,experiments/04_geo_faithfulness_evaluator/outputs/workflow_spec_benchmark/generated_specs/deepseek-coder_6.7b/grounded/T010_grounded.json,.json,702,91378cfbdc0dfe430e184c6a742b4fb6c1f611f362c9ee5a48fea8c52d0a8adb,,supporting artifact
geo_faithfulness,experiments/04_geo_faithfulness_evaluator/outputs/workflow_spec_benchmark/generated_specs/deepseek-coder_6.7b/grounded/T011_grounded.json,.json,707,c3a93950983d2b8cfd233d9152face921d8dc2be2861e05173edf1d94bc03bb9,,supporting artifact
geo_faithfulness,experiments/04_geo_faithfulness_evaluator/outputs/workflow_spec_benchmark/generated_specs/deepseek-coder_6.7b/grounded/T012_grounded.json,.json,700,33cff6201fa789f1644c94749cc0449ee167bae8b87d7da6adbbdf04f53c3580,,supporting artifact
geo_faithfulness,experiments/04_geo_faithfulness_evaluator/outputs/workflow_spec_benchmark/generated_specs/deepseek-coder_6.7b/grounded/T013_grounded.json,.json,761,8b02a7020c30f7c4a7c907e89fd6e400bee72baff90bf01b64012f60a05930a5,,supporting artifact
geo_faithfulness,experiments/04_geo_faithfulness_evaluator/outputs/workflow_spec_benchmark/generated_specs/deepseek-coder_6.7b/grounded/T014_grounded.json,.json,784,3b36b8b3b666aa7111d5228fee1e099a0a27b1fbce14f1365a7b539d9c8dae4f,,supporting artifact
geo_faithfulness,experiments/04_geo_faithfulness_evaluator/outputs/workflow_spec_benchmark/generated_specs/deepseek-coder_6.7b/grounded/T015_grounded.json,.json,815,b91438de1e25309a07f84b7dd34b9e11a2b4bb59d16e7af5dde0deb78ab95798,,supporting artifact
geo_faithfulness,experiments/04_geo_faithfulness_evaluator/outputs/workflow_spec_benchmark/generated_specs/deepseek-coder_6.7b/grounded/T016_grounded.json,.json,665,4464d8740cefd2900417d09b0531ea854e28b2f259f82c473f6fb134305625f9,,supporting artifact
geo_faithfulness,experiments/04_geo_faithfulness_evaluator/outputs/workflow_spec_benchmark/generated_specs/deepseek-coder_6.7b/grounded/T017_grounded.json,.json,666,f00e5ff15e459ee4d194506fde8d488025cfebcbd22fc49d7e85c7f13ae01be0,,supporting artifact
geo_faithfulness,experiments/04_geo_faithfulness_evaluator/outputs/workflow_spec_benchmark/generated_specs/deepseek-coder_6.7b/grounded/T018_grounded.json,.json,609,6209e89af9cdb3581d403c8c26cd7ed4cfcb17988171000a8c676636664b005e,,supporting artifact
geo_faithfulness,experiments/04_geo_faithfulness_evaluator/outputs/workflow_spec_benchmark/generated_specs/deepseek-coder_6.7b/grounded/T019_grounded.json,.json,667,9fa5b7caccf22cd4eee410052035b480523619c268738f9a63cbcd158074a14a,,supporting artifact
geo_faithfulness,experiments/04_geo_faithfulness_evaluator/outputs/workflow_spec_benchmark/generated_specs/deepseek-coder_6.7b/grounded/T020_grounded.json,.json,589,6e7e191306f255ec359e19845ad4ecb2cd48ebb359db4f92e368abeeb63edc80,,supporting artifact
geo_faithfulness,experiments/04_geo_faithfulness_evaluator/outputs/workflow_spec_benchmark/generated_specs/deepseek-coder_6.7b/grounded/T021_grounded.json,.json,765,4954d907b3bd2db6c530fb47b43ea078692deb7272bdd652519e8dd288856cb7,,supporting artifact
geo_faithfulness,experiments/04_geo_faithfulness_evaluator/outputs/workflow_spec_benchmark/generated_specs/deepseek-coder_6.7b/grounded/T022_grounded.json,.json,682,669770a3013cc46bb08d1251e3195c970c0e58afe213f384c5b2b4addb7bbfde,,supporting artifact
geo_faithfulness,experiments/04_geo_faithfulness_evaluator/outputs/workflow_spec_benchmark/generated_specs/deepseek-coder_6.7b/grounded/T023_grounded.json,.json,1122,a5e5dd1d9962ad83b3d7c33d100e61be96963d85ec9f9f1baa8772a5c4873ff5,,supporting artifact
geo_faithfulness,experiments/04_geo_faithfulness_evaluator/outputs/workflow_spec_benchmark/generated_specs/deepseek-coder_6.7b/grounded/T024_grounded.json,.json,796,4d5dde71c36c0b80851d354c3610e1481c41daf358a2f51fce5816244be9d1ef,,supporting artifact
geo_faithfulness,experiments/04_geo_faithfulness_evaluator/outputs/workflow_spec_benchmark/generated_specs/deepseek-coder_6.7b/grounded/T025_grounded.json,.json,688,cde85f7fd7d9364796020af3f44d72ba1ba0864681822306acc8b5ec090d3995,,supporting artifact
geo_faithfulness,experiments/04_geo_faithfulness_evaluator/outputs/workflow_spec_benchmark/generated_specs/deepseek-coder_6.7b/grounded/T026_grounded.json,.json,1001,610c1cc1ef2ae89a25f95e171a2783fe8d2fdc300961ebeb8cfd25440af81ee8,,supporting artifact
geo_faithfulness,experiments/04_geo_faithfulness_evaluator/outputs/workflow_spec_benchmark/generated_specs/deepseek-coder_6.7b/grounded/T027_grounded.json,.json,824,68cb2b59b9c54a555be8407d29ef7f713e402af430f7f10ffbe822aa9365d7fc,,supporting artifact
geo_faithfulness,experiments/04_geo_faithfulness_evaluator/outputs/workflow_spec_benchmark/generated_specs/deepseek-coder_6.7b/grounded/T028_grounded.json,.json,974,02fe4e6f33312d0fa25237db864b680a5df375b00dd8a6cd5e15eb3bdc2b52e0,,supporting artifact
geo_faithfulness,experiments/04_geo_faithfulness_evaluator/outputs/workflow_spec_benchmark/generated_specs/deepseek-coder_6.7b/grounded/T029_grounded.json,.json,983,1fd9024c0b93b94533bde39fc82d099fb34eb2089e3c014477e38fee5a78eafa,,supporting artifact
geo_faithfulness,experiments/04_geo_faithfulness_evaluator/outputs/workflow_spec_benchmark/generated_specs/deepseek-coder_6.7b/grounded/T030_grounded.json,.json,939,81422aaecff5d431d60fa7c752bc704505e1890da0eedfb788dcbc20db7159ba,,supporting artifact
geo_faithfulness,experiments/04_geo_faithfulness_evaluator/outputs/workflow_spec_benchmark/generated_specs/deepseek-coder_6.7b/workflow_generation_manifest.json,.json,24104,bf33a847a2235d7c76693c399c0eb599413b9302605c48a5c07a6e05aafb6dea,,reproducibility manifest
geo_faithfulness,experiments/04_geo_faithfulness_evaluator/outputs/workflow_spec_benchmark/generated_specs/qwen2.5-coder_32b/basic/T001_basic.json,.json,665,58261c8ff1c4874852ee03a309a9cf60c93cda4521ae342a0ce1c2d6d5b4c08c,,supporting artifact
geo_faithfulness,experiments/04_geo_faithfulness_evaluator/outputs/workflow_spec_benchmark/generated_specs/qwen2.5-coder_32b/basic/T002_basic.json,.json,793,37397adfacf5e2eb0f3fa0bcd1b4308a5971257ee7e5ed5593a61e6df89322bb,,supporting artifact
geo_faithfulness,experiments/04_geo_faithfulness_evaluator/outputs/workflow_spec_benchmark/generated_specs/qwen2.5-coder_32b/basic/T003_basic.json,.json,622,e04f8994e5636e503eedec72568270a21e02312f16474674563179c27f4a9294,,supporting artifact
geo_faithfulness,experiments/04_geo_faithfulness_evaluator/outputs/workflow_spec_benchmark/generated_specs/qwen2.5-coder_32b/basic/T004_basic.json,.json,511,30298078eba4fb4849bbfa7dd16c973b3756da8b70330ecf1e0d66d3fd128d5c,,supporting artifact
geo_faithfulness,experiments/04_geo_faithfulness_evaluator/outputs/workflow_spec_benchmark/generated_specs/qwen2.5-coder_32b/basic/T006_basic.json,.json,587,78b79b0f6ddb72ccd4c5c46f8ff681027026a12929bfc631cc31a1132b8b0830,,supporting artifact
geo_faithfulness,experiments/04_geo_faithfulness_evaluator/outputs/workflow_spec_benchmark/generated_specs/qwen2.5-coder_32b/basic/T007_basic.json,.json,838,37a00d1ed6c0bfa9352c75b0ebe36d620ba008172050b210ac738f2291aed57c,,supporting artifact
geo_faithfulness,experiments/04_geo_faithfulness_evaluator/outputs/workflow_spec_benchmark/generated_specs/qwen2.5-coder_32b/basic/T008_basic.json,.json,483,36779be275f4153040f08d84c0d1fe5c6577e25b6b130e19fcc51f2a914827d1,,supporting artifact
geo_faithfulness,experiments/04_geo_faithfulness_evaluator/outputs/workflow_spec_benchmark/generated_specs/qwen2.5-coder_32b/basic/T009_basic.json,.json,597,4435dde9d76dc5931d6b7f155e7c22a053d770dcb2763525c843384dcd90124b,,supporting artifact
geo_faithfulness,experiments/04_geo_faithfulness_evaluator/outputs/workflow_spec_benchmark/generated_specs/qwen2.5-coder_32b/basic/T010_basic.json,.json,705,2f8cb0fbaa229e44600e01ca178dd6ab7d815423f712fee6018baaca6c15d99a,,supporting artifact
geo_faithfulness,experiments/04_geo_faithfulness_evaluator/outputs/workflow_spec_benchmark/generated_specs/qwen2.5-coder_32b/basic/T011_basic.json,.json,717,0153550f172baedf6cc0df43c371965a9426063e6e364c0ed3727ceda8bb1f6c,,supporting artifact
geo_faithfulness,experiments/04_geo_faithfulness_evaluator/outputs/workflow_spec_benchmark/generated_specs/qwen2.5-coder_32b/basic/T012_basic.json,.json,681,5a1e02cd2fa4bef620d81f5830db06d16938a389c013eecbac108734d688f77e,,supporting artifact
geo_faithfulness,experiments/04_geo_faithfulness_evaluator/outputs/workflow_spec_benchmark/generated_specs/qwen2.5-coder_32b/basic/T013_basic.json,.json,1135,c39389435b8a27f1c19758284642893e2e7a0f78cd3575c7f342ac8e9c3d6b8c,,supporting artifact
geo_faithfulness,experiments/04_geo_faithfulness_evaluator/outputs/workflow_spec_benchmark/generated_specs/qwen2.5-coder_32b/basic/T014_basic.json,.json,755,84cdcb9125cf87996466ff7ac1c4925176d1af9eb622cfe959211db4161dc6da,,supporting artifact
geo_faithfulness,experiments/04_geo_faithfulness_evaluator/outputs/workflow_spec_benchmark/generated_specs/qwen2.5-coder_32b/basic/T015_basic.json,.json,941,9465044902f64d212cbc9442c579cf17b89fbabe3c128b4b9c319286f6224bc8,,supporting artifact
geo_faithfulness,experiments/04_geo_faithfulness_evaluator/outputs/workflow_spec_benchmark/generated_specs/qwen2.5-coder_32b/basic/T016_basic.json,.json,532,c1ef93a3de3694a6f92a896b67875af8b84412e1d161cbb22959786ab768cb92,,supporting artifact
geo_faithfulness,experiments/04_geo_faithfulness_evaluator/outputs/workflow_spec_benchmark/generated_specs/qwen2.5-coder_32b/basic/T017_basic.json,.json,616,fe3d78564cdbe79a31ac2f4f15531739c24b884de7003dda2344548dbaccb032,,supporting artifact
geo_faithfulness,experiments/04_geo_faithfulness_evaluator/outputs/workflow_spec_benchmark/generated_specs/qwen2.5-coder_32b/basic/T018_basic.json,.json,605,178f5d2995dfd352200a96cf4860239278f14ca20322ee485eb6a5af7b7d7225,,supporting artifact
geo_faithfulness,experiments/04_geo_faithfulness_evaluator/outputs/workflow_spec_benchmark/generated_specs/qwen2.5-coder_32b/basic/T019_basic.json,.json,601,eb6543968b49e5aa300a3730504fd0baebf7792cee55202f51cf625c5e70ff5e,,supporting artifact
geo_faithfulness,experiments/04_geo_faithfulness_evaluator/outputs/workflow_spec_benchmark/generated_specs/qwen2.5-coder_32b/basic/T020_basic.json,.json,669,0903dc487e7ab59786fd88771bec2f1cd834a0b3c719844ed6f75af0ab9f41a1,,supporting artifact
geo_faithfulness,experiments/04_geo_faithfulness_evaluator/outputs/workflow_spec_benchmark/generated_specs/qwen2.5-coder_32b/basic/T022_basic.json,.json,695,85e5a6427a40d158b0f420a573314c541d299cb9992847b6f402aac37ae20955,,supporting artifact
geo_faithfulness,experiments/04_geo_faithfulness_evaluator/outputs/workflow_spec_benchmark/generated_specs/qwen2.5-coder_32b/basic/T023_basic.json,.json,763,9de2265c4b27ae03101e54bd08a5942fd9b329e58f1da11cd7c64f6718361343,,supporting artifact
geo_faithfulness,experiments/04_geo_faithfulness_evaluator/outputs/workflow_spec_benchmark/generated_specs/qwen2.5-coder_32b/basic/T024_basic.json,.json,815,48ba8eaec5fad4f5b91c1d1e17205acc73cc6f79ebce61f19f40cadbaca8a287,,supporting artifact
geo_faithfulness,experiments/04_geo_faithfulness_evaluator/outputs/workflow_spec_benchmark/generated_specs/qwen2.5-coder_32b/basic/T025_basic.json,.json,1088,b03159a87308bc9bde50f7b7b9b40e77f5f894ed704032cdcc31be08f1088c66,,supporting artifact
geo_faithfulness,experiments/04_geo_faithfulness_evaluator/outputs/workflow_spec_benchmark/generated_specs/qwen2.5-coder_32b/basic/T026_basic.json,.json,924,6f84f1b2c68f44373d91917870b59645d5606ea3df54ade69005992cf4ce45a0,,supporting artifact
geo_faithfulness,experiments/04_geo_faithfulness_evaluator/outputs/workflow_spec_benchmark/generated_specs/qwen2.5-coder_32b/basic/T027_basic.json,.json,859,d9b389a12490b52364bd0590967bfcfaaa99c472c981906c27257182084d53c4,,supporting artifact
geo_faithfulness,experiments/04_geo_faithfulness_evaluator/outputs/workflow_spec_benchmark/generated_specs/qwen2.5-coder_32b/basic/T028_basic.json,.json,655,a52817f9b6029fb67c331eda57178ee34c8a68fb5d568d65b0d04c755de7cf8f,,supporting artifact
geo_faithfulness,experiments/04_geo_faithfulness_evaluator/outputs/workflow_spec_benchmark/generated_specs/qwen2.5-coder_32b/basic/T029_basic.json,.json,858,7d9f4627fb05549040ad3ace06300e398fba306167e278dea408de6c47532496,,supporting artifact
geo_faithfulness,experiments/04_geo_faithfulness_evaluator/outputs/workflow_spec_benchmark/generated_specs/qwen2.5-coder_32b/geoguard/T001_geoguard.json,.json,727,8dd93535aac943796b4f1a83d3d1da6764711fc87252b32f9502ffc6c131968f,,supporting artifact
geo_faithfulness,experiments/04_geo_faithfulness_evaluator/outputs/workflow_spec_benchmark/generated_specs/qwen2.5-coder_32b/geoguard/T002_geoguard.json,.json,730,3122591bf368926465304d723917b77e3885e5190c5981467519203fb8482f58,,supporting artifact
geo_faithfulness,experiments/04_geo_faithfulness_evaluator/outputs/workflow_spec_benchmark/generated_specs/qwen2.5-coder_32b/geoguard/T003_geoguard.json,.json,717,e1db6f33966b6ac59366471a8636e4a28c34acfd22c09d9dbddf4a5f206a65b4,,supporting artifact
geo_faithfulness,experiments/04_geo_faithfulness_evaluator/outputs/workflow_spec_benchmark/generated_specs/qwen2.5-coder_32b/geoguard/T004_geoguard.json,.json,730,b2358ec84f3ea50a148df00bc3c1d0731d88a0fb592fd696237358e2bbedc3af,,supporting artifact
geo_faithfulness,experiments/04_geo_faithfulness_evaluator/outputs/workflow_spec_benchmark/generated_specs/qwen2.5-coder_32b/geoguard/T005_geoguard.json,.json,735,919f132469be0329fe256905014ac063d59ee2d74db2f1dadf03cdeed2961f90,,supporting artifact
geo_faithfulness,experiments/04_geo_faithfulness_evaluator/outputs/workflow_spec_benchmark/generated_specs/qwen2.5-coder_32b/geoguard/T006_geoguard.json,.json,725,631fcfc5148eb8017633890763c9bcb08377392329262774be52c709076c9f5e,,supporting artifact
geo_faithfulness,experiments/04_geo_faithfulness_evaluator/outputs/workflow_spec_benchmark/generated_specs/qwen2.5-coder_32b/geoguard/T007_geoguard.json,.json,756,80dc2a922151d4c7501ffc1cbee211fdaaffa93d85a320e813a875901de12905,,supporting artifact
geo_faithfulness,experiments/04_geo_faithfulness_evaluator/outputs/workflow_spec_benchmark/generated_specs/qwen2.5-coder_32b/geoguard/T008_geoguard.json,.json,714,24fa0d1aed35aea9370abe53a5260b6fd6742d81d625cbf35a67a829731467b8,,supporting artifact
geo_faithfulness,experiments/04_geo_faithfulness_evaluator/outputs/workflow_spec_benchmark/generated_specs/qwen2.5-coder_32b/geoguard/T009_geoguard.json,.json,790,787f8f8d710f6e440e6f7e46629f5aa33a84fac0065f27a5843cf8368a2958e6,,supporting artifact
geo_faithfulness,experiments/04_geo_faithfulness_evaluator/outputs/workflow_spec_benchmark/generated_specs/qwen2.5-coder_32b/geoguard/T010_geoguard.json,.json,866,90b805ae414bb35aef56467744674543ef1f0dfbee4e9daa693771a5558a8503,,supporting artifact
geo_faithfulness,experiments/04_geo_faithfulness_evaluator/outputs/workflow_spec_benchmark/generated_specs/qwen2.5-coder_32b/geoguard/T011_geoguard.json,.json,762,fd59c9af583254ebb02c85880d155ec9cee4b5fe259b7b61ce34c2c88ffd0047,,supporting artifact
geo_faithfulness,experiments/04_geo_faithfulness_evaluator/outputs/workflow_spec_benchmark/generated_specs/qwen2.5-coder_32b/geoguard/T012_geoguard.json,.json,782,f51c3337dc5d3a2b20210647ecb82eb7ac66aa9914a9ba25583123b7696d9ec8,,supporting artifact
geo_faithfulness,experiments/04_geo_faithfulness_evaluator/outputs/workflow_spec_benchmark/generated_specs/qwen2.5-coder_32b/geoguard/T013_geoguard.json,.json,827,69ad739828e67184a9c84c32ab05beda35cc348e086745ee341c7346011206b4,,supporting artifact
geo_faithfulness,experiments/04_geo_faithfulness_evaluator/outputs/workflow_spec_benchmark/generated_specs/qwen2.5-coder_32b/geoguard/T014_geoguard.json,.json,771,002e973430d5828f7e9f689a2272bc47545c14fcac8ebe6b5e70db4691ffae72,,supporting artifact
geo_faithfulness,experiments/04_geo_faithfulness_evaluator/outputs/workflow_spec_benchmark/generated_specs/qwen2.5-coder_32b/geoguard/T015_geoguard.json,.json,958,8e19fe851b4c7bd432733e9b3c47334a4b3e18b4f1454b4467eeef620bc142b1,,supporting artifact
geo_faithfulness,experiments/04_geo_faithfulness_evaluator/outputs/workflow_spec_benchmark/generated_specs/qwen2.5-coder_32b/geoguard/T016_geoguard.json,.json,679,8870ee0cf400a7f0b1e46d96d86e299d8878efa7777cdc809eb5411e7295454e,,supporting artifact
geo_faithfulness,experiments/04_geo_faithfulness_evaluator/outputs/workflow_spec_benchmark/generated_specs/qwen2.5-coder_32b/geoguard/T017_geoguard.json,.json,620,ecb4e14c3182fd12d5aed37b9deb2fd130a03644db090132ef57ddf6a7559e1e,,supporting artifact
geo_faithfulness,experiments/04_geo_faithfulness_evaluator/outputs/workflow_spec_benchmark/generated_specs/qwen2.5-coder_32b/geoguard/T018_geoguard.json,.json,654,1afba40fd79a306e01d33095b8da836526998a3d074cacc00e2783e301b85706,,supporting artifact
geo_faithfulness,experiments/04_geo_faithfulness_evaluator/outputs/workflow_spec_benchmark/generated_specs/qwen2.5-coder_32b/geoguard/T019_geoguard.json,.json,636,61c3bc01501aeed81340020b6fee92e843a84e209b3aca8e63be5c9e924b0129,,supporting artifact
geo_faithfulness,experiments/04_geo_faithfulness_evaluator/outputs/workflow_spec_benchmark/generated_specs/qwen2.5-coder_32b/geoguard/T020_geoguard.json,.json,711,fb437bf36de3d18355e38f3ef0b5ae0e09f8b9f48bbdabd4980cb507caf1e5d5,,supporting artifact
geo_faithfulness,experiments/04_geo_faithfulness_evaluator/outputs/workflow_spec_benchmark/generated_specs/qwen2.5-coder_32b/geoguard/T021_geoguard.json,.json,878,6bacabeaa88e5fb6c2601d9e6a48f2a46cb8e6a858fb6c6cab23f15ae3d58dca,,supporting artifact
geo_faithfulness,experiments/04_geo_faithfulness_evaluator/outputs/workflow_spec_benchmark/generated_specs/qwen2.5-coder_32b/geoguard/T022_geoguard.json,.json,783,676521c5ed77a6bc9ead25ff01b9bd153f6f2417d83ced052604667800961730,,supporting artifact
geo_faithfulness,experiments/04_geo_faithfulness_evaluator/outputs/workflow_spec_benchmark/generated_specs/qwen2.5-coder_32b/geoguard/T023_geoguard.json,.json,838,642f09afdb65eb22746114f4fde6471af3b1bf9369c496976639560d2e9933d2,,supporting artifact
geo_faithfulness,experiments/04_geo_faithfulness_evaluator/outputs/workflow_spec_benchmark/generated_specs/qwen2.5-coder_32b/geoguard/T024_geoguard.json,.json,745,40fe70ce01117988efb1338445d8efc232f82b42ae67041d3973550612233b86,,supporting artifact
geo_faithfulness,experiments/04_geo_faithfulness_evaluator/outputs/workflow_spec_benchmark/generated_specs/qwen2.5-coder_32b/geoguard/T025_geoguard.json,.json,791,43ef4f164cc0d2a6b5b30d1529e5243e82e9f147edf0df46233dd7e0ff79ce1f,,supporting artifact
geo_faithfulness,experiments/04_geo_faithfulness_evaluator/outputs/workflow_spec_benchmark/generated_specs/qwen2.5-coder_32b/geoguard/T026_geoguard.json,.json,1005,c5d8bc722c54688402c57163e148ac0946c647f54f2af1bfcd0c95b86a6d6ac5,,supporting artifact
geo_faithfulness,experiments/04_geo_faithfulness_evaluator/outputs/workflow_spec_benchmark/generated_specs/qwen2.5-coder_32b/geoguard/T027_geoguard.json,.json,768,9bf37c0c19658b3e97935452d06c5746037a10fb4aa7b45a7a5cdeb32b3ac165,,supporting artifact
geo_faithfulness,experiments/04_geo_faithfulness_evaluator/outputs/workflow_spec_benchmark/generated_specs/qwen2.5-coder_32b/geoguard/T028_geoguard.json,.json,658,76cab845d6437cbc7bab3134e70ab1dec1818390a53fe261cf529323c88c12a4,,supporting artifact
geo_faithfulness,experiments/04_geo_faithfulness_evaluator/outputs/workflow_spec_benchmark/generated_specs/qwen2.5-coder_32b/geoguard/T029_geoguard.json,.json,704,4c33bcd2a960321f5a8eaf4d260889cbfd47a1201f9bd731bc65accac76f52a0,,supporting artifact
geo_faithfulness,experiments/04_geo_faithfulness_evaluator/outputs/workflow_spec_benchmark/generated_specs/qwen2.5-coder_32b/geoguard/T030_geoguard.json,.json,1148,5421720965c84d1f387a51809b9dbba97d5da965eee31abd699272657477a3f3,,supporting artifact
geo_faithfulness,experiments/04_geo_faithfulness_evaluator/outputs/workflow_spec_benchmark/generated_specs/qwen2.5-coder_32b/geoguard_exec_repair/T001_geoguard_exec_repair.json,.json,727,8dd93535aac943796b4f1a83d3d1da6764711fc87252b32f9502ffc6c131968f,,supporting artifact
geo_faithfulness,experiments/04_geo_faithfulness_evaluator/outputs/workflow_spec_benchmark/generated_specs/qwen2.5-coder_32b/geoguard_exec_repair/T002_geoguard_exec_repair.json,.json,730,3122591bf368926465304d723917b77e3885e5190c5981467519203fb8482f58,,supporting artifact
geo_faithfulness,experiments/04_geo_faithfulness_evaluator/outputs/workflow_spec_benchmark/generated_specs/qwen2.5-coder_32b/geoguard_exec_repair/T003_geoguard_exec_repair.json,.json,717,e1db6f33966b6ac59366471a8636e4a28c34acfd22c09d9dbddf4a5f206a65b4,,supporting artifact
geo_faithfulness,experiments/04_geo_faithfulness_evaluator/outputs/workflow_spec_benchmark/generated_specs/qwen2.5-coder_32b/geoguard_exec_repair/T004_geoguard_exec_repair.json,.json,730,b2358ec84f3ea50a148df00bc3c1d0731d88a0fb592fd696237358e2bbedc3af,,supporting artifact
geo_faithfulness,experiments/04_geo_faithfulness_evaluator/outputs/workflow_spec_benchmark/generated_specs/qwen2.5-coder_32b/geoguard_exec_repair/T005_geoguard_exec_repair.json,.json,735,919f132469be0329fe256905014ac063d59ee2d74db2f1dadf03cdeed2961f90,,supporting artifact
geo_faithfulness,experiments/04_geo_faithfulness_evaluator/outputs/workflow_spec_benchmark/generated_specs/qwen2.5-coder_32b/geoguard_exec_repair/T006_geoguard_exec_repair.json,.json,765,1d5d539e567bd57b157d97ad6246b5c61912c117c6a6cf9a2a9dd38ba23d18e7,,supporting artifact
geo_faithfulness,experiments/04_geo_faithfulness_evaluator/outputs/workflow_spec_benchmark/generated_specs/qwen2.5-coder_32b/geoguard_exec_repair/T007_geoguard_exec_repair.json,.json,756,80dc2a922151d4c7501ffc1cbee211fdaaffa93d85a320e813a875901de12905,,supporting artifact
geo_faithfulness,experiments/04_geo_faithfulness_evaluator/outputs/workflow_spec_benchmark/generated_specs/qwen2.5-coder_32b/geoguard_exec_repair/T008_geoguard_exec_repair.json,.json,777,fa69d86dbc6d5dacfbad440b55dffa03c2ce69850402e269ccb2a6cc8ab19f57,,supporting artifact
geo_faithfulness,experiments/04_geo_faithfulness_evaluator/outputs/workflow_spec_benchmark/generated_specs/qwen2.5-coder_32b/geoguard_exec_repair/T009_geoguard_exec_repair.json,.json,790,787f8f8d710f6e440e6f7e46629f5aa33a84fac0065f27a5843cf8368a2958e6,,supporting artifact
geo_faithfulness,experiments/04_geo_faithfulness_evaluator/outputs/workflow_spec_benchmark/generated_specs/qwen2.5-coder_32b/geoguard_exec_repair/T010_geoguard_exec_repair.json,.json,897,83e7403c1adf3bb38670843c303724c878ac8a61ec573dd8862d5eec1a81a8a7,,supporting artifact
geo_faithfulness,experiments/04_geo_faithfulness_evaluator/outputs/workflow_spec_benchmark/generated_specs/qwen2.5-coder_32b/geoguard_exec_repair/T011_geoguard_exec_repair.json,.json,762,fd59c9af583254ebb02c85880d155ec9cee4b5fe259b7b61ce34c2c88ffd0047,,supporting artifact
geo_faithfulness,experiments/04_geo_faithfulness_evaluator/outputs/workflow_spec_benchmark/generated_specs/qwen2.5-coder_32b/geoguard_exec_repair/T012_geoguard_exec_repair.json,.json,782,f51c3337dc5d3a2b20210647ecb82eb7ac66aa9914a9ba25583123b7696d9ec8,,supporting artifact
geo_faithfulness,experiments/04_geo_faithfulness_evaluator/outputs/workflow_spec_benchmark/generated_specs/qwen2.5-coder_32b/geoguard_exec_repair/T013_geoguard_exec_repair.json,.json,911,cf6370e91e70f62c142ffb6c27128c07754f4e10b3442a5ce33d02ef33fd836a,,supporting artifact
geo_faithfulness,experiments/04_geo_faithfulness_evaluator/outputs/workflow_spec_benchmark/generated_specs/qwen2.5-coder_32b/geoguard_exec_repair/T014_geoguard_exec_repair.json,.json,771,002e973430d5828f7e9f689a2272bc47545c14fcac8ebe6b5e70db4691ffae72,,supporting artifact
geo_faithfulness,experiments/04_geo_faithfulness_evaluator/outputs/workflow_spec_benchmark/generated_specs/qwen2.5-coder_32b/geoguard_exec_repair/T015_geoguard_exec_repair.json,.json,912,c2bbc086c5dbfba67a4eb658dc5e2999cdacb2666329deb50583533887431c27,,supporting artifact
geo_faithfulness,experiments/04_geo_faithfulness_evaluator/outputs/workflow_spec_benchmark/generated_specs/qwen2.5-coder_32b/geoguard_exec_repair/T016_geoguard_exec_repair.json,.json,679,8870ee0cf400a7f0b1e46d96d86e299d8878efa7777cdc809eb5411e7295454e,,supporting artifact
geo_faithfulness,experiments/04_geo_faithfulness_evaluator/outputs/workflow_spec_benchmark/generated_specs/qwen2.5-coder_32b/geoguard_exec_repair/T017_geoguard_exec_repair.json,.json,620,ecb4e14c3182fd12d5aed37b9deb2fd130a03644db090132ef57ddf6a7559e1e,,supporting artifact
geo_faithfulness,experiments/04_geo_faithfulness_evaluator/outputs/workflow_spec_benchmark/generated_specs/qwen2.5-coder_32b/geoguard_exec_repair/T018_geoguard_exec_repair.json,.json,654,1afba40fd79a306e01d33095b8da836526998a3d074cacc00e2783e301b85706,,supporting artifact
geo_faithfulness,experiments/04_geo_faithfulness_evaluator/outputs/workflow_spec_benchmark/generated_specs/qwen2.5-coder_32b/geoguard_exec_repair/T019_geoguard_exec_repair.json,.json,636,61c3bc01501aeed81340020b6fee92e843a84e209b3aca8e63be5c9e924b0129,,supporting artifact
geo_faithfulness,experiments/04_geo_faithfulness_evaluator/outputs/workflow_spec_benchmark/generated_specs/qwen2.5-coder_32b/geoguard_exec_repair/T020_geoguard_exec_repair.json,.json,711,fb437bf36de3d18355e38f3ef0b5ae0e09f8b9f48bbdabd4980cb507caf1e5d5,,supporting artifact
geo_faithfulness,experiments/04_geo_faithfulness_evaluator/outputs/workflow_spec_benchmark/generated_specs/qwen2.5-coder_32b/geoguard_exec_repair/T021_geoguard_exec_repair.json,.json,878,6bacabeaa88e5fb6c2601d9e6a48f2a46cb8e6a858fb6c6cab23f15ae3d58dca,,supporting artifact
geo_faithfulness,experiments/04_geo_faithfulness_evaluator/outputs/workflow_spec_benchmark/generated_specs/qwen2.5-coder_32b/geoguard_exec_repair/T022_geoguard_exec_repair.json,.json,783,676521c5ed77a6bc9ead25ff01b9bd153f6f2417d83ced052604667800961730,,supporting artifact
geo_faithfulness,experiments/04_geo_faithfulness_evaluator/outputs/workflow_spec_benchmark/generated_specs/qwen2.5-coder_32b/geoguard_exec_repair/T023_geoguard_exec_repair.json,.json,838,642f09afdb65eb22746114f4fde6471af3b1bf9369c496976639560d2e9933d2,,supporting artifact
geo_faithfulness,experiments/04_geo_faithfulness_evaluator/outputs/workflow_spec_benchmark/generated_specs/qwen2.5-coder_32b/geoguard_exec_repair/T024_geoguard_exec_repair.json,.json,767,c968ac44d4bbe2c4e733b75fb94c4b8f7bcb595c7d79d3d83a5c239194502f86,,supporting artifact
geo_faithfulness,experiments/04_geo_faithfulness_evaluator/outputs/workflow_spec_benchmark/generated_specs/qwen2.5-coder_32b/geoguard_exec_repair/T025_geoguard_exec_repair.json,.json,836,3a7d9966923a1c899274fc2f5ab66ec08182b29a325a9e8cf7a791bf0a13d8b0,,supporting artifact
geo_faithfulness,experiments/04_geo_faithfulness_evaluator/outputs/workflow_spec_benchmark/generated_specs/qwen2.5-coder_32b/geoguard_exec_repair/T026_geoguard_exec_repair.json,.json,1005,c5d8bc722c54688402c57163e148ac0946c647f54f2af1bfcd0c95b86a6d6ac5,,supporting artifact
geo_faithfulness,experiments/04_geo_faithfulness_evaluator/outputs/workflow_spec_benchmark/generated_specs/qwen2.5-coder_32b/geoguard_exec_repair/T027_geoguard_exec_repair.json,.json,924,5d743fc43c5c123df80d6ede45bfeb7db96f81aa548eccf129e732851e254fa5,,supporting artifact
geo_faithfulness,experiments/04_geo_faithfulness_evaluator/outputs/workflow_spec_benchmark/generated_specs/qwen2.5-coder_32b/geoguard_exec_repair/T028_geoguard_exec_repair.json,.json,792,5ec1e87d4f2342ddc62d87a195a229dca2f7c7ffc021add8956a96ce2a683bd2,,supporting artifact
geo_faithfulness,experiments/04_geo_faithfulness_evaluator/outputs/workflow_spec_benchmark/generated_specs/qwen2.5-coder_32b/geoguard_exec_repair/T029_geoguard_exec_repair.json,.json,957,fead0054fd94d67b846c978fbb054c38d7f9ba6ea4dc79535656d51735da6778,,supporting artifact
geo_faithfulness,experiments/04_geo_faithfulness_evaluator/outputs/workflow_spec_benchmark/generated_specs/qwen2.5-coder_32b/geoguard_exec_repair/T030_geoguard_exec_repair.json,.json,1282,1e36d016466e09b8835be13ab5bd7f94bc04143cc5be4353a8f8b476a2087017,,supporting artifact
geo_faithfulness,experiments/04_geo_faithfulness_evaluator/outputs/workflow_spec_benchmark/generated_specs/qwen2.5-coder_32b/geoguard_repair/T001_geoguard_repair.json,.json,727,8dd93535aac943796b4f1a83d3d1da6764711fc87252b32f9502ffc6c131968f,,supporting artifact
geo_faithfulness,experiments/04_geo_faithfulness_evaluator/outputs/workflow_spec_benchmark/generated_specs/qwen2.5-coder_32b/geoguard_repair/T002_geoguard_repair.json,.json,730,3122591bf368926465304d723917b77e3885e5190c5981467519203fb8482f58,,supporting artifact
geo_faithfulness,experiments/04_geo_faithfulness_evaluator/outputs/workflow_spec_benchmark/generated_specs/qwen2.5-coder_32b/geoguard_repair/T003_geoguard_repair.json,.json,717,e1db6f33966b6ac59366471a8636e4a28c34acfd22c09d9dbddf4a5f206a65b4,,supporting artifact
geo_faithfulness,experiments/04_geo_faithfulness_evaluator/outputs/workflow_spec_benchmark/generated_specs/qwen2.5-coder_32b/geoguard_repair/T004_geoguard_repair.json,.json,730,b2358ec84f3ea50a148df00bc3c1d0731d88a0fb592fd696237358e2bbedc3af,,supporting artifact
geo_faithfulness,experiments/04_geo_faithfulness_evaluator/outputs/workflow_spec_benchmark/generated_specs/qwen2.5-coder_32b/geoguard_repair/T005_geoguard_repair.json,.json,735,919f132469be0329fe256905014ac063d59ee2d74db2f1dadf03cdeed2961f90,,supporting artifact
geo_faithfulness,experiments/04_geo_faithfulness_evaluator/outputs/workflow_spec_benchmark/generated_specs/qwen2.5-coder_32b/geoguard_repair/T006_geoguard_repair.json,.json,765,1d5d539e567bd57b157d97ad6246b5c61912c117c6a6cf9a2a9dd38ba23d18e7,,supporting artifact
geo_faithfulness,experiments/04_geo_faithfulness_evaluator/outputs/workflow_spec_benchmark/generated_specs/qwen2.5-coder_32b/geoguard_repair/T007_geoguard_repair.json,.json,756,80dc2a922151d4c7501ffc1cbee211fdaaffa93d85a320e813a875901de12905,,supporting artifact
geo_faithfulness,experiments/04_geo_faithfulness_evaluator/outputs/workflow_spec_benchmark/generated_specs/qwen2.5-coder_32b/geoguard_repair/T008_geoguard_repair.json,.json,777,fa69d86dbc6d5dacfbad440b55dffa03c2ce69850402e269ccb2a6cc8ab19f57,,supporting artifact
geo_faithfulness,experiments/04_geo_faithfulness_evaluator/outputs/workflow_spec_benchmark/generated_specs/qwen2.5-coder_32b/geoguard_repair/T009_geoguard_repair.json,.json,790,787f8f8d710f6e440e6f7e46629f5aa33a84fac0065f27a5843cf8368a2958e6,,supporting artifact
geo_faithfulness,experiments/04_geo_faithfulness_evaluator/outputs/workflow_spec_benchmark/generated_specs/qwen2.5-coder_32b/geoguard_repair/T010_geoguard_repair.json,.json,897,83e7403c1adf3bb38670843c303724c878ac8a61ec573dd8862d5eec1a81a8a7,,supporting artifact
geo_faithfulness,experiments/04_geo_faithfulness_evaluator/outputs/workflow_spec_benchmark/generated_specs/qwen2.5-coder_32b/geoguard_repair/T011_geoguard_repair.json,.json,762,fd59c9af583254ebb02c85880d155ec9cee4b5fe259b7b61ce34c2c88ffd0047,,supporting artifact
geo_faithfulness,experiments/04_geo_faithfulness_evaluator/outputs/workflow_spec_benchmark/generated_specs/qwen2.5-coder_32b/geoguard_repair/T012_geoguard_repair.json,.json,782,f51c3337dc5d3a2b20210647ecb82eb7ac66aa9914a9ba25583123b7696d9ec8,,supporting artifact
geo_faithfulness,experiments/04_geo_faithfulness_evaluator/outputs/workflow_spec_benchmark/generated_specs/qwen2.5-coder_32b/geoguard_repair/T013_geoguard_repair.json,.json,911,cf6370e91e70f62c142ffb6c27128c07754f4e10b3442a5ce33d02ef33fd836a,,supporting artifact
geo_faithfulness,experiments/04_geo_faithfulness_evaluator/outputs/workflow_spec_benchmark/generated_specs/qwen2.5-coder_32b/geoguard_repair/T014_geoguard_repair.json,.json,771,002e973430d5828f7e9f689a2272bc47545c14fcac8ebe6b5e70db4691ffae72,,supporting artifact
geo_faithfulness,experiments/04_geo_faithfulness_evaluator/outputs/workflow_spec_benchmark/generated_specs/qwen2.5-coder_32b/geoguard_repair/T015_geoguard_repair.json,.json,990,210d56ccbf748bd54d789719690a4c7738ba6e544e1db4671fdaa308143a6863,,supporting artifact
geo_faithfulness,experiments/04_geo_faithfulness_evaluator/outputs/workflow_spec_benchmark/generated_specs/qwen2.5-coder_32b/geoguard_repair/T016_geoguard_repair.json,.json,679,8870ee0cf400a7f0b1e46d96d86e299d8878efa7777cdc809eb5411e7295454e,,supporting artifact
geo_faithfulness,experiments/04_geo_faithfulness_evaluator/outputs/workflow_spec_benchmark/generated_specs/qwen2.5-coder_32b/geoguard_repair/T017_geoguard_repair.json,.json,620,ecb4e14c3182fd12d5aed37b9deb2fd130a03644db090132ef57ddf6a7559e1e,,supporting artifact
geo_faithfulness,experiments/04_geo_faithfulness_evaluator/outputs/workflow_spec_benchmark/generated_specs/qwen2.5-coder_32b/geoguard_repair/T018_geoguard_repair.json,.json,654,1afba40fd79a306e01d33095b8da836526998a3d074cacc00e2783e301b85706,,supporting artifact
geo_faithfulness,experiments/04_geo_faithfulness_evaluator/outputs/workflow_spec_benchmark/generated_specs/qwen2.5-coder_32b/geoguard_repair/T019_geoguard_repair.json,.json,636,61c3bc01501aeed81340020b6fee92e843a84e209b3aca8e63be5c9e924b0129,,supporting artifact
geo_faithfulness,experiments/04_geo_faithfulness_evaluator/outputs/workflow_spec_benchmark/generated_specs/qwen2.5-coder_32b/geoguard_repair/T020_geoguard_repair.json,.json,711,fb437bf36de3d18355e38f3ef0b5ae0e09f8b9f48bbdabd4980cb507caf1e5d5,,supporting artifact
geo_faithfulness,experiments/04_geo_faithfulness_evaluator/outputs/workflow_spec_benchmark/generated_specs/qwen2.5-coder_32b/geoguard_repair/T021_geoguard_repair.json,.json,878,6bacabeaa88e5fb6c2601d9e6a48f2a46cb8e6a858fb6c6cab23f15ae3d58dca,,supporting artifact
geo_faithfulness,experiments/04_geo_faithfulness_evaluator/outputs/workflow_spec_benchmark/generated_specs/qwen2.5-coder_32b/geoguard_repair/T022_geoguard_repair.json,.json,783,676521c5ed77a6bc9ead25ff01b9bd153f6f2417d83ced052604667800961730,,supporting artifact
geo_faithfulness,experiments/04_geo_faithfulness_evaluator/outputs/workflow_spec_benchmark/generated_specs/qwen2.5-coder_32b/geoguard_repair/T023_geoguard_repair.json,.json,838,642f09afdb65eb22746114f4fde6471af3b1bf9369c496976639560d2e9933d2,,supporting artifact
geo_faithfulness,experiments/04_geo_faithfulness_evaluator/outputs/workflow_spec_benchmark/generated_specs/qwen2.5-coder_32b/geoguard_repair/T024_geoguard_repair.json,.json,745,40fe70ce01117988efb1338445d8efc232f82b42ae67041d3973550612233b86,,supporting artifact
geo_faithfulness,experiments/04_geo_faithfulness_evaluator/outputs/workflow_spec_benchmark/generated_specs/qwen2.5-coder_32b/geoguard_repair/T025_geoguard_repair.json,.json,791,43ef4f164cc0d2a6b5b30d1529e5243e82e9f147edf0df46233dd7e0ff79ce1f,,supporting artifact
geo_faithfulness,experiments/04_geo_faithfulness_evaluator/outputs/workflow_spec_benchmark/generated_specs/qwen2.5-coder_32b/geoguard_repair/T026_geoguard_repair.json,.json,1005,c5d8bc722c54688402c57163e148ac0946c647f54f2af1bfcd0c95b86a6d6ac5,,supporting artifact
geo_faithfulness,experiments/04_geo_faithfulness_evaluator/outputs/workflow_spec_benchmark/generated_specs/qwen2.5-coder_32b/geoguard_repair/T027_geoguard_repair.json,.json,863,18c6b78446201be77b187a2875be33bff423bddc7ee97c707bc4dc72ee7c0e32,,supporting artifact
geo_faithfulness,experiments/04_geo_faithfulness_evaluator/outputs/workflow_spec_benchmark/generated_specs/qwen2.5-coder_32b/geoguard_repair/T028_geoguard_repair.json,.json,785,cb71aa314e429eba21e12dfd4e1b7d0c0f7d990a075a35a6d2f9138265fbf098,,supporting artifact
geo_faithfulness,experiments/04_geo_faithfulness_evaluator/outputs/workflow_spec_benchmark/generated_specs/qwen2.5-coder_32b/geoguard_repair/T029_geoguard_repair.json,.json,819,808aafa85fc0e461689cff7c04f328e2ad5cc53aa4d236682bc8f49da984aa76,,supporting artifact
geo_faithfulness,experiments/04_geo_faithfulness_evaluator/outputs/workflow_spec_benchmark/generated_specs/qwen2.5-coder_32b/geoguard_repair/T030_geoguard_repair.json,.json,1282,1e36d016466e09b8835be13ab5bd7f94bc04143cc5be4353a8f8b476a2087017,,supporting artifact
geo_faithfulness,experiments/04_geo_faithfulness_evaluator/outputs/workflow_spec_benchmark/generated_specs/qwen2.5-coder_32b/grounded/T001_grounded.json,.json,702,93442c6b851dd83d416d690a83d06bd18a1676ec34c137b89eec90d3de300430,,supporting artifact
geo_faithfulness,experiments/04_geo_faithfulness_evaluator/outputs/workflow_spec_benchmark/generated_specs/qwen2.5-coder_32b/grounded/T002_grounded.json,.json,698,4256bb565843d9c718975453a106610177021cc4cd557316a95932233a19a067,,supporting artifact
geo_faithfulness,experiments/04_geo_faithfulness_evaluator/outputs/workflow_spec_benchmark/generated_specs/qwen2.5-coder_32b/grounded/T003_grounded.json,.json,691,1d2a1a948835b4efdc891a1efc07775ea4edddf41795856a6479890c1c04d57d,,supporting artifact
geo_faithfulness,experiments/04_geo_faithfulness_evaluator/outputs/workflow_spec_benchmark/generated_specs/qwen2.5-coder_32b/grounded/T004_grounded.json,.json,719,b33619d61b8a4877f4367cf6d70235753f1665aeed61c5cb6b77c2edd8ed3c51,,supporting artifact
geo_faithfulness,experiments/04_geo_faithfulness_evaluator/outputs/workflow_spec_benchmark/generated_specs/qwen2.5-coder_32b/grounded/T005_grounded.json,.json,757,60998db833ad211d5960f85298efbfbb73ffcb74ba5cd2188178abab3c814089,,supporting artifact
geo_faithfulness,experiments/04_geo_faithfulness_evaluator/outputs/workflow_spec_benchmark/generated_specs/qwen2.5-coder_32b/grounded/T006_grounded.json,.json,762,35fc559737ca6f052df0a9bbabc8fa5475d4f87dd7f29378c8d65c63a9dd7b5a,,supporting artifact
geo_faithfulness,experiments/04_geo_faithfulness_evaluator/outputs/workflow_spec_benchmark/generated_specs/qwen2.5-coder_32b/grounded/T007_grounded.json,.json,822,1bec7cc5fca915cad7c2211eee20b7228555ea20cc46197c519385d3ffde72a0,,supporting artifact
geo_faithfulness,experiments/04_geo_faithfulness_evaluator/outputs/workflow_spec_benchmark/generated_specs/qwen2.5-coder_32b/grounded/T008_grounded.json,.json,662,0966d8f75ea3845b1bb09cd6a58af3b60d99011e42938016e447ed4a6fac90c7,,supporting artifact
geo_faithfulness,experiments/04_geo_faithfulness_evaluator/outputs/workflow_spec_benchmark/generated_specs/qwen2.5-coder_32b/grounded/T009_grounded.json,.json,734,a5ec70fa91ede54cca52b4d1b5e0be6fc32b2aca4b6d8167b2105b70d6323904,,supporting artifact
geo_faithfulness,experiments/04_geo_faithfulness_evaluator/outputs/workflow_spec_benchmark/generated_specs/qwen2.5-coder_32b/grounded/T010_grounded.json,.json,754,92f9d8956b5a66c682ec39b546c52dd88dd3f84142deef7fe572359c6e0c0cb3,,supporting artifact
geo_faithfulness,experiments/04_geo_faithfulness_evaluator/outputs/workflow_spec_benchmark/generated_specs/qwen2.5-coder_32b/grounded/T011_grounded.json,.json,716,9d61ce98ba51850b7135c8b238268c1dcd8122205f434e3c1fc44d69b35fc6f9,,supporting artifact
geo_faithfulness,experiments/04_geo_faithfulness_evaluator/outputs/workflow_spec_benchmark/generated_specs/qwen2.5-coder_32b/grounded/T012_grounded.json,.json,734,6fabad402c1d891ba1872f176812a51dd9027b5429ecfaa89b2ac07db7f887ee,,supporting artifact
geo_faithfulness,experiments/04_geo_faithfulness_evaluator/outputs/workflow_spec_benchmark/generated_specs/qwen2.5-coder_32b/grounded/T013_grounded.json,.json,799,1058fdb28bfdf4356ea8e6b731d09f9fbd06575128ddaa2cbcd5c0aa4d602707,,supporting artifact
geo_faithfulness,experiments/04_geo_faithfulness_evaluator/outputs/workflow_spec_benchmark/generated_specs/qwen2.5-coder_32b/grounded/T014_grounded.json,.json,749,bb5a386034a818430698af70f081be2417b84e4f08effc34a9c69953497e31a4,,supporting artifact
geo_faithfulness,experiments/04_geo_faithfulness_evaluator/outputs/workflow_spec_benchmark/generated_specs/qwen2.5-coder_32b/grounded/T015_grounded.json,.json,880,fc8f8077bf9bd2d90f1b8add53f3a0dd4f959cecaa289d793ebfcfc669b71caf,,supporting artifact
geo_faithfulness,experiments/04_geo_faithfulness_evaluator/outputs/workflow_spec_benchmark/generated_specs/qwen2.5-coder_32b/grounded/T016_grounded.json,.json,594,4400d1b6cd60a5bd0a170312b147cc400f1e68f3981a0e24260ea9c5471316b6,,supporting artifact
geo_faithfulness,experiments/04_geo_faithfulness_evaluator/outputs/workflow_spec_benchmark/generated_specs/qwen2.5-coder_32b/grounded/T017_grounded.json,.json,621,1121f2a758212cd88e8ddfe03734535d948fb889348bd7271d54fc7794b6af0f,,supporting artifact
geo_faithfulness,experiments/04_geo_faithfulness_evaluator/outputs/workflow_spec_benchmark/generated_specs/qwen2.5-coder_32b/grounded/T018_grounded.json,.json,611,5dcb81a0f2e595add41cb01b4f277f24a6a45a9f20bd9e26f3bb13aff8968c34,,supporting artifact
geo_faithfulness,experiments/04_geo_faithfulness_evaluator/outputs/workflow_spec_benchmark/generated_specs/qwen2.5-coder_32b/grounded/T019_grounded.json,.json,630,3a812a548460c85a1f85c92765b07f09a8da2df08e342e58e8e6ad94b5ae6661,,supporting artifact
geo_faithfulness,experiments/04_geo_faithfulness_evaluator/outputs/workflow_spec_benchmark/generated_specs/qwen2.5-coder_32b/grounded/T020_grounded.json,.json,654,d132bfb52dff5b03ee1653ea855b9d7ee9fca5640fb635e5b6be72eddfb197a1,,supporting artifact
geo_faithfulness,experiments/04_geo_faithfulness_evaluator/outputs/workflow_spec_benchmark/generated_specs/qwen2.5-coder_32b/grounded/T021_grounded.json,.json,807,2f3c8561fc5f4db763456470051d5cd433a99ced5a0feb3523f6e68451ac62c9,,supporting artifact
geo_faithfulness,experiments/04_geo_faithfulness_evaluator/outputs/workflow_spec_benchmark/generated_specs/qwen2.5-coder_32b/grounded/T022_grounded.json,.json,743,7dfba636921494084bf4bbfe62867caf8182409c1dd90436638a94974f079ee4,,supporting artifact
geo_faithfulness,experiments/04_geo_faithfulness_evaluator/outputs/workflow_spec_benchmark/generated_specs/qwen2.5-coder_32b/grounded/T023_grounded.json,.json,827,13880ffbc219997bcd2d5dfcc9178bf0c2625cfefb21ba1bc4a61d34b15a6afc,,supporting artifact
geo_faithfulness,experiments/04_geo_faithfulness_evaluator/outputs/workflow_spec_benchmark/generated_specs/qwen2.5-coder_32b/grounded/T024_grounded.json,.json,694,9042fbf8605b3e633533a5a068ecf04476bac3ec5d3d2e23ddcd6c076475d535,,supporting artifact
geo_faithfulness,experiments/04_geo_faithfulness_evaluator/outputs/workflow_spec_benchmark/generated_specs/qwen2.5-coder_32b/grounded/T025_grounded.json,.json,784,39b778fc97bdb458cf51416078a42251dafa32f625399b6fa88e3676142314f7,,supporting artifact
geo_faithfulness,experiments/04_geo_faithfulness_evaluator/outputs/workflow_spec_benchmark/generated_specs/qwen2.5-coder_32b/grounded/T026_grounded.json,.json,937,31d359a026a9e445c15837585643ac2d5418a3994fb55fd8282ae2b02b09ba72,,supporting artifact
geo_faithfulness,experiments/04_geo_faithfulness_evaluator/outputs/workflow_spec_benchmark/generated_specs/qwen2.5-coder_32b/grounded/T027_grounded.json,.json,1082,d85734e7f3906de053885089bd11156ca818fa71655a66455551b292a82783c0,,supporting artifact
geo_faithfulness,experiments/04_geo_faithfulness_evaluator/outputs/workflow_spec_benchmark/generated_specs/qwen2.5-coder_32b/grounded/T028_grounded.json,.json,710,2217457b3c9cd6a7402fb154bed0ff1376c555e59010d2ac6bbd79d72c42d6e5,,supporting artifact
geo_faithfulness,experiments/04_geo_faithfulness_evaluator/outputs/workflow_spec_benchmark/generated_specs/qwen2.5-coder_32b/grounded/T029_grounded.json,.json,737,9a7cb48cd58f890041c983b100d9c6f2641eb82e477471f1ac011b7dc3d179a4,,supporting artifact
geo_faithfulness,experiments/04_geo_faithfulness_evaluator/outputs/workflow_spec_benchmark/generated_specs/qwen2.5-coder_32b/grounded/T030_grounded.json,.json,1221,34bc15876f92212eb40c44ade91602b307cb4e342b41d196418a358bcfbe7a9e,,supporting artifact
geo_faithfulness,experiments/04_geo_faithfulness_evaluator/outputs/workflow_spec_benchmark/generated_specs/qwen2.5-coder_32b/workflow_generation_manifest.json,.json,6290,9df63b7a05d3e6aa5d816309ac9ece06d7a69a60b172097160487e25e26fa11b,,reproducibility manifest
geo_faithfulness,experiments/04_geo_faithfulness_evaluator/outputs/workflow_spec_benchmark/generated_specs/qwen2.5-coder_3b/basic/T001_basic.json,.json,639,001ba93e9714bd1263985a53f71c4dfe048aab073c9beee9295bfdf2827c0faa,,supporting artifact
geo_faithfulness,experiments/04_geo_faithfulness_evaluator/outputs/workflow_spec_benchmark/generated_specs/qwen2.5-coder_3b/basic/T002_basic.json,.json,666,f48a730e96369e1159e118d39edfa1813ed6cea9a21f4ff1d61fa4cb8b4157de,,supporting artifact
geo_faithfulness,experiments/04_geo_faithfulness_evaluator/outputs/workflow_spec_benchmark/generated_specs/qwen2.5-coder_3b/basic/T003_basic.json,.json,623,f7f48085d90d67bcba4e875e5153442cf45a6366f23058bbea7848c588f60421,,supporting artifact
geo_faithfulness,experiments/04_geo_faithfulness_evaluator/outputs/workflow_spec_benchmark/generated_specs/qwen2.5-coder_3b/basic/T005_basic.json,.json,808,68f3a6a405d70d9a81a9d2290fef767bbea37588562eb2e914e9743023acbeab,,supporting artifact
geo_faithfulness,experiments/04_geo_faithfulness_evaluator/outputs/workflow_spec_benchmark/generated_specs/qwen2.5-coder_3b/basic/T006_basic.json,.json,662,125e8f4c5379bad1491a9f03c1a2188e4b68c732a5cd22f486a43f87f7015912,,supporting artifact
geo_faithfulness,experiments/04_geo_faithfulness_evaluator/outputs/workflow_spec_benchmark/generated_specs/qwen2.5-coder_3b/basic/T008_basic.json,.json,565,dda40c5edecda34b95e3fed8890fcd205f15fea7c68d6394b9ce0ee85543b80c,,supporting artifact
geo_faithfulness,experiments/04_geo_faithfulness_evaluator/outputs/workflow_spec_benchmark/generated_specs/qwen2.5-coder_3b/basic/T009_basic.json,.json,571,ea2330eb1a467dc8cf03aaca8b2840c452e5f30d3b9395dfeb42859bba757c98,,supporting artifact
geo_faithfulness,experiments/04_geo_faithfulness_evaluator/outputs/workflow_spec_benchmark/generated_specs/qwen2.5-coder_3b/basic/T010_basic.json,.json,576,596ef7925ce97b47503dd55532a83dc93697ef5e9416b9929b47c2819bb71fe3,,supporting artifact
geo_faithfulness,experiments/04_geo_faithfulness_evaluator/outputs/workflow_spec_benchmark/generated_specs/qwen2.5-coder_3b/basic/T011_basic.json,.json,546,38db762d757ee4e36631feb6d4da0d17a8a44db16dd915862dc068ce8c1933a4,,supporting artifact
geo_faithfulness,experiments/04_geo_faithfulness_evaluator/outputs/workflow_spec_benchmark/generated_specs/qwen2.5-coder_3b/basic/T012_basic.json,.json,570,d5718a25aafec60257f502345e73bda6893b7ebb4d400e36f3ffa50872606963,,supporting artifact
geo_faithfulness,experiments/04_geo_faithfulness_evaluator/outputs/workflow_spec_benchmark/generated_specs/qwen2.5-coder_3b/basic/T013_basic.json,.json,1034,0d8ac6c40e4685f46e28bffed4da52805d7a7593a4d678a8a580fb542625c70f,,supporting artifact
geo_faithfulness,experiments/04_geo_faithfulness_evaluator/outputs/workflow_spec_benchmark/generated_specs/qwen2.5-coder_3b/basic/T014_basic.json,.json,717,4f515f7c82008f50a69214dac11b9d142d692801173b57f5df70a3ad337c7017,,supporting artifact
geo_faithfulness,experiments/04_geo_faithfulness_evaluator/outputs/workflow_spec_benchmark/generated_specs/qwen2.5-coder_3b/basic/T015_basic.json,.json,635,85f3765d976d0f4f4cd5e3bff4de55d144f6167eb0906686b4de3a30cf94219b,,supporting artifact
geo_faithfulness,experiments/04_geo_faithfulness_evaluator/outputs/workflow_spec_benchmark/generated_specs/qwen2.5-coder_3b/basic/T016_basic.json,.json,525,5c6fab1c3c0bf3629542bf858bc90bf9d56f4b19f161855bb05f4942181b8979,,supporting artifact
geo_faithfulness,experiments/04_geo_faithfulness_evaluator/outputs/workflow_spec_benchmark/generated_specs/qwen2.5-coder_3b/basic/T017_basic.json,.json,618,08e98983f7054e01d7563938c54ec4fb55043788f9f4b6e6b91a65407888dc86,,supporting artifact
geo_faithfulness,experiments/04_geo_faithfulness_evaluator/outputs/workflow_spec_benchmark/generated_specs/qwen2.5-coder_3b/basic/T018_basic.json,.json,608,2e28542b2e82ec56630952aa9a6919bf5262222e3e052c342cc726f98aad1dde,,supporting artifact
geo_faithfulness,experiments/04_geo_faithfulness_evaluator/outputs/workflow_spec_benchmark/generated_specs/qwen2.5-coder_3b/basic/T019_basic.json,.json,572,c7a40752bcd7dd5068593f71becad1c118370a234275d9c8b53fe07ff8648cd2,,supporting artifact
geo_faithfulness,experiments/04_geo_faithfulness_evaluator/outputs/workflow_spec_benchmark/generated_specs/qwen2.5-coder_3b/basic/T020_basic.json,.json,603,dc2e76c6b929f8498ba785b89de444ab723219d19735e358df04a99a8976fa44,,supporting artifact
geo_faithfulness,experiments/04_geo_faithfulness_evaluator/outputs/workflow_spec_benchmark/generated_specs/qwen2.5-coder_3b/basic/T021_basic.json,.json,612,93399a7235cd79848580493ab1dca6bc7f319eb8a9c616e1b2bc2238427da08e,,supporting artifact
geo_faithfulness,experiments/04_geo_faithfulness_evaluator/outputs/workflow_spec_benchmark/generated_specs/qwen2.5-coder_3b/basic/T022_basic.json,.json,849,f48072ab99bba06a6956dc938cf097eb0bf23c08df5814184b129f588923b8e3,,supporting artifact
geo_faithfulness,experiments/04_geo_faithfulness_evaluator/outputs/workflow_spec_benchmark/generated_specs/qwen2.5-coder_3b/basic/T023_basic.json,.json,966,0f6a29de610dc66942d7bcc2047d9754ffd604446d8330969f2209104783db3d,,supporting artifact
geo_faithfulness,experiments/04_geo_faithfulness_evaluator/outputs/workflow_spec_benchmark/generated_specs/qwen2.5-coder_3b/basic/T024_basic.json,.json,1125,6e3f44e84fd0d94529374b41113d1b15133f5db12bbfe53a781a62779711e105,,supporting artifact
geo_faithfulness,experiments/04_geo_faithfulness_evaluator/outputs/workflow_spec_benchmark/generated_specs/qwen2.5-coder_3b/basic/T025_basic.json,.json,1183,65597f50aad713e5aca63f450e1af88b4cfd3f36f4e3f6887329e8b1e4d5ecc9,,supporting artifact
geo_faithfulness,experiments/04_geo_faithfulness_evaluator/outputs/workflow_spec_benchmark/generated_specs/qwen2.5-coder_3b/basic/T026_basic.json,.json,741,0406d7f30c04c23953c7e70fc796e5b35771d1595d56837889afeb19d0cc37af,,supporting artifact
geo_faithfulness,experiments/04_geo_faithfulness_evaluator/outputs/workflow_spec_benchmark/generated_specs/qwen2.5-coder_3b/basic/T027_basic.json,.json,633,4a0045f767ebe55b92bbc4dce5e5f02ea0a5113da8fb143bd8d982f02244d4e3,,supporting artifact
geo_faithfulness,experiments/04_geo_faithfulness_evaluator/outputs/workflow_spec_benchmark/generated_specs/qwen2.5-coder_3b/basic/T028_basic.json,.json,535,ea81be13155633542df9ae27ddb87b7c74537f1d34cc5efd6195c176cf89336f,,supporting artifact
geo_faithfulness,experiments/04_geo_faithfulness_evaluator/outputs/workflow_spec_benchmark/generated_specs/qwen2.5-coder_3b/basic/T029_basic.json,.json,791,1498678675985b67128cfa976f6290808eed9eba39dcd6f7ef2feed641c792fe,,supporting artifact
geo_faithfulness,experiments/04_geo_faithfulness_evaluator/outputs/workflow_spec_benchmark/generated_specs/qwen2.5-coder_3b/geoguard/T001_geoguard.json,.json,664,ac1957635ea53c7d3e8cd7cf576e1800f409f3e755f5bd7d9fae3c638fd129dc,,supporting artifact
geo_faithfulness,experiments/04_geo_faithfulness_evaluator/outputs/workflow_spec_benchmark/generated_specs/qwen2.5-coder_3b/geoguard/T002_geoguard.json,.json,642,e66721a1b5a9804253a46aab89e651c9b0ab5470b727223721e993169273ee55,,supporting artifact
geo_faithfulness,experiments/04_geo_faithfulness_evaluator/outputs/workflow_spec_benchmark/generated_specs/qwen2.5-coder_3b/geoguard/T003_geoguard.json,.json,708,58fcb050a4192b45c316e14126138690d15c26b02f47bf117d351253ff864db9,,supporting artifact
geo_faithfulness,experiments/04_geo_faithfulness_evaluator/outputs/workflow_spec_benchmark/generated_specs/qwen2.5-coder_3b/geoguard/T004_geoguard.json,.json,637,063a5f36834ca378bb750af337ab9420d87fdaf9a00e0320869fe319da1588b6,,supporting artifact
geo_faithfulness,experiments/04_geo_faithfulness_evaluator/outputs/workflow_spec_benchmark/generated_specs/qwen2.5-coder_3b/geoguard/T005_geoguard.json,.json,671,e3c066655860e1de57344a7b353a63afbcab08e76357746b66155983eb80cb35,,supporting artifact
geo_faithfulness,experiments/04_geo_faithfulness_evaluator/outputs/workflow_spec_benchmark/generated_specs/qwen2.5-coder_3b/geoguard/T006_geoguard.json,.json,636,9a2f126a4b191f8a6b653558d6cc1b7f18e8ebe71e4f7e01b3aca5c09025319f,,supporting artifact
geo_faithfulness,experiments/04_geo_faithfulness_evaluator/outputs/workflow_spec_benchmark/generated_specs/qwen2.5-coder_3b/geoguard/T007_geoguard.json,.json,671,f0781b9e0dda887b1d716ca306b60f87484ec3188c03aa7d738b0bfdf2620d28,,supporting artifact
geo_faithfulness,experiments/04_geo_faithfulness_evaluator/outputs/workflow_spec_benchmark/generated_specs/qwen2.5-coder_3b/geoguard/T008_geoguard.json,.json,638,6a58ab79eea1c4a91a8bd7208af5507cf39017e5ac187b7055c5838b069c9a4d,,supporting artifact
geo_faithfulness,experiments/04_geo_faithfulness_evaluator/outputs/workflow_spec_benchmark/generated_specs/qwen2.5-coder_3b/geoguard/T009_geoguard.json,.json,660,4c6e5c4a4d22d1ae44aa44f26b1af5f90f0877dfbb52bfa725fa2028202aadb3,,supporting artifact
geo_faithfulness,experiments/04_geo_faithfulness_evaluator/outputs/workflow_spec_benchmark/generated_specs/qwen2.5-coder_3b/geoguard/T010_geoguard.json,.json,652,731eed7c8e382a701775143be3f0e88e0737d0634ba560315a146af4b31d9bd0,,supporting artifact
geo_faithfulness,experiments/04_geo_faithfulness_evaluator/outputs/workflow_spec_benchmark/generated_specs/qwen2.5-coder_3b/geoguard/T011_geoguard.json,.json,664,bbb758d3f4ae996b60da74fdc34b46206ea40734e32510ddb572960b1bebf966,,supporting artifact
geo_faithfulness,experiments/04_geo_faithfulness_evaluator/outputs/workflow_spec_benchmark/generated_specs/qwen2.5-coder_3b/geoguard/T012_geoguard.json,.json,671,1071444b4f810ea4d873b1007bda7b7b87a556a33fa47c954ecf3c11f33cd52d,,supporting artifact
geo_faithfulness,experiments/04_geo_faithfulness_evaluator/outputs/workflow_spec_benchmark/generated_specs/qwen2.5-coder_3b/geoguard/T013_geoguard.json,.json,676,9cb871cfeb3f2971106f4fcf2e241a7131726752acfa2a318c2637518bb3ce55,,supporting artifact
geo_faithfulness,experiments/04_geo_faithfulness_evaluator/outputs/workflow_spec_benchmark/generated_specs/qwen2.5-coder_3b/geoguard/T014_geoguard.json,.json,698,b7bd780809eafbfeece7697852b6c19cd07024f718e3633f2c8b59998d191bd9,,supporting artifact
geo_faithfulness,experiments/04_geo_faithfulness_evaluator/outputs/workflow_spec_benchmark/generated_specs/qwen2.5-coder_3b/geoguard/T015_geoguard.json,.json,665,d7acfd8b62000c69aa2337efaf801b57e291cee0984713530cbb654ca9e2cee4,,supporting artifact
geo_faithfulness,experiments/04_geo_faithfulness_evaluator/outputs/workflow_spec_benchmark/generated_specs/qwen2.5-coder_3b/geoguard/T016_geoguard.json,.json,625,ff47abdeb6bb5d01f737e1b401e82d80acbdc22387bc85769a74b4b71a229809,,supporting artifact
geo_faithfulness,experiments/04_geo_faithfulness_evaluator/outputs/workflow_spec_benchmark/generated_specs/qwen2.5-coder_3b/geoguard/T017_geoguard.json,.json,633,f9f0ff05313a26349d3bc425d7944e5b568a6b2e839b4704ea2d025a73fb02d4,,supporting artifact
geo_faithfulness,experiments/04_geo_faithfulness_evaluator/outputs/workflow_spec_benchmark/generated_specs/qwen2.5-coder_3b/geoguard/T018_geoguard.json,.json,689,bea5f172cfceecb6feb9311a709bd53506d8b9b932de136f503567595650cf73,,supporting artifact
geo_faithfulness,experiments/04_geo_faithfulness_evaluator/outputs/workflow_spec_benchmark/generated_specs/qwen2.5-coder_3b/geoguard/T019_geoguard.json,.json,673,8b6c079a6d0021b2e2dc3f65bb55fa567672b2195da7f5e34a79367e0c4a9621,,supporting artifact
geo_faithfulness,experiments/04_geo_faithfulness_evaluator/outputs/workflow_spec_benchmark/generated_specs/qwen2.5-coder_3b/geoguard/T020_geoguard.json,.json,650,b2cd144cb8392624b3dcb8bcc53bad6b15ae445696596b1607d2a715c2c834d7,,supporting artifact
geo_faithfulness,experiments/04_geo_faithfulness_evaluator/outputs/workflow_spec_benchmark/generated_specs/qwen2.5-coder_3b/geoguard/T021_geoguard.json,.json,705,b3c50c208e5c2bfa98f1ba9dd2dfae2791fd8913e025fe758fecdc1948560da2,,supporting artifact
geo_faithfulness,experiments/04_geo_faithfulness_evaluator/outputs/workflow_spec_benchmark/generated_specs/qwen2.5-coder_3b/geoguard/T022_geoguard.json,.json,680,781d05381bf44344530b9a40894e2093396a20ca3083a58fc46aabbad8e6a68f,,supporting artifact
geo_faithfulness,experiments/04_geo_faithfulness_evaluator/outputs/workflow_spec_benchmark/generated_specs/qwen2.5-coder_3b/geoguard/T023_geoguard.json,.json,741,403b0fab690eb4d85d7722e23292880c395f81c042368ad4efc353e9d3c41c27,,supporting artifact
geo_faithfulness,experiments/04_geo_faithfulness_evaluator/outputs/workflow_spec_benchmark/generated_specs/qwen2.5-coder_3b/geoguard/T024_geoguard.json,.json,687,6afdac393d50e8f6292828a0e766d257a4fef70ef2e737ed13c6d41d60a8bc71,,supporting artifact
geo_faithfulness,experiments/04_geo_faithfulness_evaluator/outputs/workflow_spec_benchmark/generated_specs/qwen2.5-coder_3b/geoguard/T025_geoguard.json,.json,784,2133a10a7db34a5f494f4d4fb25ba8f25625e93119e828ceeb93dc9efedd32fc,,supporting artifact
geo_faithfulness,experiments/04_geo_faithfulness_evaluator/outputs/workflow_spec_benchmark/generated_specs/qwen2.5-coder_3b/geoguard/T026_geoguard.json,.json,935,f21c32dcdfa698b58340514f68e0943d7fa4e75ed72efebe49cf74219bc5bfa8,,supporting artifact
geo_faithfulness,experiments/04_geo_faithfulness_evaluator/outputs/workflow_spec_benchmark/generated_specs/qwen2.5-coder_3b/geoguard/T027_geoguard.json,.json,911,5afadd99ad91c9d767f6ad2bb44097d3dbb4515bd190a82452ce64ab448c7956,,supporting artifact
geo_faithfulness,experiments/04_geo_faithfulness_evaluator/outputs/workflow_spec_benchmark/generated_specs/qwen2.5-coder_3b/geoguard/T028_geoguard.json,.json,972,76d3ec1430281ea95aaf0bdb619a594c8023f99b446680aaee6bdd279261eb44,,supporting artifact
geo_faithfulness,experiments/04_geo_faithfulness_evaluator/outputs/workflow_spec_benchmark/generated_specs/qwen2.5-coder_3b/geoguard/T029_geoguard.json,.json,925,d42583e299e3a22e7ac214490b2ba2929aa11a2583ede1d96d397ecb4fdcdf42,,supporting artifact
geo_faithfulness,experiments/04_geo_faithfulness_evaluator/outputs/workflow_spec_benchmark/generated_specs/qwen2.5-coder_3b/geoguard/T030_geoguard.json,.json,1363,010d3c532eeb968f290a0b12a85af948273c0df1de12ccaa24adaf1d765f4569,,supporting artifact
geo_faithfulness,experiments/04_geo_faithfulness_evaluator/outputs/workflow_spec_benchmark/generated_specs/qwen2.5-coder_3b/grounded/T001_grounded.json,.json,683,6442dac8f3fb7e0269a192c0195d561fb3e778c68c17b443881f2419e7f35677,,supporting artifact
geo_faithfulness,experiments/04_geo_faithfulness_evaluator/outputs/workflow_spec_benchmark/generated_specs/qwen2.5-coder_3b/grounded/T002_grounded.json,.json,659,886414d273d8ae1d14473e745131e7fa8c50cc93ffe753f39d18a37b72976d1c,,supporting artifact
geo_faithfulness,experiments/04_geo_faithfulness_evaluator/outputs/workflow_spec_benchmark/generated_specs/qwen2.5-coder_3b/grounded/T003_grounded.json,.json,608,0ba68c93aaeed2e20780ea014dfdfa5b6ca7ca46cbcc44b2d3cd5fc08141fade,,supporting artifact
geo_faithfulness,experiments/04_geo_faithfulness_evaluator/outputs/workflow_spec_benchmark/generated_specs/qwen2.5-coder_3b/grounded/T004_grounded.json,.json,781,6f8c66b69396ef77ce10c9eef1ef1fd2ab4c57398fcfde30b4cb1e61f307b400,,supporting artifact
geo_faithfulness,experiments/04_geo_faithfulness_evaluator/outputs/workflow_spec_benchmark/generated_specs/qwen2.5-coder_3b/grounded/T005_grounded.json,.json,655,8107f637cdc3ada658f953bd487746cc401cb7d13e917e6499b8b30bdac9c59a,,supporting artifact
geo_faithfulness,experiments/04_geo_faithfulness_evaluator/outputs/workflow_spec_benchmark/generated_specs/qwen2.5-coder_3b/grounded/T006_grounded.json,.json,660,959884a55acc178d0a25077c2fb649218f87fa4483ec20d65202cff314651ad6,,supporting artifact
geo_faithfulness,experiments/04_geo_faithfulness_evaluator/outputs/workflow_spec_benchmark/generated_specs/qwen2.5-coder_3b/grounded/T007_grounded.json,.json,673,48f7a3cc1ed87f5169045c44229ef21081e9b679fa715a4f7656988650089a19,,supporting artifact
geo_faithfulness,experiments/04_geo_faithfulness_evaluator/outputs/workflow_spec_benchmark/generated_specs/qwen2.5-coder_3b/grounded/T008_grounded.json,.json,639,c7cc5ba8d171149ef1f43ddfa04dea8aab0ffd198159da2f4f047bf9c487de61,,supporting artifact
geo_faithfulness,experiments/04_geo_faithfulness_evaluator/outputs/workflow_spec_benchmark/generated_specs/qwen2.5-coder_3b/grounded/T009_grounded.json,.json,647,1debbc04b4f35d55cc4fdc2a820ebd5359d6ffc757cc60b627b1af2a04a1b6b3,,supporting artifact
geo_faithfulness,experiments/04_geo_faithfulness_evaluator/outputs/workflow_spec_benchmark/generated_specs/qwen2.5-coder_3b/grounded/T010_grounded.json,.json,672,68ebce1a690472f4165a2507f43b879e1fe2ecaece5b982be07beb9d8af53771,,supporting artifact
geo_faithfulness,experiments/04_geo_faithfulness_evaluator/outputs/workflow_spec_benchmark/generated_specs/qwen2.5-coder_3b/grounded/T011_grounded.json,.json,658,5128ccdce82e2bb003b79f70b825db8abe7c7291fbbe4151f1a980a9b5c444d4,,supporting artifact
geo_faithfulness,experiments/04_geo_faithfulness_evaluator/outputs/workflow_spec_benchmark/generated_specs/qwen2.5-coder_3b/grounded/T012_grounded.json,.json,693,45dddd3a791fc85db50720e572c258b5039a8e7c9675aae320b1ccec463b7f4d,,supporting artifact
geo_faithfulness,experiments/04_geo_faithfulness_evaluator/outputs/workflow_spec_benchmark/generated_specs/qwen2.5-coder_3b/grounded/T013_grounded.json,.json,688,50a8a33b08d03cc046a8a02a0fb1e832883ce7b41fbab517371575b597269b00,,supporting artifact
geo_faithfulness,experiments/04_geo_faithfulness_evaluator/outputs/workflow_spec_benchmark/generated_specs/qwen2.5-coder_3b/grounded/T014_grounded.json,.json,703,8c4c32da416d852630a20fda0987afff7db215a46e9e62e3c0db3fbca9c82c55,,supporting artifact
geo_faithfulness,experiments/04_geo_faithfulness_evaluator/outputs/workflow_spec_benchmark/generated_specs/qwen2.5-coder_3b/grounded/T015_grounded.json,.json,663,c4a39adf7379e86b2b1b6751e82b3fe3a307a26a922ffb24829c1bf3385be616,,supporting artifact
geo_faithfulness,experiments/04_geo_faithfulness_evaluator/outputs/workflow_spec_benchmark/generated_specs/qwen2.5-coder_3b/grounded/T016_grounded.json,.json,544,12d37531e05828cd706a2ad449ed674788710cf93e578ef936da0b886336bf0b,,supporting artifact
geo_faithfulness,experiments/04_geo_faithfulness_evaluator/outputs/workflow_spec_benchmark/generated_specs/qwen2.5-coder_3b/grounded/T017_grounded.json,.json,584,79ea492c8c2ee195a82ea33f4b6ffba394bb5a0298b193e3138f56ec0714a5d8,,supporting artifact
geo_faithfulness,experiments/04_geo_faithfulness_evaluator/outputs/workflow_spec_benchmark/generated_specs/qwen2.5-coder_3b/grounded/T018_grounded.json,.json,604,2ba0f4b65e8ed687909a47b4620c68513b960d7e3731dd8eb1ac6819377ea17f,,supporting artifact
geo_faithfulness,experiments/04_geo_faithfulness_evaluator/outputs/workflow_spec_benchmark/generated_specs/qwen2.5-coder_3b/grounded/T019_grounded.json,.json,635,8a78d6933d7535b31d87154cf2facee5e4cf3afe2bc13716f3db379e3a2e0f09,,supporting artifact
geo_faithfulness,experiments/04_geo_faithfulness_evaluator/outputs/workflow_spec_benchmark/generated_specs/qwen2.5-coder_3b/grounded/T020_grounded.json,.json,650,b2cd144cb8392624b3dcb8bcc53bad6b15ae445696596b1607d2a715c2c834d7,,supporting artifact
geo_faithfulness,experiments/04_geo_faithfulness_evaluator/outputs/workflow_spec_benchmark/generated_specs/qwen2.5-coder_3b/grounded/T021_grounded.json,.json,726,a26516bfdd8105fca0e6f3d64528947289270a3096ea49727b2faa24d5bfdff1,,supporting artifact
geo_faithfulness,experiments/04_geo_faithfulness_evaluator/outputs/workflow_spec_benchmark/generated_specs/qwen2.5-coder_3b/grounded/T022_grounded.json,.json,701,d79a85c0d444ceb5797a9772bd24e25aa93bbf1b1b289b0102db63ba2f161be4,,supporting artifact
geo_faithfulness,experiments/04_geo_faithfulness_evaluator/outputs/workflow_spec_benchmark/generated_specs/qwen2.5-coder_3b/grounded/T023_grounded.json,.json,741,403b0fab690eb4d85d7722e23292880c395f81c042368ad4efc353e9d3c41c27,,supporting artifact
geo_faithfulness,experiments/04_geo_faithfulness_evaluator/outputs/workflow_spec_benchmark/generated_specs/qwen2.5-coder_3b/grounded/T024_grounded.json,.json,708,c08bb91ac94c0bde3751b2083ca9db1eb551423baf08cbdd5fcbbcb51698a849,,supporting artifact
geo_faithfulness,experiments/04_geo_faithfulness_evaluator/outputs/workflow_spec_benchmark/generated_specs/qwen2.5-coder_3b/grounded/T025_grounded.json,.json,805,d3923dc05971ae605d587b13d63a06e18a695b6411aeedd122f8412881fa51b6,,supporting artifact
geo_faithfulness,experiments/04_geo_faithfulness_evaluator/outputs/workflow_spec_benchmark/generated_specs/qwen2.5-coder_3b/grounded/T026_grounded.json,.json,820,5c867a5bdf519d0b81ed2e7f316c8eed5ad7cc6879754d0ccf027d9d0e0896d8,,supporting artifact
geo_faithfulness,experiments/04_geo_faithfulness_evaluator/outputs/workflow_spec_benchmark/generated_specs/qwen2.5-coder_3b/grounded/T027_grounded.json,.json,841,a97757f71f7bbb9b4cb7a816dbf1dfc194c17c4e17c6f36016c9fa3eef6c8aef,,supporting artifact
geo_faithfulness,experiments/04_geo_faithfulness_evaluator/outputs/workflow_spec_benchmark/generated_specs/qwen2.5-coder_3b/grounded/T028_grounded.json,.json,779,54f5cb2d02405a2e4d9c3989aa97b9e3e4c8d733b02cc6ed5c36533f213d5d37,,supporting artifact
geo_faithfulness,experiments/04_geo_faithfulness_evaluator/outputs/workflow_spec_benchmark/generated_specs/qwen2.5-coder_3b/grounded/T029_grounded.json,.json,858,3059caa008b2a0f03bea74200af9245cb28748ae734a854419c8d81c9ca1e701,,supporting artifact
geo_faithfulness,experiments/04_geo_faithfulness_evaluator/outputs/workflow_spec_benchmark/generated_specs/qwen2.5-coder_3b/grounded/T030_grounded.json,.json,1192,d4232cfd3b7aafc7ba9f3ffd9dbca42edfcf1ec3bf0b0f0d0cbdbaa94f24a4dd,,supporting artifact
geo_faithfulness,experiments/04_geo_faithfulness_evaluator/outputs/workflow_spec_benchmark/generated_specs/qwen2.5-coder_3b/workflow_generation_manifest.json,.json,23573,ae391e9600d93393ab0cc6cc2858e095c4400cd13b24d9f7f9956d5b24629e3f,,reproducibility manifest
geo_faithfulness,experiments/04_geo_faithfulness_evaluator/outputs/workflow_spec_benchmark/generated_specs/qwen2.5-coder_7b/basic/T001_basic.json,.json,705,c77db8c4d050adf09b3fe21fddef71617524185bed1ecd9ab1ef8dd772ea8534,,supporting artifact
geo_faithfulness,experiments/04_geo_faithfulness_evaluator/outputs/workflow_spec_benchmark/generated_specs/qwen2.5-coder_7b/basic/T003_basic.json,.json,603,445056040e469ca74230a10c90cb52d31f0286535d6d18f074a62cd238d0b708,,supporting artifact
geo_faithfulness,experiments/04_geo_faithfulness_evaluator/outputs/workflow_spec_benchmark/generated_specs/qwen2.5-coder_7b/basic/T004_basic.json,.json,558,583b9b4cf57c6f65efdb034e6291d5919c67670eed705089cb3c7d3496aa5a54,,supporting artifact
geo_faithfulness,experiments/04_geo_faithfulness_evaluator/outputs/workflow_spec_benchmark/generated_specs/qwen2.5-coder_7b/basic/T006_basic.json,.json,489,d1aeddcf61b4e6d40742c13a19bac3ada8cd1c29c0db95b9e6a724855a7bd3ea,,supporting artifact
geo_faithfulness,experiments/04_geo_faithfulness_evaluator/outputs/workflow_spec_benchmark/generated_specs/qwen2.5-coder_7b/basic/T007_basic.json,.json,530,b87f7bb1db2af0473a0f3c5148bf5dbbeaae1fa02ef60561b297a94e1a5d07b2,,supporting artifact
geo_faithfulness,experiments/04_geo_faithfulness_evaluator/outputs/workflow_spec_benchmark/generated_specs/qwen2.5-coder_7b/basic/T008_basic.json,.json,463,a62f0cb4660c3478ceb65f92f685ed4eccc872741129da8fbdd84d5b661ea40d,,supporting artifact
geo_faithfulness,experiments/04_geo_faithfulness_evaluator/outputs/workflow_spec_benchmark/generated_specs/qwen2.5-coder_7b/basic/T009_basic.json,.json,484,55c21a5c7fefb6d217215e1983a31ce05f99df117d9a68011ef5eaf8aecd10e5,,supporting artifact
geo_faithfulness,experiments/04_geo_faithfulness_evaluator/outputs/workflow_spec_benchmark/generated_specs/qwen2.5-coder_7b/basic/T010_basic.json,.json,527,15a7b8ebed7f29748c2f10ed8cf4c3b1bc859e204d5b734d8eb0e1f62ea899e4,,supporting artifact
geo_faithfulness,experiments/04_geo_faithfulness_evaluator/outputs/workflow_spec_benchmark/generated_specs/qwen2.5-coder_7b/basic/T011_basic.json,.json,514,df67fa02bd537b13b1751abf2fbb9b38cf1968f34cab835aa9e6adbedbdafe81,,supporting artifact
geo_faithfulness,experiments/04_geo_faithfulness_evaluator/outputs/workflow_spec_benchmark/generated_specs/qwen2.5-coder_7b/basic/T012_basic.json,.json,517,ea92d0ed23718e1475ade92804e6e61de3e2c69f8d1f8205707edf6402104582,,supporting artifact
geo_faithfulness,experiments/04_geo_faithfulness_evaluator/outputs/workflow_spec_benchmark/generated_specs/qwen2.5-coder_7b/basic/T013_basic.json,.json,921,e124d5fa8e8586abd60378dccea082daf3728571c5fdb5c2b77299173a1e8e38,,supporting artifact
geo_faithfulness,experiments/04_geo_faithfulness_evaluator/outputs/workflow_spec_benchmark/generated_specs/qwen2.5-coder_7b/basic/T014_basic.json,.json,683,a9f3caf04c616c098d3b02e912cfabdf6c5d3c152ad81225e113b9751b27fb1e,,supporting artifact
geo_faithfulness,experiments/04_geo_faithfulness_evaluator/outputs/workflow_spec_benchmark/generated_specs/qwen2.5-coder_7b/basic/T015_basic.json,.json,532,0ee09a644c068f3478e23445ced43cfb360929d18fd54083ad29806c4ef2170c,,supporting artifact
geo_faithfulness,experiments/04_geo_faithfulness_evaluator/outputs/workflow_spec_benchmark/generated_specs/qwen2.5-coder_7b/basic/T016_basic.json,.json,490,9aa9bcc77c1709a7697b3d75b8d495e4aa51b2c05345be2e5b3d41dc6cc8c504,,supporting artifact
geo_faithfulness,experiments/04_geo_faithfulness_evaluator/outputs/workflow_spec_benchmark/generated_specs/qwen2.5-coder_7b/basic/T017_basic.json,.json,453,2fc4e957c54567cb5f3ebceb219e769c90583aa55b91dd5173019cd809257a3a,,supporting artifact
geo_faithfulness,experiments/04_geo_faithfulness_evaluator/outputs/workflow_spec_benchmark/generated_specs/qwen2.5-coder_7b/basic/T018_basic.json,.json,631,c1b760f0d47a10a31ddab9218777c6584a36d96b5ac47279311d97ef39ae5b00,,supporting artifact
geo_faithfulness,experiments/04_geo_faithfulness_evaluator/outputs/workflow_spec_benchmark/generated_specs/qwen2.5-coder_7b/basic/T019_basic.json,.json,684,5c47053e7f52d9b444020395d67cb21a1e8337961142448dc9c3b382fcc7afc1,,supporting artifact
geo_faithfulness,experiments/04_geo_faithfulness_evaluator/outputs/workflow_spec_benchmark/generated_specs/qwen2.5-coder_7b/basic/T020_basic.json,.json,445,2e891596264e307cab0e5168620ecbb88b54a98dba52b1175111dbc4df641160,,supporting artifact
geo_faithfulness,experiments/04_geo_faithfulness_evaluator/outputs/workflow_spec_benchmark/generated_specs/qwen2.5-coder_7b/basic/T021_basic.json,.json,826,84aad48cfefb3af935ef1cf03c2dbe291628dffba3ca904154a3492efaa103e4,,supporting artifact
geo_faithfulness,experiments/04_geo_faithfulness_evaluator/outputs/workflow_spec_benchmark/generated_specs/qwen2.5-coder_7b/basic/T022_basic.json,.json,842,8fe1d6de28aee18e7ca3c134302c54b89d090fa9fba0a2c87e97226e5d6a2e9d,,supporting artifact
geo_faithfulness,experiments/04_geo_faithfulness_evaluator/outputs/workflow_spec_benchmark/generated_specs/qwen2.5-coder_7b/basic/T023_basic.json,.json,664,71cf0530dcfcdfb200ef741eaaeea06a5d49f51c509bb521f8e2b23d9d38af31,,supporting artifact
geo_faithfulness,experiments/04_geo_faithfulness_evaluator/outputs/workflow_spec_benchmark/generated_specs/qwen2.5-coder_7b/basic/T024_basic.json,.json,945,0073319063524a000509d782376a02fe588cacf019f80ac10eada23ca8412760,,supporting artifact
geo_faithfulness,experiments/04_geo_faithfulness_evaluator/outputs/workflow_spec_benchmark/generated_specs/qwen2.5-coder_7b/basic/T025_basic.json,.json,970,d36677999074f510952e56eee316865f3218313ae2f4f1af388c869cc278a327,,supporting artifact
geo_faithfulness,experiments/04_geo_faithfulness_evaluator/outputs/workflow_spec_benchmark/generated_specs/qwen2.5-coder_7b/basic/T026_basic.json,.json,542,560813b742742fbb6a4a45afc9a9cf5c662503b2751de39fc1fd3881c82f1674,,supporting artifact
geo_faithfulness,experiments/04_geo_faithfulness_evaluator/outputs/workflow_spec_benchmark/generated_specs/qwen2.5-coder_7b/basic/T027_basic.json,.json,434,a0de4a2db3346f483d15484728d405f80d3601a80e158b397ce9d58524a263ee,,supporting artifact
geo_faithfulness,experiments/04_geo_faithfulness_evaluator/outputs/workflow_spec_benchmark/generated_specs/qwen2.5-coder_7b/basic/T028_basic.json,.json,625,35af20a12111623c6d199ff0f01b56dce08ee2e4ce4962538b10f0f4e3951918,,supporting artifact
geo_faithfulness,experiments/04_geo_faithfulness_evaluator/outputs/workflow_spec_benchmark/generated_specs/qwen2.5-coder_7b/basic/T029_basic.json,.json,848,29ad7e97151024dcec61bf1f0cfe304ec662ca9932fb2bf8a922a5ddbcb4d747,,supporting artifact
geo_faithfulness,experiments/04_geo_faithfulness_evaluator/outputs/workflow_spec_benchmark/generated_specs/qwen2.5-coder_7b/basic/T030_basic.json,.json,940,599f05caea43e265ac15821a7f0a3ca77f6b7a54a685ffc296af1f2a59c71df6,,supporting artifact
geo_faithfulness,experiments/04_geo_faithfulness_evaluator/outputs/workflow_spec_benchmark/generated_specs/qwen2.5-coder_7b/geoguard/T001_geoguard.json,.json,678,5909529f51d9977442dcdef6b2ab1869467f7c434b43e89951f7d1e80fd42641,,supporting artifact
geo_faithfulness,experiments/04_geo_faithfulness_evaluator/outputs/workflow_spec_benchmark/generated_specs/qwen2.5-coder_7b/geoguard/T002_geoguard.json,.json,706,ff307c3e04ac8f3c560636b42bcdf53075bf3299fc66d86e5f00a157a83cc1af,,supporting artifact
geo_faithfulness,experiments/04_geo_faithfulness_evaluator/outputs/workflow_spec_benchmark/generated_specs/qwen2.5-coder_7b/geoguard/T003_geoguard.json,.json,637,0ff63f1da0642e004c4c828eb90b9e018ad5697dd79ee0b91fa8fd0a96cf168a,,supporting artifact
geo_faithfulness,experiments/04_geo_faithfulness_evaluator/outputs/workflow_spec_benchmark/generated_specs/qwen2.5-coder_7b/geoguard/T004_geoguard.json,.json,670,2ff2d6b27bf81fa69eb6afbc4e577de01561bda08926861e97396a78865c8ce1,,supporting artifact
geo_faithfulness,experiments/04_geo_faithfulness_evaluator/outputs/workflow_spec_benchmark/generated_specs/qwen2.5-coder_7b/geoguard/T005_geoguard.json,.json,681,e8f492a321c1f3e49ede495dc8942aabd37785e45f3f11e1c7d212bee8d21522,,supporting artifact
geo_faithfulness,experiments/04_geo_faithfulness_evaluator/outputs/workflow_spec_benchmark/generated_specs/qwen2.5-coder_7b/geoguard/T006_geoguard.json,.json,676,b5cd06fb43cd213bd09f1edf8ebbf48958609b07d53c42c4e5101a005d4bcd0a,,supporting artifact
geo_faithfulness,experiments/04_geo_faithfulness_evaluator/outputs/workflow_spec_benchmark/generated_specs/qwen2.5-coder_7b/geoguard/T007_geoguard.json,.json,680,5e5fa6422686929469b9a1e756dcb585f77de50bbac26a9f0a0cad0cc0b4ab2b,,supporting artifact
geo_faithfulness,experiments/04_geo_faithfulness_evaluator/outputs/workflow_spec_benchmark/generated_specs/qwen2.5-coder_7b/geoguard/T008_geoguard.json,.json,640,74a240f6025b5caa43f673560cf3a2b2a021727a2d6461e09495b0affb56816c,,supporting artifact
geo_faithfulness,experiments/04_geo_faithfulness_evaluator/outputs/workflow_spec_benchmark/generated_specs/qwen2.5-coder_7b/geoguard/T009_geoguard.json,.json,672,01b52208ff3b9e49880ac437ecd5d93fb294ae8d97d1554fb3f404e548e8f9c1,,supporting artifact
geo_faithfulness,experiments/04_geo_faithfulness_evaluator/outputs/workflow_spec_benchmark/generated_specs/qwen2.5-coder_7b/geoguard/T010_geoguard.json,.json,683,e548a55c439483fc41f36eb5b4b60360fc92c983d3592bd0c7cd5c10d35e0fad,,supporting artifact
geo_faithfulness,experiments/04_geo_faithfulness_evaluator/outputs/workflow_spec_benchmark/generated_specs/qwen2.5-coder_7b/geoguard/T011_geoguard.json,.json,733,f7ac87b9635cd046ab3a845ec2ea920bc4d1bf209ec435a204aead45ecccce93,,supporting artifact
geo_faithfulness,experiments/04_geo_faithfulness_evaluator/outputs/workflow_spec_benchmark/generated_specs/qwen2.5-coder_7b/geoguard/T012_geoguard.json,.json,761,8338f6c99aaa17435b4f935ea1b03d4e0a94b4c81031da10b2d46f0c9c8a86a4,,supporting artifact
geo_faithfulness,experiments/04_geo_faithfulness_evaluator/outputs/workflow_spec_benchmark/generated_specs/qwen2.5-coder_7b/geoguard/T013_geoguard.json,.json,653,28099ff08a885311487931ec7243c617776626552c5528b9b870f5b8fe73cd2e,,supporting artifact
geo_faithfulness,experiments/04_geo_faithfulness_evaluator/outputs/workflow_spec_benchmark/generated_specs/qwen2.5-coder_7b/geoguard/T014_geoguard.json,.json,724,6aaa12a4cfd42fc46cedc88baa79d19a502f3b78c8b1e0b1ccd6ab770acd8576,,supporting artifact
geo_faithfulness,experiments/04_geo_faithfulness_evaluator/outputs/workflow_spec_benchmark/generated_specs/qwen2.5-coder_7b/geoguard/T015_geoguard.json,.json,774,0f51f727eb952ed67c32f4463a44d89cfde216cb0c175f3f8147b782f16b3c42,,supporting artifact
geo_faithfulness,experiments/04_geo_faithfulness_evaluator/outputs/workflow_spec_benchmark/generated_specs/qwen2.5-coder_7b/geoguard/T016_geoguard.json,.json,666,6837fde68c951197a841b8438ed7eb931ec79eece27ebe61bd3992813cf108b7,,supporting artifact
geo_faithfulness,experiments/04_geo_faithfulness_evaluator/outputs/workflow_spec_benchmark/generated_specs/qwen2.5-coder_7b/geoguard/T017_geoguard.json,.json,606,eed4aa557ed91aca318b0f689eba5ab2bc8e05c8d0486e63b69444dceef34f02,,supporting artifact
geo_faithfulness,experiments/04_geo_faithfulness_evaluator/outputs/workflow_spec_benchmark/generated_specs/qwen2.5-coder_7b/geoguard/T018_geoguard.json,.json,653,db830e70d847fec3c3c6825e116626c1f2e45dc79fbb5e027d1d1fc7ada9656a,,supporting artifact
geo_faithfulness,experiments/04_geo_faithfulness_evaluator/outputs/workflow_spec_benchmark/generated_specs/qwen2.5-coder_7b/geoguard/T019_geoguard.json,.json,662,45c3025c07e7748e1157d6cd805177725a6e053c09283463cbee399c55deb7b7,,supporting artifact
geo_faithfulness,experiments/04_geo_faithfulness_evaluator/outputs/workflow_spec_benchmark/generated_specs/qwen2.5-coder_7b/geoguard/T020_geoguard.json,.json,644,4d2e9213eb8257c10574806d701edbf2acd31e9d5851ea32b8d92d990a342f85,,supporting artifact
geo_faithfulness,experiments/04_geo_faithfulness_evaluator/outputs/workflow_spec_benchmark/generated_specs/qwen2.5-coder_7b/geoguard/T021_geoguard.json,.json,751,71a9a4d91e2e56bb1a6e908ebf3401fd60dd263c8cfdf29e72ddad1bfe5c9a1c,,supporting artifact
geo_faithfulness,experiments/04_geo_faithfulness_evaluator/outputs/workflow_spec_benchmark/generated_specs/qwen2.5-coder_7b/geoguard/T022_geoguard.json,.json,737,f9437f235d00d4307b1630123c990ae3e4ca0df8316374d3b4ff1ecd01ce7d13,,supporting artifact
geo_faithfulness,experiments/04_geo_faithfulness_evaluator/outputs/workflow_spec_benchmark/generated_specs/qwen2.5-coder_7b/geoguard/T023_geoguard.json,.json,761,1cc3eb340a926951f149853eec0d451617c83a5d8e0992302f071ee072811db0,,supporting artifact
geo_faithfulness,experiments/04_geo_faithfulness_evaluator/outputs/workflow_spec_benchmark/generated_specs/qwen2.5-coder_7b/geoguard/T024_geoguard.json,.json,748,737e5545e6f5b7b00d0b683a1d5bf512df1f7e078b9c4af86b78a4c836f2d42b,,supporting artifact
geo_faithfulness,experiments/04_geo_faithfulness_evaluator/outputs/workflow_spec_benchmark/generated_specs/qwen2.5-coder_7b/geoguard/T025_geoguard.json,.json,781,2863576c175abe9c7f495694809d2a1a387b653aa4dbe67290b4959e2888cb2b,,supporting artifact
geo_faithfulness,experiments/04_geo_faithfulness_evaluator/outputs/workflow_spec_benchmark/generated_specs/qwen2.5-coder_7b/geoguard/T026_geoguard.json,.json,854,898e98a9271ee85869b56169876bae72df1eb3106d645c67995f394c26db2011,,supporting artifact
geo_faithfulness,experiments/04_geo_faithfulness_evaluator/outputs/workflow_spec_benchmark/generated_specs/qwen2.5-coder_7b/geoguard/T027_geoguard.json,.json,754,6845a129ec6ba46abb7e9ef4e0f420b65a62a4bb0be288d73be0d004f9c37614,,supporting artifact
geo_faithfulness,experiments/04_geo_faithfulness_evaluator/outputs/workflow_spec_benchmark/generated_specs/qwen2.5-coder_7b/geoguard/T028_geoguard.json,.json,831,c623423cebe4a43d681fb6d97f3aa104fb70d1b2b5c218925dc22c4d740537b5,,supporting artifact
geo_faithfulness,experiments/04_geo_faithfulness_evaluator/outputs/workflow_spec_benchmark/generated_specs/qwen2.5-coder_7b/geoguard/T029_geoguard.json,.json,739,80a4cc61235d62670c1bbea4911178069ab0639e1d92c95bfedebe6c108006aa,,supporting artifact
geo_faithfulness,experiments/04_geo_faithfulness_evaluator/outputs/workflow_spec_benchmark/generated_specs/qwen2.5-coder_7b/geoguard/T030_geoguard.json,.json,1036,59b2129137d2397619a9873ba602d9b831dcce2e16e96b6fe790c39ad9016af7,,supporting artifact
geo_faithfulness,experiments/04_geo_faithfulness_evaluator/outputs/workflow_spec_benchmark/generated_specs/qwen2.5-coder_7b/grounded/T001_grounded.json,.json,673,26e9d9ba4a79b317bd096d0dd019fdb50c086872945beb426159e31b737e3bb2,,supporting artifact
geo_faithfulness,experiments/04_geo_faithfulness_evaluator/outputs/workflow_spec_benchmark/generated_specs/qwen2.5-coder_7b/grounded/T002_grounded.json,.json,715,ef12c1e68b8904887c480f004138780e0084c1cf11b76ddceb90cce1d4ebba33,,supporting artifact
geo_faithfulness,experiments/04_geo_faithfulness_evaluator/outputs/workflow_spec_benchmark/generated_specs/qwen2.5-coder_7b/grounded/T003_grounded.json,.json,637,cb58bac89c7144f70737c931f2f8a355001c787815c17b2bc94b8302e7bbeaa1,,supporting artifact
geo_faithfulness,experiments/04_geo_faithfulness_evaluator/outputs/workflow_spec_benchmark/generated_specs/qwen2.5-coder_7b/grounded/T004_grounded.json,.json,673,27a41aeb033e33c92ee5c568ed371fe52750b7d8a276679b2330f987611f937b,,supporting artifact
geo_faithfulness,experiments/04_geo_faithfulness_evaluator/outputs/workflow_spec_benchmark/generated_specs/qwen2.5-coder_7b/grounded/T006_grounded.json,.json,674,896e118c779d48842c49e52586caebc7cfb2e454b6bd655748262e30455643f2,,supporting artifact
geo_faithfulness,experiments/04_geo_faithfulness_evaluator/outputs/workflow_spec_benchmark/generated_specs/qwen2.5-coder_7b/grounded/T007_grounded.json,.json,704,18da86aaa072dab322cd37bf0d7de92d1f21db0b42871fe5c171907b7f8d69f8,,supporting artifact
geo_faithfulness,experiments/04_geo_faithfulness_evaluator/outputs/workflow_spec_benchmark/generated_specs/qwen2.5-coder_7b/grounded/T008_grounded.json,.json,630,b6ef271746d24b36169c977f93725feeaf1e126a730d60f634d035b9ad632de2,,supporting artifact
geo_faithfulness,experiments/04_geo_faithfulness_evaluator/outputs/workflow_spec_benchmark/generated_specs/qwen2.5-coder_7b/grounded/T009_grounded.json,.json,697,7bd730df278fb0a8c5c37454d033f7cbe618d1dbe1d0b98c0903e15d03cd1040,,supporting artifact
geo_faithfulness,experiments/04_geo_faithfulness_evaluator/outputs/workflow_spec_benchmark/generated_specs/qwen2.5-coder_7b/grounded/T010_grounded.json,.json,760,49520018cf27ad60f8135c6338750f3d88e6c1cd5e2062cf158c7c32dd0f0de2,,supporting artifact
geo_faithfulness,experiments/04_geo_faithfulness_evaluator/outputs/workflow_spec_benchmark/generated_specs/qwen2.5-coder_7b/grounded/T011_grounded.json,.json,742,66663a4885d98bad896fe97e797d26a098f8f740dd9d69ff0102c1080c957bc2,,supporting artifact
geo_faithfulness,experiments/04_geo_faithfulness_evaluator/outputs/workflow_spec_benchmark/generated_specs/qwen2.5-coder_7b/grounded/T012_grounded.json,.json,764,c063c074e9367e57c02df4782bf9dfef1a4b28c804b6e6bbd63ca1857981177f,,supporting artifact
geo_faithfulness,experiments/04_geo_faithfulness_evaluator/outputs/workflow_spec_benchmark/generated_specs/qwen2.5-coder_7b/grounded/T013_grounded.json,.json,656,9390458d0296070d1d9a612dfd9d577bfd721089cd12057dc6ae049651e32c65,,supporting artifact
geo_faithfulness,experiments/04_geo_faithfulness_evaluator/outputs/workflow_spec_benchmark/generated_specs/qwen2.5-coder_7b/grounded/T014_grounded.json,.json,753,c8686b69e14df874de7de462fdaa13cef831aa44fe067a37d52a404ac1a92430,,supporting artifact
geo_faithfulness,experiments/04_geo_faithfulness_evaluator/outputs/workflow_spec_benchmark/generated_specs/qwen2.5-coder_7b/grounded/T015_grounded.json,.json,842,da796cd34fac6cebaa4fbf99ba058b2195ef746018608ae7fcd967e1c953de3d,,supporting artifact
geo_faithfulness,experiments/04_geo_faithfulness_evaluator/outputs/workflow_spec_benchmark/generated_specs/qwen2.5-coder_7b/grounded/T016_grounded.json,.json,628,be9e938ef764b5bcf1a7f4781dedbc8a860705ed375d7f598748d4aa701d28eb,,supporting artifact
geo_faithfulness,experiments/04_geo_faithfulness_evaluator/outputs/workflow_spec_benchmark/generated_specs/qwen2.5-coder_7b/grounded/T017_grounded.json,.json,582,886f92636bfddd84f42079199ef174ec1cc179635b5b46bad051243561830559,,supporting artifact
geo_faithfulness,experiments/04_geo_faithfulness_evaluator/outputs/workflow_spec_benchmark/generated_specs/qwen2.5-coder_7b/grounded/T018_grounded.json,.json,624,41eb3a3f3d24767c53eb97e43ae8b065c0b559dd2cf5df590c98533b23ee4b47,,supporting artifact
geo_faithfulness,experiments/04_geo_faithfulness_evaluator/outputs/workflow_spec_benchmark/generated_specs/qwen2.5-coder_7b/grounded/T019_grounded.json,.json,670,757e1a280444fcd3eaf081d009699910d109e1a417de078422e0d5ba3be9ea59,,supporting artifact
geo_faithfulness,experiments/04_geo_faithfulness_evaluator/outputs/workflow_spec_benchmark/generated_specs/qwen2.5-coder_7b/grounded/T020_grounded.json,.json,605,b0ba9327e78d7c2db2549cf9257608e7a481bbaa8fbe79e338604ba39f7e29d3,,supporting artifact
geo_faithfulness,experiments/04_geo_faithfulness_evaluator/outputs/workflow_spec_benchmark/generated_specs/qwen2.5-coder_7b/grounded/T021_grounded.json,.json,777,ee75aaca839280fdb2be75ad0e362f3b8603c6a8afd0dfaa78c1caeb40ac950c,,supporting artifact
geo_faithfulness,experiments/04_geo_faithfulness_evaluator/outputs/workflow_spec_benchmark/generated_specs/qwen2.5-coder_7b/grounded/T022_grounded.json,.json,813,4daced24f4d52c76b05b9ed88b29b3a43bf64753133b25379c25b23fcc7d3b0a,,supporting artifact
geo_faithfulness,experiments/04_geo_faithfulness_evaluator/outputs/workflow_spec_benchmark/generated_specs/qwen2.5-coder_7b/grounded/T023_grounded.json,.json,810,9f7a8c3e1abe496c5e0d44f3bda9fd11926b0018a52ec7159626fa83098bbab6,,supporting artifact
geo_faithfulness,experiments/04_geo_faithfulness_evaluator/outputs/workflow_spec_benchmark/generated_specs/qwen2.5-coder_7b/grounded/T024_grounded.json,.json,823,cc4e48c24ad74a5cddc8b32301c2e9716472598df0752597a4cc560d89a25fae,,supporting artifact
geo_faithfulness,experiments/04_geo_faithfulness_evaluator/outputs/workflow_spec_benchmark/generated_specs/qwen2.5-coder_7b/grounded/T025_grounded.json,.json,702,c25cc2225b946ac777b8847f6298bed42f4369e4e1006eca1c4ab547cec25d73,,supporting artifact
geo_faithfulness,experiments/04_geo_faithfulness_evaluator/outputs/workflow_spec_benchmark/generated_specs/qwen2.5-coder_7b/grounded/T026_grounded.json,.json,824,4b307cd813f4ea4544101cf6c89d9cff5a489c6b2a63480f0d0ab01168d0385c,,supporting artifact
geo_faithfulness,experiments/04_geo_faithfulness_evaluator/outputs/workflow_spec_benchmark/generated_specs/qwen2.5-coder_7b/grounded/T027_grounded.json,.json,857,e55098021f5b702886fb8b59f05d7d84dfb623fd1fb900f9f9ae261bd73cab46,,supporting artifact
geo_faithfulness,experiments/04_geo_faithfulness_evaluator/outputs/workflow_spec_benchmark/generated_specs/qwen2.5-coder_7b/grounded/T028_grounded.json,.json,791,0bf39dbd58b7629563ed9ab4086669310cba1f05f9190e8439327c9130aa5080,,supporting artifact
geo_faithfulness,experiments/04_geo_faithfulness_evaluator/outputs/workflow_spec_benchmark/generated_specs/qwen2.5-coder_7b/grounded/T029_grounded.json,.json,850,21843ef1017e48f81e766f7e10156f9c09374c3f66449db7e20f5db3fc6a19dc,,supporting artifact
geo_faithfulness,experiments/04_geo_faithfulness_evaluator/outputs/workflow_spec_benchmark/generated_specs/qwen2.5-coder_7b/grounded/T030_grounded.json,.json,999,204b52341f1300a99e23fafb49983c31c77fd2955fd770fd9c6f01242adddae6,,supporting artifact
geo_faithfulness,experiments/04_geo_faithfulness_evaluator/outputs/workflow_spec_benchmark/generated_specs/qwen2.5-coder_7b/workflow_generation_manifest.json,.json,23573,0c69dc5cf785a9823f398a9d24f102c8d6d7dcadab5426deb64e640f73d9e607,,reproducibility manifest
geo_faithfulness,experiments/04_geo_faithfulness_evaluator/outputs/workflow_spec_benchmark/scores/deepseek-coder_6.7b/workflow_summary.csv,.csv,395,f5daa7a933acc0dcaa0497b316a6eeb436c2fdb1f2ca00490352217d33ef487a,3,machine-readable summary
geo_faithfulness,experiments/04_geo_faithfulness_evaluator/outputs/workflow_spec_benchmark/scores/deepseek-coder_6.7b/workflow_task_scores.csv,.csv,8193,cf711962273a45c193a5dfe8866f6e3a2eb7e555b53e85b3ee9ca5c8b50006f3,90,metric-level evidence
geo_faithfulness,experiments/04_geo_faithfulness_evaluator/outputs/workflow_spec_benchmark/scores/model_comparison_summary.csv,.csv,1394,8e451d7b72ef127a9f3e818bc0fe500fa9a68245c0cd6450ff39e7a0d63e4da1,14,machine-readable summary
geo_faithfulness,experiments/04_geo_faithfulness_evaluator/outputs/workflow_spec_benchmark/scores/qwen2.5-coder_32b/geoguard_repair_manifest.csv,.csv,765,d4ec46621170defb67805aa13c52a81dcd1a877e930a10c85af0711ff7f6165c,30,reproducibility manifest
geo_faithfulness,experiments/04_geo_faithfulness_evaluator/outputs/workflow_spec_benchmark/scores/qwen2.5-coder_32b/workflow_category_scores.csv,.csv,1528,cf8ad68efef25f3dc3a43f874f68b82d2a893966172c3797b9649ee26165e9e7,18,metric-level evidence
geo_faithfulness,experiments/04_geo_faithfulness_evaluator/outputs/workflow_spec_benchmark/scores/qwen2.5-coder_32b/workflow_failure_taxonomy.csv,.csv,175,0889bb19588266fc23c5b70ee8f98e31fca277627dca4a8cb735186f69e2b605,3,supporting artifact
geo_faithfulness,experiments/04_geo_faithfulness_evaluator/outputs/workflow_spec_benchmark/scores/qwen2.5-coder_32b/workflow_summary.csv,.csv,577,9b3c1f7fcc2c413f1504a9d73bcc82223c6a668c01f8d4a4660cc19bf158e8f6,5,machine-readable summary
geo_faithfulness,experiments/04_geo_faithfulness_evaluator/outputs/workflow_spec_benchmark/scores/qwen2.5-coder_32b/workflow_task_composition.csv,.csv,370,694d7b9c2fb105440d2d0cde47f1595f90b82f6f23f8b68e5208d9018d0577c8,6,supporting artifact
geo_faithfulness,experiments/04_geo_faithfulness_evaluator/outputs/workflow_spec_benchmark/scores/qwen2.5-coder_32b/workflow_task_scores.csv,.csv,13874,90500ac92c42af94d509d0d71e7256e689e7348ad4f009ca7bbd27d506ca7f0e,150,metric-level evidence
geo_faithfulness,experiments/04_geo_faithfulness_evaluator/outputs/workflow_spec_benchmark/scores/qwen2.5-coder_3b/workflow_summary.csv,.csv,374,072a6c44534c88802a0acf30f09924440b59fd6a0482064299438dd5cbd32b6a,3,machine-readable summary
geo_faithfulness,experiments/04_geo_faithfulness_evaluator/outputs/workflow_spec_benchmark/scores/qwen2.5-coder_3b/workflow_task_scores.csv,.csv,7982,6f2e20b474c0425e4c0baeb0d750874c7b9ec7f11c3a26e9009563d6097c4e84,90,metric-level evidence
geo_faithfulness,experiments/04_geo_faithfulness_evaluator/outputs/workflow_spec_benchmark/scores/qwen2.5-coder_7b/workflow_summary.csv,.csv,409,9429045f6beeaba7c5d2a102f4f95b72211cdbfa53b7a2e4183abd2024c015d0,3,machine-readable summary
geo_faithfulness,experiments/04_geo_faithfulness_evaluator/outputs/workflow_spec_benchmark/scores/qwen2.5-coder_7b/workflow_task_scores.csv,.csv,7950,42b081afe8a936065dc20ff77f2f2d5b86d5d88331449cb909145582109c703d,90,metric-level evidence
geo_faithfulness,experiments/04_geo_faithfulness_evaluator/outputs/workflow_spec_execution/scores/qwen2.5-coder_32b/execution_summary.csv,.csv,385,68cc7bb40a4ac7ac07b2d005e3985dedd1b6380bd42c0185b7fa6e9dfe159460,5,machine-readable summary
geo_faithfulness,experiments/04_geo_faithfulness_evaluator/outputs/workflow_spec_execution/scores/qwen2.5-coder_32b/execution_task_scores.csv,.csv,34449,d233abadc65341a5f9d7612360eba5d49ddee9e792fc7d215c103ffdde41f007,150,metric-level evidence
geo_faithfulness,experiments/04_geo_faithfulness_evaluator/outputs/workflow_spec_execution/scores/qwen2.5-coder_32b/geoguard_exec_repair_artifact_audit.csv,.csv,7030,6463b7dbc6da6ac44076f5e388394035ffaf3c49bacec8d03c4163d760e631f7,30,audit report or ledger
geo_faithfulness,experiments/04_geo_faithfulness_evaluator/outputs/workflow_spec_execution/scores/qwen2.5-coder_32b/geoguard_exec_repair_artifact_audit_summary.csv,.csv,276,efd597ee5949ed8b2fc09a3c62ab242616c4fdfa6f007b4006e89f42a8e28a98,6,machine-readable summary
geo_faithfulness,experiments/04_geo_faithfulness_evaluator/outputs/workflow_spec_execution/scores/qwen2.5-coder_32b/geoguard_exec_repair_manifest.csv,.csv,821,b777944ab7dac607706bfb7430fac482f3bd400d99ee0b0b8f2a726c154b3d6e,30,reproducibility manifest
geo_faithfulness,experiments/04_geo_faithfulness_evaluator/outputs/workflow_stat_tests/qwen2.5-coder_32b/bootstrap_ci.csv,.csv,3295,014f0556f284bca397ef74de1c748263f56b21e81b34c134e902fb98423700d7,50,supporting artifact
geo_faithfulness,experiments/04_geo_faithfulness_evaluator/outputs/workflow_stat_tests/qwen2.5-coder_32b/paired_differences.csv,.csv,1677,c28eb36df40202961920c6de4e8740d9dd79d7d251f41af9e4f92269fbe66210,24,supporting artifact
manuscript,manuscripts/q1_geo_genai_reliability/draft/manuscript_draft.md,.md,85657,e33ea4cc621fc2d73ca14d147c98f6cc5b4b639708ffa922392720d26f4e4e00,,supporting artifact
mapgenerator_audit,experiments/02_mapgenerator_image_text_audit/README.md,.md,1796,66dc1174c40d5c1f29cdf932f3973f7ea3af4f39e35229346a653514e08c03da,,supporting artifact
mapgenerator_audit,experiments/02_mapgenerator_image_text_audit/outputs/mapgenerator_audit_report.md,.md,9485,53fba646d2873bcf93b051736b1cb724d1f8ae7de4edd99ee854640687537e6a,,audit report or ledger
mapgenerator_audit,experiments/02_mapgenerator_image_text_audit/outputs/mapgenerator_audit_summary.json,.json,1100,4fbd6b09f02c268809a2fad59345e752b0241d066a4fcb5b37ae7291b50b9c02,,machine-readable summary
mapgenerator_audit,experiments/02_mapgenerator_image_text_audit/outputs/mapgenerator_clip_caption_embedding_report.md,.md,169,fe8dc8607ca974c1855d9e17d5db45095dcef943ba2c994034faea2dcda335ee,,supporting artifact
mapgenerator_audit,experiments/02_mapgenerator_image_text_audit/outputs/mapgenerator_clip_caption_embedding_scores.csv,.csv,76797,fb5a39ac688d1f5bc43ae4990583f8ca4cd6295b22404bbc5c5454cd0b7b5837,200,metric-level evidence
mapgenerator_audit,experiments/02_mapgenerator_image_text_audit/outputs/mapgenerator_clip_caption_embedding_summary.json,.json,294,421ab6f1c1829d0d6d372440037b51cc0e7af143608c31b66d91f8e76ecfcf0b,,machine-readable summary
mapgenerator_audit,experiments/02_mapgenerator_image_text_audit/outputs/mapgenerator_pairs_audit.csv,.csv,357721,1e85449e09dcb31bca55277600499751aaa8de5bcd04eac89e10bc90be3393d6,850,audit report or ledger
mapgenerator_audit,experiments/02_mapgenerator_image_text_audit/outputs/mapgenerator_proxy_caption_review.csv,.csv,102924,870dd4e44b290d959f4c984612eae7711e1b154efdeec763bc1bf4b515ea962f,200,review/evaluator evidence
mapgenerator_audit,experiments/02_mapgenerator_image_text_audit/outputs/mapgenerator_proxy_caption_review.md,.md,9334,083f3217907eb8c95e9bbc3e62d9c3b0ddb5631c77ad46a5ec3f32edaed1b270,,review/evaluator evidence
mapgenerator_audit,experiments/02_mapgenerator_image_text_audit/outputs/mapgenerator_proxy_caption_review_summary.json,.json,862,c5e5b8e6d0818182e01cc8798cf37c13f118ec405ff1dbeb4b7bb8c1488d7b3f,,machine-readable summary
mapgenerator_audit,experiments/02_mapgenerator_image_text_audit/outputs/mapgenerator_vlm_caption_review_granite3.2-vision_latest.csv,.csv,17304,b6634220f9f5dadfdfd902569cd835a4928f77c4b1d7c1743a41a84e74b79230,20,review/evaluator evidence
mapgenerator_audit,experiments/02_mapgenerator_image_text_audit/outputs/mapgenerator_vlm_caption_review_granite3.2-vision_latest.md,.md,1897,4ff82ef14f0e2022375a44b600823af097039fa430b9459f4a94784a2360d024,,review/evaluator evidence
mapgenerator_audit,experiments/02_mapgenerator_image_text_audit/outputs/mapgenerator_vlm_caption_review_llama3.2-vision_11b.csv,.csv,12794,6a292fe7a8ce1539bad7f4498e531b485e62d2383a82841333e84be2f7c1e55e,20,review/evaluator evidence
mapgenerator_audit,experiments/02_mapgenerator_image_text_audit/outputs/mapgenerator_vlm_caption_review_llama3.2-vision_11b.md,.md,1669,ff108a230e0407d6edda32cd56082dd0b71898732ab05476c8aab8e818e8ae72,,review/evaluator evidence
mapgenerator_audit,experiments/02_mapgenerator_image_text_audit/outputs/mapgenerator_vlm_caption_review_llava-llama3_8b.csv,.csv,16097,3167dcfcf7611adf2c47879b05420bc3c0eee461b343d09cf551a8a18a443612,20,review/evaluator evidence
mapgenerator_audit,experiments/02_mapgenerator_image_text_audit/outputs/mapgenerator_vlm_caption_review_llava-llama3_8b.md,.md,1905,d3547ce4c820e71f1770848a429820750ce9550b297c1153bf16f4051a0a9089,,review/evaluator evidence
mapgenerator_audit,experiments/02_mapgenerator_image_text_audit/outputs/mapgenerator_vlm_caption_review_minicpm-v_latest.csv,.csv,13588,c4e2b371036828c25e98af5e56eb09bccb16b05a89a9d86c892375b356c9c0e3,20,review/evaluator evidence
mapgenerator_audit,experiments/02_mapgenerator_image_text_audit/outputs/mapgenerator_vlm_caption_review_minicpm-v_latest.md,.md,1801,177989b618507344bb07e7ef02145e8b12cae89cf6373403f0d00ec5d48d8a2b,,review/evaluator evidence
mapgenerator_audit,experiments/02_mapgenerator_image_text_audit/outputs/mapgenerator_vlm_caption_review_qwen2.5vl_3b.csv,.csv,21154,4281c71d99b23ac8d0690e53e176759bdfce790f38248e224de554b7f5e59d18,20,review/evaluator evidence
mapgenerator_audit,experiments/02_mapgenerator_image_text_audit/outputs/mapgenerator_vlm_caption_review_qwen2.5vl_3b.md,.md,3738,73410e2edc91b246b820562539a8f74252e78f0d7cc9935c6259ca7ed87fbb40,,review/evaluator evidence
mapgenerator_audit,experiments/02_mapgenerator_image_text_audit/outputs/mapgenerator_vlm_caption_review_qwen3-vl_4b.csv,.csv,6850,f4d93aef6d63272cd3984b64ba9b8e003da57079ca0fa14ade2858ecc2cb4c12,10,review/evaluator evidence
mapgenerator_audit,experiments/02_mapgenerator_image_text_audit/outputs/mapgenerator_vlm_caption_review_qwen3-vl_4b.md,.md,1258,ca066784381f547adf92f36c22ea08782fa7ac9fc56ec14cde0f43e350ed61be,,review/evaluator evidence
mapgenerator_audit,experiments/02_mapgenerator_image_text_audit/outputs/mapgenerator_vlm_caption_review_summary_granite3.2-vision_latest.json,.json,621,aca3fbf224893c4fbdbdcc20d834d7b2ac4f820e4163504623a75196ceaf1529,,machine-readable summary
mapgenerator_audit,experiments/02_mapgenerator_image_text_audit/outputs/mapgenerator_vlm_caption_review_summary_llama3.2-vision_11b.json,.json,572,b66990f654daf35cd40c85abb720ef294156b6942719872a197417db656db935,,machine-readable summary
mapgenerator_audit,experiments/02_mapgenerator_image_text_audit/outputs/mapgenerator_vlm_caption_review_summary_llava-llama3_8b.json,.json,664,d22ed7bf6ebeedbad3b102d1c9bd9078f6b5980ae6586e4cfd30cca3fd807380,,machine-readable summary
mapgenerator_audit,experiments/02_mapgenerator_image_text_audit/outputs/mapgenerator_vlm_caption_review_summary_minicpm-v_latest.json,.json,601,3c3d52c5988e005dfd095280863d6458950f9897161aa790f3e522e268545c65,,machine-readable summary
mapgenerator_audit,experiments/02_mapgenerator_image_text_audit/outputs/mapgenerator_vlm_caption_review_summary_qwen2.5vl_3b.json,.json,617,cba169da33e35daf8cd8efe78ab5d7500b23d76a51c262cf4801ddeb91bce78f,,machine-readable summary
mapgenerator_audit,experiments/02_mapgenerator_image_text_audit/outputs/mapgenerator_vlm_caption_review_summary_qwen3-vl_4b.json,.json,592,58fcf8b8aca3dfbaf66742f78868a1170f23193b5b061661491b822de9666e32,,machine-readable summary
notes,manuscripts/q1_geo_genai_reliability/notes/citation_audit.md,.md,5457,0b08a9da40e89e38ac1b57f6a61a5a5e70d0b6525d7141f7f9f8b12a8908a49f,,audit report or ledger
notes,manuscripts/q1_geo_genai_reliability/notes/citation_metadata_ledger.md,.md,17025,a749c860cdab04e7fdb59ab49352fbd79d5d0de795cc0c3cc15d4f269e88c673,,supporting artifact
notes,manuscripts/q1_geo_genai_reliability/notes/citation_verification_report.md,.md,2679,5dce047adcdae93957deb63729aa4f43a745088132137976e5c3bebdccb48f4b,,supporting artifact
notes,manuscripts/q1_geo_genai_reliability/notes/evidence_map.md,.md,8396,845df3d332e41e370d3825fb3eb8d93bb8ed757f0cd9787d4e2d45040683ebdd,,supporting artifact
notes,manuscripts/q1_geo_genai_reliability/notes/ijgis_author_guidelines_reading_2026_06_24.md,.md,7333,dc192aa4a28c2dd5c0d7160e06a3dc6d536ae031e8852ddb188c323fe08b4224,,supporting artifact
notes,manuscripts/q1_geo_genai_reliability/notes/ijgis_special_issue_abstract.md,.md,3182,ba71dee60086f9e35435c4dfae15d6646f1299c6c6d0872d22a5d34a82a0c091,,supporting artifact
notes,manuscripts/q1_geo_genai_reliability/notes/ijgis_submission_target_pack.md,.md,7298,63cabc2577e527a491e64e3e06e6c523988daaeb25ab7b13a771a864046829d6,,supporting artifact
notes,manuscripts/q1_geo_genai_reliability/notes/journal_target_shortlist_2026_06_24.md,.md,4805,b86895c22eaf0d29b19cf41356af8cea9529f741093a0fcb20fa44418dc5c72c,,supporting artifact
notes,manuscripts/q1_geo_genai_reliability/notes/journal_targeting.md,.md,5339,f58e34bac59f8926a6e0e66576627db0cc45e588c2a58089c379090f690d659f,,supporting artifact
notes,manuscripts/q1_geo_genai_reliability/notes/main_text_compression_plan.md,.md,3522,7eb8e33a6f41dfe2846227524157ef162a5b3bf0c753bf0824d41eb4e97ca5f4,,supporting artifact
notes,manuscripts/q1_geo_genai_reliability/notes/manuscript_consistency_audit.md,.md,2522,246020517df2614c985bb027b755445d31968f38cee6ba1dc73f746ba22b7f58,,audit report or ledger
notes,manuscripts/q1_geo_genai_reliability/notes/manuscript_positioning.md,.md,3619,a419a25c640207bf365795016410d73b0b35726ace9e042804cfaaeb68fb75e4,,supporting artifact
notes,manuscripts/q1_geo_genai_reliability/notes/manuscript_readiness_audit.md,.md,6954,5c55954cb2cf4c121342f8d27a210e3f2c931b046252c51857f57a86aa9c051c,,audit report or ledger
notes,manuscripts/q1_geo_genai_reliability/notes/morning_handoff_2026_06_25.md,.md,4909,18bad940f7a22b955015b02d251f990c391a03d28ff3a2fbd004fe89d4ed4971,,supporting artifact
notes,manuscripts/q1_geo_genai_reliability/notes/page_budget_audit.md,.md,2032,e5aff49d5e8c32b6dc4daaac6d3da2b1c53b1592b813f3aacf69ded10c31e6da,,audit report or ledger
notes,manuscripts/q1_geo_genai_reliability/notes/status_dashboard.md,.md,8368,fff57d0f951cf9de5098f5e8d9c69ccd074e020b0353124f113937cff657eaad,,supporting artifact
notes,manuscripts/q1_geo_genai_reliability/notes/submission_packaging_plan.md,.md,4885,656ca8f9020f01a94bf00a3ba416f13f7990310761b41a683e18019907336454,,supporting artifact
notes,manuscripts/q1_geo_genai_reliability/notes/submission_readiness_checklist.md,.md,6745,931c6b917d5d1bf2176ef487f5ba96b47b5b09555133e244afc72b0217820ce6,,supporting artifact
notes,manuscripts/q1_geo_genai_reliability/notes/vlm_agreement_calibration.md,.md,4005,289e63bf28c916f3f8c1390d421ec87fce6ec4e7fe04041bf9510553901dbee1,,supporting artifact
protocols,manuscripts/q1_geo_genai_reliability/protocols/completion_roadmap.md,.md,11907,0ce040b9b792a7653cae734f09f9b8b8902bd9a61a819db304ef096db93d91c0,,supporting artifact
protocols,manuscripts/q1_geo_genai_reliability/protocols/expanded_choropleth_prompt_set.md,.md,3358,56c7ae539b016e2cd319fc2e9af13962500f271000941cac14eddb72d9c0fa2a,,supporting artifact
protocols,manuscripts/q1_geo_genai_reliability/protocols/full_experimental_program.md,.md,12515,bc033e172d9969e46f14be89cab82fbb012bb36f71c6a0664a1c07aeee801d4a,,supporting artifact
scgm_reproduction,experiments/03_scgm_subset_reproduction/README.md,.md,4217,f0d8757efa8b1aaa736b6aa0d621e71ea54d42b228d757e5e9e110c191025327,,supporting artifact
scgm_reproduction,experiments/03_scgm_subset_reproduction/outputs/scgm_complete_reference_subset_train_first200.csv,.csv,69527,bf8808f69842b98c9f39fee9acbb997eb8f2ef8d04c270390ecef1f636af824a,200,supporting artifact
scgm_reproduction,experiments/03_scgm_subset_reproduction/outputs/scgm_complete_reference_subset_val_first200.csv,.csv,67527,18020604d2ae9971e41dc8566ee19fe081c292c83f812970bacb9ec3fbc7f30b,200,supporting artifact
scgm_reproduction,experiments/03_scgm_subset_reproduction/outputs/scgm_convolutional_filter_ridge_edge_continuity.csv,.csv,1877,249d9806d9cc4222e41dd9adbe32b7f028bffb07a96cc07161c8a4df5059379a,12,supporting artifact
scgm_reproduction,experiments/03_scgm_subset_reproduction/outputs/scgm_convolutional_filter_ridge_metrics.csv,.csv,31603,21a38bcc3a0180ec2ee04be20a0dfca6257c9aee282e803d3b63d80ccf31204a,100,metric-level evidence
scgm_reproduction,experiments/03_scgm_subset_reproduction/outputs/scgm_convolutional_filter_ridge_report.md,.md,1397,1fdd1d3a2324ca9a3e5a0ce1ab25ed5478ad7d9bf41268e81730fff4e316a34d,,supporting artifact
scgm_reproduction,experiments/03_scgm_subset_reproduction/outputs/scgm_convolutional_filter_ridge_summary.json,.json,1018,71e3dd2a0e463761d78378b5c3f8db32466a3a276f635d8befdc3414c65ce946,,machine-readable summary
scgm_reproduction,experiments/03_scgm_subset_reproduction/outputs/scgm_edge_continuity_report.md,.md,882,852d5847337b39645e0f1b850718ce8ab5b8963c675d8f1c5ce4a4ebb680ddec,,supporting artifact
scgm_reproduction,experiments/03_scgm_subset_reproduction/outputs/scgm_edge_continuity_summary.json,.json,733,94af4d6bc4cdaf749992acdb8f02b39007a38afbcbf4f6b9095a3c927c0444ab,,machine-readable summary
scgm_reproduction,experiments/03_scgm_subset_reproduction/outputs/scgm_edge_continuity_val.csv,.csv,10387,824e8677e4d26c2476a04771d044109b80eac90d2c537880ff3cac39783cf2cd,118,supporting artifact
scgm_reproduction,experiments/03_scgm_subset_reproduction/outputs/scgm_learned_forest_edge_continuity.csv,.csv,1661,7a290269598e9d689d7d1c0f40cfa16e487a7cdbf44b3d12af55b94813162968,12,supporting artifact
scgm_reproduction,experiments/03_scgm_subset_reproduction/outputs/scgm_learned_forest_metrics.csv,.csv,30098,5e92e23c34cfcc7803e21c5413f057f3c0a45191075f214a3f5ddf911add22f3,100,metric-level evidence
scgm_reproduction,experiments/03_scgm_subset_reproduction/outputs/scgm_learned_forest_report.md,.md,1414,e1e55a962c7ebed298614c4dc57c9e7a74d9af6c6074489bf332aa089f3f60f6,,supporting artifact
scgm_reproduction,experiments/03_scgm_subset_reproduction/outputs/scgm_learned_forest_summary.json,.json,1011,07948971cb62096db07e95f004686cf9241a3c7df14d736e687afbaaf0d6960d,,machine-readable summary
scgm_reproduction,experiments/03_scgm_subset_reproduction/outputs/scgm_local_context_ridge_edge_continuity.csv,.csv,1844,e966d5912772fa993bf9ac916c43d845ddce6526e4bb27605a343924dfb658fe,12,supporting artifact
scgm_reproduction,experiments/03_scgm_subset_reproduction/outputs/scgm_local_context_ridge_metrics.csv,.csv,31101,6958e43efcf1fe7ce8376d3b863a5a40fbeb288dc43f04ef59c7412e390b3883,100,metric-level evidence
scgm_reproduction,experiments/03_scgm_subset_reproduction/outputs/scgm_local_context_ridge_report.md,.md,1439,8635284c4b9c5dcb03bd336af53edb4f38a18e913133031e10ec7fe9a2511e74,,supporting artifact
scgm_reproduction,experiments/03_scgm_subset_reproduction/outputs/scgm_local_context_ridge_summary.json,.json,1007,6040ecfb8d1861bc77f0c1e73745afceabb55d03cfcb712708a07fbd85bd15b7,,machine-readable summary
scgm_reproduction,experiments/03_scgm_subset_reproduction/outputs/scgm_manifest_report.md,.md,1324,4f312b03e48ae387ce20ceb313fdcf8346e7e5c705614cc0a0514831e817e7e7,,reproducibility manifest
scgm_reproduction,experiments/03_scgm_subset_reproduction/outputs/scgm_mlp_edge_continuity.csv,.csv,1269,8d9973c5e1d721b590692982e00f8cdba898439ca06c9df01927565f4015c68f,12,supporting artifact
scgm_reproduction,experiments/03_scgm_subset_reproduction/outputs/scgm_mlp_metrics.csv,.csv,27897,9bcd5a8f1921f970b81454c942c595affb69ab9ae13cfff17633de0db90cdd88,100,metric-level evidence
scgm_reproduction,experiments/03_scgm_subset_reproduction/outputs/scgm_mlp_report.md,.md,1459,facff1e5d2c2af2b776469c63ed2beb1445eb77b2eb33aed8731ac5b1effa0f3,,supporting artifact
scgm_reproduction,experiments/03_scgm_subset_reproduction/outputs/scgm_mlp_summary.json,.json,1109,a1906b5f22b023406e7859f4d62b8d3f5cb242c01bc8b1e4364deb5fde19aa28,,machine-readable summary
scgm_reproduction,experiments/03_scgm_subset_reproduction/outputs/scgm_mosaic_neighbor_stress_pairs.csv,.csv,31564,69374dd82206fe9be418119d8d67d13108d3d489edbe5507a5514f64f72f9e74,96,supporting artifact
scgm_reproduction,experiments/03_scgm_subset_reproduction/outputs/scgm_mosaic_neighbor_stress_report.md,.md,1939,666179c9d891ff2fda3bbba03235f07c883f7a8bc48d13b97b905be492bfe760,,supporting artifact
scgm_reproduction,experiments/03_scgm_subset_reproduction/outputs/scgm_mosaic_neighbor_stress_summary.json,.json,5070,1dbf713b7d65d6728168de9980fa5bc5119553d78cb53e6ba8db250263ae69c9,,machine-readable summary
scgm_reproduction,experiments/03_scgm_subset_reproduction/outputs/scgm_multifeature_retrieval_edge_continuity.csv,.csv,1957,4e1f962ac25d8793c73f8ea313b62a4f2ce738518a92cf82f7789ffab1b9c9ef,12,supporting artifact
scgm_reproduction,experiments/03_scgm_subset_reproduction/outputs/scgm_multifeature_retrieval_metrics.csv,.csv,34440,6f56e45ed2c7637650a6a8ecabca1a71e47e3ff00860a108ac8dfd657dc29f02,100,metric-level evidence
scgm_reproduction,experiments/03_scgm_subset_reproduction/outputs/scgm_multifeature_retrieval_report.md,.md,881,db46b221b216d342ffc71586ffed32aa512e34caa84f61d2a690e8038b3066b5,,supporting artifact
scgm_reproduction,experiments/03_scgm_subset_reproduction/outputs/scgm_multifeature_retrieval_summary.json,.json,592,a44bfffdc54ef906a1d53f3256d334b678aa944e95a85a457cc2b57e30925b02,,machine-readable summary
scgm_reproduction,experiments/03_scgm_subset_reproduction/outputs/scgm_patch_embedding_retrieval_edge_continuity.csv,.csv,2066,5561190d9a031498c49764b2d810fc648a6b00992178753a982059a4ced91505,12,supporting artifact
scgm_reproduction,experiments/03_scgm_subset_reproduction/outputs/scgm_patch_embedding_retrieval_metrics.csv,.csv,32922,c17f7a6581988be827f2f8a6588def6fe3ce15dab8649715d9dfeb63eb365ea4,100,metric-level evidence
scgm_reproduction,experiments/03_scgm_subset_reproduction/outputs/scgm_patch_embedding_retrieval_report.md,.md,1360,275fdc9bfbb0450cf4da6b4afe2b3017c7d907d7f98323940400b89b7047822e,,supporting artifact
scgm_reproduction,experiments/03_scgm_subset_reproduction/outputs/scgm_patch_embedding_retrieval_summary.json,.json,1017,b8df131aa201bdd0ef82c52802227f1d9c3c0a77a86bb61945ad049e99d3e450,,machine-readable summary
scgm_reproduction,experiments/03_scgm_subset_reproduction/outputs/scgm_retrieval_baseline_edge_continuity.csv,.csv,1489,abe9689e0b24e8176d32503667467ab9a3fff7f1cd2bc2608a239c97c1e95043,12,supporting artifact
scgm_reproduction,experiments/03_scgm_subset_reproduction/outputs/scgm_retrieval_baseline_metrics.csv,.csv,32734,1556b32f4149657d2470844fd00b8a998d9381add4eaf013782370de9b43f66b,100,metric-level evidence
scgm_reproduction,experiments/03_scgm_subset_reproduction/outputs/scgm_retrieval_baseline_report.md,.md,1183,13c37680f8e6b971ae64fdeef5d537080d139c54bc57eac0ec6d4ad4dcc768c3,,supporting artifact
scgm_reproduction,experiments/03_scgm_subset_reproduction/outputs/scgm_retrieval_baseline_summary.json,.json,593,f3e967fbd400a62b38d4d7c0bbc56efa6551efa83d9beb774b552d038e8fe0a2,,machine-readable summary
scgm_reproduction,experiments/03_scgm_subset_reproduction/outputs/scgm_split_summary.json,.json,819,4e5cfc65be210866e5718f32d7dde2ba7fb64c3b02f642a68baa4ff1a9eb0253,,machine-readable summary
scgm_reproduction,experiments/03_scgm_subset_reproduction/outputs/scgm_subset_manifest_train_first200.csv,.csv,38727,2d5c9ca6a9c440848fae2509462a28bc0e52fcfb6fd6ea4ebb5c89bf6b5b4a9f,200,reproducibility manifest
scgm_reproduction,experiments/03_scgm_subset_reproduction/outputs/scgm_subset_manifest_val_first200.csv,.csv,37527,b04763b00a51d75a09492a543a5be97d9fdfaf5f75dd702d53b8ca6344678ae0,200,reproducibility manifest
scgm_reproduction,experiments/03_scgm_subset_reproduction/outputs/scgm_tiny_cnn_edge_continuity.csv,.csv,1451,eab24570527b9c247f98275951355b6888492d10298190fc6dc1d960a0201330,12,supporting artifact
scgm_reproduction,experiments/03_scgm_subset_reproduction/outputs/scgm_tiny_cnn_metrics.csv,.csv,28898,9162eaf2a72a0f001d087774e34f76e848cbdc50b893db46f5b25fbc33a6ca98,100,metric-level evidence
scgm_reproduction,experiments/03_scgm_subset_reproduction/outputs/scgm_tiny_cnn_report.md,.md,1329,d6d13888b7a3f492988a4b0bc2846594d10bc830ce395c124be51a4ce1827420,,supporting artifact
scgm_reproduction,experiments/03_scgm_subset_reproduction/outputs/scgm_tiny_cnn_summary.json,.json,1380,ee4473ded216cd1f8410a08d4ff5a58a9bc6a78200cc5b42ee4e8ef95191b236,,machine-readable summary
scripts,manuscripts/q1_geo_genai_reliability/scripts/audit_citations.py,.py,9085,f9b1308c596cbb0a2e74f567778f6d3c8c3b3109d6a91c9ffd054b6846eeeb60,,audit report or ledger
scripts,manuscripts/q1_geo_genai_reliability/scripts/audit_manuscript_consistency.py,.py,12459,9b94ce3ce3321897bf6df23c6cec0a1e3da8d766c249886390bca5af720cad56,,audit report or ledger
scripts,manuscripts/q1_geo_genai_reliability/scripts/audit_manuscript_readiness.py,.py,53105,81165f463ba1371d466745eed63a671dcea9f862b0ab58cede60180e47fa1eb6,,audit report or ledger
scripts,manuscripts/q1_geo_genai_reliability/scripts/build_claim_evidence_crosswalk.py,.py,8093,8bff0e95c27a2a0133ee7e8302ddf07917cff8f98ac1c52601b157ed9591606c,,rebuild script
scripts,manuscripts/q1_geo_genai_reliability/scripts/build_compact_main_manuscript.py,.py,64626,a35175efd4eaf85392f27135398c4e5db10c06b58c2bf59346e2d19bc38fc4f2,,rebuild script
scripts,manuscripts/q1_geo_genai_reliability/scripts/build_cross_paradigm_reliability_matrix.py,.py,13643,72d9e9c025e9d0857c8a87b5892a8d3abf415b315471e37a2fdb6a6d2b1b96b5,,rebuild script
scripts,manuscripts/q1_geo_genai_reliability/scripts/build_evaluator_adjudication.py,.py,11130,de969aa9dc7309f0d32b592cd2fc1086c6c35fc47daaaa2666fdc9b2e7ca4a44,,rebuild script
scripts,manuscripts/q1_geo_genai_reliability/scripts/build_goal_completion_audit.py,.py,14927,4e9547203c4dbefe57d2a807b617d6fff50136a0940e71fbd0b9a6c28efcca19,,audit report or ledger
scripts,manuscripts/q1_geo_genai_reliability/scripts/build_human_validation_adjudication_queue.py,.py,10779,5437afbc0ba9553494c40d49ab90926b678c758551c0077625dc71c705a5b194,,rebuild script
scripts,manuscripts/q1_geo_genai_reliability/scripts/build_human_validation_final_summary.py,.py,7419,2633f9f0266db84bd01b57e5f1ce9ef89699e27def7a088e0549a20304cfe259,,rebuild script
scripts,manuscripts/q1_geo_genai_reliability/scripts/build_human_validation_panels.py,.py,41230,849ecbb8854b3e4bad36eff803f19ee05bb7dba295c1f8f2263875ce1846853c,,rebuild script
scripts,manuscripts/q1_geo_genai_reliability/scripts/build_journal_style_preflight.py,.py,11750,14ede54f48f90016ddfb8c53d7b92d0655a3facc38b1326ae0584fa6fd9b59a5,,rebuild script
scripts,manuscripts/q1_geo_genai_reliability/scripts/build_journal_target_recheck.py,.py,6075,fd4cc5a7c57271f49159d5449d04b554d3a289ccb94db76948a017bcda6381d1,,rebuild script
scripts,manuscripts/q1_geo_genai_reliability/scripts/build_latex_submission.py,.py,24486,d4dc680d4a043bce1205c5282746e2dba0ebb2e54a8fe578f23f125170239c29,,rebuild script
scripts,manuscripts/q1_geo_genai_reliability/scripts/build_main_text_compression_plan.py,.py,9201,9923e9e63918768323a9b4f6eb87b56e4a685e4a3f24e26bc47cd1aca0118e0e,,rebuild script
scripts,manuscripts/q1_geo_genai_reliability/scripts/build_multijudge_consensus.py,.py,12330,b995a85bc45dfbc38a064fd5eb0f3c9fe5d698512d9449719430521dafc596f1,,rebuild script
scripts,manuscripts/q1_geo_genai_reliability/scripts/build_page_budget.py,.py,7721,81a54b5b3f9be60a83f08b382db72378d4193aff4d44f2236a5015d29d5ac654,,rebuild script
scripts,manuscripts/q1_geo_genai_reliability/scripts/build_public_release_skeleton.py,.py,13531,d5b1595739416ff01919be91b11fcecbba5c9e68fc4b1b46c2d8cda727d19e95,,rebuild script
scripts,manuscripts/q1_geo_genai_reliability/scripts/build_q1_submission_gate_tracker.py,.py,10673,68dceea1fc0605d4f2226d7c50a378da9bece374aefd54f002df84f87dfc7da5,,rebuild script
scripts,manuscripts/q1_geo_genai_reliability/scripts/build_release_license_audit.py,.py,10988,d057d0851052d9005dd5500ab69aee13b4359f40a6909dee3959771b83f610f1,,audit report or ledger
scripts,manuscripts/q1_geo_genai_reliability/scripts/build_release_preflight.py,.py,16013,95511aae640f24782d649f3f0ebed981af0a11c6bb185c34e5487189dada0fe3,,rebuild script
scripts,manuscripts/q1_geo_genai_reliability/scripts/build_repair_model_suite.py,.py,8465,f0e7d46b2d9aa23e55f8f34f2e51bd1eb69907358586e4331d0edddac33ccfef,,rebuild script
scripts,manuscripts/q1_geo_genai_reliability/scripts/build_reproducibility_manifest.py,.py,6904,2ace15525d193303ec82e47424bd88fdf7cdb0db65695fab0d87361e775048ec,,reproducibility manifest
scripts,manuscripts/q1_geo_genai_reliability/scripts/build_reproduction_runbook.py,.py,18686,6232c43e3263c4b37be504532f72c9f8264672aa5230474439136d734a71ee00,,rebuild script
scripts,manuscripts/q1_geo_genai_reliability/scripts/build_reviewer_prebuttal_audit.py,.py,9280,cef0d2bf1a7b78f194f51a1c509b50f2fddb966e64f9dba2187bf1cd79fb5fdd,,audit report or ledger
scripts,manuscripts/q1_geo_genai_reliability/scripts/build_rq_evidence_map.py,.py,12833,2b45294c9e7b05a03e90628e18ffac8a9283145cd6d9d8130b334ab5c886f6a3,,rebuild script
scripts,manuscripts/q1_geo_genai_reliability/scripts/build_scgm_official_feasibility_probe.py,.py,12755,0a5f008737b287996f0275cf8074fc2fbfb93d1c6201459bf49de671e09de2c0,,rebuild script
scripts,manuscripts/q1_geo_genai_reliability/scripts/build_scgm_official_local_overrides.py,.py,7602,82a9a9415bd3cfccc54a47dbe520822ce03528fcc6f350a329dbd44f7ae9839a,,rebuild script
scripts,manuscripts/q1_geo_genai_reliability/scripts/build_scgm_official_reproduction_audit.py,.py,12298,b43fa84465dde7b12c3fb00ec8556f6753cf11b30e49b12c3ecff138a92d0e72,,audit report or ledger
scripts,manuscripts/q1_geo_genai_reliability/scripts/build_scgm_official_reproduction_contract.py,.py,12332,cd33ec3a033e602eb17121eab477c6e4c5adab6fc4a4e1b4fa5045e57f1e24ee,,rebuild script
scripts,manuscripts/q1_geo_genai_reliability/scripts/build_submission_abstract_pack.py,.py,10992,44627eec4cbce7beef970bdcd3a51addff50bf2859390b3c271c70a1fce7e185,,rebuild script
scripts,manuscripts/q1_geo_genai_reliability/scripts/build_submission_package.py,.py,33358,d28876d6ff430369fb22e165d0ccd3dc457afb240cf5dedfd2a549dc530f5a9a,,rebuild script
scripts,manuscripts/q1_geo_genai_reliability/scripts/build_vlm_judge_robustness_audit.py,.py,6195,e0c6ca80502f225afa5aebbc1dd7fc5dd287eab450cd058f80a9d7c0ad3e0475,,audit report or ledger
scripts,manuscripts/q1_geo_genai_reliability/scripts/export_citations.py,.py,5943,88d597478b6d676cd9627b9956e4028a9f8df8737ee8acf3646d416a811e408d,,rebuild script
scripts,manuscripts/q1_geo_genai_reliability/scripts/make_figures.py,.py,7068,ed47a4676c18cc3e2a0fef6662b6d2da099a943445aa5fea2a7343277afe6113,,rebuild script
scripts,manuscripts/q1_geo_genai_reliability/scripts/preflight_zenodo_release.py,.py,7213,811000798472009ab7f10f9a713249a492bd7fa4771d1c5c33db4def25b4048b,,rebuild script
scripts,manuscripts/q1_geo_genai_reliability/scripts/stage_zenodo_release.py,.py,10056,d47a1e6cb17b46376c93fc49622d5322b7169ae947c4909c70cc61bf91b7e942,,rebuild script
scripts,manuscripts/q1_geo_genai_reliability/scripts/summarize_human_validation.py,.py,8531,46323fee870877e135a3a4f511af3a820f1f34c4d308a5146f9c8f58cfc12a70,,rebuild script
scripts,manuscripts/q1_geo_genai_reliability/scripts/synthesize_tables.py,.py,50600,e65ff031b76577892320f6e0eff1e18608ca8519dacc1c4c60a7623ce6682c3d,,rebuild script
scripts,manuscripts/q1_geo_genai_reliability/scripts/validate_human_validation_packets.py,.py,10002,5715fdaa033c099300853424cd7d1917e3d432ab2d9ef3b871dd1a129425de25,,rebuild script
scripts,manuscripts/q1_geo_genai_reliability/scripts/verify_citation_metadata.py,.py,14770,c4002c347aebfb77718c13280587895880d44762ab1f10a896988a55b55e0b60,,rebuild script
scripts,manuscripts/q1_geo_genai_reliability/scripts/write_status_dashboard.py,.py,33474,8a7747b22693a9f0cfe2bfb12a52f07fe3420d81ff45d704ffa9959226e97342,,rebuild script
submission,manuscripts/q1_geo_genai_reliability/submission/DATA_SOURCES.md,.md,4721,70f5702fdee3ff4bb84118753484d3e2c30586b5701bb7d0298d9434d8114703,,supporting artifact
submission,manuscripts/q1_geo_genai_reliability/submission/blinded_compact_main_manuscript.md,.md,53338,7cd08203113deb0b60326bbb9e02231790ada7dcb5f6f1d8eee8c7f1c85b652d,,supporting artifact
submission,manuscripts/q1_geo_genai_reliability/submission/blinded_main_manuscript.md,.md,85845,d1370761ed0251616f44b1009fa676a64fc9ec56aded9ef886aa6b00fc97ad10,,supporting artifact
submission,manuscripts/q1_geo_genai_reliability/submission/citation_metadata.csv,.csv,16240,c61a6f9c64c5f18743e9374bafb1467c7b932276b1c458686554e269f81c4c06,39,supporting artifact
submission,manuscripts/q1_geo_genai_reliability/submission/citation_verification_report.csv,.csv,7817,24cd2e5e6a605be077e0a1ca13241bc53f4d79ad796caa618043742987403653,14,supporting artifact
submission,manuscripts/q1_geo_genai_reliability/submission/compact_main_display_plan.csv,.csv,5441,8cf977fffa21c0efe7ddcc71df81501a9f28e43fb3e92e00ec578602387d4951,42,supporting artifact
submission,manuscripts/q1_geo_genai_reliability/submission/compact_main_manuscript.md,.md,53269,41ba926db9cdae1341c068375d40eb1497f824892f6ef9eb6fd2d6684c662a8d,,supporting artifact
submission,manuscripts/q1_geo_genai_reliability/submission/cover_letter_skeleton.md,.md,1160,e157d55eac78fc40f57322835f99be9845edc3849e426f0316cbecff8473848b,,supporting artifact
submission,manuscripts/q1_geo_genai_reliability/submission/environment_minimal.yml,.yml,279,0ff1f482d69e90e86fd0f0046afa70185b69d49e25c7b2797ee06bd78a6e21ac,,supporting artifact
submission,manuscripts/q1_geo_genai_reliability/submission/environment_optional_embedding.yml,.yml,179,cefae8731ca864fba360dd3339d91bedcb53cee95e5402e5fc81a4f06d6d1439,,supporting artifact
submission,manuscripts/q1_geo_genai_reliability/submission/ijgis_compliance_checklist.md,.md,5048,da78ea185be5c013915ece188c1c3320d5ddc23c2afcbdf0905ab5a432115c4f,,supporting artifact
submission,manuscripts/q1_geo_genai_reliability/submission/journal_target_recheck_2026-06-24.md,.md,5521,97c5fff50968774ff185cfe4e02034199cfd49a9f5c697ec1968e2dc4118ff01,,supporting artifact
submission,manuscripts/q1_geo_genai_reliability/submission/main_supplement_split.csv,.csv,5604,d0bde97a7b392ff77386efa2cd327da58bce9e4c6406495adcfe01bd6521e8cb,42,supporting artifact
submission,manuscripts/q1_geo_genai_reliability/submission/main_text_compression_plan.md,.md,3522,7eb8e33a6f41dfe2846227524157ef162a5b3bf0c753bf0824d41eb4e97ca5f4,,supporting artifact
submission,manuscripts/q1_geo_genai_reliability/submission/main_text_word_budget.csv,.csv,1224,35b35508eed24db6a35c522a21d021aa459a61f2c5de669eea63d84628054946,17,supporting artifact
submission,manuscripts/q1_geo_genai_reliability/submission/nonblinded_metadata_placeholder.md,.md,712,0ca094bc4a39fc4612b4b338c7854e3bce5b48db9de6e98f0f93af93977bdefc,,supporting artifact
submission,manuscripts/q1_geo_genai_reliability/submission/references.bib,.bib,18585,c0f908962da71cd405f6ac9657fc96cf3ddbe5fa46347f8575e03f70da0f36cf,,supporting artifact
submission,manuscripts/q1_geo_genai_reliability/submission/reproducibility_release_plan.md,.md,5839,3c2f508fc785a47c30661b6890b33da29f31de04c012f007831f498b0329ea45,,supporting artifact
submission,manuscripts/q1_geo_genai_reliability/submission/reproduction_runbook.md,.md,12369,88998462bfa01279158c22c89a318a6ec7efe7a2b30928f80ef0b26b365cffb4,,supporting artifact
submission,manuscripts/q1_geo_genai_reliability/submission/reproduction_runbook_commands.csv,.csv,10626,5257fdd22f1aa4cfb3a1746a5867f7fc7c724fda75ae67f5ca77d730d89f2fa1,26,supporting artifact
submission,manuscripts/q1_geo_genai_reliability/submission/submission_abstract_fields.csv,.csv,6485,6abce4c2f4d84ed17e5143572cebccd2852e9fc543c54a1a71ce2fa33103faf6,8,supporting artifact
submission,manuscripts/q1_geo_genai_reliability/submission/submission_abstract_pack.md,.md,7429,e9b0837b75afc3c3bb5a3273d391c63713555a15ddd8d36b808c0c021c64a51e,,supporting artifact
submission,manuscripts/q1_geo_genai_reliability/submission/supplementary_material_manifest.md,.md,8071,690a6f542406f464ccefadb85d5881536a9395ceb07643bf67dd0cf51f82de3b,,reproducibility manifest
submission_nested,manuscripts/q1_geo_genai_reliability/submission/claim_evidence_crosswalk/claim_evidence_crosswalk.csv,.csv,4115,62d574bcd4a9747ce214b828bf2e482410bafaeed541cfe2cd7ed958898ccf9b,7,supporting artifact
submission_nested,manuscripts/q1_geo_genai_reliability/submission/claim_evidence_crosswalk/claim_evidence_crosswalk.md,.md,3844,0eef78082d0fead3eef414f4e1a8df75fb2392cdb3715d5afb53f3f008a2bb5e,,supporting artifact
submission_nested,manuscripts/q1_geo_genai_reliability/submission/cross_paradigm/cross_paradigm_reliability_matrix.csv,.csv,5268,05b2246919f60605692c8ce2821921fd9cffff51940e6458c61b65cb5195e1a5,21,supporting artifact
submission_nested,manuscripts/q1_geo_genai_reliability/submission/cross_paradigm/cross_paradigm_reliability_matrix.md,.md,6475,48a547ca776f975b9fe8d99605128dd02499816dac3f82363b7b3250aacd357b,,supporting artifact
submission_nested,manuscripts/q1_geo_genai_reliability/submission/cross_paradigm/cross_paradigm_reliability_summary.csv,.csv,196,17ed4406f50a23050dcdaa7b8a7ef767d052d4ccf06d322fc41884473c0cf40b,3,machine-readable summary
submission_nested,manuscripts/q1_geo_genai_reliability/submission/evaluator_reliability/choropleth_multijudge_consensus.csv,.csv,9141,e4c1e38f626632656cd91625c44eeb0b6e70dca312080bb45d64c158b4e01303,18,supporting artifact
submission_nested,manuscripts/q1_geo_genai_reliability/submission/evaluator_reliability/mapgenerator_multijudge_consensus.csv,.csv,5230,18c08f77b24d2bfe4e694b575e37d24c71e2ed73e5144b37c1b02354b901d6cb,20,supporting artifact
submission_nested,manuscripts/q1_geo_genai_reliability/submission/evaluator_reliability/multijudge_consensus_report.md,.md,984,b6f1d8114c8b873f3e7fe30bc4cb4def6bda9f3259e0fc5e7c4f0300fd0ce5e6,,supporting artifact
submission_nested,manuscripts/q1_geo_genai_reliability/submission/evaluator_reliability/multijudge_consensus_summary.csv,.csv,471,3da96ffebf587c527a46188b7ced21e285353ee1114af4fb9053162a571f092e,2,machine-readable summary
submission_nested,manuscripts/q1_geo_genai_reliability/submission/evaluator_reliability/vlm_judge_robustness_audit.csv,.csv,2086,a42bc847d4c627ca9910eb6312072262a36b137f615e6044dffd70387a18edb7,9,audit report or ledger
submission_nested,manuscripts/q1_geo_genai_reliability/submission/evaluator_reliability/vlm_judge_robustness_audit.md,.md,2168,27de75f36162be16ed6fc2edb8474421524b86e0e28125949779b1cb1ddf81a5,,audit report or ledger
submission_nested,manuscripts/q1_geo_genai_reliability/submission/evidence_map/goal_completion_audit.csv,.csv,4032,a6cc918a5fcb884444ffce1ae4d9a82148e3e9c8707f9a619843ddfa25f3522d,9,audit report or ledger
submission_nested,manuscripts/q1_geo_genai_reliability/submission/evidence_map/goal_completion_audit.md,.md,3485,e965f014c4fa7843173e43bbc2c1eaf237522791465804088eb6000d0ec568e6,,audit report or ledger
submission_nested,manuscripts/q1_geo_genai_reliability/submission/evidence_map/objective_completion_audit.csv,.csv,1688,997315ddaf3c40088f2e36852bed713090930284440a6a35f6370fd1fb20eafd,7,audit report or ledger
submission_nested,manuscripts/q1_geo_genai_reliability/submission/evidence_map/rq_evidence_map.csv,.csv,3342,9790132b0af1491cdf357b296e28bf7d2caf45c9ac3f8a3104820d89b851f394,5,supporting artifact
submission_nested,manuscripts/q1_geo_genai_reliability/submission/evidence_map/rq_evidence_map.md,.md,3515,477e8d6d3bbb53af095c80f318c269a5701929c2f7ba9a39ba7d44ceb36030dc,,supporting artifact
submission_nested,manuscripts/q1_geo_genai_reliability/submission/human_validation_panels/annotator_packets/annotator_A_assignment_sheet.csv,.csv,17261,efba57b7c0310faee900a5f8dd637f6331f6641963ba8d7c34db3cbb9f13b728,38,supporting artifact
submission_nested,manuscripts/q1_geo_genai_reliability/submission/human_validation_panels/annotator_packets/annotator_B_assignment_sheet.csv,.csv,17261,9a062c701da9fa73032f7e51bca62c79ec80f41687d7079d2452756ca55a872d,38,supporting artifact
submission_nested,manuscripts/q1_geo_genai_reliability/submission/human_validation_panels/annotator_packets/choropleth_cartographic_quality_A_completed.csv,.csv,4263,289abb01e44fdf9781023f151c2e36650aee0f76ce39f039c37c58abb1109a03,18,supporting artifact
submission_nested,manuscripts/q1_geo_genai_reliability/submission/human_validation_panels/annotator_packets/choropleth_cartographic_quality_B_completed.csv,.csv,4263,289abb01e44fdf9781023f151c2e36650aee0f76ce39f039c37c58abb1109a03,18,supporting artifact
submission_nested,manuscripts/q1_geo_genai_reliability/submission/human_validation_panels/annotator_packets/mapgenerator_caption_fidelity_A_completed.csv,.csv,7672,307ed1094e1d57437376ff46b737aae5756f165e574a1113df25686f0499058a,20,supporting artifact
submission_nested,manuscripts/q1_geo_genai_reliability/submission/human_validation_panels/annotator_packets/mapgenerator_caption_fidelity_B_completed.csv,.csv,7672,307ed1094e1d57437376ff46b737aae5756f165e574a1113df25686f0499058a,20,supporting artifact
submission_nested,manuscripts/q1_geo_genai_reliability/submission/human_validation_panels/choropleth_cartographic_blind_panel.csv,.csv,4263,289abb01e44fdf9781023f151c2e36650aee0f76ce39f039c37c58abb1109a03,18,supporting artifact
submission_nested,manuscripts/q1_geo_genai_reliability/submission/human_validation_panels/choropleth_cartographic_gallery.html,.html,15205,4a4345b8a2f43c8c3ac90d56c4ae87c2edb1b3e1d119ae42542f6b44795f7e81,,supporting artifact
submission_nested,manuscripts/q1_geo_genai_reliability/submission/human_validation_panels/choropleth_cartographic_human_panel.csv,.csv,10366,0019afc2f3d8ebb41568e88df58e412cc733c3dc9d39c01594566f6ab76bb405,18,supporting artifact
submission_nested,manuscripts/q1_geo_genai_reliability/submission/human_validation_panels/human_validation_acceptance_criteria.csv,.csv,2109,e09e57031f37cc6e0d41645193321132f02544ba39b14ab42d378a0372458c1e,7,supporting artifact
submission_nested,manuscripts/q1_geo_genai_reliability/submission/human_validation_panels/human_validation_agreement_template.csv,.csv,2976,59656be6e1de42ad1c3247c76b7d9d7200495c04a1d46ccc6162595120b028a0,38,supporting artifact
submission_nested,manuscripts/q1_geo_genai_reliability/submission/human_validation_panels/human_validation_annotator_packet_manifest.csv,.csv,985,84d3d8e4fa7a2f1fb3776955b9ae06fefbfb2bf1837b40c88dcd4d6dc72eaa2e,6,reproducibility manifest
submission_nested,manuscripts/q1_geo_genai_reliability/submission/human_validation_panels/human_validation_assignment_sheet.csv,.csv,34406,752646c297fd5a6705c564344722d80f704a58dc2a8d1c5c926387987c5b152b,76,supporting artifact
submission_nested,manuscripts/q1_geo_genai_reliability/submission/human_validation_panels/human_validation_execution_plan.md,.md,2038,7fabfe8e40ac892cfc12c879904e8d99e7815ab53c1868844aa9f640f0afa7e6,,supporting artifact
submission_nested,manuscripts/q1_geo_genai_reliability/submission/human_validation_panels/human_validation_file_contract.csv,.csv,1147,348ccad1168f1ea9b7fce18164fbb43c06ff1685970da9890ba97db14aeb9d39,3,supporting artifact
submission_nested,manuscripts/q1_geo_genai_reliability/submission/human_validation_panels/human_validation_gallery_index.csv,.csv,15460,ff74c0c412b8e55590fe3af2321649a2d4ee123c3602e2116d69e80b27ff5b3d,38,supporting artifact
submission_nested,manuscripts/q1_geo_genai_reliability/submission/human_validation_panels/human_validation_packet_readme.md,.md,2550,518bf5c22f6b82c7836d841c673bfccaf5a5bfe8089bd3964d235768ff404566,,supporting artifact
submission_nested,manuscripts/q1_geo_genai_reliability/submission/human_validation_panels/human_validation_priority_queue.csv,.csv,16923,db5798c3b721bb6f0343dad19735b5197f110182a5419c6379ae8df0c6549285,38,supporting artifact
submission_nested,manuscripts/q1_geo_genai_reliability/submission/human_validation_panels/human_validation_protocol.md,.md,1888,eb673b9a1868d8bf886f39256dcd11edb9f474d66885745d3178dfb8d08a340c,,supporting artifact
submission_nested,manuscripts/q1_geo_genai_reliability/submission/human_validation_panels/human_validation_rubric.json,.json,2076,1e71a6089eaa87d20c0decc6ca9ff76dfd932d709aa7588ef5950e41e87a6b33,,supporting artifact
submission_nested,manuscripts/q1_geo_genai_reliability/submission/human_validation_panels/mapgenerator_caption_blind_panel.csv,.csv,7672,307ed1094e1d57437376ff46b737aae5756f165e574a1113df25686f0499058a,20,supporting artifact
submission_nested,manuscripts/q1_geo_genai_reliability/submission/human_validation_panels/mapgenerator_caption_gallery.html,.html,17145,26a570f56e2ec80c87e18b07550415a2574ae8b7d3d8d2f682c7035c15a0c90a,,supporting artifact
submission_nested,manuscripts/q1_geo_genai_reliability/submission/human_validation_panels/mapgenerator_caption_human_panel.csv,.csv,10618,744bfced23faf810936c75c2109275968ed479371635c56394018a833131b32e,20,supporting artifact
submission_nested,manuscripts/q1_geo_genai_reliability/submission/human_validation_panels/preflight/human_validation_packet_preflight.csv,.csv,1014,a43b0a2c8953b3d8751f7143e6f60b1e71c41dc583ff67e29c5accd3307c6d79,4,supporting artifact
submission_nested,manuscripts/q1_geo_genai_reliability/submission/human_validation_panels/preflight/human_validation_packet_preflight.md,.md,1425,bb0a6c87a7bd750c8040ab7a5ad770455025761b0097364a9e1d60e9d229a038,,supporting artifact
submission_nested,manuscripts/q1_geo_genai_reliability/submission/human_validation_panels/summaries/choropleth_evaluator_adjudication_ledger.csv,.csv,7773,5e9aa0d7ba61dea96cb18928ff65684f40b2ef193da6e93d7a2f328750fa983e,18,supporting artifact
submission_nested,manuscripts/q1_geo_genai_reliability/submission/human_validation_panels/summaries/choropleth_human_label_summary.csv,.csv,100,8ac152f228a40925bdafb45b142d194a31e9e3a519bf66d0378967f213434b74,0,machine-readable summary
submission_nested,manuscripts/q1_geo_genai_reliability/submission/human_validation_panels/summaries/evaluator_adjudication_summary.csv,.csv,395,c0148cef2db6832f9b32a9e748d6b39cd88cbf012568267f30380bfafc37d3f1,2,machine-readable summary
submission_nested,manuscripts/q1_geo_genai_reliability/submission/human_validation_panels/summaries/evaluator_adjudication_summary.md,.md,1039,50a6bbf2ced60e9632e101444588333a3b8a1dbd0a76b48c0a8f89d787e0ba28,,supporting artifact
submission_nested,manuscripts/q1_geo_genai_reliability/submission/human_validation_panels/summaries/human_validation_adjudication_queue.csv,.csv,3508,39e76a626e541f0f43b33c35b2ba2ca460cd317ca2d9a5d7e9a0ed6bff348e55,38,supporting artifact
submission_nested,manuscripts/q1_geo_genai_reliability/submission/human_validation_panels/summaries/human_validation_adjudication_queue.md,.md,866,6c4807bc6e0ea54631cbf6a46a2b708f72f22ba8258bbcfed235cd7e6d677ab0,,supporting artifact
submission_nested,manuscripts/q1_geo_genai_reliability/submission/human_validation_panels/summaries/human_validation_adjudication_summary.csv,.csv,329,a7113e32ad3cb836ebb943a3a89c8654ff9056aabb1b1113ea3dbaf0266b27a0,2,machine-readable summary
submission_nested,manuscripts/q1_geo_genai_reliability/submission/human_validation_panels/summaries/human_validation_final_label_ledger.csv,.csv,3472,ac13a4224207a15e16daf04a3dccee3b11c845bc35cc802dabcc3ffc714b1ebc,38,supporting artifact
submission_nested,manuscripts/q1_geo_genai_reliability/submission/human_validation_panels/summaries/human_validation_final_label_summary.csv,.csv,267,a6955bac49c9acca8d02720e90054df827fa8057e7c59fb5c6ba65fb80c04a3e,2,machine-readable summary
submission_nested,manuscripts/q1_geo_genai_reliability/submission/human_validation_panels/summaries/human_validation_final_label_summary.md,.md,728,89542037471ab26b2c8b9446d0cc2c4dd59ccef1391697331a4ce1e099bc0d28,,supporting artifact
submission_nested,manuscripts/q1_geo_genai_reliability/submission/human_validation_panels/summaries/human_validation_final_label_template.csv,.csv,3415,9e744945885459c160a8bc1dfd123a66cc86ceac3c4ff1fa820dc1866fdf1933,38,supporting artifact
submission_nested,manuscripts/q1_geo_genai_reliability/submission/human_validation_panels/summaries/human_validation_label_summary.md,.md,952,5d2f736a41fb00cbd7c21ca0f3674d5aeefa3b66879b86b223b1fd251071e193,,supporting artifact
submission_nested,manuscripts/q1_geo_genai_reliability/submission/human_validation_panels/summaries/human_validation_metric_summary.csv,.csv,402,0f766762ae009e3e6a3b62897e41350eb353d7043a6e51bfaa9664eae2c12c8f,2,machine-readable summary
submission_nested,manuscripts/q1_geo_genai_reliability/submission/human_validation_panels/summaries/mapgenerator_evaluator_adjudication_ledger.csv,.csv,3889,d1408066dc4adaa6f4718f6718074e698d8b1bff22153ce826fa748496294540,20,supporting artifact
submission_nested,manuscripts/q1_geo_genai_reliability/submission/human_validation_panels/summaries/mapgenerator_human_label_summary.csv,.csv,100,8ac152f228a40925bdafb45b142d194a31e9e3a519bf66d0378967f213434b74,0,machine-readable summary
submission_nested,manuscripts/q1_geo_genai_reliability/submission/interact_template/interacttfvsample.bib,.bib,4611,03e83de6033a0f6178662cd8e58c9fa4c60823f1dd6e7d28bedabe7e385c6d04,,supporting artifact
submission_nested,manuscripts/q1_geo_genai_reliability/submission/interact_template/interacttfvsample.pdf,.pdf,133017,5fba97ab0857d8cef04e5b6949aff120671c41d885f597b8d5c88d8ee4133f4f,,LaTeX manuscript artifact
submission_nested,manuscripts/q1_geo_genai_reliability/submission/interact_template/interacttfvsample.tex,.tex,38059,90c78e211745985ed2bbd5ed2dce85085f2642942f255e66fd71dccad0cdd67b,,LaTeX manuscript artifact
submission_nested,manuscripts/q1_geo_genai_reliability/submission/journal_style_preflight/journal_style_preflight.csv,.csv,3645,ef8c4cd41a899b34145db65cb91de3081b851756b9c9dce97a797bff3e24fae7,17,supporting artifact
submission_nested,manuscripts/q1_geo_genai_reliability/submission/journal_style_preflight/journal_style_preflight.md,.md,5081,bb5da3fd4a6c7c27a4b1625d57ed68fc1909791dcbf4e12c2127130ee4028f20,,supporting artifact
submission_nested,manuscripts/q1_geo_genai_reliability/submission/latex/Makefile,,111,8e5d7038896e58558c4113ec1e0b17c9e1e6568f79448691dc690cd3a78d6b66,,supporting artifact
submission_nested,manuscripts/q1_geo_genai_reliability/submission/latex/README_latex.md,.md,903,56731d2c0107db2e379a80820a4bfb5a0fdc39d8ffc694c808ac12aef253d3af,,supporting artifact
submission_nested,manuscripts/q1_geo_genai_reliability/submission/latex/main.pdf,.pdf,2004562,a46f34daab4845e1aceeb5c41487b628b5f6f8e9512067430fc0e53cb268c2d8,,LaTeX manuscript artifact
submission_nested,manuscripts/q1_geo_genai_reliability/submission/latex/main.tex,.tex,60481,2a13fa91bbecfd6cc2c6d174c4a2ba81c85930ee231b95157f25d9e480523c05,,LaTeX manuscript artifact
submission_nested,manuscripts/q1_geo_genai_reliability/submission/latex/references.bib,.bib,18585,c0f908962da71cd405f6ac9657fc96cf3ddbe5fa46347f8575e03f70da0f36cf,,supporting artifact
submission_nested,manuscripts/q1_geo_genai_reliability/submission/public_release_skeleton/LICENSE_DECISION_REQUIRED.md,.md,946,35f559f381b7bdf3a3f7bd99a841d9942efbea1ca8082e11656aace8bc828878,,supporting artifact
submission_nested,manuscripts/q1_geo_genai_reliability/submission/public_release_skeleton/README_release_skeleton.md,.md,2570,2e47d16e50911f1078596c12df8257dd187f58b149889fe7bcef4f6625847895,,supporting artifact
submission_nested,manuscripts/q1_geo_genai_reliability/submission/public_release_skeleton/RELEASE_FILE_MAP.csv,.csv,1972,ceb3dab7d2737884be7138286b24a88dd0273a15456b2514ae9f525ba7814c0e,6,supporting artifact
submission_nested,manuscripts/q1_geo_genai_reliability/submission/public_release_skeleton/THIRD_PARTY_EXCLUSIONS.md,.md,2184,5b7d94869c5507f4a8e977699cb998de25299c2275fbad037ecd9c892755f9c2,,supporting artifact
submission_nested,manuscripts/q1_geo_genai_reliability/submission/public_release_skeleton/release_manifest_summary.csv,.csv,1238,f22d8fe890f4184d739239c203318275ca872add45dc08dc54c7892bb9898b6f,12,machine-readable summary
submission_nested,manuscripts/q1_geo_genai_reliability/submission/q1_submission_gate_tracker/q1_submission_gate_tracker.csv,.csv,5184,96df337b2254ded7c364a60ce973e49a8727881af29b6bd9a621e02f576ef12c,9,supporting artifact
submission_nested,manuscripts/q1_geo_genai_reliability/submission/q1_submission_gate_tracker/q1_submission_gate_tracker.md,.md,4126,fe62639874909925dd4edeeda96f0f72a844bc4825ee537a8eb6683877a0021e,,supporting artifact
submission_nested,manuscripts/q1_geo_genai_reliability/submission/release_license_audit/release_license_audit.md,.md,3742,1fa3525e84e3b6ed8f59fb0490a2ff0f4f82d0d9b75b58c27a125ef32f405380,,audit report or ledger
submission_nested,manuscripts/q1_geo_genai_reliability/submission/release_license_audit/release_license_matrix.csv,.csv,3665,999680d8369989effee913f2dae9c34503415f27617574841825d14a267f5eb1,9,supporting artifact
submission_nested,manuscripts/q1_geo_genai_reliability/submission/release_preflight/codemeta_draft.json,.json,955,6bdf4a00180eba0c6dfc8d20c96f89b62f0c246189cb9a82f2a0d6a101e8efda,,supporting artifact
submission_nested,manuscripts/q1_geo_genai_reliability/submission/release_preflight/doi_release_checklist.md,.md,1605,69df6d0cf997709fc51af69f990547d481438f5abe7074f7202f960ba7327e3b,,supporting artifact
submission_nested,manuscripts/q1_geo_genai_reliability/submission/release_preflight/release_preflight.md,.md,2912,0d11a566349583e5dfbd199bdd62abacee8cea0ef18f51b8c7c13bfe6bb89e5d,,supporting artifact
submission_nested,manuscripts/q1_geo_genai_reliability/submission/release_preflight/release_preflight_checks.csv,.csv,2354,ba2107eab54bbd833646a66a585800a65f27e59d28f48b6b71319b98936fede3,12,supporting artifact
submission_nested,manuscripts/q1_geo_genai_reliability/submission/release_preflight/zenodo_metadata_draft.json,.json,1223,28d39313f6123bacee7e5a614cc74cf05cd54be1e65dbc8437d242ebea35d739,,supporting artifact
submission_nested,manuscripts/q1_geo_genai_reliability/submission/release_preflight/zenodo_release_preflight.csv,.csv,1556,ffd4766c968d1c781faba1b98d1ff62c0848b7feb93891f5f3aaba27af7589cc,7,supporting artifact
submission_nested,manuscripts/q1_geo_genai_reliability/submission/release_preflight/zenodo_release_preflight.md,.md,2085,4d68fdfd20600e375a099bb20f295f6fddc2bc4a1ba2e45750ce1f15888f3776,,supporting artifact
submission_nested,manuscripts/q1_geo_genai_reliability/submission/repair_model_suite/matched_repair_case_ledger.csv,.csv,4526,325c6ecfdfc34f7469fab34387c72e168ae1567ffec5b927c0ef004c4945030a,24,supporting artifact
submission_nested,manuscripts/q1_geo_genai_reliability/submission/repair_model_suite/matched_repair_model_suite.md,.md,2629,f9c2c4b3ce288bf4f75fa54f7635f7163335f95a4c07ee4deed58d03cb9f2c15,,supporting artifact
submission_nested,manuscripts/q1_geo_genai_reliability/submission/repair_model_suite/matched_repair_model_summary.csv,.csv,582,8bf025ec1d63a3192c2b7758d0e79c689cea174aac25c85421a736f83a7e982f,3,machine-readable summary
submission_nested,manuscripts/q1_geo_genai_reliability/submission/reviewer_prebuttal_audit/reviewer_prebuttal_audit.csv,.csv,4404,9866b7637be7aa3c9fb9cd22f855ce82fce9be3ddba85048375963cacb8db3f9,8,audit report or ledger
submission_nested,manuscripts/q1_geo_genai_reliability/submission/reviewer_prebuttal_audit/reviewer_prebuttal_audit.md,.md,3767,71c4575479bc294397531c2812ff5c3048668c25c17d676ecc828a8c471bfe1d,,audit report or ledger
submission_nested,manuscripts/q1_geo_genai_reliability/submission/scgm_official_reproduction_audit/scgm_official_feasibility_probe.csv,.csv,4385,5b01cdfa1e05d151429471f555f04d4f770088073623e81f3a1632eb4be05560,15,supporting artifact
submission_nested,manuscripts/q1_geo_genai_reliability/submission/scgm_official_reproduction_audit/scgm_official_feasibility_probe.md,.md,5403,f7e472b75a87947cc6e2e0cf6ab16ea55b7ec0344ab706e8c09f259baf1698bb,,supporting artifact
submission_nested,manuscripts/q1_geo_genai_reliability/submission/scgm_official_reproduction_audit/scgm_official_reproduction_audit.csv,.csv,2597,973179343fe7cca2a7fdbf8bf2c494dcf169c2d1cbfa39dfdb287bca427aa339,10,audit report or ledger
submission_nested,manuscripts/q1_geo_genai_reliability/submission/scgm_official_reproduction_audit/scgm_official_reproduction_audit.md,.md,3781,7e86eac08eee0d7df6bdde5e722ded085d9d5a39d78ef09b8cd2fa120abb1300,,audit report or ledger
submission_nested,manuscripts/q1_geo_genai_reliability/submission/scgm_official_reproduction_contract/environment_scgm_official_reproduction.yml,.yml,392,d43edd0aab084702fdbd1049eaaa58cf340e312fff96051c95d9475e3c778380,,supporting artifact
submission_nested,manuscripts/q1_geo_genai_reliability/submission/scgm_official_reproduction_contract/local_overrides/reference_map_test_level_2c_oz_local.yaml,.yaml,686,bdf7fa96935d820b29b0c2cfcdc0ae64283090843c4e1328ae8459a8650cf098,,supporting artifact
submission_nested,manuscripts/q1_geo_genai_reliability/submission/scgm_official_reproduction_contract/local_overrides/reference_map_test_level_4c_oz_local.yaml,.yaml,686,f86f947e29fb9a5fae04ec7215a275b91422654605aa16e2ddaf36a8982ce398,,supporting artifact
submission_nested,manuscripts/q1_geo_genai_reliability/submission/scgm_official_reproduction_contract/local_overrides/scgm_official_local_override_manifest.csv,.csv,1760,e1830537319b7af1c50b8693a3ffdafe37f1fbacc452b6a614aa3ab217d33c0f,5,reproducibility manifest
submission_nested,manuscripts/q1_geo_genai_reliability/submission/scgm_official_reproduction_contract/local_overrides/scgm_official_local_overrides.md,.md,2353,a3ffef4da4f809565bd4f5e0c038466917a6e2eacd8afd8884c4746493beb0fd,,supporting artifact
submission_nested,manuscripts/q1_geo_genai_reliability/submission/scgm_official_reproduction_contract/scgm_official_config_mapping.csv,.csv,1220,c28e54a129c3c2ed5c2d2f98555aa67b2412f270adff15150706b2791ed857de,2,supporting artifact
submission_nested,manuscripts/q1_geo_genai_reliability/submission/scgm_official_reproduction_contract/scgm_official_reproduction_contract.md,.md,4887,2bc0b7cf54572456c83f1483ce381eb0981a2653a7e198efd846f252d785b5d3,,supporting artifact
submission_nested,manuscripts/q1_geo_genai_reliability/submission/scgm_official_reproduction_contract/scgm_official_run_commands.csv,.csv,1701,b697141ab565803f3f378f2aa44ea7b17e9f2bc4827440c4deded48d746cf6aa,3,supporting artifact
submission_nested,manuscripts/q1_geo_genai_reliability/submission/scgm_official_reproduction_contract/scgm_runtime_dependency_contract.csv,.csv,1342,bef43e5ee7d7ea5fb6eaf0c49fa69e13893525aaa5db5b34fbfaa16ee762aed7,7,supporting artifact
tables,manuscripts/q1_geo_genai_reliability/tables/manuscript_tables.md,.md,39254,35b08044390b00d7b7b9ab40844ad87fe0d0ffcd6ec2887c68ca20d9625ad5c7,,supporting artifact
tables,manuscripts/q1_geo_genai_reliability/tables/table_01_dataset_inventory.csv,.csv,670,726959e9ab99e6c1e19384608539251caf7cc9b6f7bc4062067d7c5c289c026e,5,manuscript evidence table
tables,manuscripts/q1_geo_genai_reliability/tables/table_02_reproducibility_matrix.csv,.csv,710,bd72e49d86148c5086e51103878eb43481f59f5f7fcec3cc964aaef354a72580,5,manuscript evidence table
tables,manuscripts/q1_geo_genai_reliability/tables/table_03_mapgenerator_caption_audit.csv,.csv,177,3f2a5894839457289fae8c3c41d3b29d28308c1bd5c6c366a12f8c450b1f55f0,2,manuscript evidence table
tables,manuscripts/q1_geo_genai_reliability/tables/table_04_scgm_coverage.csv,.csv,258,ff71d8c9248f2d4d6882d57721ec2a1de10670a6f11decdc53980c1027b644b4,2,manuscript evidence table
tables,manuscripts/q1_geo_genai_reliability/tables/table_05_scgm_edge_continuity.csv,.csv,268,f494064886de075ffaf2e0ba0d6378e9a89796e7b09abd2c046db5c0b50320ac,4,manuscript evidence table
tables,manuscripts/q1_geo_genai_reliability/tables/table_05b_scgm_retrieval_baseline.csv,.csv,436,97832d996ce995b8e4af76997be11fa2ed50851d169343b667fb9f111f1312ad,6,manuscript evidence table
tables,manuscripts/q1_geo_genai_reliability/tables/table_05c_scgm_retrieval_comparison.csv,.csv,631,4a6b9c1b49cb9cfb64a9d767bf69018977fa8c9d70609cd87831d70d1ece610b,8,manuscript evidence table
tables,manuscripts/q1_geo_genai_reliability/tables/table_05d_scgm_mosaic_neighbor_stress.csv,.csv,1052,62bc1a18b298b8ee4736129983a8fce8b2cde755d547548dba1947e6002f8a53,8,manuscript evidence table
tables,manuscripts/q1_geo_genai_reliability/tables/table_06_choropleth_qa.csv,.csv,321,09de3dc49792c766ab703dd43bfdab10051383230f0ca8bf3c8ff88d859de731,2,manuscript evidence table
tables,manuscripts/q1_geo_genai_reliability/tables/table_07_seed_choropleth_candidates.csv,.csv,464,1b221ccc231c2f559abbac5a585f1ee8ae16b136293087ba121a932b6116ac54,6,manuscript evidence table
tables,manuscripts/q1_geo_genai_reliability/tables/table_08_claims_vs_artifacts.csv,.csv,2970,996201ea1c6637b10d59c4c2d6289dff5aaa7781ce41b2af869d54ffac93d3be,10,manuscript evidence table
tables,manuscripts/q1_geo_genai_reliability/tables/table_08_claims_vs_artifacts_slim.csv,.csv,1593,39d6e9b55945d7aad87bafc51efc567d6934b73abcda2d48f2ac3ba1d255bec4,10,manuscript evidence table
tables,manuscripts/q1_geo_genai_reliability/tables/table_09_mapgenerator_proxy_caption_review.csv,.csv,329,6b60ff23901f3246f731113ca468364294e1b874c6f514ee605cf2b47cdd9204,2,manuscript evidence table
tables,manuscripts/q1_geo_genai_reliability/tables/table_10_expanded_choropleth_condition_summary.csv,.csv,9491,cfd815ed95d5ad25bfc2c3c2b2ebc785061d7885074fe3a0f34665faa24aef72,110,manuscript evidence table
tables,manuscripts/q1_geo_genai_reliability/tables/table_11_cross_paradigm_metric_taxonomy.csv,.csv,1501,82ffa4b423ecd7c6dc5c369fc7dc5b6bac5df3b55804fbadfcd72f7d26ccf9e1,5,manuscript evidence table
tables,manuscripts/q1_geo_genai_reliability/tables/table_11_cross_paradigm_metric_taxonomy_slim.csv,.csv,1241,98c22ef925061f83a8a71a9915d01449093619e6912b84feb50be7de6eae8cb3,5,manuscript evidence table
tables,manuscripts/q1_geo_genai_reliability/tables/table_12_reference_choropleth_baseline.csv,.csv,388,75d29819cc6ba67d169f469af39e396e742b1fac5f87bd66c253e5079f444de5,4,manuscript evidence table
tables,manuscripts/q1_geo_genai_reliability/tables/table_13_choropleth_model_mode_summary.csv,.csv,335,eb66979b98384ab4338373f717a587077b94daee94e8c1f3450855834ad7be27,5,manuscript evidence table
tables,manuscripts/q1_geo_genai_reliability/tables/table_14_rendered_artifact_qa_summary.csv,.csv,273,7e0f1fd7d0304ee29c0bc7f9b7d63535be933cb5cf5c080ff71a8abdcca93288,6,manuscript evidence table
tables,manuscripts/q1_geo_genai_reliability/tables/table_15_mapgenerator_vlm_caption_review.csv,.csv,894,cbec57134b7e6f7ec23e64e3d24464b55c5e8712f09885384e7e14a7955fb6cc,12,manuscript evidence table
tables,manuscripts/q1_geo_genai_reliability/tables/table_15b_mapgenerator_vlm_agreement.csv,.csv,326,d98425d8895fa616bdc1a0088265c73e5c7ad5d13a79782ea8d318ddb29acb31,3,manuscript evidence table
tables,manuscripts/q1_geo_genai_reliability/tables/table_15c_mapgenerator_clip_caption_embedding.csv,.csv,726,47854d546a68a2e2c3d929f770bbecff8bb8d9ca957241dd088dd73742f72775,6,manuscript evidence table
tables,manuscripts/q1_geo_genai_reliability/tables/table_16_screenshot_level_choropleth_qa.csv,.csv,1001,7bf4cb63fcb3652640abd68832331c94bf9f1ca8c00e797cbc2463337e4061d3,18,manuscript evidence table
tables,manuscripts/q1_geo_genai_reliability/tables/table_17_literature_taxonomy.csv,.csv,2170,6da85276565d551cd58618595c979b77c1de37b74bd7d93844fb099fa23de4bb,10,manuscript evidence table
tables,manuscripts/q1_geo_genai_reliability/tables/table_18_choropleth_vlm_cartographic_review.csv,.csv,871,4b2b637d3543637317f1cf58ddf0f5367ff675478cdc3d0cacfa429b9c2cc2ba,9,manuscript evidence table
tables,manuscripts/q1_geo_genai_reliability/tables/table_18b_choropleth_vlm_agreement.csv,.csv,426,c6a3125f0771a5721318b15ab8c3dd6f8737972f532693410f5d4a519873975d,4,manuscript evidence table
tables,manuscripts/q1_geo_genai_reliability/tables/table_19_iterative_validator_repair.csv,.csv,3530,85d06432e6d7b44b394b2338e67ebf5d2d78c7124c7fca59328e4f81d0f094a9,40,manuscript evidence table
tables,manuscripts/q1_geo_genai_reliability/tables/table_20_iterative_repair_model_comparison.csv,.csv,471,9fad6e00cc839d94168d52e76de5c57859adb024ac1035e9208f6c04380dae7c,4,manuscript evidence table
tables,manuscripts/q1_geo_genai_reliability/tables/table_21_evaluator_adjudication_summary.csv,.csv,238,39d3c7daf39cf4bea14fd9b5252fc152cf1fe53ca782340f57078cf38212ba16,2,manuscript evidence table
tables,manuscripts/q1_geo_genai_reliability/tables/table_22_vlm_judge_robustness.csv,.csv,772,f5314a49115105a7f44ed70f61fab92ca3047f81e8df20e0f9a3684c19f21269,9,manuscript evidence table
tables,manuscripts/q1_geo_genai_reliability/tables/table_23_cross_paradigm_reliability_summary.csv,.csv,196,17ed4406f50a23050dcdaa7b8a7ef767d052d4ccf06d322fc41884473c0cf40b,3,manuscript evidence table
tables,manuscripts/q1_geo_genai_reliability/tables/table_24_multijudge_vlm_consensus.csv,.csv,471,3da96ffebf587c527a46188b7ced21e285353ee1114af4fb9053162a571f092e,2,manuscript evidence table
tables,manuscripts/q1_geo_genai_reliability/tables/table_25_matched_repair_model_suite.csv,.csv,478,83eb1aa8b78e190859f5ce48064a977b33bfb7ca80b7cd1489bed31169316304,3,manuscript evidence table
